pressure,temperature_C,humidity_percent,voltage_mV
20,21.53,61.96,74.7
2,22.98,50.09,0.22
17,45.71,93.76,26.14
31,26.54,13.36,68.89
15,25.29,45.89,56.64
20,27.21,56.33,59.98
26,25.19,43.04,98.12
18,24.51,59.77,54.03
27,21.88,46.46,74.59
17,30.61,49.95,43.66
31,30.72,85.77,79.01
2,27.15,67.28,2.62
32,26.46,65.96,80.43
27,29.48,56.97,82.02
15,21.44,41.42,56.59
14,22.53,61.31,36.93
6,26.51,64.44,3.88
31,25.26,41.19,126.97
7,32.71,41.63,0.93
2,22.56,61.87,3.66
5,23.67,61.51,2.25
14,20.69,56.96,39.23
15,25.29,57.56,57.46
9,5.53,65.43,2.55
9,20.69,50.67,3.76
4,30.11,44.73,4.57
11,27.62,42.11,3.05
4,31.06,63.96,3.46
13,57.34,68.25,23.87
13,33.92,89.08,35.46
11,26.76,50.86,0.67
28,34.1,61.59,99.54
31,24.93,66.21,120.71
15,58.45560000000002,67.68,33.99
22,27.16,56.75,65.11
12,29.91,46.5,30.22
15,25.51,41.51,53.73
20,31.12,51.91,81.32
28,34.75,66.9,80.51
28,20.62,48.52,98.97
34,20.29,54.19,120.77
28,33.99,65.5,92.09
3,27.63,43.04,3.52
12,25.65,89.07,39.52
2,30.95,59.44,3.1
17,22.63,62.9,45.22
21,30.79,54.83,70.15
15,22.36,19.07,32.14
29,6.67,45.48,71.04
12,31.72,58.63,30.76
15,30.53,45.28,43.51
2,27.51,64.7,0.59
1,30.93,60.22,4.44
17,26.48,55.36,69.03
4,27.0,48.65,0.74
24,20.63,42.56,87.83
26,26.25,52.89,94.66
25,8.35,14.67,38.54
13,32.43,65.07,46.91
8,20.32,47.79,3.33
31,8.51,51.01,60.07
18,23.76,69.38,54.48
32,25.74,63.21,128.52
35,25.25,56.2,132.77120000000002
35,5.88,14.97,60.94
9,30.0,62.58,1.68
8,26.87,56.1,1.61
15,54.51,19.39,17.18
11,33.69,67.37,1.01
20,34.63,54.65,63.21
25,8.4,67.06,51.88
34,46.76,53.3,61.37
31,28.84,65.1,82.75
20,26.28,66.94,56.53
4,28.0,93.39,2.68
21,31.61,69.09,82.54
4,20.36,50.35,3.47
23,26.73,61.14,79.83
1,33.11,68.05,4.28
31,30.6,52.83,112.38
12,25.67,62.75,30.0
33,31.82,67.73,123.84
35,20.17,62.91,126.76
13,24.43,56.24,49.28
34,29.8,53.0,132.77120000000002
24,53.92,52.66,53.52
31,32.04,55.94,100.43
27,34.99,94.03,75.25
10,23.38,61.74,1.37
26,22.54,48.44,101.02
13,20.06,51.24,47.92
32,31.85,58.48,125.19
27,20.6,45.12,111.22
13,31.59,52.97,40.56
21,20.69,43.88,65.05
22,8.88,41.54,41.58
4,29.68,86.91,0.84
34,34.67,15.61,80.51
21,28.9,87.66,78.49
29,29.84,44.03,92.57
19,28.26,52.92,76.9
31,30.25,67.76,97.42
8,31.34,44.72,4.39
7,28.89,58.52,0.56
1,22.69,50.17,1.07
29,32.37,60.73,97.81
16,21.76,14.33,41.57
25,29.84,51.19,97.78
31,8.8,44.83,76.83
27,20.8,14.55,59.52
13,7.4,63.91,20.78
30,34.22,69.9,111.17
22,20.26,12.31,61.44
28,29.55,16.26,65.53
12,27.14,60.97,39.44
15,45.57,17.07,24.59
5,45.09,47.96,4.29
22,25.84,47.34,77.25
19,27.52,42.27,63.91
2,23.01,57.45,3.44
30,6.82,41.62,69.66
22,32.99,19.82,57.79
14,33.09,47.91,53.42
29,22.15,44.07,83.04
9,9.15,53.65,4.43
2,24.77,46.62,2.65
9,31.95,63.85,3.41
15,58.45560000000002,41.17,27.0
9,25.61,13.39,0.7
17,50.51,13.86,19.84
14,34.29,14.53,35.04
11,29.05,40.95,2.35
18,28.77,54.52,74.17
4,23.5,60.87,2.2
27,50.01,19.08,36.25
18,28.38,43.04,59.6
22,28.26,15.2,50.85
35,24.89,59.09,111.26
33,26.13,51.25,90.85
30,21.26,60.35,107.99
11,51.48,61.01,2.5
5,31.11,42.5,0.24
19,33.36,65.39,77.5
9,31.19,89.79,3.22
27,34.33,54.0,105.68
34,30.58,49.0,132.77120000000002
31,48.1,66.49,49.46
26,22.5,61.42,97.26
2,50.5,53.52,2.96
15,5.53,44.33,36.51
30,22.83,94.03,65.43
7,34.99,44.52,3.57
2,32.71,90.64,0.3
3,27.65,42.72,4.23
14,24.63,57.56,42.92
12,20.74,46.33,49.44
3,33.87,63.57,0.18
29,22.83,47.63,84.33
33,30.21,11.14,71.0
8,26.17,44.89,4.48
11,9.09,66.65,0.88
15,31.36,61.27,52.88
32,20.85,51.56,107.88
12,47.45,64.77,21.72
35,29.62,51.17,132.77120000000002
19,32.82,12.53,39.78
6,7.02,41.1,4.15
6,33.84,60.12,3.45
18,26.33,11.84,50.9
29,27.47,94.03,72.26
20,8.65,62.61,44.65
11,9.1,42.58,3.49
18,33.33,52.34,49.9
31,20.75,15.38,59.44
25,21.58,53.8,80.53
20,23.38,85.17,65.55
12,31.85,51.59,30.26
27,34.21,45.81,92.89
12,33.02,47.39,47.93
7,21.16,58.38,1.27
11,24.65,62.08,1.63
1,53.4,69.49,0.21
21,23.91,87.23,57.05
22,20.53,42.81,79.95
26,34.5,53.73,103.24
24,32.72,41.73,70.61
27,26.83,42.23,72.07
3,33.77,87.93,0.33
27,9.04,53.81,65.63
34,28.03,69.36,108.68
30,32.28,54.86,114.66
27,51.26,44.78,55.3
35,31.97,13.92,95.46
2,30.92,11.36,0.59
15,26.34,64.82,52.49
4,26.24,47.52,1.19
16,30.83,16.86,44.61
9,29.4,69.87,0.18
15,52.36,11.14,21.82
18,28.19,47.67,57.56
17,31.02,68.82,67.12
17,21.85,62.02,50.23
26,30.53,56.82,73.85
1,20.11,56.78,1.7
10,25.87,42.28,3.35
29,28.11,40.37,87.19
5,29.42,40.07,4.46
9,34.98,57.1,4.87
35,27.8,56.92,117.3
33,28.09,88.39,132.77120000000002
20,24.93,63.18,54.4
16,24.17,52.69,41.36
18,32.87,67.28,70.12
22,27.93,50.85,72.01
1,24.71,61.04,1.78
12,29.25,94.03,29.97
5,7.79,53.21,4.79
33,34.71,66.67,93.7
2,30.85,59.53,0.18
1,47.57,60.42,0.3
1,7.85,51.74,1.98
10,26.08,12.18,2.5
24,34.08,40.17,66.17
26,6.54,45.4,62.71
24,27.93,44.02,73.11
28,6.53,61.41,45.37
19,33.78,65.65,55.65
20,53.82,69.74,40.2
16,32.97,50.71,56.87
9,45.36,67.71,0.92
16,26.12,91.03,31.59
35,29.77,44.64,94.9
4,20.92,11.14,1.11
32,25.04,11.14,84.65
28,26.2,47.09,104.26
33,20.58,57.6,85.2
20,47.54,51.1,49.54
31,34.19,58.44,82.02
22,26.98,58.5,87.62
14,22.64,53.77,35.42
17,47.89,69.06,35.2
28,31.14,45.82,109.45
15,53.4,44.15,28.2
3,52.49,11.14,1.35
2,32.99,43.53,1.68
17,6.59,68.3,26.21
32,33.7,43.46,127.59
8,32.02,85.38,1.34
5,9.73,61.67,2.2
16,29.53,11.14,45.4
11,28.53,59.96,0.99
31,20.13,68.97,102.82
13,30.49,62.0,46.29
14,54.81,63.58,29.31
6,50.13,56.95,0.84
24,24.44,51.6,76.17
1,24.02,48.06,2.31
2,5.53,54.01,0.63
19,27.23,59.1,77.93
32,20.37,55.18,104.08
34,50.8,42.42,82.82
15,34.6,91.06,43.4
35,8.74,68.65,67.42
23,26.95,69.93,62.75
4,21.98,58.42,2.7
14,32.79,65.9,35.3
4,25.25,67.72,3.04
23,21.86,44.09,59.92
29,53.14,65.38,62.81
35,34.8,62.41,96.86
6,20.05,60.91,0.81
16,29.92,56.49,55.51
22,5.53,16.65,38.55
28,53.08,54.77,67.81
9,34.31,69.99,4.47
15,30.89,15.33,33.59
7,27.64,60.69,3.86
34,20.36,56.06,132.77120000000002
30,34.54,42.52,102.97
10,24.68,52.09,0.5
11,47.23,44.71,1.71
2,28.45,44.97,4.04
9,53.65,41.23,0.9
20,33.53,67.83,79.92
14,5.53,68.19,33.62
17,32.15,60.91,42.9
5,47.82,65.9,4.61
14,29.19,43.0,54.37
1,31.89,94.03,3.18
5,27.64,69.0,3.82
16,30.13,11.64,46.45
8,54.79,59.09,2.98
5,21.83,43.91,3.38
9,26.08,44.87,1.76
20,20.42,59.65,64.55
28,28.56,53.25,88.63
28,25.6,46.16,112.98
28,28.11,61.4,82.78
9,7.32,12.28,3.45
13,7.78,17.68,19.48
26,5.54,46.74,63.84
7,22.96,66.92,2.84
30,33.74,43.51,96.73
9,24.08,59.77,4.56
34,29.64,55.71,106.64
35,30.8,60.63,95.22
14,25.78,59.53,52.55
28,8.54,64.48,58.22
34,34.83,56.16,115.77
30,23.32,67.11,93.78
7,25.26,41.07,0.22
31,32.62,41.47,120.89
7,27.32,40.61,1.5
28,26.62,94.03,70.26
1,23.9,64.55,3.44
18,24.49,52.05,57.13
5,32.15,40.76,2.44
19,8.07,41.51,46.38
17,22.15,42.92,45.25
22,26.08,85.1,81.94
2,20.84,13.36,4.45
19,28.11,11.17,51.0
21,22.4,46.6,72.08
19,34.92,51.75,78.41
29,25.08,18.14,54.63
5,24.05,61.44,2.36
24,20.41,64.02,85.86
5,34.91,66.1,3.28
30,20.85,92.48,55.21
17,27.27,60.38,54.25
21,5.53,55.19,46.13
5,20.98,54.56,4.2
2,26.76,46.79,1.72
33,34.25,56.65,123.78
32,30.58,40.53,91.1
24,20.81,66.25,71.92
34,5.53,53.81,74.57
6,29.53,63.04,1.91
12,30.31,86.87,44.92
17,21.74,90.53,36.45
20,8.94,92.13,25.05
21,25.2,50.64,59.78
2,26.85,44.85,4.95
26,9.51,18.31,40.19
31,23.5,42.29,110.72
22,32.8,85.18,90.64
34,23.42,66.38,130.94
31,20.15,69.56,121.58
21,9.93,64.91,47.09
15,29.96,91.46,40.2
24,5.79,60.48,39.89
24,24.47,43.99,92.72
34,26.77,51.98,128.47
5,30.6,13.85,4.67
22,22.55,61.86,65.58
27,29.22,85.07,88.34
10,33.87,63.52,4.01
31,46.92,40.56,50.58
25,45.37,58.47,41.0
1,34.19,14.16,4.12
12,26.78,85.59,42.27
31,34.58,43.6,128.26
32,30.73,63.99,95.69
11,29.0,63.54,1.75
14,30.73,18.88,35.55
23,57.31,59.66,37.51
8,29.57,48.38,4.57
21,22.5,67.59,70.3
11,29.22,45.35,0.43
27,32.64,93.45,61.65
18,31.82,49.74,46.9
17,9.04,18.21,28.24
18,31.82,42.14,51.64
12,32.65,59.46,33.1
24,33.9,17.72,63.19
6,27.07,47.59,3.77
15,33.98,46.36,47.77
12,8.46,56.48,18.17
27,22.1,18.42,58.88
10,22.3,54.35,4.39
17,23.14,48.94,47.49
30,53.71,85.32,66.84
8,34.52,42.37,0.63
35,32.02,53.73,104.95
9,33.16,47.02,2.06
27,5.89,45.51,59.44
29,24.15,43.32,94.99
9,26.83,48.83,0.54
27,23.36,48.94,79.93
3,26.32,45.45,2.5
29,29.56,41.06,87.43
32,20.44,55.03,130.1
4,20.52,13.81,3.42
11,26.17,64.02,1.59
28,45.64,19.56,34.04
14,22.99,16.44,38.86
14,32.09,53.7,53.52
7,28.93,14.94,4.27
29,25.75,50.58,119.05
2,20.17,57.51,1.95
9,26.17,42.08,3.54
35,29.34,94.03,95.83
4,7.53,90.77,4.19
3,21.27,62.55,3.04
17,25.93,85.95,70.41
17,26.73,69.1,48.88
7,7.22,42.24,2.94
22,26.02,85.23,76.65
15,32.15,55.46,46.62
27,22.46,67.71,109.65
14,22.54,55.3,38.54
29,6.34,55.65,64.57
25,26.91,11.35,49.51
14,20.74,91.87,25.52
21,21.17,60.93,56.04
26,30.18,43.61,82.6
20,8.52,45.48,31.79
35,21.82,63.16,95.06
22,26.34,68.61,90.83
24,30.58,52.63,72.52
18,33.97,52.8,68.83
31,32.6,60.58,120.81
31,29.18,65.38,101.7
32,33.73,66.33,93.42
26,34.79,67.57,69.23
35,22.16,14.86,81.46
34,28.79,64.26,97.99
31,24.06,64.66,107.56
17,34.64,51.28,65.15
20,7.5,69.08,50.08
26,27.6,69.59,100.57
33,22.07,41.91,100.61
4,21.55,40.21,3.63
28,23.61,56.1,77.38
14,29.81,64.61,51.45
5,50.61,58.74,1.2
16,6.69,45.91,40.27
24,32.26,48.76,85.9
29,20.13,42.2,93.26
26,28.26,16.55,64.73
23,25.39,69.8,63.64
27,54.19,42.27,45.34
9,34.33,89.38,1.16
5,30.05,59.1,3.49
23,22.73,94.03,61.7
8,51.99,12.35,3.07
8,32.16,55.22,1.62
5,29.69,55.79,4.57
6,30.03,12.45,3.65
9,21.27,66.78,2.35
18,23.82,41.37,62.62
26,25.33,61.11,66.84
17,56.88,12.84,21.31
25,28.44,56.29,87.83
32,30.68,45.05,131.56
30,31.53,68.97,97.5
26,33.2,63.34,103.52
15,26.35,62.39,52.17
6,29.0,91.63,2.1
28,25.61,66.94,80.92
24,53.78,55.75,54.05
28,24.71,41.52,91.83
19,27.03,58.2,73.86
26,50.59,69.05,47.34
32,28.3,42.97,98.16
21,27.38,44.75,52.94
1,34.65,49.7,2.06
19,29.17,68.59,54.54
21,25.74,49.85,74.64
15,25.35,17.04,26.51
1,22.25,42.92,3.41
7,22.26,54.86,3.12
32,33.33,12.24,60.66
20,31.33,57.21,63.49
31,9.23,61.98,55.37
28,24.4,46.25,72.41
12,34.74,92.05,23.31
30,9.15,40.44,58.82
23,29.22,43.5,67.83
30,50.61,64.39,48.77
14,21.31,50.17,51.82
15,48.15,68.01,26.53
28,28.59,17.84,54.51
7,50.7,53.57,0.2
20,52.16,54.13,30.86
10,29.02,19.22,0.2
35,29.05,11.68,80.8
13,33.72,17.48,23.98
20,58.45560000000002,57.71,45.17
23,29.93,41.22,93.75
35,46.31,56.62,67.36
24,25.31,50.3,83.74
25,31.26,69.69,70.52
34,53.13,43.87,52.54
21,33.23,53.43,56.47
5,26.9,62.43,2.31
26,32.72,60.31,67.03
22,33.87,69.52,65.14
33,20.09,11.4,73.92
19,26.93,49.99,60.75
2,24.67,60.27,4.86
25,30.27,53.67,98.08
6,32.34,57.95,2.88
7,26.41,44.66,2.42
13,28.69,85.8,34.0
16,31.59,94.02,40.24
6,29.74,49.93,1.39
23,28.06,50.91,85.26
16,21.5,58.78,43.11
10,30.94,63.48,3.66
16,32.1,54.95,60.74
28,29.83,66.46,108.51
24,21.05,94.03,46.26
27,22.29,49.92,90.9
3,20.15,68.49,2.03
29,33.51,87.49,99.69
9,9.53,68.11,4.83
34,25.81,41.92,127.11
34,25.74,67.91,120.21
35,28.53,66.1,87.59
13,34.84,43.08,36.02
1,34.78,40.08,2.06
10,27.48,16.6,4.86
17,49.76,19.23,27.92
12,53.19,43.35,29.19
12,32.99,42.71,32.86
31,31.91,14.62,81.42
28,8.91,50.94,43.93
5,33.35,62.49,0.61
4,31.69,58.29,4.04
15,24.6,91.51,34.89
26,58.45560000000002,40.74,63.13
1,27.17,47.72,0.72
26,29.01,15.02,67.2
13,55.22,58.82,28.43
34,29.99,86.09,124.97
8,31.67,68.67,3.59
18,26.4,45.63,59.27
30,34.75,46.26,103.19
32,32.69,56.58,111.02
16,20.27,45.72,55.03
1,22.54,11.51,3.99
21,27.84,45.61,70.08
18,25.59,46.07,55.44
23,31.97,13.11,48.37
25,20.68,90.82,48.84
20,30.23,61.01,52.33
16,8.85,67.12,38.81
18,30.19,52.61,72.71
8,33.13,65.25,0.25
25,52.5,57.6,54.87
29,30.89,66.33,99.81
29,32.14,88.49,101.42
9,27.75,57.7,2.06
25,33.0,44.76,66.86
31,31.93,48.62,130.03
17,26.56,47.59,70.32
11,58.45560000000002,44.27,4.65
28,23.12,45.19,107.14
22,9.26,45.38,51.91
8,28.05,63.53,2.43
3,25.56,44.87,4.9
6,24.4,68.38,2.93
34,34.89,47.8,100.83
30,52.49,67.17,50.92
5,33.55,51.42,4.05
26,24.29,50.49,65.05
25,33.62,45.06,71.59
11,21.94,60.52,2.45
12,25.86,94.01,35.26
20,47.43,68.21,48.26
3,34.71,42.86,3.44
31,28.14,11.14,79.72
16,23.13,14.72,36.37
17,32.62,55.9,70.97
14,22.86,44.3,45.1
9,23.85,11.14,3.69
12,29.48,65.62,41.45
18,21.68,62.63,61.31
13,31.5,50.88,39.53
13,33.76,44.8,38.02
19,26.14,67.44,59.32
33,29.09,60.9,98.86
13,30.87,60.16,51.31
30,29.36,93.49,65.19
16,32.56,63.78,48.27
12,52.48,65.01,23.49
11,28.77,60.29,4.65
27,30.54,56.22,74.56
17,56.32,56.33,27.03
14,27.09,41.28,51.3
16,26.49,66.22,55.4
35,32.38,46.1,132.77120000000002
24,29.69,68.26,93.79
25,48.11,56.11,52.96
23,28.89,48.61,82.38
28,5.53,53.92,45.5
29,5.53,57.72,50.89
10,20.99,52.86,0.54
3,21.16,66.23,3.56
28,30.15,11.14,50.12
1,33.88,40.29,0.22
10,28.15,42.64,4.76
21,58.45560000000002,55.29,47.62
18,22.72,52.38,69.83
34,25.85,58.55,130.15
7,26.27,52.29,0.27
12,58.02,48.96,25.49
17,21.71,55.29,65.73
13,21.95,42.73,45.32
24,29.47,47.43,88.51
17,26.92,91.54,29.99
32,5.72,41.4,66.49
28,28.9,17.1,66.33
27,31.48,44.59,100.94
21,8.45,59.82,37.32
9,58.45560000000002,49.58,4.84
21,34.71,69.39,69.35
4,34.85,65.0,2.69
24,26.41,11.14,43.52
4,52.12,50.03,4.05
7,32.05,87.22,5.0
31,24.94,63.28,106.32
29,24.71,89.54,112.77
20,22.46,69.39,52.72
1,6.87,47.7,1.78
21,20.7,62.48,69.31
4,45.24,88.82,3.6
16,25.39,61.94,46.65
22,29.32,61.43,57.58
15,23.67,53.25,44.02
30,53.08,65.81,58.44
7,31.78,61.73,3.53
24,23.03,15.95,45.57
7,53.8,92.37,3.16
30,20.19,85.81,85.93
6,46.32,65.0,4.59
23,50.54,47.67,48.78
21,33.19,49.67,64.13
3,50.3,50.17,1.2
28,53.73,65.93,49.73
27,27.75,63.95,83.28
27,32.48,55.52,105.76
23,33.76,42.7,79.55
15,20.11,60.36,47.44
5,26.74,40.92,2.09
23,6.88,11.79,29.64
30,21.5,14.8,69.51
11,29.18,94.03,4.52
16,30.95,62.77,65.64
10,27.12,45.99,4.0
25,21.07,63.31,98.95
30,33.94,69.56,108.79
22,7.87,41.65,39.99
5,21.49,11.14,2.63
23,31.8,65.38,81.58
22,30.49,40.48,91.69
20,31.36,92.9,45.4
9,29.98,68.95,1.35
26,5.53,13.92,30.14
24,6.49,42.5,45.83
27,54.42,64.37,57.23
15,5.84,14.43,20.49
8,23.76,49.01,2.4
17,21.74,17.1,30.0
33,5.81,47.66,73.72
2,46.12,69.59,3.3
17,23.71,56.21,63.83
6,20.74,86.86,1.94
4,32.06,47.93,3.18
33,7.07,65.67,74.82
3,29.06,69.98,3.52
28,31.54,69.22,112.25
6,29.9,68.33,2.33
2,25.53,47.54,0.39
27,22.83,42.52,92.99
4,26.72,50.33,0.42
34,22.24,66.03,125.9
26,26.72,57.12,96.46
35,31.1,66.73,132.77120000000002
28,25.95,46.68,96.04
21,29.74,45.31,59.31
32,29.54,57.4,129.05
16,21.69,17.91,36.61
19,5.53,64.9,45.47
6,29.47,64.04,0.69
35,29.38,12.21,85.15
15,28.52,60.85,61.05
30,25.9,85.5,83.25
26,23.75,66.05,92.91
1,34.4,50.93,2.97
30,7.71,67.5,46.67
6,54.43,50.76,1.06
30,26.64,64.45,75.31
31,25.23,45.24,81.4
8,27.28,51.52,1.19
22,33.84,42.61,80.39
22,26.56,43.06,78.02
3,24.02,40.14,1.1
26,34.46,86.84,88.82
6,20.02,42.91,3.22
24,25.6,45.24,97.85
31,5.53,53.62,70.91
22,23.38,69.38,73.91
4,29.04,14.36,1.92
12,31.75,62.81,40.5
12,9.09,40.14,24.59
28,22.84,62.47,79.36
1,5.53,66.7,4.47
32,31.16,48.17,115.85
11,33.43,86.87,1.36
15,32.02,85.52,45.06
5,52.88,51.23,1.17
31,24.79,44.26,94.02
1,28.72,68.32,4.59
9,21.09,50.66,1.22
21,54.5,87.95,49.89
35,26.76,60.63,119.66
21,29.39,52.36,70.49
35,58.45560000000002,63.74,62.04
16,33.57,50.97,67.04
15,49.33,13.69,25.76
13,32.94,50.51,46.22
25,34.4,62.83,63.18
14,33.41,40.82,44.59
12,33.72,65.25,31.2
9,23.08,42.23,4.59
9,31.93,67.24,2.36
34,23.75,11.14,92.98
12,24.49,58.54,44.58
33,21.66,51.3,103.95
12,29.82,93.55,27.33
12,33.8,52.53,41.03
24,20.57,63.51,60.41
20,9.03,56.16,44.55
34,30.1,62.97,125.28
30,49.15,43.25,48.21
12,53.06,86.89,19.79
33,34.43,63.49,103.59
2,26.47,45.15,4.58
33,28.15,86.06,109.73
22,34.11,53.88,66.23
3,28.56,49.66,1.45
10,24.39,68.69,2.01
16,25.83,50.78,64.24
14,21.07,60.1,53.39
7,27.29,57.29,0.36
22,48.45,50.98,53.21
17,33.94,69.78,58.99
17,27.86,60.83,64.38
32,58.45560000000002,67.09,50.54
14,22.95,40.81,38.32
24,32.61,66.0,84.24
25,58.45560000000002,14.11,39.78
12,58.45560000000002,85.49,24.19
4,22.24,66.65,2.47
27,26.55,18.98,69.69
12,25.04,51.58,49.1
15,26.94,48.98,57.72
14,58.45560000000002,18.23,24.56
30,33.73,45.19,80.68
25,31.22,61.86,69.11
30,28.12,51.22,122.01
31,31.38,62.33,110.22
33,32.87,53.51,99.23
17,29.63,50.86,47.73
4,24.9,41.17,3.99
20,23.38,49.8,56.22
1,30.81,51.95,2.92
6,31.37,68.5,2.91
22,20.15,61.13,56.05
22,33.77,43.0,80.83
18,8.4,64.99,42.38
15,26.18,55.07,58.19
1,25.09,60.28,2.79
19,25.55,57.63,49.62
20,31.04,69.94,51.91
24,25.63,51.89,64.64
10,28.52,89.87,2.1
23,9.95,60.55,36.72
32,30.04,47.24,120.27
3,34.6,62.62,3.28
32,27.43,53.66,97.26
21,31.6,86.11,67.6
31,7.76,41.61,64.05
17,34.29,44.36,59.4
19,56.18,13.24,26.78
8,30.67,51.39,4.28
3,21.67,68.28,2.82
26,7.11,61.08,65.16
29,25.21,64.43,80.39
12,5.82,40.34,25.8
19,8.98,92.22,25.28
23,20.42,58.06,78.44
28,48.14,93.14,29.63
35,33.66,44.09,131.26
16,21.08,68.2,50.56
27,33.51,48.08,98.72
22,29.39,48.83,72.29
22,23.47,45.04,68.89
4,32.22,40.11,3.99
34,32.31,47.02,93.55
18,58.45560000000002,43.36,37.82
28,31.86,19.2,65.62
11,20.66,48.72,0.37
3,26.7,47.4,2.72
25,33.33,88.11,91.69
7,31.1,68.02,4.14
25,21.24,12.64,67.9
3,27.14,62.28,2.05
17,47.13,40.81,38.49
13,32.3,48.6,42.82
18,24.1,56.16,72.9
28,6.65,42.49,43.76
6,25.14,50.94,2.92
27,30.81,61.46,68.6
34,9.12,61.83,71.84
5,29.64,62.84,4.32
27,23.08,68.88,86.83
25,24.51,52.36,97.4
2,45.79,59.22,2.85
29,21.03,60.51,74.25
33,28.51,17.87,80.59
20,51.09,40.48,50.35
16,34.25,59.26,49.43
35,34.67,16.45,85.23
13,21.34,18.86,30.47
17,30.78,46.88,63.35
24,46.43,49.0,37.81
5,29.79,44.25,3.78
5,34.9,18.44,4.93
18,8.48,44.71,28.6
16,53.27,61.26,28.25
13,30.53,66.89,42.76
30,31.86,51.92,81.24
7,27.77,69.38,4.57
3,31.93,52.32,1.64
11,24.9,51.34,2.68
32,25.55,42.49,83.87
24,27.64,56.37,78.98
27,28.55,49.76,88.47
33,34.0,63.38,129.11
18,9.71,47.23,31.59
31,32.69,54.96,128.64
23,27.16,66.47,69.03
30,8.86,86.19,50.96
35,49.78,94.03,53.6
4,53.14,90.99,4.55
12,27.98,54.65,40.53
5,21.06,12.79,3.63
8,33.98,94.03,3.29
13,34.81,55.15,49.7
24,8.4,59.16,54.34
32,32.43,53.18,114.11
26,29.19,49.75,80.72
3,22.86,49.79,1.44
12,6.1,53.16,19.24
2,26.38,65.95,3.74
34,20.6,18.67,80.39
7,20.76,11.14,4.85
29,20.12,47.81,93.07
16,34.91,57.89,47.76
15,27.96,43.46,43.84
11,31.51,58.17,0.44
22,5.72,49.33,54.01
17,34.37,68.03,52.44
13,31.48,50.29,48.5
12,24.96,43.73,30.61
23,28.06,55.16,83.5
24,21.79,42.22,82.26
32,20.48,51.38,123.32
19,32.09,55.93,59.7
13,32.81,59.72,46.02
12,25.76,42.32,44.91
31,55.72,64.22,59.02
5,34.1,52.89,3.59
23,57.74,66.9,43.26
10,34.52,43.96,4.45
12,27.0,46.29,33.13
23,26.3,62.1,62.26
11,7.79,49.49,3.61
20,32.21,62.57,73.87
15,27.09,90.16,29.13
30,29.25,46.11,85.96
4,21.63,88.27,2.56
34,32.51,68.91,86.72
25,27.18,47.74,63.68
29,51.43,56.16,58.83
24,32.07,87.64,65.67
32,28.3,53.94,130.12
16,57.22,42.88,33.63
6,24.62,59.27,1.03
21,24.26,60.96,86.03
32,26.65,63.94,101.79
26,27.64,14.19,74.91
32,34.54,64.9,110.84
26,34.53,19.86,65.19
24,20.21,85.3,94.12
32,34.91,57.3,92.09
6,26.88,64.41,0.26
11,25.15,86.89,2.18
34,29.46,42.71,106.58
12,30.08,66.75,41.3
27,34.13,13.42,52.71
17,22.48,62.37,45.64
34,29.73,69.62,102.57
22,33.19,58.86,77.59
31,47.35,62.66,55.33
4,22.33,57.06,1.54
11,26.79,69.97,4.89
12,30.79,60.75,34.42
8,27.44,90.35,0.24
7,33.99,48.82,3.94
34,23.94,66.55,130.27
20,57.69,44.23,43.91
18,26.77,54.03,73.91
30,20.92,66.43,122.96
30,24.72,47.44,85.59
13,21.1,58.71,36.8
25,46.66,54.5,59.8
28,7.28,40.9,55.38
6,34.71,45.53,0.36
12,27.46,64.03,35.05
33,53.63,19.89,35.74
17,24.65,54.06,48.11
16,21.86,94.03,29.47
25,33.75,56.97,66.17
11,27.69,52.84,0.95
2,25.26,64.13,0.18
9,21.28,64.95,4.57
6,33.66,89.62,0.41
16,30.67,57.48,48.12
21,28.76,66.29,54.67
31,31.34,53.15,82.83
34,22.02,68.72,132.77120000000002
19,8.89,67.21,36.41
26,24.54,58.39,74.28
12,30.69,69.85,38.86
25,9.25,47.23,56.2
13,33.58,85.15,41.97
5,27.5,60.48,4.68
9,25.72,58.95,0.3
23,49.41,53.51,40.45
12,26.5,43.99,34.69
10,25.04,64.14,0.18
11,32.84,44.75,1.94
25,32.18,52.36,70.37
11,26.64,93.6,3.38
22,33.27,89.92,65.37
5,27.4,19.74,1.3
27,30.15,94.03,70.79
13,7.05,58.65,28.97
22,26.81,64.19,62.01
31,20.29,92.17,76.41
24,20.05,44.14,100.27
13,20.91,17.21,35.29
9,28.37,46.12,2.78
11,30.89,60.58,4.37
7,26.45,41.1,2.92
14,32.49,66.93,38.71
20,24.23,44.18,81.95
10,32.24,68.5,2.65
1,49.7,42.74,4.29
1,32.57,40.37,2.99
13,54.04,69.65,31.47
30,24.16,64.09,84.8
12,20.26,55.84,38.25
11,30.33,51.79,4.67
27,32.95,17.21,59.24
20,54.31,47.37,47.76
10,33.56,91.94,3.49
18,25.03,93.44,34.91
6,6.1,16.59,3.95
12,28.27,64.85,32.45
32,25.53,41.76,92.75
19,32.83,56.76,49.76
35,34.38,57.02,132.77120000000002
13,26.33,90.5,23.83
18,25.9,51.16,47.59
31,25.42,42.24,116.05
3,34.18,52.44,4.49
28,8.94,65.04,42.18
23,5.53,41.62,43.56
15,48.31,52.4,34.59
5,33.36,62.18,3.38
23,34.12,43.99,87.84
10,8.42,11.45,2.18
7,23.73,85.47,2.64
15,25.77,55.9,45.11
15,27.19,56.28,43.52
26,23.45,63.61,106.01
5,24.4,49.09,0.97
31,30.8,40.95,91.41
23,6.93,46.86,51.76
31,27.37,58.74,100.97
22,20.14,57.46,56.89
4,23.0,45.2,1.6
13,20.92,57.71,45.63
17,7.94,49.57,37.25
9,26.54,59.2,4.72
26,22.61,48.36,87.16
31,22.36,58.95,119.25
7,34.62,53.49,4.94
20,49.71,50.48,36.27
7,55.37,47.53,2.98
35,48.21,63.38,80.76
24,23.61,88.22,88.71
15,57.09,43.86,28.48
30,6.56,69.57,73.03
25,8.34,40.87,57.42
13,26.31,52.43,50.99
6,52.4,54.66,3.38
18,31.55,47.19,46.67
3,26.73,50.85,1.76
17,20.05,54.31,49.98
28,32.92,47.69,97.83
23,8.06,40.95,42.79
16,9.58,15.99,19.13
24,24.07,44.71,73.18
11,30.13,65.95,4.55
18,22.08,57.42,63.94
22,26.2,44.39,68.52
24,8.66,48.26,49.2
6,23.94,66.2,0.47
10,27.5,56.27,3.14
12,26.37,85.23,33.61
13,9.1,43.82,22.95
16,24.38,50.91,46.67
32,23.22,47.04,123.97
13,22.67,47.99,39.96
31,34.28,91.3,56.75
13,26.33,60.49,35.62
22,5.53,43.9,40.59
6,26.5,69.71,4.51
15,28.58,14.88,44.03
30,22.13,43.06,87.55
7,34.11,61.24,4.93
28,30.01,88.69,87.51
30,7.12,44.91,55.3
24,9.67,60.94,57.56
28,24.5,43.05,90.13
3,21.83,53.18,0.8
27,34.39,52.93,78.58
1,31.56,47.71,4.25
9,27.98,63.39,4.36
15,25.64,87.99,53.73
3,20.02,44.51,2.35
21,47.72,40.68,50.25
33,33.9,68.62,104.2
14,28.0,52.8,58.06
26,26.56,65.94,67.9
22,22.21,43.78,67.54
15,20.64,43.71,55.23
34,32.12,16.8,95.23
6,22.72,51.42,2.93
33,32.44,59.83,102.81
5,21.74,42.76,3.81
28,53.47,66.58,45.25
7,21.49,16.95,2.28
18,33.83,60.48,51.95
10,27.39,64.11,3.71
34,22.35,57.39,92.22
24,21.38,51.21,90.33
22,30.88,66.58,83.79
28,50.87,90.02,32.27
5,27.78,63.86,0.95
30,22.98,67.04,101.78
25,23.98,66.12,77.86
14,27.93,46.08,56.91
27,26.23,66.79,102.09
18,21.35,65.59,56.62
10,22.1,64.04,0.71
31,5.77,43.96,66.79
7,34.44,92.17,2.02
3,8.17,11.14,1.03
30,25.89,59.4,113.38
17,33.18,11.14,45.98
31,32.78,46.97,85.06
21,34.3,66.44,77.52
3,23.72,49.6,0.67
19,6.46,91.34,23.41
27,24.18,61.23,77.57
6,27.16,66.81,3.2
19,22.67,94.03,55.11
8,27.18,53.25,1.49
5,31.69,45.37,1.98
13,29.55,85.21,47.54
22,33.66,64.09,62.13
34,29.9,57.03,106.19
35,25.47,51.38,104.95
32,20.65,11.14,86.87
29,26.67,67.13,87.13
32,22.92,56.23,102.51
27,27.83,57.32,91.15
3,21.74,69.41,1.72
15,56.54,64.62,27.33
32,30.76,69.2,121.2
35,8.12,63.01,79.27
16,25.5,86.84,50.59
31,29.62,49.9,97.46
34,47.68,69.93,65.97
2,28.76,52.46,2.09
11,55.92,67.59,0.25
14,28.27,41.34,37.75
20,34.95,11.14,55.9
2,33.89,40.59,3.23
17,9.88,67.91,33.85
33,9.38,93.28,44.94
23,28.72,57.67,95.41
23,20.11,66.01,60.54
6,21.58,41.41,2.7
32,26.16,56.91,117.4
2,26.19,42.07,4.87
29,25.94,17.62,67.79
28,23.23,56.18,107.87
8,33.98,43.36,0.25
17,27.94,90.16,41.44
22,26.48,69.91,68.15
17,57.64,57.57,40.44
6,26.58,66.31,0.68
13,23.93,43.7,35.88
7,29.29,59.68,3.42
3,27.33,54.04,0.68
23,9.08,53.07,46.55
30,46.81,54.88,48.27
24,28.19,54.7,92.55
22,23.63,55.61,64.41
13,21.73,45.4,43.24
19,56.63,59.66,39.53
6,20.23,50.24,2.49
24,21.25,59.13,60.95
10,31.49,46.44,1.8
23,26.57,41.19,87.44
26,26.26,57.53,90.44
13,6.05,11.14,19.44
34,29.11,62.57,123.58
27,21.84,88.94,92.39
21,34.31,64.34,82.44
17,25.77,49.26,42.53
7,6.36,61.52,0.66
10,5.87,48.64,0.71
24,29.22,65.83,66.5
7,49.22,63.94,1.79
6,30.72,52.05,0.64
29,52.27,62.12,69.69
11,30.5,40.15,2.93
33,27.48,49.29,116.82
16,27.51,15.85,33.2
34,20.01,40.36,122.76
16,28.11,47.9,51.21
23,26.21,61.2,88.53
26,5.53,48.38,59.87
16,28.11,43.29,62.7
28,26.06,93.74,57.73
18,21.91,17.06,50.19
21,55.25,55.0,33.56
28,32.37,48.72,100.18
24,23.41,40.25,60.44
11,28.39,57.4,1.19
19,24.24,52.35,54.67
21,29.4,57.37,60.28
11,34.13,50.09,0.23
15,21.7,63.29,62.94
12,33.96,48.36,44.43
25,33.9,69.92,63.8
18,48.77,54.64,27.51
29,23.55,48.99,111.93
8,26.16,45.25,0.44
8,33.61,69.19,1.09
5,22.65,87.29,0.98
32,25.44,55.17,82.5
2,28.05,94.03,2.15
11,23.69,44.47,4.52
31,20.38,66.62,107.17
33,20.16,66.14,132.77120000000002
17,29.97,67.92,67.73
29,9.37,46.75,57.55
8,31.21,41.6,0.4
32,31.87,51.19,110.56
3,31.5,41.94,0.18
12,24.84,19.41,32.88
2,5.9,46.81,1.01
29,21.72,49.44,79.52
15,27.98,59.86,56.41
5,30.93,56.73,2.49
30,51.82,63.37,46.06
27,29.52,16.17,61.0
9,30.15,43.51,1.91
28,33.72,68.56,87.29
20,29.49,87.27,62.57
23,20.67,61.37,82.2
26,24.42,48.46,107.8
1,33.71,55.67,2.07
6,30.05,57.25,2.17
8,24.17,94.03,4.44
6,30.86,64.92,3.24
31,22.23,51.11,80.25
12,58.3,56.21,26.62
6,32.33,49.35,3.63
34,34.38,61.86,132.77120000000002
34,21.04,59.79,88.72
22,33.07,64.21,78.43
17,27.17,51.24,46.22
16,6.44,16.26,24.19
14,32.62,65.51,54.45
32,25.55,66.06,93.93
29,20.22,69.67,98.69
17,22.49,45.41,64.66
25,24.86,40.64,73.31
7,30.58,43.74,4.14
25,26.81,66.52,79.85
4,45.72,57.29,0.47
18,33.29,47.71,71.54
5,29.71,57.32,1.26
28,27.33,53.4,95.16
3,22.34,57.35,2.63
21,32.26,62.24,77.68
15,22.8,55.55,48.11
25,27.2,47.25,67.51
18,27.48,43.92,65.86
20,27.47,59.87,55.39
18,33.14,94.03,50.96
1,25.65,51.17,0.18
2,26.05,57.31,4.55
7,53.26,46.14,3.15
25,28.5,14.67,53.66
31,32.34,56.88,78.52
30,33.03,54.05,107.12
30,27.67,43.17,102.14
19,23.65,63.22,55.28
21,34.92,43.05,53.79
31,26.85,69.11,128.43
12,52.44,66.93,29.74
15,5.88,54.21,25.67
22,30.88,57.12,69.53
1,33.27,58.76,2.16
10,34.21,57.48,3.5
11,33.52,45.73,1.27
16,49.06,64.64,31.38
12,22.57,41.5,44.64
21,20.08,48.38,60.01
22,29.6,62.16,64.69
2,21.91,46.24,0.55
18,30.8,51.51,66.13
29,22.12,87.67,81.74
10,45.21,62.29,1.6
20,53.35,19.22,29.67
25,30.66,16.49,59.82
3,23.06,47.59,4.38
14,6.51,41.37,25.1
29,34.14,89.59,90.76
14,24.82,41.06,38.8
8,28.41,67.54,3.93
20,20.78,69.48,82.67
25,20.65,49.57,76.87
2,32.76,43.0,2.59
1,26.6,42.67,0.95
15,7.65,59.54,32.63
26,28.45,50.77,88.06
4,27.73,88.75,2.36
23,8.98,46.51,45.94
6,21.01,56.35,0.74
11,28.36,53.64,1.78
28,51.22,90.74,45.94
17,32.54,56.69,60.61
16,29.45,66.7,54.84
2,23.67,66.23,2.87
7,21.38,51.78,1.91
29,27.58,11.14,59.86
11,22.77,59.39,4.19
14,27.04,44.34,53.52
23,29.75,62.68,88.57
15,7.47,58.41,36.54
21,27.81,69.75,52.99
1,30.63,44.38,1.81
26,27.58,50.62,88.3
30,21.8,85.87,125.03
35,29.74,40.36,132.77120000000002
11,32.69,44.95,4.38
15,21.56,59.75,38.53
31,26.4,53.64,115.27
30,20.09,13.16,54.77
30,22.77,19.11,73.16
7,22.36,88.89,1.78
12,9.27,57.68,22.19
31,21.88,87.3,82.62
30,25.78,11.14,65.49
30,52.8,53.29,50.67
3,28.95,15.6,0.89
11,27.02,87.23,4.98
12,5.53,60.46,26.09
26,20.4,17.47,60.66
7,29.8,45.41,0.26
29,26.76,68.77,77.36
10,28.82,49.62,2.16
13,20.61,64.16,42.82
8,48.25,40.98,2.5
12,29.61,48.01,32.63
11,25.04,68.55,3.91
35,7.21,55.53,61.39
18,26.45,62.88,72.27
22,8.6,41.79,51.03
31,50.02,42.35,57.45
22,26.91,41.66,65.98
25,7.03,46.25,54.64
5,30.95,45.58,0.23
8,23.05,67.31,3.29
22,33.31,57.46,64.71
27,34.78,94.03,52.7
20,30.7,47.65,66.69
30,50.25,44.2,64.87
2,22.8,13.93,0.79
13,27.96,69.23,49.93
13,20.02,68.53,53.85
34,34.45,52.86,115.74
2,34.03,89.01,0.18
12,34.53,54.99,34.14
23,32.46,67.59,65.39
21,45.45,48.45,38.8
5,33.59,58.31,0.58
21,52.85,87.14,46.06
7,25.71,50.36,4.05
11,8.02,62.49,2.12
7,30.88,17.59,0.18
9,33.36,11.14,0.31
26,20.71,57.52,98.11
35,33.49,53.94,132.77120000000002
31,26.79,58.97,110.53
24,26.33,66.21,82.96
21,30.2,69.62,63.04
34,31.06,94.03,79.55
1,22.64,92.34,4.45
20,24.8,62.99,58.43
13,32.72,40.17,38.74
15,53.94,60.81,23.43
28,20.88,64.17,73.94
20,54.59,49.96,50.24
22,56.83,69.4,51.64
20,34.06,65.08,58.03
4,25.97,58.16,0.82
28,20.78,92.54,58.93
24,33.26,52.54,64.95
4,24.76,69.82,4.09
17,20.66,67.11,70.67
4,24.19,44.88,0.21
7,33.91,69.19,0.65
7,24.86,69.54,0.53
2,32.48,69.72,2.1
13,24.29,16.67,28.08
8,7.45,61.97,4.44
27,27.13,58.49,100.34
2,30.86,42.01,0.4
25,21.27,43.53,100.16
10,30.07,63.81,3.91
24,20.72,62.33,100.11
29,45.57,68.95,63.17
26,28.1,88.86,81.28
23,21.7,44.31,60.8
15,27.76,52.91,38.55
16,20.6,68.56,59.57
14,20.26,63.78,35.83
26,9.76,57.41,45.44
1,33.87,50.73,2.98
3,30.01,58.56,0.73
22,33.46,57.8,60.44
16,32.76,61.01,58.97
20,27.86,91.34,43.88
19,26.51,65.94,51.84
28,27.91,86.5,87.23
18,20.55,60.53,49.14
18,32.11,51.89,53.29
6,24.23,88.96,1.07
23,22.71,54.75,77.32
30,21.49,86.56,108.52
15,32.25,57.5,40.87
1,26.18,56.2,2.42
17,25.24,60.19,64.71
7,30.27,61.91,1.16
23,52.31,63.19,53.44
21,34.02,43.88,84.37
20,21.0,45.04,69.38
16,25.39,18.62,45.34
27,27.06,63.39,89.51
14,32.37,45.92,51.55
33,21.66,57.15,130.37
5,5.53,59.49,0.72
19,34.11,63.83,66.97
33,5.72,66.02,53.84
18,6.21,54.13,42.39
23,26.57,54.75,70.92
20,33.47,51.97,70.7
30,24.51,69.01,105.23
14,21.36,67.99,42.79
12,31.63,60.12,49.83
20,6.44,61.51,39.53
20,20.67,60.67,62.79
35,24.06,63.44,127.67
7,29.8,58.63,4.91
18,30.93,89.29,63.46
4,26.09,69.0,2.66
24,27.91,57.85,70.64
4,28.06,57.71,3.77
14,26.13,16.49,28.29
33,22.15,47.53,98.2
19,26.89,92.22,38.27
15,45.58,19.76,25.98
1,29.27,17.71,3.33
15,34.92,56.37,53.51
33,21.66,43.67,91.29
22,21.36,50.61,91.91
26,34.04,45.81,99.95
27,32.24,46.9,89.62
23,22.52,88.36,82.58
22,5.53,55.53,52.21
14,32.35,47.29,41.62
17,54.23,48.9,34.95
27,28.72,44.64,83.68
12,32.83,56.13,39.51
3,24.23,66.46,3.64
35,20.17,53.53,132.77120000000002
26,26.92,50.29,73.63
1,25.33,50.07,2.34
24,46.94,67.54,44.54
18,26.58,49.57,70.82
30,21.53,62.44,116.03
14,26.22,51.44,45.14
18,20.81,55.01,67.66
22,28.07,41.39,78.79
15,33.62,52.38,54.11
11,22.89,86.53,0.23
10,31.07,49.19,4.64
8,21.84,61.41,0.87
14,30.38,40.44,58.53
32,30.83,13.65,58.66
20,26.62,88.42,57.02
1,29.67,18.92,0.57
35,29.27,11.38,68.46
5,5.53,64.3,0.78
8,22.25,67.58,4.73
27,24.92,50.29,83.31
13,25.9,60.95,54.1
17,31.05,54.88,47.72
14,46.21,44.02,24.01
11,24.42,68.36,1.91
33,32.48,86.71,117.04
19,9.85,42.33,35.87
32,22.73,57.48,120.0
35,24.76,11.5,64.97
16,27.6,86.62,41.11
14,20.32,65.93,55.14
14,21.52,52.43,36.23
8,20.92,46.71,1.77
8,5.96,47.48,4.58
6,31.01,50.88,4.24
2,27.57,59.87,0.63
13,58.45560000000002,61.82,32.57
22,27.25,60.79,61.89
1,31.29,58.14,0.18
29,29.31,61.35,85.69
21,23.98,60.45,65.84
15,23.18,60.73,50.05
32,27.31,67.55,83.41
7,22.14,49.39,2.36
35,25.69,53.86,131.21
12,23.77,45.54,36.63
7,20.53,50.6,3.58
20,27.38,48.18,59.39
20,58.45560000000002,94.03,21.76
24,27.71,44.45,90.54
1,33.4,64.03,2.07
3,34.22,69.63,0.98
20,32.49,85.71,83.39
32,30.37,60.12,99.77
30,24.0,54.86,96.4
3,21.53,85.76,2.55
32,22.44,50.38,132.77120000000002
27,29.77,86.59,96.56
33,27.14,17.74,84.94
23,33.05,51.19,79.92
20,24.24,60.02,69.92
23,54.16,57.24,55.37
26,24.56,86.4,93.52
35,52.17,50.27,80.8
20,25.45,58.89,83.21
18,7.62,53.49,39.05
22,25.61,65.94,73.48
20,34.42,67.69,50.48
20,23.27,12.13,46.28
22,26.35,58.88,72.92
8,6.28,55.99,1.59
29,22.87,56.32,110.28
15,50.36,59.13,36.77
26,21.79,60.62,83.22
22,23.87,88.44,91.96
1,28.52,90.34,4.62
27,23.08,59.04,108.98
26,25.76,52.57,86.69
18,28.34,65.74,52.11
32,30.58,64.42,85.02
30,25.8,69.28,117.81
15,34.57,55.53,56.56
11,34.75,66.57,4.74
15,23.7,44.55,53.12
4,32.53,59.82,3.56
23,30.86,15.37,59.44
24,24.02,41.68,63.71
16,21.08,42.53,42.48
17,7.78,53.25,36.34
20,29.85,65.22,65.75
18,9.1,55.03,37.89
16,25.09,66.6,40.91
11,27.79,50.25,1.17
27,20.13,47.16,73.33
24,21.73,15.85,51.03
21,7.56,49.93,46.2
6,21.41,66.5,3.58
34,26.01,52.97,86.02
34,9.18,46.02,57.63
2,28.82,50.67,3.41
5,23.33,13.41,1.61
11,7.79,51.41,1.61
2,28.65,94.03,0.96
4,24.94,52.41,0.72
23,24.9,41.81,83.62
11,24.27,88.68,2.5
2,30.06,55.34,1.4
9,55.23,63.81,0.62
15,30.74,42.39,60.46
9,24.16,52.44,4.8
15,53.33,45.49,36.56
5,29.91,52.38,0.4
6,32.7,52.51,2.42
32,23.78,11.7,57.7
7,26.11,41.02,3.94
4,28.96,50.21,1.76
22,29.92,61.39,60.66
25,20.72,63.82,78.34
34,29.72,93.4,81.48
9,22.41,62.63,4.1
25,32.08,18.77,58.25
12,21.72,68.8,32.22
2,23.35,58.73,0.26
14,32.16,44.59,55.32
1,31.25,54.42,3.86
27,27.47,68.83,106.08
30,31.53,43.32,105.35
6,26.15,68.54,4.14
3,31.36,52.18,1.38
11,24.29,15.48,0.27
19,22.73,88.78,52.24
22,8.1,63.82,50.66
11,7.82,56.23,3.22
20,22.3,16.18,57.42
24,27.8,44.57,93.45
10,32.31,54.45,2.13
13,26.03,60.64,35.11
4,25.91,56.18,1.04
18,23.77,48.52,67.25
4,5.53,57.82,2.06
30,31.86,48.15,117.87
3,51.72,61.18,0.18
23,27.14,19.08,46.61
25,26.36,94.0,64.31
11,8.98,19.42,4.54
18,57.61,53.91,36.56
29,25.6,59.43,111.1
25,30.07,51.93,96.28
24,53.53,62.08,57.93
28,33.4,68.51,111.57
21,33.4,67.77,65.56
30,32.19,85.35,123.3
7,29.52,57.27,4.95
35,24.87,55.67,122.04
11,9.36,57.53,0.93
31,22.96,52.06,95.27
16,27.41,48.85,45.56
16,5.82,68.56,32.65
15,25.6,40.96,56.7
28,24.46,68.65,82.76
35,7.39,55.5,62.96
21,21.35,45.87,76.87
16,22.6,93.53,39.67
33,32.77,46.31,108.99
14,27.19,59.87,37.35
25,52.89,50.31,61.85
13,22.06,69.81,46.1
2,32.55,92.92,2.14
11,20.54,16.01,0.86
30,33.63,42.17,125.05
17,31.79,64.9,62.64
3,34.17,69.14,0.68
34,50.42,41.27,74.91
13,23.98,68.02,35.67
6,34.88,88.65,2.27
18,7.0,45.06,30.12
16,29.76,49.37,61.84
28,33.27,54.39,108.38
13,22.76,51.82,44.07
18,31.8,69.24,59.69
12,23.41,19.62,25.63
16,34.18,46.2,46.68
23,23.17,53.56,82.42
31,23.02,66.6,83.9
24,52.14,55.5,59.63
1,32.97,60.52,4.81
11,21.34,17.53,0.93
9,26.74,45.32,0.18
23,23.82,93.37,57.06
9,34.55,91.98,1.46
26,27.19,11.14,59.27
10,22.36,91.4,0.96
16,24.94,62.99,54.04
32,30.8,87.0,99.57
3,23.88,47.11,2.81
11,6.47,51.8,2.33
26,8.57,65.39,49.32
19,23.54,45.02,70.66
1,9.1,86.18,2.46
15,23.55,57.41,61.27
21,22.01,57.65,84.74
13,33.91,56.1,44.25
28,26.56,66.0,74.77
19,23.29,48.42,64.06
14,6.88,40.25,25.54
17,24.34,17.68,38.51
12,25.44,11.74,24.55
28,27.75,62.63,74.58
35,22.22,17.08,72.14
9,21.05,88.69,4.92
28,24.21,45.97,90.92
9,31.16,63.66,2.9
13,46.7,12.78,19.97
32,33.45,46.24,124.68
30,33.76,94.03,85.85
1,27.27,54.59,2.51
3,27.81,43.77,3.61
28,23.26,63.83,105.83
18,22.24,86.84,73.85
10,20.51,65.92,0.54
17,45.2,47.86,37.05
24,33.5,47.3,80.77
1,26.98,11.62,1.25
35,5.65,51.28,80.89
21,23.81,59.51,56.65
33,7.86,53.16,56.03
14,6.61,18.62,22.68
26,30.05,64.17,85.92
7,30.11,46.78,4.91
17,53.45,56.87,37.05
13,24.14,66.07,49.97
24,54.02,58.71,44.36
31,28.41,87.48,128.6
30,55.41,59.82,73.36
35,21.04,52.8,132.77120000000002
6,28.94,11.14,3.49
16,29.19,40.94,64.94
9,21.31,64.49,0.18
16,6.42,57.06,30.92
13,23.41,59.54,40.12
22,33.85,65.97,82.56
34,21.49,42.33,129.23
9,32.34,87.44,0.18
21,52.16,68.41,36.76
18,23.34,46.03,50.42
34,31.03,42.92,103.76
3,7.85,56.58,1.02
15,45.67,64.49,26.65
8,34.54,45.31,3.86
21,31.89,69.17,77.1
28,6.74,19.75,36.09
25,25.64,18.53,45.02
15,26.62,64.51,40.56
10,50.01,61.18,1.53
13,32.3,46.75,33.19
2,9.4,43.37,4.18
3,22.5,57.03,2.73
12,22.67,56.45,41.02
26,30.72,53.64,75.13
15,30.73,62.16,49.12
3,21.68,68.85,1.59
15,23.22,68.08,45.06
32,23.87,56.01,112.8
1,30.45,87.15,0.21
24,26.79,14.84,56.84
23,29.68,49.85,62.33
7,29.66,54.62,1.65
15,21.35,11.16,42.99
27,26.71,87.96,104.46
11,9.23,88.44,2.41
35,21.63,17.29,66.58
2,33.57,89.85,3.04
9,33.97,55.92,1.25
25,31.66,69.16,91.76
15,29.38,69.09,55.18
35,28.54,49.58,132.77120000000002
26,49.08,55.71,45.63
28,33.55,66.17,97.95
33,54.34,55.26,71.7
1,28.39,13.98,4.96
3,26.46,55.18,0.24
28,27.25,45.92,84.07
13,29.0,57.58,33.76
4,53.38,43.07,0.21
1,6.88,68.84,0.47
22,45.58,57.77,49.5
21,24.44,60.1,73.92
13,20.17,47.93,46.08
20,21.7,58.12,61.37
10,20.82,66.34,2.56
16,29.41,12.07,41.15
25,28.59,58.41,64.18
15,20.82,55.76,41.79
28,23.15,51.85,83.7
14,26.68,66.27,47.55
3,34.92,50.84,2.65
6,30.85,66.51,4.43
32,25.11,63.71,130.7
24,21.13,62.69,79.51
30,5.78,40.39,67.76
33,33.85,49.74,95.85
10,33.12,65.84,2.37
34,56.81,54.76,57.63
6,31.76,86.73,0.18
6,22.04,68.53,1.18
34,8.44,49.14,81.77
33,6.97,63.42,67.0
20,27.41,85.17,80.15
21,54.3,41.48,42.48
21,25.72,42.38,53.49
24,24.63,50.72,80.28
35,25.39,93.0,64.54
22,23.62,15.95,48.43
35,30.2,67.02,103.81
15,29.34,61.96,53.67
6,23.5,46.74,3.1
23,46.46,11.4,24.97
19,30.49,61.46,51.35
23,48.65,63.09,45.53
1,24.94,12.13,1.0
22,46.56,68.85,36.2
9,30.74,89.28,0.92
1,45.45,67.83,4.97
19,23.49,67.61,55.88
34,7.01,17.32,40.71
6,29.15,67.59,2.66
32,25.02,15.13,66.7
14,24.02,49.53,56.51
34,33.23,52.46,108.16
11,30.7,46.37,1.4
12,34.53,16.36,26.84
5,23.8,63.32,3.91
32,52.02,64.25,52.24
4,34.33,53.73,1.83
17,27.13,69.31,44.61
23,20.54,61.87,88.36
9,23.24,55.16,1.38
13,23.96,58.25,46.19
12,33.27,66.42,31.5
28,33.39,13.72,80.65
31,31.14,69.71,115.95
9,27.12,69.37,2.8
9,21.44,67.48,1.86
20,34.13,59.32,59.67
17,30.39,43.58,58.85
20,21.14,52.1,65.56
3,24.43,52.79,0.29
10,50.15,43.51,2.47
15,28.42,41.14,58.95
13,22.07,67.81,49.12
13,47.6,55.11,29.62
34,7.26,62.28,70.28
17,32.94,51.38,57.3
33,27.38,45.25,87.77
28,31.68,48.37,88.11
16,24.37,53.3,61.02
35,21.02,56.02,132.77120000000002
30,49.98,47.5,68.44
20,24.38,66.99,78.31
13,46.56,58.56,23.42
29,22.88,60.94,82.44
6,49.84,63.73,2.63
12,26.26,63.67,34.64
7,25.95,11.14,1.17
23,58.45560000000002,54.74,42.88
8,32.23,61.29,1.75
12,33.95,54.28,38.89
28,56.85,69.31,49.11
16,55.55,53.03,30.99
1,32.41,40.56,0.18
16,25.91,58.4,59.86
27,33.28,46.05,90.51
32,20.92,13.18,75.93
16,23.18,63.94,56.75
20,27.65,60.54,60.57
4,27.29,19.31,2.47
21,23.7,67.6,55.0
13,26.77,45.56,47.64
15,21.93,63.72,47.88
23,24.1,86.4,73.99
27,33.58,49.54,104.29
30,54.62,48.24,71.73
6,54.59,40.89,1.36
12,26.32,93.89,26.55
17,33.3,85.22,62.07
34,28.37,68.12,132.77120000000002
30,34.49,59.06,89.81
8,22.1,12.85,3.19
5,27.56,64.09,1.77
4,27.5,58.83,3.35
12,25.43,49.4,38.32
32,23.43,41.24,129.32
7,50.42,53.98,2.21
9,33.48,94.03,1.41
11,9.12,19.3,0.79
22,31.2,87.29,75.66
8,28.16,59.0,1.48
34,24.41,47.7,91.49
35,34.13,64.12,107.69
6,22.94,55.25,1.18
14,27.31,85.08,37.58
13,46.16,61.62,21.91
34,32.57,59.27,117.34
17,33.96,63.6,43.37
16,31.41,65.7,63.31
6,23.22,63.5,0.67
10,21.03,52.82,2.09
10,9.36,50.6,4.19
3,21.42,93.65,1.59
4,29.67,63.39,0.77
22,24.71,53.28,77.22
6,22.18,43.21,4.11
35,24.09,63.83,115.74
34,31.01,44.3,86.12
31,24.32,51.61,127.03
4,22.24,49.04,0.73
23,22.31,49.86,66.28
26,7.16,47.89,60.13
27,26.81,12.08,60.73
14,57.87,43.19,32.83
18,5.53,47.03,35.98
17,29.88,47.11,49.0
20,28.07,65.35,52.78
24,22.58,45.76,78.66
15,23.97,41.54,59.58
22,26.47,45.52,75.35
3,21.01,59.92,0.95
14,5.74,15.0,22.61
30,26.6,58.35,106.57
16,30.07,61.71,45.64
28,25.27,54.18,105.45
4,32.55,57.92,2.19
17,48.97,68.72,40.12
7,53.17,42.01,2.35
33,33.76,67.6,99.01
32,25.99,51.36,108.0
11,5.53,46.27,2.59
9,28.82,59.25,0.8
28,7.93,61.95,58.86
16,33.08,91.92,31.26
35,22.47,87.04,107.59
29,23.98,91.7,79.78
32,34.09,60.25,85.55
5,20.49,41.03,4.13
7,26.02,63.93,4.13
4,28.38,44.62,3.41
21,24.78,69.96,71.45
10,9.8,48.04,1.94
29,27.32,63.87,103.43
8,30.17,57.12,0.2
31,24.2,67.04,123.41
35,34.59,62.55,108.94
32,21.58,69.53,124.67
29,32.48,50.55,117.04
19,58.45560000000002,40.27,38.39
8,45.83,88.85,1.36
1,24.94,56.58,2.0
18,21.28,57.53,68.79
21,21.85,62.32,77.25
32,28.82,62.03,125.33
14,21.47,66.9,53.74
20,29.43,17.28,47.24
2,50.33,50.0,1.34
11,34.53,54.67,3.33
26,33.62,61.85,74.86
10,8.34,92.34,1.66
17,25.92,50.0,51.79
24,31.03,16.76,43.63
13,30.82,46.37,33.89
30,24.31,55.85,81.24
34,22.63,61.31,121.24
19,20.09,50.43,58.23
30,24.29,46.91,124.87
16,26.12,68.42,46.55
5,24.76,50.12,2.4
31,21.0,92.06,90.18
12,32.42,40.25,31.87
27,34.34,43.86,82.57
34,23.93,53.04,109.32
24,34.41,48.94,91.85
35,31.1,54.56,100.89
9,21.98,49.48,4.39
9,31.43,59.31,0.18
13,20.06,40.25,51.43
16,48.49,40.74,33.85
17,29.25,47.94,70.2
14,5.53,64.06,23.59
1,22.59,62.42,4.64
19,27.1,55.89,76.79
28,29.72,47.64,115.75
25,22.25,41.34,67.31
9,30.24,16.92,0.56
14,8.2,43.7,31.72
15,24.03,54.72,47.35
10,21.95,40.03,3.24
2,29.78,59.15,3.11
22,21.66,69.76,63.91
13,9.52,62.33,24.02
15,34.76,40.28,62.33
9,30.62,40.15,4.07
15,27.38,47.91,44.17
10,31.73,58.42,5.0
19,27.52,47.89,57.52
35,26.46,18.38,80.3
27,22.73,85.23,105.24
19,24.44,51.93,56.44
10,25.4,69.33,0.43
10,54.28,44.82,3.41
10,52.84,92.63,3.35
2,22.54,59.51,3.32
5,31.46,13.49,1.75
27,55.18,86.86,51.59
21,30.8,54.55,73.11
26,50.88,62.56,54.21
2,26.7,68.16,0.18
22,31.87,52.62,80.67
8,7.01,64.22,3.47
29,33.81,59.64,114.39
29,28.97,48.87,72.7
32,28.67,87.42,103.35
35,24.46,65.85,94.89
20,27.85,50.87,83.01
5,22.41,45.46,3.05
4,22.5,43.79,1.03
13,28.22,56.29,44.17
21,20.94,54.63,77.81
6,22.83,48.65,4.24
6,20.97,55.35,0.69
17,6.99,51.95,29.78
6,27.3,68.46,0.62
10,34.02,61.98,4.0
21,33.6,45.77,61.09
32,25.0,51.82,102.33
35,33.13,13.62,96.98
10,21.41,85.05,2.9
1,28.33,56.45,0.83
23,26.75,54.26,90.2
24,20.81,50.64,90.8
13,56.2,41.28,21.14
5,30.83,63.64,3.25
24,23.15,49.73,73.02
19,23.51,66.73,66.32
14,27.71,44.32,52.72
3,24.55,63.77,1.37
5,31.72,47.98,3.5
23,34.23,54.59,70.59
20,24.54,59.41,64.5
25,22.95,54.05,92.39
21,29.2,45.93,83.56
16,30.44,67.31,43.33
14,8.23,40.37,24.79
10,26.18,41.87,4.07
21,5.53,47.38,45.27
28,51.07,13.0,40.83
16,30.04,66.79,56.68
26,27.24,69.17,82.36
2,27.49,52.56,2.45
34,8.77,46.88,64.29
13,23.71,89.92,51.21
33,20.19,56.29,84.12
32,6.07,45.2,50.49
9,26.08,56.09,4.3
27,27.33,58.82,96.71
17,29.91,87.1,47.95
25,32.38,44.14,90.55
18,20.1,14.35,39.42
10,8.56,54.16,0.8
32,20.06,11.14,75.5
25,27.16,55.16,74.32
11,24.09,68.56,2.88
10,28.43,57.15,1.79
4,29.13,11.58,3.8
30,23.21,68.88,98.19
32,25.57,41.42,132.77120000000002
10,34.46,94.03,3.89
1,21.97,19.97,3.62
5,31.8,65.5,2.09
11,31.87,67.29,1.31
30,20.15,85.73,111.49
16,20.39,93.87,29.87
5,26.2,68.65,4.38
6,20.41,42.59,3.72
19,52.17,41.22,39.5
4,20.93,49.38,3.02
33,6.74,47.44,69.88
19,22.9,11.14,47.63
22,55.01,86.84,50.86
7,21.53,67.52,0.21
34,23.29,40.98,93.09
28,26.21,45.63,88.51
13,24.46,54.84,41.89
28,6.6,45.97,69.64
31,9.2,61.85,56.11
12,23.26,42.49,32.87
34,7.98,60.25,80.63
33,21.61,44.11,127.47
15,58.08,69.64,32.32
27,8.21,50.43,48.9
27,21.78,49.82,70.61
14,23.78,62.27,49.76
3,28.02,17.05,2.05
8,33.19,44.58,3.29
16,24.34,41.51,52.62
8,6.83,64.65,2.84
12,23.74,40.5,48.86
34,20.98,40.31,92.08
35,29.45,66.0,105.41
9,51.12,18.45,0.35
34,27.39,51.22,108.2
22,32.71,57.01,59.87
9,29.31,68.34,0.32
21,25.93,16.37,59.13
12,32.0,45.34,32.55
1,29.99,46.66,4.82
1,7.63,51.1,4.47
23,7.95,61.82,55.48
33,47.38,46.16,55.41
15,26.38,51.76,43.83
28,31.49,45.03,86.5
1,26.77,52.88,1.06
35,29.05,52.8,132.77120000000002
3,26.95,61.32,0.66
30,28.71,11.28,61.32
9,9.2,50.28,3.08
17,9.41,58.65,39.93
17,21.01,41.07,42.62
15,52.38,45.26,37.25
4,28.69,40.66,3.36
7,31.62,46.19,0.18
11,32.79,43.53,1.45
28,22.83,46.97,109.42
13,27.92,40.03,39.84
30,48.21,40.69,45.99
10,21.65,42.62,1.75
25,33.29,48.19,71.54
29,32.49,90.44,52.11
32,25.35,17.36,59.67
10,30.74,19.1,3.69
21,5.53,58.35,37.33
1,28.79,11.14,2.71
8,30.73,53.24,4.73
27,8.38,62.16,46.22
21,23.23,63.45,54.31
18,26.67,51.5,73.45
30,34.28,41.45,110.75
31,54.39,92.61,50.98
23,20.92,49.56,81.74
4,27.43,62.21,1.34
30,31.43,43.52,110.52
2,9.86,14.68,3.54
8,50.49,94.03,0.72
29,20.3,53.78,75.53
23,25.66,51.85,61.39
26,28.85,13.09,61.92
23,25.86,87.64,84.48
9,9.88,51.9,2.77
29,30.22,53.79,86.6
17,31.6,47.93,70.86
23,6.9,62.52,52.14
30,23.48,86.86,110.84
11,23.9,49.68,1.63
29,9.41,59.31,66.35
25,28.76,65.17,76.68
6,28.19,67.23,3.6
34,7.96,92.21,51.6
30,50.77,51.77,49.89
33,32.27,63.35,110.27
1,30.11,55.84,0.39
33,56.93,87.19,58.3
5,34.13,43.42,4.37
19,24.21,59.78,49.62
4,58.22,91.07,4.33
19,33.37,14.21,43.35
7,25.81,44.79,4.5
24,27.84,49.97,62.42
24,22.87,57.11,71.3
25,25.21,48.46,74.82
26,23.39,61.57,87.58
24,24.98,48.6,63.29
15,27.5,53.82,56.33
16,27.86,59.31,46.35
26,9.13,50.76,55.71
30,25.45,11.14,60.78
10,31.22,62.5,0.18
14,30.65,18.05,29.41
25,51.44,67.52,41.94
24,26.98,88.19,100.2
22,20.17,61.74,89.75
21,29.42,93.88,53.68
16,47.75,93.18,21.16
18,46.01,65.6,44.85
8,31.22,51.63,2.32
33,27.21,16.72,73.1
34,22.9,63.33,108.25
22,31.05,64.69,69.15
11,32.6,51.87,1.62
29,20.58,91.48,76.19
3,28.08,54.63,4.19
6,22.36,89.95,1.67
1,28.0,61.57,2.13
17,27.64,53.75,42.9
21,30.82,52.23,87.8
8,27.58,48.47,1.03
6,23.3,57.23,1.42
11,28.42,11.42,4.79
7,7.14,63.83,2.46
25,30.11,54.67,88.65
5,24.81,47.95,4.7
26,28.6,63.58,76.65
3,20.47,56.3,0.69
7,8.46,40.75,2.91
10,34.98,65.88,1.47
27,28.49,43.22,98.91
13,27.43,94.03,33.84
28,27.88,63.92,75.85
17,25.58,60.33,45.05
3,30.1,48.91,4.07
30,53.73,65.03,66.7
14,25.74,49.77,45.07
21,22.03,52.09,71.67
21,30.49,58.3,77.07
31,23.65,64.01,119.24
25,5.6,41.29,39.58
1,29.77,94.03,1.77
28,9.88,46.99,66.82
11,21.43,58.09,4.38
1,28.22,55.75,1.43
16,21.27,42.85,44.85
33,58.45560000000002,63.64,55.34
26,24.81,62.77,96.54
6,30.13,48.52,1.41
20,24.15,41.42,82.71
22,25.22,46.35,68.01
16,5.53,52.32,24.17
27,27.02,40.41,111.32
19,25.75,55.24,73.66
35,21.73,65.04,132.77120000000002
23,34.61,93.25,66.99
28,27.36,57.06,89.26
15,21.57,68.86,60.68
15,25.36,54.1,51.39
3,22.71,56.97,3.64
30,27.99,53.77,85.42
20,22.9,88.78,77.51
13,31.18,60.07,41.32
20,32.54,66.31,68.63
3,25.19,92.9,4.24
24,25.25,65.71,68.05
5,22.52,49.39,0.51
19,58.05,61.28,43.16
25,33.89,45.11,67.3
26,25.57,89.87,77.63
34,22.65,48.71,119.59
24,22.36,68.35,91.45
11,25.95,68.7,2.83
4,20.71,63.9,1.6
28,55.39,17.84,45.97
23,33.36,57.35,88.92
10,30.43,40.95,0.88
22,31.54,41.6,76.87
31,33.89,40.42,125.17
14,33.66,91.92,28.1
18,25.08,15.44,37.0
31,32.86,52.07,85.08
28,23.22,62.69,79.76
10,23.18,61.16,2.21
23,24.5,19.03,55.97
12,21.8,18.55,29.61
20,8.38,57.83,39.29
16,54.91,11.14,27.5
27,24.64,68.7,70.53
20,33.39,49.35,71.73
24,27.14,49.96,86.89
17,9.99,47.84,38.45
23,20.81,44.29,62.54
7,21.38,64.73,3.62
10,23.4,92.24,4.05
24,30.02,59.25,96.14
33,24.11,68.75,107.1
14,49.85,51.92,26.62
32,23.95,53.74,81.77
13,32.63,42.44,52.7
10,31.54,66.26,2.29
9,24.45,41.22,0.63
12,27.48,15.2,22.17
22,9.32,57.09,41.81
5,28.33,48.3,2.56
2,33.19,65.48,2.64
8,27.97,42.41,3.59
14,29.08,68.62,46.28
14,32.85,50.56,41.71
28,33.58,51.84,95.38
21,21.26,44.96,58.84
4,8.09,69.85,4.05
18,23.4,45.05,48.93
31,34.79,53.62,84.32
7,22.65,47.55,0.84
26,28.52,49.65,99.17
15,23.76,16.21,33.85
7,32.32,42.72,4.57
13,25.03,68.78,44.01
10,33.46,14.02,3.94
10,21.63,55.67,0.18
30,23.78,59.12,112.41
26,20.55,41.84,82.78
26,33.89,63.82,94.22
27,9.67,48.85,57.61
17,52.8,12.48,18.16
3,5.53,58.09,1.06
27,22.0,68.27,88.9
25,29.98,67.48,94.34
30,5.53,85.33,52.41
19,32.22,47.72,74.8
32,8.39,16.3,56.37
20,8.75,48.73,36.93
27,25.02,67.74,112.36
23,27.96,58.6,95.28
12,29.96,50.11,43.46
32,28.62,46.11,108.37
29,26.63,44.2,104.08
6,5.57,42.33,2.76
24,27.5,43.71,96.91
13,7.24,66.11,29.71
6,20.03,59.84,2.39
22,28.81,64.13,89.12
8,58.45560000000002,12.94,0.19
32,21.8,54.45,107.44
1,21.13,55.91,1.24
12,5.53,90.63,15.57
24,31.43,41.46,91.38
31,25.55,66.6,88.8
27,26.84,62.43,69.46
11,34.6,69.65,0.35
32,24.99,93.9,76.72
34,21.65,89.4,132.77120000000002
13,27.68,61.89,41.43
4,32.99,89.91,2.39
17,22.9,42.45,70.81
27,56.6,15.1,46.14
13,22.93,88.91,44.8
17,34.6,67.83,68.29
10,5.53,54.15,1.85
29,28.59,88.93,110.13
22,21.76,61.89,90.59
27,32.44,66.76,87.54
28,6.25,52.7,58.09
8,22.26,61.98,2.83
27,28.54,63.09,86.74
5,29.89,48.84,2.44
28,30.12,53.83,101.58
13,22.39,88.08,47.58
12,33.23,56.84,40.4
10,28.26,16.87,1.26
8,33.26,59.36,2.4
3,28.92,46.3,3.34
8,24.0,87.94,2.38
2,30.61,40.25,2.67
14,30.94,47.04,36.55
14,25.46,41.64,46.63
4,33.18,62.01,0.75
4,29.0,87.04,2.82
4,54.11,86.6,1.25
35,25.96,44.79,88.31
7,31.01,52.7,1.5
4,21.36,12.89,3.51
9,58.45560000000002,62.99,2.16
18,29.9,13.46,47.88
21,58.45560000000002,48.45,36.19
7,5.53,50.97,1.99
9,5.84,67.25,1.98
6,20.34,92.29,3.97
29,51.23,90.69,36.07
33,50.5,40.05,61.28
12,9.55,47.94,18.94
23,24.87,45.37,84.62
28,34.29,50.52,72.37
25,47.28,44.33,57.8
33,51.25,48.37,54.0
9,29.33,11.14,2.74
24,8.85,47.6,44.41
20,33.76,63.54,66.63
12,34.34,52.03,47.68
8,31.29,63.28,4.76
31,28.16,67.87,91.15
18,29.62,69.86,52.78
20,33.52,53.58,60.52
21,54.75,90.05,35.03
18,22.1,62.96,71.03
8,26.04,63.3,2.52
6,22.26,47.03,2.56
10,34.25,47.33,1.18
9,22.18,94.03,0.18
6,49.06,47.71,1.92
3,33.28,65.24,3.78
7,31.72,68.01,0.9
11,34.35,41.76,0.18
13,21.24,65.3,50.06
24,25.44,48.52,70.2
23,28.7,11.24,61.44
26,22.0,46.77,100.91
4,29.1,48.42,3.06
18,5.53,87.39,35.71
18,23.09,48.42,50.8
18,22.92,11.14,47.04
3,21.2,65.02,1.87
16,20.16,47.18,63.96
28,23.33,50.7,90.25
19,9.78,55.51,31.6
33,28.95,54.58,127.7
21,9.37,11.68,35.5
35,33.82,15.58,70.8
3,6.0,62.94,0.71
31,23.67,64.85,126.62
26,33.59,62.31,91.3
18,27.44,66.16,72.94
4,27.21,50.96,1.02
5,31.73,46.93,1.13
4,30.6,47.03,3.19
2,32.32,43.59,1.71
19,22.37,68.96,64.32
8,26.3,61.61,2.79
23,34.03,64.88,95.74
35,21.99,64.44,132.77120000000002
2,27.05,13.29,0.21
20,23.79,44.32,63.31
27,28.08,63.29,75.14
5,22.91,44.89,4.47
19,22.81,53.07,53.25
16,28.76,40.45,42.67
22,6.56,60.27,45.61
15,5.75,87.69,33.26
9,22.19,69.8,2.84
1,32.27,65.69,1.35
30,56.53,50.65,52.71
3,50.74,56.22,2.06
10,27.61,87.25,3.56
8,54.63,67.56,1.35
22,5.53,44.67,48.12
6,34.17,61.6,2.94
5,23.88,43.29,2.19
20,55.96,68.26,46.55
14,31.54,45.02,48.18
17,7.31,43.09,33.53
2,27.9,17.3,1.88
23,20.91,11.14,63.4
15,27.83,68.03,45.2
23,28.36,65.93,86.01
27,27.91,59.15,94.55
33,23.69,69.24,102.76
27,31.62,69.99,103.74
35,25.94,91.12,89.61
21,32.0,56.39,86.74
24,22.69,55.98,83.82
23,24.32,92.73,44.37
25,29.71,65.4,75.14
31,24.03,46.4,100.25
2,32.97,61.12,4.78
29,25.02,41.96,99.63
14,29.49,54.35,40.16
29,33.12,51.41,74.7
31,32.54,68.74,104.99
17,26.36,61.08,58.63
35,25.53,67.73,112.07
22,27.35,56.66,77.71
30,21.38,59.67,120.24
33,31.68,48.88,112.05
32,7.03,13.28,45.18
8,26.04,63.7,0.65
35,23.3,42.63,131.92
19,29.2,43.2,70.96
18,25.88,15.56,49.76
20,26.98,18.86,46.04
25,22.45,91.87,69.91
23,23.7,58.57,68.94
5,25.57,87.18,3.79
15,29.65,44.08,49.74
13,27.55,45.06,43.87
14,33.86,53.19,41.24
25,33.18,18.07,53.9
26,33.65,68.07,68.35
21,22.79,50.51,57.44
15,22.53,60.17,38.51
8,21.6,52.51,0.83
28,26.37,48.09,98.54
12,32.12,45.61,45.84
13,34.28,15.37,37.5
31,33.86,19.76,88.27
4,22.2,89.23,3.94
13,30.66,64.68,52.25
9,24.92,40.07,3.63
29,30.52,64.58,89.56
32,29.16,49.86,89.29
8,23.28,88.56,4.41
26,27.66,62.76,92.45
14,6.88,69.24,32.07
31,21.64,48.49,100.72
4,27.42,13.55,1.13
26,45.65,47.03,56.25
27,21.41,68.12,83.5
2,24.56,50.52,2.26
15,29.95,66.12,56.32
14,25.17,52.04,43.97
20,22.36,55.08,50.34
18,5.53,65.67,39.78
23,31.64,65.65,82.06
34,34.71,43.22,99.86
22,27.81,41.86,87.88
17,22.86,48.76,56.98
11,29.77,51.94,2.75
4,31.51,51.16,4.17
22,25.0,58.45,88.14
1,21.05,94.03,3.73
7,25.57,59.3,0.58
27,25.69,45.54,97.71
9,23.77,47.48,2.57
23,32.36,53.27,68.96
9,28.68,68.92,3.17
30,6.83,93.91,44.23
32,7.3,47.43,52.6
13,22.83,54.68,33.03
21,33.95,14.25,47.58
7,31.33,17.82,2.89
13,26.77,93.59,23.95
28,24.65,16.52,60.67
10,6.61,94.03,2.24
29,48.21,18.94,49.33
25,52.39,48.14,59.47
15,7.46,14.01,16.39
10,21.4,66.63,1.74
27,28.36,63.51,111.97
16,24.95,59.53,47.09
28,24.88,50.25,109.33
30,5.8,61.77,73.15
7,29.71,53.88,2.18
31,33.46,14.04,61.53
3,33.23,11.14,2.95
3,21.39,65.55,3.25
19,7.79,52.83,42.23
2,24.05,42.78,3.45
15,33.83,85.39,37.57
13,26.27,62.34,33.27
10,20.5,50.96,2.72
1,7.0,69.46,4.47
8,26.15,94.03,2.02
24,6.3,61.39,38.14
15,32.5,11.26,32.58
27,27.89,43.12,101.28
19,56.02,91.53,32.08
28,24.46,47.94,90.11
5,50.95,59.14,3.8
5,9.36,19.09,3.88
34,31.04,40.79,96.53
15,47.92,59.13,28.25
34,33.84,43.13,132.77120000000002
8,27.82,57.63,1.78
5,21.89,55.08,1.31
4,30.61,43.08,2.24
3,30.77,18.45,0.86
5,32.9,17.04,1.94
31,29.43,52.16,115.51
33,30.47,62.49,126.83
34,9.11,46.62,80.86
31,32.95,68.81,89.58
17,28.74,13.43,40.82
24,58.45560000000002,68.32,56.86
2,26.04,52.94,3.3
12,32.29,54.55,40.6
14,29.84,40.73,50.66
23,20.18,57.76,65.21
20,30.08,54.52,73.15
34,33.19,54.3,122.73
26,7.72,41.98,42.94
29,25.06,66.45,95.75
19,6.03,43.43,32.0
27,5.53,66.11,62.56
9,24.62,93.03,0.76
31,6.9,69.26,62.46
30,21.92,51.17,114.48
29,47.12,54.93,56.67
33,24.93,63.3,87.4
9,28.72,42.36,2.69
16,21.49,58.93,58.53
25,51.57,53.18,55.24
17,32.46,53.52,55.24
34,26.31,53.9,132.77120000000002
21,9.8,45.48,38.14
28,22.49,61.78,85.63
2,33.24,65.6,4.8
19,46.6,68.7,44.51
19,28.01,85.55,73.73
3,27.81,50.45,4.11
17,32.92,48.69,54.1
33,8.22,19.25,43.28
27,34.67,12.64,71.69
26,28.77,44.84,98.86
24,21.67,66.87,87.34
27,23.21,65.57,75.6
21,24.33,55.25,53.05
30,24.23,63.6,77.39
34,32.4,41.32,92.52
17,5.53,63.59,42.76
34,33.95,68.05,99.72
30,34.48,48.16,121.02
12,26.13,87.3,35.61
10,21.94,54.83,1.81
23,31.02,59.75,90.51
13,21.04,59.15,39.79
29,23.45,65.01,73.49
13,8.2,56.5,25.84
31,30.73,41.37,83.33
29,25.94,66.16,85.39
29,25.95,85.9,87.07
23,26.7,53.58,73.77
22,8.61,62.75,49.18
25,28.33,48.71,95.28
32,21.09,14.26,87.36
24,54.02,43.12,47.48
22,54.58,63.99,33.36
13,33.49,63.54,45.52
2,24.83,59.09,4.37
34,55.78,48.5,65.59
5,21.68,56.6,1.0
6,29.45,44.59,2.63
17,9.12,61.43,42.62
31,25.38,13.85,72.9
2,28.25,54.92,3.75
33,25.09,62.07,102.6
7,52.43,60.48,2.36
23,25.77,48.56,96.27
14,9.85,56.37,28.59
23,32.95,62.28,87.31
29,25.51,42.08,92.41
32,45.15,91.42,39.59
32,24.34,61.2,120.66
25,27.12,50.49,68.16
26,5.53,87.78,54.99
21,5.7,64.26,42.43
17,9.17,19.99,26.92
19,26.89,42.75,60.32
3,28.23,14.13,2.76
15,33.83,41.91,52.49
15,27.04,59.93,48.74
27,27.84,55.44,102.82
25,33.93,46.97,65.16
14,33.66,42.35,58.72
32,22.78,64.84,131.72
1,33.17,44.2,1.85
9,30.94,53.14,2.92
6,22.65,52.52,2.52
16,33.42,43.38,54.91
16,23.11,44.53,49.92
1,25.35,42.76,3.51
9,23.03,87.82,0.18
24,34.92,48.96,73.35
17,31.52,57.02,67.0
15,26.16,50.25,43.12
33,25.1,69.02,93.71
5,29.52,40.11,2.89
30,31.78,61.99,101.14
30,26.32,69.71,99.29
4,21.6,41.68,1.26
16,58.45560000000002,58.88,32.04
11,27.98,56.66,0.85
34,29.43,41.16,110.53
27,20.55,91.36,50.61
22,20.15,65.46,62.42
8,33.88,88.95,4.38
5,58.45560000000002,94.03,2.82
5,51.19,66.38,4.11
23,26.4,55.98,71.87
21,33.29,48.2,76.19
13,24.86,44.69,40.53
32,21.06,60.4,118.84
5,30.62,68.1,3.41
34,5.95,66.89,63.76
22,30.02,60.5,73.74
27,9.21,53.02,48.57
33,27.43,51.56,87.66
15,53.75,61.03,35.56
2,27.54,66.12,2.74
27,29.47,65.73,68.28
24,20.6,45.63,77.47
12,33.33,45.85,42.2
5,54.35,68.44,2.13
18,21.16,48.48,69.56
10,34.54,56.5,2.93
29,21.26,15.89,75.86
21,9.61,46.94,41.38
1,6.98,90.76,3.08
8,28.73,92.08,4.88
14,30.96,13.9,34.43
33,28.67,56.36,100.08
24,25.71,57.08,70.13
9,21.8,54.62,1.13
9,24.11,60.32,3.61
16,25.78,40.77,59.88
18,28.66,15.82,31.85
24,21.85,16.6,51.41
16,33.92,44.91,54.54
8,24.93,16.84,4.32
33,28.3,49.36,111.32
18,29.26,61.63,57.47
33,23.9,46.95,86.63
11,32.75,46.68,1.22
22,27.23,61.16,61.12
31,23.39,66.53,85.37
35,20.81,63.07,117.99
20,27.41,61.29,60.64
9,32.92,15.81,2.88
22,20.96,47.78,86.64
1,25.64,48.8,4.63
31,32.13,85.07,82.32
19,26.35,11.46,37.67
9,24.94,18.88,2.99
27,32.33,42.73,109.65
5,29.34,54.8,3.77
28,27.93,51.89,93.06
18,28.02,55.66,54.67
19,7.17,53.36,40.51
4,24.98,47.5,1.84
12,51.42,61.8,24.21
2,30.83,88.45,0.96
22,23.32,67.23,74.52
26,53.73,93.48,34.44
28,27.23,54.0,85.73
31,8.86,43.62,48.36
14,21.91,48.5,47.3
12,20.26,56.35,45.58
32,51.6,44.2,48.55
2,31.15,48.01,3.06
25,50.31,63.5,48.85
28,22.44,62.98,103.26
32,23.89,42.28,130.83
12,34.96,58.81,31.07
13,29.14,57.5,49.41
17,21.92,53.88,42.54
2,27.36,66.65,3.89
9,34.52,47.0,0.77
26,24.06,44.22,102.03
14,23.0,50.78,57.76
22,34.95,59.99,71.47
10,22.62,94.03,0.18
7,22.31,65.23,0.61
27,8.79,57.63,61.63
9,29.9,94.01,3.3
18,22.95,58.7,60.17
25,27.5,44.14,66.39
3,26.63,53.06,2.16
6,58.45560000000002,68.31,3.44
7,47.34,59.61,1.68
28,23.32,68.89,103.79
5,30.96,54.7,2.67
5,7.62,47.63,3.37
29,34.87,67.54,79.87
30,7.54,64.92,49.66
11,28.88,51.66,1.12
29,34.36,65.48,81.8
2,32.03,59.24,4.63
28,24.95,66.6,86.67
20,57.22,62.57,33.22
11,28.74,58.46,3.53
1,24.06,44.3,0.2
35,48.87,67.91,87.01
26,31.55,53.15,108.75
20,55.41,67.35,45.22
14,25.67,64.94,50.23
22,20.07,68.0,74.48
30,34.31,65.04,96.47
15,26.94,18.77,34.31
13,33.14,19.76,30.88
15,26.51,63.46,49.72
25,33.05,59.71,93.67
28,8.38,54.45,63.77
35,26.59,63.1,114.22
13,30.54,53.3,36.0
16,21.77,56.68,53.97
17,28.27,11.89,48.68
4,54.79,69.68,3.29
23,8.38,64.93,46.42
11,27.62,62.51,2.53
20,46.21,42.07,31.66
14,24.92,51.65,58.79
24,24.0,11.82,45.43
32,27.63,53.68,95.6
18,23.26,57.07,63.72
1,33.63,64.17,3.7
12,28.66,65.14,31.67
2,26.59,52.95,2.49
34,56.94,57.32,63.9
22,24.63,49.14,78.7
22,28.57,61.75,84.26
27,29.48,41.76,100.53
25,7.16,45.88,56.93
16,9.31,43.07,26.68
6,58.45560000000002,85.47,0.18
10,34.52,53.93,1.07
18,27.59,67.93,60.15
32,21.24,40.29,110.2
22,9.09,53.13,33.62
1,21.49,53.58,0.36
27,23.45,41.29,108.01
5,31.49,43.35,2.57
21,30.36,58.56,87.23
7,30.03,92.29,1.12
8,31.55,11.69,3.06
4,53.26,58.16,3.99
27,31.15,49.81,95.12
15,33.5,68.42,42.07
18,29.14,49.75,72.38
35,34.52,65.21,113.02
30,24.36,43.52,103.76
16,34.33,48.97,56.56
9,8.31,66.51,3.98
26,27.81,43.35,78.65
19,26.76,92.61,48.9
5,28.25,67.64,3.94
33,23.6,66.74,115.0
30,28.34,54.5,99.6
4,58.45560000000002,65.83,2.98
7,46.9,61.18,2.52
26,50.38,67.61,41.69
17,34.77,93.77,44.0
25,26.33,40.95,100.19
13,6.28,44.36,26.21
13,21.24,56.06,52.92
25,7.17,41.6,52.79
28,20.84,59.13,78.38
21,30.12,41.49,87.89
1,34.87,69.56,3.66
14,33.71,48.3,47.29
5,28.53,58.3,1.66
18,26.15,54.45,57.92
23,24.57,69.78,64.37
28,23.98,56.94,102.78
25,34.69,57.71,66.91
21,23.11,42.0,66.02
34,24.83,59.78,132.77120000000002
35,33.25,42.45,89.76
16,7.62,94.03,19.07
33,29.58,61.33,125.43
27,32.39,69.57,84.85
8,26.72,64.39,4.56
8,34.01,56.16,2.76
6,34.26,49.53,0.18
12,23.85,64.26,39.44
1,21.87,67.59,2.01
5,24.06,50.7,4.83
34,22.68,90.33,91.87
20,30.03,15.48,49.4
30,20.33,44.86,83.07
32,23.39,14.9,68.43
27,27.92,65.6,83.45
33,29.11,69.38,110.56
11,33.6,42.49,2.1
3,25.29,93.89,1.09
19,29.58,59.61,74.48
23,21.87,61.42,63.09
7,33.85,58.71,2.82
24,31.06,42.11,78.07
14,23.62,68.76,47.89
28,31.67,58.53,113.17
17,23.03,40.88,67.97
27,26.09,60.43,98.42
2,20.32,43.25,3.68
27,26.78,85.71,80.2
5,32.82,65.71,4.57
29,32.22,49.62,93.26
21,57.12,45.22,32.42
28,25.54,41.58,106.68
13,34.48,44.11,33.67
15,6.08,90.35,16.76
27,57.57,49.22,63.34
2,29.23,59.95,0.18
10,32.0,93.49,0.51
35,20.05,65.98,94.72
5,24.11,65.86,4.2
26,24.84,69.28,101.19
28,33.44,58.64,77.33
28,30.78,19.06,54.65
6,8.7,57.68,4.9
12,23.1,50.54,48.23
8,31.45,67.22,2.91
33,34.62,65.05,132.77120000000002
26,30.0,42.52,93.04
23,31.23,48.4,67.7
35,28.32,42.78,108.14
19,34.46,40.45,48.81
32,7.04,50.57,78.66
34,22.39,13.69,75.62
16,21.6,69.82,42.43
23,31.01,11.14,62.23
16,28.38,61.57,43.44
5,28.3,55.27,2.48
11,8.36,50.85,4.66
18,34.49,61.37,62.85
33,27.19,58.02,90.97
7,52.62,62.14,0.48
32,24.1,51.8,84.21
13,20.99,90.04,31.37
27,21.19,45.87,96.1
20,27.43,62.84,65.56
27,53.59,64.18,50.71
26,22.07,67.8,80.15
19,27.7,68.58,72.11
24,32.51,66.07,86.66
3,27.22,12.42,3.6
2,22.41,56.07,2.58
35,8.08,69.84,64.24
29,34.25,15.75,69.55
6,23.7,47.59,0.77
30,29.93,65.95,94.56
7,29.96,63.98,2.91
15,28.64,62.78,54.86
4,22.62,45.95,0.2
21,26.08,47.12,63.51
13,34.59,58.22,50.93
20,30.15,54.88,56.7
31,24.11,56.48,86.73
16,23.19,51.78,63.28
11,25.42,16.06,4.46
31,32.97,45.64,78.73
16,31.46,12.2,36.15
28,46.39,14.02,41.96
2,28.69,61.05,4.31
4,24.49,44.05,0.51
25,33.05,42.11,87.67
29,21.87,11.9,55.9
24,27.35,41.81,92.45
14,24.06,69.79,46.69
4,32.97,53.06,1.44
10,32.4,67.41,0.87
12,23.51,51.67,49.17
10,34.68,52.91,2.86
25,25.99,65.55,71.97
33,32.73,12.54,73.3
27,33.0,86.69,82.04
10,25.1,55.35,0.85
5,31.44,51.5,0.18
19,22.13,12.35,55.25
12,34.82,66.9,44.0
3,57.78,16.62,4.73
3,34.81,63.81,4.05
16,57.17,68.28,29.91
27,25.83,66.41,101.61
21,21.04,14.45,37.54
27,21.28,49.47,100.62
3,25.31,55.36,1.42
27,28.65,65.98,77.5
24,27.38,69.34,90.2
20,33.53,59.16,54.31
17,57.11,44.67,31.77
22,28.46,57.12,57.43
20,24.73,14.15,36.11
35,24.59,16.44,87.53
26,58.45560000000002,47.13,63.87
34,25.14,88.31,124.48
10,23.85,51.83,0.92
11,21.71,62.39,1.39
24,34.3,57.18,88.6
21,55.81,61.44,40.28
14,34.4,90.43,33.79
5,25.28,60.81,0.32
4,26.9,45.39,3.06
30,56.86,58.43,66.17
16,25.47,55.08,45.73
18,28.42,19.4,50.7
32,21.01,44.87,117.77
31,28.8,40.02,118.64
33,33.78,11.14,90.2
11,27.74,86.3,0.18
1,24.3,40.59,3.65
6,25.88,18.31,1.62
11,22.51,93.81,4.04
7,27.81,46.42,1.22
8,30.26,19.26,1.7
14,6.44,86.42,34.37
29,46.22,40.55,62.58
32,24.13,45.49,130.03
32,32.48,69.95,115.73
10,6.02,52.74,2.54
8,53.21,92.87,3.01
24,20.05,50.28,91.06
2,21.57,94.03,1.35
34,27.19,63.87,116.58
10,31.24,40.65,4.43
17,21.99,54.47,66.94
22,23.47,41.42,71.4
28,28.47,19.59,57.16
30,25.73,11.14,52.74
23,21.77,58.29,69.99
28,21.09,56.5,91.86
22,5.65,41.99,39.74
29,47.51,56.97,48.73
5,33.2,17.53,0.7
33,28.29,51.82,103.33
8,25.12,15.17,0.46
23,28.46,19.14,47.24
27,31.24,55.55,71.26
19,8.69,65.97,38.41
15,25.55,59.79,46.41
19,27.75,93.24,35.27
14,33.63,17.11,38.13
30,7.26,19.89,46.81
8,9.24,50.96,1.15
34,34.14,62.54,132.77120000000002
22,22.63,50.45,55.18
31,21.04,66.68,128.71
2,29.21,11.14,0.49
2,31.55,16.71,0.83
15,6.1,50.57,25.77
31,20.47,50.83,93.19
12,23.21,57.0,32.07
8,21.37,68.04,3.02
1,33.19,49.41,3.18
15,25.55,41.89,46.73
16,31.36,63.41,54.61
16,29.19,86.67,65.19
33,32.95,86.2,128.08
18,21.94,69.45,58.69
10,33.25,41.66,2.68
12,30.23,53.84,44.85
10,28.62,51.38,3.74
33,7.84,45.81,51.03
29,34.69,86.29,81.08
28,29.44,66.44,110.41
8,34.9,46.59,0.18
32,22.97,48.5,87.8
34,23.81,42.42,119.4
25,48.3,50.78,44.05
16,22.71,62.9,42.47
24,47.08,92.01,35.11
24,27.63,44.5,62.41
33,30.85,69.93,91.38
16,30.42,67.1,60.73
16,58.45560000000002,17.59,19.21
28,30.28,92.19,78.07
14,33.12,52.14,45.66
7,33.74,53.38,4.64
15,31.15,58.81,55.64
31,57.38,43.97,57.89
1,28.12,40.26,4.6
31,33.89,65.73,85.77
22,31.06,91.1,51.2
16,31.98,94.03,40.24
14,28.4,69.0,57.81
6,34.12,40.85,1.3
16,26.24,57.95,50.64
7,32.06,69.08,0.68
4,25.42,17.72,0.33
32,23.41,11.14,61.56
22,34.73,87.97,83.53
33,8.99,66.22,59.15
19,24.35,17.3,50.39
29,29.81,57.45,91.77
7,25.97,17.98,0.44
7,58.45560000000002,19.23,0.63
25,34.97,57.02,94.12
15,21.82,57.66,53.75
18,54.5,59.32,34.39
14,28.19,55.42,58.14
25,34.88,43.53,71.12
20,28.92,65.97,50.09
26,28.1,65.55,70.91
26,46.06,58.07,56.63
34,26.75,47.01,132.77120000000002
11,52.79,12.94,4.3
33,47.46,51.11,81.87
8,20.25,65.95,2.04
9,28.71,50.15,4.59
16,22.67,43.63,65.49
22,22.83,40.0,76.49
28,21.74,12.48,80.51
17,27.27,42.42,60.25
35,24.5,53.77,130.98
29,21.78,62.42,104.86
21,32.76,66.67,71.08
1,28.67,86.08,1.24
30,6.08,66.42,55.96
5,24.67,61.0,0.64
33,25.6,55.97,110.73
15,31.29,53.95,47.96
6,56.39,19.65,0.18
3,32.94,69.57,1.71
25,24.81,69.73,94.89
2,31.82,69.34,2.11
26,20.02,46.83,90.08
20,25.69,19.17,39.76
14,27.98,51.29,41.38
24,23.66,57.97,92.27
21,8.68,67.61,36.12
22,28.04,52.91,68.29
3,27.53,41.16,4.78
8,23.1,63.29,4.29
5,7.41,54.11,2.4
23,20.71,59.78,71.18
26,28.84,61.64,76.05
33,7.85,63.69,61.53
2,27.77,53.18,3.77
14,56.26,92.76,16.1
20,29.7,61.29,63.7
20,31.12,41.9,76.95
29,22.63,56.11,105.03
22,22.41,43.76,67.81
9,33.0,61.02,0.21
22,28.81,56.05,73.28
15,6.67,91.12,16.54
7,23.79,53.77,1.22
5,21.5,55.33,0.63
14,22.45,41.94,46.99
18,34.35,67.32,56.7
35,27.29,57.43,88.72
1,30.61,57.23,4.19
31,55.96,93.65,44.33
34,33.91,53.17,130.08
35,29.21,46.76,131.48
22,30.45,63.97,66.66
4,29.64,59.96,1.27
23,29.9,52.36,95.96
32,27.26,66.09,122.07
25,5.53,63.36,62.88
26,33.76,47.4,66.54
22,26.92,58.94,57.83
29,20.17,66.81,82.3
31,8.29,48.65,49.36
23,29.32,87.86,70.13
11,53.6,60.84,3.88
1,29.64,45.29,1.85
30,56.3,58.8,66.23
32,26.3,64.44,127.35
25,31.26,54.37,75.0
10,8.73,50.2,2.15
30,54.52,11.69,33.55
31,34.21,57.6,115.96
27,7.12,56.18,52.04
18,22.61,68.7,55.41
18,32.63,46.83,57.0
7,23.12,48.99,4.74
17,54.98,45.76,33.08
21,58.45560000000002,41.42,38.63
31,30.44,68.08,129.97
16,22.54,11.61,41.02
1,22.34,62.47,4.6
17,30.84,12.26,40.67
22,31.52,14.89,58.63
20,9.78,44.57,42.94
10,25.0,47.81,0.6
11,22.46,56.52,3.89
14,5.6,48.68,27.35
6,31.79,67.57,3.71
20,27.16,51.83,66.81
19,23.71,67.55,48.42
34,24.83,67.75,127.39
9,22.21,51.77,1.83
21,34.73,56.39,68.43
23,27.85,59.34,83.7
21,26.56,42.01,66.69
13,21.77,85.48,35.86
25,33.79,54.44,66.11
8,6.58,67.75,3.84
18,29.87,46.96,48.07
5,28.82,58.94,2.83
2,28.34,48.5,4.99
34,33.5,51.09,118.34
27,26.71,42.76,100.48
28,29.86,43.58,79.32
26,21.97,40.23,97.45
3,32.32,54.49,4.92
28,20.91,50.29,80.95
1,34.51,64.56,2.27
6,27.9,13.26,3.8
17,28.35,57.8,69.49
12,31.31,61.75,31.39
3,22.08,56.58,3.36
19,29.04,65.17,64.38
30,48.59,66.11,47.78
14,31.72,92.46,35.9
10,28.3,42.91,4.72
14,22.37,46.53,57.03
33,34.27,52.14,132.77120000000002
30,20.32,57.67,75.28
5,33.73,51.53,2.57
31,31.61,15.73,74.87
20,8.42,68.98,43.5
2,9.57,18.34,0.92
7,27.94,46.68,4.84
33,20.85,56.59,118.5
7,8.77,50.73,1.21
14,34.97,42.13,55.9
2,33.28,93.14,0.18
34,24.57,52.75,86.48
10,32.17,43.5,0.86
4,33.13,43.46,0.98
12,30.87,58.66,37.37
19,29.81,52.52,49.37
20,21.4,61.2,77.41
1,31.44,61.5,4.32
4,21.09,69.68,1.01
25,28.75,50.21,86.26
1,55.14,65.93,4.93
30,34.78,94.03,70.55
26,26.49,43.15,79.43
21,33.93,69.03,56.9
35,33.87,14.71,93.72
1,30.58,17.76,4.57
20,25.82,53.83,80.44
29,23.0,54.84,83.81
18,30.11,88.27,69.9
15,34.21,45.3,51.0
32,22.73,88.02,131.34
17,22.9,64.95,61.18
25,7.46,63.28,49.87
18,5.53,14.46,20.78
20,30.82,19.52,45.57
11,34.96,12.83,1.65
27,27.62,61.79,112.11
13,26.23,87.29,46.29
34,24.71,86.44,123.46
25,34.45,91.9,66.74
29,23.97,67.84,118.67
30,34.8,49.42,117.43
18,31.56,51.32,47.23
3,20.73,47.29,1.64
25,25.34,13.93,59.54
23,50.52,89.44,47.95
17,23.71,54.35,66.56
22,49.02,44.29,41.28
10,21.32,51.01,0.47
15,21.65,46.19,52.61
32,30.99,62.18,130.45
6,24.83,61.14,1.38
19,23.67,47.48,76.82
5,32.76,88.55,1.04
13,46.24,57.25,26.25
29,25.73,57.66,82.14
29,30.87,65.66,82.62
18,34.6,64.14,51.99
26,26.76,58.41,86.3
19,24.69,43.74,51.46
31,5.53,61.73,76.4
13,32.87,55.92,48.13
34,7.15,54.47,73.85
1,34.33,11.42,3.28
6,23.79,42.41,2.5
3,31.39,59.33,1.53
30,20.64,42.39,115.33
29,30.05,49.11,79.09
32,30.46,65.45,104.9
3,6.69,50.64,2.19
25,51.48,11.83,29.46
5,30.91,41.76,2.72
20,26.83,17.1,50.3
24,26.47,64.01,96.34
34,33.35,69.13,132.77120000000002
28,23.3,54.44,112.86
15,24.09,17.09,26.71
28,34.78,58.36,74.21
4,24.58,57.71,1.63
21,22.59,91.85,39.61
27,22.93,43.75,108.79
4,58.45560000000002,61.02,0.7
23,9.77,48.45,57.11
11,22.18,49.92,3.93
16,27.56,43.52,54.03
11,33.68,63.32,4.84
19,47.53,64.53,47.72
14,21.32,69.08,45.2
8,23.42,65.37,3.73
23,27.56,49.09,64.87
15,25.63,46.8,57.13
11,25.58,50.02,2.54
33,29.29,43.35,125.69
18,21.19,63.41,53.45
22,34.95,50.04,80.96
13,49.29,69.9,19.72
7,26.33,55.85,1.43
13,30.17,44.54,49.95
32,25.85,62.08,102.89
7,21.35,62.94,0.18
14,32.87,60.94,36.72
8,32.93,51.29,4.46
33,22.12,53.23,124.98
26,32.5,18.78,75.92
1,26.22,43.66,4.97
20,9.59,53.73,33.62
28,21.99,59.64,106.6
34,51.37,40.94,85.52
12,29.98,69.02,31.06
6,27.26,51.82,2.44
16,28.3,48.15,41.02
24,24.64,63.89,87.45
20,29.21,52.55,69.65
15,34.58,11.14,42.59
34,30.49,66.76,118.81
4,25.23,69.7,1.0
14,33.95,60.8,46.12
31,34.98,46.83,82.77
1,58.44,66.58,1.55
31,27.54,48.17,116.9
18,57.1,11.14,24.51
32,34.07,11.58,91.97
29,21.08,87.61,107.46
34,9.76,46.08,64.62
25,22.1,15.04,49.22
3,27.12,47.53,4.67
12,33.61,54.62,44.95
30,22.3,43.16,79.6
35,26.42,47.46,113.37
16,30.74,41.84,54.44
33,50.41,57.48,69.67
26,25.9,64.66,104.38
27,21.16,54.55,85.6
16,29.8,94.03,45.66
15,33.68,52.27,52.41
31,31.73,64.3,107.42
32,21.55,92.89,80.01
33,32.93,50.35,123.14
31,54.69,63.08,48.95
11,29.79,57.08,2.57
8,6.23,43.52,0.3
1,23.02,68.87,1.4
13,30.44,19.44,32.91
19,33.19,61.1,64.85
24,21.1,41.61,65.69
22,23.54,54.91,57.56
11,24.34,46.45,1.5
32,26.65,47.59,109.89
24,33.86,61.99,64.44
31,20.08,13.79,72.43
32,26.16,64.91,128.54
34,26.33,66.92,118.86
25,55.74,60.92,46.84
25,23.39,53.59,73.59
18,25.88,49.13,58.56
30,23.63,49.81,78.71
3,30.04,64.72,4.33
21,30.26,17.25,39.02
15,20.92,15.22,33.83
33,5.53,40.64,72.08
31,23.65,54.37,96.21
19,28.64,47.43,77.33
18,25.84,60.49,53.88
27,32.02,14.41,68.45
12,25.35,60.34,40.81
31,8.31,94.03,39.76
1,7.57,12.77,1.14
24,34.54,50.63,78.31
18,33.13,66.74,71.91
31,33.83,58.28,94.82
26,33.54,57.33,89.98
15,34.02,65.25,43.67
13,21.4,60.51,34.58
24,31.99,63.76,63.66
16,52.84,89.74,25.83
15,7.32,68.7,36.38
17,22.13,13.65,39.53
1,30.39,65.55,2.04
7,5.7,87.53,3.38
19,20.86,88.57,50.63
17,7.45,93.49,23.97
13,23.53,50.55,49.96
21,46.23,59.61,44.04
9,8.21,54.73,2.69
6,21.15,59.94,2.55
32,7.58,94.03,33.61
13,24.04,67.16,36.73
17,9.69,49.19,36.92
8,21.23,48.74,4.15
31,33.7,62.36,82.84
1,34.28,14.93,2.44
4,32.51,54.94,2.55
31,27.19,58.3,123.37
32,6.07,46.08,74.56
31,23.65,56.15,97.02
9,20.84,65.33,3.52
22,23.25,64.79,82.28
30,24.27,63.16,125.3
11,21.35,65.7,4.86
4,29.06,40.57,1.67
22,28.91,90.07,50.97
30,29.56,57.93,77.99
3,31.32,50.46,1.55
16,58.41,61.75,37.66
18,27.79,60.6,72.53
5,7.36,44.56,4.8
19,47.38,55.37,40.8
22,28.0,41.2,73.91
28,7.66,49.14,50.79
22,8.28,52.44,49.59
3,22.44,46.84,0.18
15,28.02,44.42,46.88
15,31.03,57.43,56.71
26,25.29,63.91,94.16
35,30.42,45.95,91.11
19,5.53,11.14,30.14
26,22.55,92.93,56.98
17,27.99,48.79,68.6
30,7.63,11.14,31.85
12,30.84,66.19,40.81
2,32.0,90.56,3.35
1,8.61,11.14,3.93
11,33.24,41.34,2.28
22,24.1,89.73,64.86
32,52.75,91.13,46.53
21,21.07,64.13,80.41
7,23.77,47.7,0.18
23,31.14,50.22,59.66
8,34.21,47.02,3.5
29,7.05,12.26,33.46
17,20.4,67.47,64.86
15,21.46,53.03,40.81
30,49.42,19.25,51.14
15,30.35,58.03,55.49
6,6.76,53.65,0.3
32,24.1,45.36,113.95
24,28.8,88.92,96.42
1,24.63,55.49,4.32
1,26.93,85.03,4.0
17,26.7,61.05,62.44
10,33.69,46.04,2.52
19,31.5,57.94,67.07
19,25.81,52.44,75.1
30,32.62,18.19,60.2
25,24.02,46.88,64.34
15,8.82,44.35,36.74
12,27.76,45.13,46.82
19,58.45560000000002,46.17,41.48
24,29.49,41.84,61.2
6,32.06,12.42,4.39
26,31.35,65.62,94.7
14,26.24,59.96,39.92
3,28.02,46.67,3.69
19,25.17,67.72,63.74
16,21.0,19.72,28.0
34,21.76,63.19,92.49
33,28.11,68.32,121.25
16,28.14,55.03,48.86
12,46.65,89.06,28.74
7,28.09,62.29,0.51
19,30.71,41.42,75.8
35,21.68,56.76,99.04
17,25.15,60.66,53.93
31,50.14,54.44,66.52
20,26.46,52.17,51.53
5,54.31,64.8,3.98
26,27.07,61.93,79.99
31,30.11,62.55,112.24
19,57.44,18.17,23.87
27,27.49,68.93,95.29
27,28.02,62.92,96.96
6,20.84,61.58,1.11
21,24.4,69.42,76.84
24,32.02,14.55,47.23
12,34.3,61.7,42.49
26,29.04,61.59,91.91
28,26.26,68.03,101.0
15,31.1,88.46,38.85
3,28.62,47.44,2.64
13,22.93,19.0,28.44
20,28.99,59.21,55.2
10,20.45,40.05,0.22
34,26.96,43.07,123.9
33,29.43,61.65,102.18
33,31.62,11.35,69.04
24,27.54,54.06,86.61
35,26.24,47.59,122.11
31,20.12,87.46,92.06
27,29.15,44.73,70.52
20,28.73,63.68,74.15
18,26.79,54.07,58.48
12,21.61,55.64,45.89
31,49.94,52.95,73.21
18,33.66,68.06,46.49
17,52.04,89.24,35.79
23,24.07,11.29,58.63
3,20.28,64.56,4.7
14,20.61,55.21,53.88
10,26.33,66.61,4.9
5,24.94,49.02,3.63
27,6.56,61.32,56.59
22,25.89,68.22,72.59
7,34.38,65.75,2.82
14,25.8,63.52,55.16
10,20.06,68.22,1.51
35,22.84,52.3,99.61
8,20.91,89.92,4.1
28,32.67,47.0,84.04
23,23.73,46.88,95.57
29,33.18,49.43,116.69
11,21.78,59.74,3.46
27,5.53,42.55,45.95
32,21.13,63.48,103.2
24,32.96,58.33,68.92
33,30.19,44.5,132.77120000000002
2,34.79,63.05,2.24
7,23.85,67.71,2.93
12,29.79,61.01,39.57
31,23.99,55.98,126.82
13,22.1,40.03,41.15
30,22.76,51.56,118.99
6,26.82,64.51,1.89
23,29.3,93.68,58.0
32,48.85,59.36,73.42
29,21.98,69.11,104.43
32,33.46,48.31,92.52
32,29.94,46.08,130.03
27,23.24,93.3,67.14
31,32.49,87.51,110.28
29,32.7,63.86,119.95
19,24.82,89.69,60.67
3,31.09,53.18,4.73
30,26.72,47.0,88.04
20,21.89,94.03,46.91
27,54.07,14.45,40.67
11,55.89,46.18,5.0
18,32.31,61.57,52.53
28,33.64,87.72,89.06
17,5.98,14.07,17.85
19,31.96,66.63,53.3
15,31.21,50.31,40.09
29,24.04,18.14,67.43
14,20.77,88.79,38.08
26,9.31,89.85,42.77
18,25.81,67.64,57.09
6,32.32,12.93,2.24
32,23.24,42.97,82.21
20,30.65,65.41,56.96
24,5.53,88.18,51.11
9,20.32,92.22,0.86
22,29.29,68.34,63.86
32,22.57,52.84,96.63
7,20.95,53.32,0.87
1,32.0,65.03,0.94
32,30.26,93.03,66.69
34,7.12,58.88,68.71
11,8.57,47.63,0.18
35,8.91,14.66,58.76
12,27.27,53.47,39.81
7,50.17,66.73,2.96
16,30.34,49.3,59.02
30,8.49,64.57,58.67
35,45.95,86.98,81.76
15,32.65,52.23,61.16
25,24.76,65.24,64.65
30,32.94,47.21,113.45
31,33.66,42.88,116.82
30,26.45,56.45,76.55
29,24.68,45.58,117.41
13,33.5,62.77,51.63
14,27.58,50.8,52.98
32,33.17,68.44,90.29
16,30.35,58.83,45.2
20,31.35,53.21,73.58
8,24.23,13.5,1.82
28,20.23,47.11,97.66
28,24.96,55.9,88.47
5,50.54,17.11,4.98
12,20.48,49.58,45.94
16,22.56,61.53,51.93
35,27.54,60.25,111.99
13,56.62,46.93,22.43
5,23.37,63.8,1.7
1,30.28,58.95,3.21
23,22.47,57.55,59.78
22,21.32,42.04,62.61
16,6.61,17.78,26.68
5,6.65,11.14,3.65
14,29.91,40.57,45.04
5,45.17,46.29,4.85
24,34.16,55.98,72.27
35,55.18,13.84,54.28
14,33.25,62.17,35.46
10,28.08,67.82,4.3
19,34.29,70.0,72.78
19,24.32,87.25,60.78
3,7.32,65.51,1.33
10,32.47,15.67,3.58
17,34.41,59.89,47.28
28,23.6,53.14,102.4
21,28.04,64.36,60.72
9,57.82,16.72,1.94
21,31.53,52.19,69.41
6,24.03,56.71,1.79
30,31.41,48.17,77.66
28,48.83,92.71,37.12
20,25.64,53.62,81.27
34,20.88,11.35,91.47
28,23.59,14.44,53.93
32,31.93,50.7,82.79
13,23.88,40.52,51.88
29,32.64,59.58,104.37
1,20.57,94.03,3.16
22,23.46,91.25,39.84
5,45.07,54.82,1.29
28,27.52,55.25,96.73
20,26.44,15.09,43.17
22,29.89,68.09,69.97
16,58.06,55.01,27.4
6,29.61,44.97,1.76
14,26.67,67.04,40.74
12,26.98,45.99,42.55
14,30.08,42.83,37.88
34,21.27,63.02,132.77120000000002
21,21.19,53.59,77.87
34,23.06,40.64,86.11
29,21.68,19.25,68.75
5,45.89,52.82,2.94
14,23.2,68.63,49.12
6,29.95,62.58,1.45
20,23.68,41.22,76.06
25,32.96,55.2,68.58
34,29.26,88.79,87.34
22,32.05,41.57,70.63
1,7.16,54.38,1.7
2,26.57,17.83,4.48
30,30.58,87.4,105.13
22,31.71,63.83,60.74
34,20.57,15.68,62.55
13,29.66,44.85,50.42
29,58.45560000000002,61.39,47.62
24,34.1,19.5,43.32
28,21.14,56.53,85.38
5,34.18,19.54,1.17
13,50.4,44.38,27.04
13,30.67,65.39,34.84
27,23.4,63.76,85.61
11,24.7,58.45,0.62
30,51.58,62.61,48.05
33,21.14,12.13,94.32
29,25.21,64.17,76.69
24,29.16,13.55,53.55
26,55.08,63.74,50.08
21,8.96,53.41,48.25
9,28.6,69.3,2.7
16,29.46,50.35,47.79
7,31.04,68.93,0.23
20,34.93,17.67,39.86
10,20.38,64.4,4.24
28,23.93,40.9,105.8
8,26.63,48.37,3.38
5,29.9,61.8,0.84
13,34.96,67.06,49.24
10,25.27,63.81,3.26
6,25.3,46.94,2.4
20,22.77,54.5,77.19
28,24.27,54.8,88.25
1,22.86,47.22,2.0
16,22.1,42.33,65.32
25,24.06,49.16,74.61
10,24.62,64.98,1.66
31,45.42,88.4,58.79
3,26.05,49.51,1.44
20,32.47,17.98,35.1
12,25.55,49.46,49.71
34,32.59,11.14,94.22
32,28.54,64.77,120.43
34,33.63,51.75,118.55
23,26.04,51.27,67.39
20,9.73,46.08,45.39
6,22.71,53.43,1.32
34,34.15,49.91,92.1
30,21.6,52.97,83.3
32,23.87,60.92,108.48
6,25.5,61.53,0.18
2,27.96,63.76,3.4
16,7.99,60.72,25.92
6,34.89,11.14,4.24
25,20.66,61.6,69.05
10,54.61,62.13,3.54
25,46.98,86.65,40.97
19,22.54,59.86,61.2
13,28.83,52.09,54.06
27,24.45,66.27,107.1
8,52.17,41.18,1.98
34,29.07,54.95,117.74
17,34.78,90.75,43.27
5,20.12,57.76,3.8
35,26.84,51.92,132.77120000000002
10,32.25,16.33,1.67
13,20.61,42.58,42.36
11,26.56,50.2,3.05
29,25.97,43.93,74.39
14,29.99,55.51,55.89
25,20.19,66.14,78.85
11,7.54,61.83,4.49
11,6.78,67.06,3.2
10,22.57,89.37,0.91
35,30.04,85.35,120.35
25,28.65,67.05,70.73
31,30.25,46.94,79.12
9,7.74,46.36,4.05
29,23.95,14.91,80.14
28,25.74,88.77,94.37
13,24.8,65.83,49.45
19,23.12,51.7,69.35
7,20.26,44.82,4.06
30,22.86,64.04,100.12
19,5.95,45.72,33.41
1,29.35,86.54,1.13
27,8.49,12.02,41.43
17,32.02,53.9,66.37
26,33.36,65.41,86.9
13,23.72,88.68,40.37
25,24.14,53.87,102.64
2,32.67,68.9,0.19
7,28.14,63.99,2.14
24,26.2,60.04,84.89
23,20.37,16.94,50.63
22,58.45560000000002,56.84,53.01
26,24.18,57.21,65.88
22,47.46,88.29,44.05
26,29.19,45.57,75.54
10,8.64,68.64,4.85
18,6.2,66.8,32.27
12,22.04,56.88,31.18
31,22.9,43.58,103.55
4,45.14,87.45,1.32
6,30.59,50.4,3.0
16,31.5,40.5,43.66
15,21.23,45.2,55.51
9,28.36,64.81,2.94
27,7.18,67.92,67.49
32,32.54,68.92,83.62
9,27.36,49.72,2.53
3,9.58,68.44,0.32
24,56.17,69.29,57.79
17,28.1,62.8,54.73
26,33.84,61.84,84.23
31,57.94,45.78,56.53
20,23.92,43.71,83.52
20,26.27,59.49,79.4
26,58.45560000000002,65.57,61.77
5,7.76,17.88,2.76
9,26.14,57.42,2.16
11,28.04,43.69,3.87
6,30.56,89.35,1.94
21,7.11,40.06,44.16
28,33.81,94.03,57.58
10,34.92,68.72,4.94
24,34.77,54.46,70.63
19,30.69,52.22,47.86
3,23.19,11.14,2.96
28,21.81,67.6,106.41
9,27.92,45.86,4.36
22,45.65,50.45,33.63
19,24.41,43.55,64.62
20,32.74,53.79,51.4
33,49.52,65.84,63.96
33,20.93,66.44,92.93
11,20.34,43.52,2.78
25,25.14,44.67,81.07
10,24.8,18.45,1.4
19,57.7,48.77,30.66
15,29.35,58.57,62.29
21,28.48,86.28,59.01
32,23.35,56.68,130.81
3,34.57,13.56,4.15
2,22.23,43.95,4.98
12,34.21,40.59,31.27
21,5.83,59.29,46.49
28,20.23,13.22,76.17
10,54.75,60.93,3.06
8,28.58,40.36,2.88
19,29.22,66.54,71.8
24,33.35,56.37,62.2
15,29.2,14.57,41.08
32,30.62,55.26,110.08
15,26.68,42.49,45.65
5,26.82,89.35,3.93
2,30.81,64.11,1.22
12,21.69,48.78,49.91
14,56.02,89.95,26.6
13,28.63,67.85,43.94
20,6.22,57.48,32.04
21,48.7,51.56,46.59
20,24.16,63.99,70.21
29,27.94,55.53,93.61
10,23.49,46.16,3.62
13,26.43,64.83,41.67
5,9.35,46.1,0.6
25,26.87,49.37,63.61
25,30.84,42.54,75.26
26,20.5,44.14,91.56
34,32.36,65.67,117.56
28,25.05,53.54,95.81
6,25.44,15.4,4.7
17,31.48,17.35,40.08
17,8.7,51.03,39.75
27,30.79,56.33,86.83
35,26.35,48.92,131.24
17,21.17,58.27,52.09
10,29.94,52.95,3.71
33,45.48,67.78,76.09
31,23.8,67.67,110.9
25,28.16,66.33,88.07
24,7.07,53.47,53.1
27,31.3,56.29,96.32
9,23.96,94.03,1.27
15,32.08,58.77,53.84
26,25.94,90.69,70.16
16,57.65,56.32,24.53
4,29.76,59.63,2.33
13,23.02,59.78,39.0
5,30.92,91.63,0.38
3,33.43,56.4,0.35
16,7.26,63.47,24.74
12,30.09,54.26,30.45
16,20.28,42.14,51.17
34,27.17,68.27,132.77120000000002
3,28.93,90.35,0.38
32,33.5,91.05,59.88
19,21.32,50.43,53.25
27,30.31,48.13,107.07
29,20.19,42.76,82.34
5,33.81,64.99,3.99
24,25.46,88.9,100.18
16,27.71,45.58,42.39
14,31.88,53.13,41.32
24,47.03,60.04,40.56
15,31.67,63.93,47.23
20,34.81,41.11,56.62
9,27.6,63.38,2.08
28,29.05,93.68,76.58
19,22.4,19.78,35.09
26,25.74,46.12,92.72
2,21.78,47.99,2.45
18,21.94,11.14,32.42
35,33.92,19.04,84.57
26,30.9,67.01,83.02
15,20.83,55.66,61.29
30,25.85,56.38,102.08
34,28.62,48.91,110.5
4,28.67,14.68,4.82
31,6.1,48.16,56.23
25,58.45560000000002,46.1,52.09
5,30.33,61.68,2.75
27,29.89,60.76,108.22
4,6.65,16.8,2.85
16,34.14,15.57,45.25
34,29.93,59.51,111.27
1,20.6,11.21,3.51
22,28.07,51.62,73.17
16,33.07,87.47,54.77
20,20.43,55.14,68.24
6,34.56,67.43,4.07
18,24.9,60.27,49.4
22,30.09,40.93,57.15
19,52.46,63.6,37.26
7,29.51,62.14,4.83
2,24.95,17.47,1.55
31,33.36,43.94,103.7
32,30.36,67.61,131.45
17,53.25,44.52,40.6
5,30.09,91.6,2.81
32,26.44,15.46,75.14
25,24.44,88.7,64.8
33,24.03,67.37,107.49
1,33.04,48.94,3.8
20,27.77,57.7,65.09
8,28.97,12.96,0.75
23,31.85,12.32,53.45
25,21.96,53.46,85.55
1,31.36,46.41,1.3
16,26.04,50.33,56.22
3,27.66,93.52,0.18
17,22.2,90.27,38.55
1,28.82,42.08,4.23
2,23.81,43.21,3.42
25,31.86,57.37,81.58
5,22.61,63.26,2.55
13,23.59,13.17,28.74
26,22.66,56.56,88.65
17,25.08,69.65,50.61
19,25.41,48.18,69.57
17,23.82,51.94,60.37
19,26.27,63.71,69.47
35,32.12,58.98,108.69
1,50.76,42.37,1.93
26,26.16,11.64,50.08
7,20.29,62.71,3.15
25,28.74,87.22,97.92
16,46.17,57.32,33.56
16,28.53,48.8,56.46
17,9.68,48.43,27.52
35,24.76,48.5,117.09
26,33.1,14.12,46.86
14,21.96,65.34,43.83
29,30.72,55.71,99.03
10,29.71,40.17,4.73
20,24.4,59.51,69.43
13,20.95,60.19,35.03
28,5.96,54.07,51.81
7,33.23,61.49,1.35
12,8.31,53.81,23.88
9,29.27,89.95,3.01
10,31.93,54.39,3.21
32,21.48,57.49,132.77120000000002
1,51.19,58.68,0.3
32,51.2,58.47,77.88
22,22.49,56.64,85.0
24,30.84,43.82,62.46
24,30.01,18.98,44.47
30,24.77,64.33,109.13
15,32.37,42.23,58.14
35,32.34,87.13,132.77120000000002
32,24.41,17.6,60.57
14,25.44,17.18,34.81
9,5.53,86.6,1.51
34,32.13,46.0,95.35
21,57.28,50.9,32.83
21,52.53,53.17,52.25
26,23.21,56.57,81.99
28,24.04,89.75,116.34
24,29.66,45.7,79.04
13,20.29,51.18,50.12
5,46.64,66.44,3.84
16,29.42,51.49,41.82
33,28.76,41.23,99.47
33,27.78,85.23,132.77120000000002
20,22.57,54.5,67.84
33,8.46,54.9,68.45
3,29.36,51.81,3.64
21,33.59,64.54,62.37
33,7.21,52.87,54.33
33,34.31,46.56,132.77120000000002
8,20.96,88.97,4.74
3,33.53,44.95,1.71
16,32.74,57.12,56.7
28,8.51,59.0,47.59
12,21.61,44.51,32.24
20,30.85,62.83,69.4
5,52.54,55.37,2.48
30,6.12,46.89,73.74
2,23.04,40.22,4.66
21,23.25,65.28,54.77
22,32.42,52.57,88.37
19,32.87,47.12,58.33
9,26.61,56.93,0.73
17,24.02,86.38,66.39
14,49.49,50.68,21.66
13,34.3,49.88,48.3
10,22.07,57.79,1.57
35,27.5,66.67,132.77120000000002
29,31.26,94.03,69.17
13,34.15,68.96,42.01
10,32.53,61.98,0.18
18,26.61,87.31,69.15
30,21.6,44.76,118.17
31,32.33,67.56,101.02
34,34.79,66.39,109.29
25,6.41,60.52,41.05
13,34.3,92.51,31.61
18,20.4,52.24,72.98
11,21.91,50.68,4.21
21,29.23,11.53,39.44
30,34.47,53.94,108.88
33,5.6,62.98,68.25
4,48.66,46.27,2.64
31,27.02,63.1,102.23
17,34.56,16.77,40.82
7,30.81,48.07,4.02
32,5.53,68.59,65.99
23,47.64,56.57,37.35
10,26.02,44.6,4.96
33,33.78,45.67,104.63
23,34.37,69.61,74.36
10,28.28,43.62,1.12
16,27.73,45.37,57.52
26,33.54,53.02,96.23
30,8.42,15.5,50.75
26,9.5,69.13,50.79
15,22.18,56.93,45.15
8,32.57,15.82,2.53
10,23.22,66.01,0.22
11,24.14,49.35,3.51
6,27.2,66.19,0.34
28,31.07,51.59,91.72
25,27.01,40.02,88.78
28,23.72,50.4,116.67
19,27.21,59.57,68.15
4,9.82,14.05,0.52
23,5.53,53.03,57.0
35,5.53,14.71,43.68
19,23.02,66.29,60.13
27,27.83,41.77,102.72
3,24.09,54.51,2.74
22,30.92,48.36,90.59
34,29.1,15.26,72.88
23,22.45,65.92,73.04
29,27.73,92.12,69.81
12,23.37,58.15,47.58
12,32.65,45.05,39.92
8,24.24,56.14,0.74
27,32.37,47.48,98.02
7,28.81,62.87,3.76
16,9.04,57.21,27.46
6,30.85,63.9,2.83
29,32.06,16.75,59.57
21,50.71,48.66,44.86
4,29.67,63.98,2.53
17,6.32,49.72,42.37
10,7.52,49.3,3.41
31,47.83,61.43,53.43
1,26.22,58.61,3.87
24,20.33,64.15,93.54
31,23.06,85.84,98.75
19,26.9,64.01,54.38
31,49.55,64.0,74.45
21,8.88,49.61,35.71
5,21.15,85.33,0.45
28,33.25,69.78,87.82
24,29.11,89.01,61.55
3,27.61,68.94,3.5
18,27.95,49.05,46.86
28,26.4,40.18,117.38
28,25.37,61.51,116.29
23,32.22,47.04,95.62
21,28.1,44.85,80.12
19,32.08,47.27,50.45
10,22.78,48.14,0.68
10,24.24,62.76,1.89
5,34.49,67.56,4.32
6,31.33,19.04,3.08
10,33.87,57.87,4.03
8,21.38,56.9,2.03
33,28.83,56.94,120.73
22,34.62,86.66,91.23
6,28.04,52.11,1.93
25,30.5,45.94,70.58
3,8.5,49.11,0.67
32,33.38,12.34,86.82
19,47.66,68.78,33.48
33,31.52,69.37,132.77120000000002
29,33.6,59.69,114.15
13,58.45560000000002,68.58,32.32
30,25.77,61.79,75.51
29,33.39,48.77,112.14
1,23.66,44.27,2.12
30,20.26,51.55,120.78
30,9.16,54.92,71.25
34,25.86,67.62,128.93
29,24.46,57.9,75.05
12,23.33,45.88,39.63
28,22.82,69.71,113.28
21,24.78,62.55,71.26
25,25.34,54.47,97.31
31,23.65,58.36,117.06
35,24.91,56.88,102.67
31,6.57,43.72,57.49
20,21.44,67.93,58.43
13,33.88,45.67,52.94
19,21.81,62.22,72.98
31,30.77,51.85,109.26
8,23.27,65.21,2.34
7,28.0,56.76,2.63
6,23.93,41.38,3.41
12,23.93,65.85,33.67
11,25.45,51.95,1.68
35,5.53,56.22,71.57
2,32.88,44.01,0.18
22,20.94,43.65,62.47
35,25.15,64.06,94.79
22,29.9,52.17,88.32
15,26.24,62.62,47.57
19,28.52,59.98,72.18
3,24.59,19.84,1.07
12,34.63,50.68,48.45
11,27.58,60.48,2.06
8,24.3,16.48,3.25
20,31.67,54.11,67.46
5,26.3,62.2,2.85
29,26.24,56.12,114.21
31,5.67,49.29,58.0
2,22.27,58.63,3.05
23,31.06,68.64,95.68
8,25.68,58.45,0.58
14,20.52,65.57,48.27
27,34.87,64.78,93.31
35,28.31,64.71,132.77120000000002
29,9.79,16.98,33.46
9,5.86,53.03,0.18
17,31.36,89.92,58.18
29,29.09,49.59,90.77
5,56.73,44.82,0.59
3,22.51,50.74,2.08
20,21.81,67.24,51.31
3,33.76,13.51,0.18
29,29.82,68.4,99.37
25,30.01,46.61,80.17
12,29.13,48.18,39.51
12,32.76,88.77,38.64
21,28.65,66.27,75.9
11,27.65,62.68,1.34
1,28.53,42.35,2.33
23,58.45560000000002,63.11,43.02
3,24.71,56.41,4.12
28,29.9,52.09,79.67
13,45.5,44.45,21.4
24,33.75,44.9,81.36
5,33.43,43.57,2.0
15,20.55,47.91,59.91
32,22.08,46.01,125.26
34,29.77,50.43,132.77120000000002
10,30.41,51.57,3.45
1,32.57,45.82,4.27
19,31.08,56.78,65.44
27,8.09,61.5,66.8
17,47.29,63.29,34.26
34,20.24,68.26,129.71
28,34.24,65.27,87.82
7,26.8,92.15,0.18
20,34.06,43.53,81.8
35,5.53,59.03,68.53
26,29.97,56.33,70.41
16,24.86,48.37,61.69
30,8.93,61.81,53.08
23,31.01,47.97,63.03
17,29.82,46.58,50.93
2,57.04,66.0,2.57
4,6.15,17.18,4.22
28,27.87,62.6,85.99
32,27.62,44.8,113.87
4,27.16,53.39,2.83
6,6.47,68.13,1.68
16,33.48,49.92,46.52
12,25.34,92.24,31.83
31,56.32,67.42,68.31
17,29.61,58.87,51.34
9,23.48,58.12,0.34
1,23.42,62.46,0.68
19,54.28,49.62,44.18
7,33.55,56.3,3.6
23,30.65,41.34,69.38
12,21.72,61.49,45.09
7,23.02,11.7,2.89
24,20.46,67.9,100.3
10,31.29,19.12,2.25
29,32.19,86.0,111.38
32,29.94,50.82,91.59
6,20.97,42.84,2.62
11,26.99,59.31,1.21
1,31.36,16.79,4.74
12,55.69,57.79,23.84
35,24.89,60.95,132.77120000000002
7,32.27,49.47,2.3
25,20.55,48.48,76.51
3,30.37,40.02,2.67
20,56.37,48.8,31.79
23,24.62,40.73,78.26
27,21.34,16.03,74.55
4,58.32,88.36,3.04
34,7.82,12.19,53.08
11,23.35,89.81,2.5
15,31.33,11.49,38.69
35,29.0,46.43,91.14
29,23.86,47.15,96.26
15,22.73,49.42,37.89
25,34.62,50.66,69.97
13,21.94,61.81,54.03
9,31.19,65.18,4.08
24,29.74,68.68,60.51
10,30.23,11.14,4.33
21,31.02,42.78,65.13
7,22.83,42.37,0.52
27,31.63,62.28,83.97
14,34.63,56.44,50.82
12,49.42,94.03,20.4
23,29.59,42.41,83.76
20,34.19,14.44,56.19
30,28.19,92.98,80.45
10,29.19,63.16,2.07
7,8.31,68.5,4.83
4,24.21,66.32,3.77
2,29.96,67.49,1.41
24,25.41,48.3,66.62
10,22.82,42.59,4.91
29,33.27,40.56,112.76
30,28.56,47.57,87.49
1,22.53,57.69,3.5
32,34.1,91.92,84.65
27,7.4,56.02,62.37
20,22.89,48.56,71.51
25,22.61,88.83,78.75
34,30.43,16.24,74.8
32,9.85,44.43,57.61
22,20.76,53.65,91.83
31,24.74,56.13,83.88
11,20.86,63.36,0.32
34,22.17,63.42,120.49
20,9.81,41.3,41.79
26,25.59,52.45,77.88
20,34.96,41.35,67.47
32,56.08,42.02,54.88
6,24.23,49.05,2.71
24,20.66,56.37,68.18
24,49.47,55.37,37.64
7,28.46,49.2,1.63
35,24.26,46.13,122.63
32,34.27,60.11,116.39
31,58.45560000000002,50.56,66.93
11,58.19,40.17,4.59
2,29.47,61.39,2.01
13,22.15,46.85,37.98
15,31.14,41.92,44.25
25,22.5,53.08,63.91
33,49.74,13.0,37.31
19,28.03,52.52,70.01
15,32.46,50.22,40.7
3,32.23,62.17,2.17
28,26.17,88.48,83.05
21,9.44,68.88,50.0
9,25.96,61.14,3.52
26,50.86,47.04,54.86
32,32.58,58.58,103.5
21,21.81,11.14,47.79
4,5.55,47.05,0.55
26,48.31,41.82,56.43
11,28.07,40.35,2.16
35,22.83,59.11,99.27
26,31.4,56.31,77.61
22,33.85,50.17,69.26
19,31.22,44.13,69.77
2,58.31,59.18,0.85
5,54.38,69.66,4.05
15,25.15,41.51,40.74
27,34.0,49.49,78.01
24,6.31,65.59,41.25
9,50.15,44.29,1.89
27,7.07,46.3,63.86
23,22.74,67.15,75.89
25,45.9,93.46,40.54
10,20.28,17.25,4.3
31,9.12,60.01,76.35
20,27.17,46.82,71.99
28,33.04,69.53,93.44
34,50.48,46.96,78.97
12,34.32,85.63,46.71
26,31.89,67.86,106.74
8,21.29,89.02,4.12
7,24.21,57.49,1.11
31,24.11,54.3,83.73
22,22.32,54.63,56.35
22,28.17,68.72,64.6
3,20.76,19.31,2.29
31,9.74,64.75,65.76
1,25.32,67.02,1.14
15,33.32,86.46,60.47
33,30.93,40.96,132.77120000000002
18,20.11,41.32,58.07
32,30.2,13.33,80.72
19,27.95,58.99,71.74
19,23.55,63.62,75.68
17,32.7,47.27,65.92
28,20.13,62.99,97.61
1,22.0,61.39,3.31
8,27.85,47.47,1.3
32,20.57,67.18,116.72
11,32.51,41.82,4.31
14,56.96,54.32,31.39
13,27.14,63.18,37.8
32,26.64,60.33,124.69
10,31.59,61.43,2.62
13,30.74,94.03,35.71
35,22.1,54.77,99.52
33,23.78,59.58,110.11
4,25.23,51.32,1.23
34,28.95,11.14,70.5
29,28.36,42.5,100.74
11,27.06,63.75,0.51
33,22.05,42.35,96.28
27,20.92,46.27,75.29
31,20.93,55.86,80.46
12,26.59,43.7,37.41
27,52.8,17.49,42.49
3,22.49,85.31,4.04
13,32.96,64.99,36.84
7,31.73,85.92,2.33
7,55.46,47.87,4.35
32,29.69,59.93,132.77120000000002
32,58.45560000000002,58.02,55.76
27,26.79,45.38,94.18
11,30.91,66.36,4.64
29,31.86,64.52,116.56
28,32.56,46.27,73.83
12,31.54,68.82,46.17
3,27.91,47.58,0.28
34,32.24,45.67,132.77120000000002
1,30.45,67.15,1.17
33,32.32,51.72,128.08
29,6.18,62.42,44.69
26,21.64,45.65,71.64
7,28.42,46.87,3.97
7,21.77,40.16,4.7
16,20.49,52.2,52.47
1,23.34,59.27,3.94
20,26.68,55.37,69.42
9,6.91,58.29,3.99
33,5.98,67.99,59.62
30,29.48,66.28,118.51
21,32.13,89.19,85.56
4,22.97,65.17,2.84
3,33.59,65.41,3.44
8,54.57,68.52,0.76
31,30.59,47.46,84.02
12,55.58,51.92,28.1
13,31.76,56.07,47.28
30,34.5,19.42,67.69
18,31.28,92.32,38.82
28,34.26,17.34,69.84
1,28.97,65.81,2.05
15,24.87,64.04,55.47
1,32.64,58.66,4.67
10,27.19,94.03,0.35
21,22.51,63.84,69.1
28,26.84,43.83,98.12
6,23.65,15.4,0.18
31,22.16,85.37,79.01
35,31.35,69.25,132.77120000000002
15,30.42,86.75,38.46
1,21.43,64.86,0.29
25,51.46,15.88,32.64
32,32.22,48.93,95.12
2,29.76,50.32,1.54
8,29.49,54.0,1.03
8,29.6,60.57,3.45
4,28.58,65.92,4.29
15,29.15,53.2,51.43
31,29.08,62.67,105.56
33,32.49,52.79,125.48
4,26.72,90.06,1.75
23,48.63,94.03,36.73
17,27.41,40.8,46.65
19,21.17,19.33,39.94
28,22.57,59.4,74.48
9,23.54,57.99,0.95
6,32.94,48.75,3.35
19,20.96,50.09,47.79
33,32.93,63.13,104.96
33,27.65,56.78,90.28
2,32.44,87.48,1.82
27,20.88,44.2,80.51
9,28.18,49.75,1.43
2,27.04,60.74,0.79
6,26.54,60.3,1.32
18,27.64,69.02,74.2
4,34.82,87.97,4.62
34,25.22,14.76,92.7
13,31.57,55.55,52.75
16,20.68,13.76,44.83
34,52.52,53.33,81.08
33,22.05,54.33,107.84
6,23.64,88.28,2.04
8,46.02,52.74,2.07
23,23.9,61.92,79.71
21,22.48,65.78,86.43
15,27.04,63.85,60.19
3,20.82,61.35,3.22
7,30.58,64.58,1.95
23,26.88,59.97,94.06
30,7.4,69.69,50.98
1,27.72,63.79,0.87
33,32.19,87.22,115.62
10,52.39,50.1,4.28
17,31.3,53.74,63.26
22,21.92,15.51,43.33
24,34.89,53.51,99.09
6,34.41,50.94,0.95
7,23.7,63.06,0.68
20,23.59,92.47,53.81
16,53.75,57.05,28.61
24,25.41,54.24,78.03
26,30.92,59.03,91.46
15,27.14,52.36,60.2
9,34.23,61.28,4.61
16,54.46,59.05,38.5
6,25.48,11.14,4.77
1,29.35,63.94,3.5
21,23.01,44.07,69.17
10,22.53,40.99,2.12
29,5.67,53.48,49.3
20,28.83,94.03,36.85
18,7.9,61.11,29.23
4,22.84,63.07,4.42
27,58.45560000000002,18.28,29.08
21,24.2,11.14,50.83
25,6.81,64.79,55.56
1,25.69,54.33,2.75
28,5.53,61.35,59.41
6,25.36,62.96,1.55
27,30.23,42.0,92.98
35,26.28,52.65,132.77120000000002
23,26.7,46.03,78.13
26,20.77,19.84,58.37
18,25.53,51.57,63.1
26,47.71,40.98,40.32
24,49.24,49.54,42.33
26,29.79,69.5,95.39
27,34.24,47.03,113.33
1,25.45,55.79,3.09
16,21.54,52.46,42.25
18,29.44,56.43,47.28
32,5.53,89.01,68.62
35,5.91,55.92,71.4
30,25.8,69.47,90.13
6,27.17,46.6,2.66
13,53.67,51.77,24.84
5,23.42,45.45,4.31
6,8.42,89.13,3.17
5,31.81,56.86,4.85
3,22.3,54.27,1.44
31,31.34,62.75,87.18
2,32.38,93.04,0.18
21,20.99,42.75,83.37
32,34.48,51.05,132.56
25,21.37,55.93,67.02
1,23.39,61.82,3.16
18,30.94,46.47,68.08
9,30.62,59.24,0.18
24,25.31,49.19,92.94
6,32.84,40.71,0.72
8,22.34,44.2,4.18
14,28.98,57.1,39.31
17,29.43,64.36,44.48
19,33.72,61.91,57.55
32,27.68,63.56,111.3
19,32.76,42.35,50.19
15,9.49,61.2,36.61
18,22.59,44.77,67.24
3,5.59,57.66,0.69
16,22.07,12.51,39.15
15,5.53,45.72,34.34
4,31.28,49.79,4.97
2,21.96,46.07,0.18
32,6.47,44.62,55.05
28,22.45,50.1,79.24
23,34.33,63.57,58.18
28,22.3,43.27,78.54
32,22.54,56.09,93.24
22,9.39,59.9,52.08
29,30.54,41.71,120.44
31,24.49,43.21,78.6
25,20.96,50.51,67.85
22,32.82,14.73,43.62
24,6.64,51.88,57.48
28,28.95,16.64,66.59
25,6.93,59.42,42.8
12,6.46,54.89,26.04
27,32.82,91.06,50.16
14,25.82,64.48,37.1
32,6.39,60.53,58.56
25,25.63,69.16,93.12
11,24.73,54.67,1.03
35,31.93,60.92,96.12
15,32.83,93.76,35.8
34,34.96,40.53,85.32
29,29.68,62.82,114.1
21,33.64,16.4,37.33
18,56.55,43.18,33.34
15,26.18,49.07,46.49
10,22.33,56.6,2.51
30,20.65,53.51,77.83
7,21.53,89.99,3.46
28,20.71,54.88,76.53
1,25.79,43.08,2.24
34,27.38,55.82,94.27
4,27.45,66.74,3.38
2,5.58,65.37,1.28
29,23.13,55.27,94.79
3,31.94,68.25,4.39
4,31.36,61.61,2.61
14,27.02,43.41,47.27
35,29.58,48.69,110.91
10,31.16,19.35,0.39
20,29.23,94.03,43.77
21,29.05,54.98,84.87
30,34.1,57.12,97.42
21,32.13,61.51,68.73
7,22.08,15.23,2.58
21,23.38,45.46,57.5
5,24.75,48.99,3.8
24,9.55,17.62,39.74
21,8.54,68.23,48.22
35,34.78,60.22,126.26
20,46.44,53.01,48.61
23,26.4,68.76,79.16
18,21.95,45.99,72.79
28,28.94,56.49,78.24
9,28.42,67.79,4.98
13,7.19,52.07,32.35
10,21.83,40.11,2.06
20,28.59,57.18,71.07
26,24.57,47.11,107.88
27,34.57,62.33,90.24
15,22.2,55.62,38.44
5,24.46,45.82,3.34
33,24.03,41.06,98.21
29,9.28,41.86,47.39
6,8.44,69.85,2.44
12,33.36,46.26,30.75
9,54.01,69.01,3.66
8,28.65,51.44,0.36
10,6.98,69.6,2.34
4,7.97,65.02,0.92
31,23.19,67.51,94.38
6,26.12,56.84,0.27
30,26.98,18.23,59.2
21,24.67,63.41,71.68
35,20.6,45.6,95.01
32,30.13,59.98,97.34
31,33.8,52.87,102.04
5,29.17,50.98,2.66
14,33.22,41.87,38.88
28,33.03,42.57,75.32
20,25.92,60.34,67.85
10,23.83,53.31,3.27
7,22.62,40.09,4.25
18,23.14,51.71,65.16
5,24.12,19.87,2.77
3,25.9,43.87,2.91
8,22.31,43.88,0.62
31,29.39,50.98,98.52
9,21.09,69.52,0.85
33,21.68,52.69,104.66
33,34.58,51.12,124.52
35,51.53,52.52,67.06
7,26.67,49.8,1.33
28,30.2,52.35,104.55
18,26.18,53.51,49.84
13,23.81,60.47,51.22
35,20.12,61.09,132.33
1,8.09,66.12,3.18
25,25.6,89.34,75.46
14,25.54,48.54,55.79
17,27.68,44.82,59.16
13,27.33,87.46,48.34
3,21.73,42.88,0.73
12,32.27,48.25,50.01
12,27.57,69.31,40.98
26,28.83,16.65,47.99
27,33.78,48.76,110.0
23,20.63,53.22,59.78
9,21.67,57.27,2.75
21,25.16,66.93,58.41
17,31.45,68.32,65.06
26,34.74,58.32,107.95
23,33.62,59.57,92.9
2,28.11,92.91,4.48
16,33.15,88.8,55.66
6,21.32,11.14,0.81
5,26.23,69.98,0.77
11,21.76,46.54,0.29
24,32.03,14.19,45.84
15,21.58,51.01,47.92
19,6.48,51.55,39.13
24,20.06,49.33,65.63
33,52.19,88.2,69.67
29,31.56,91.66,59.71
22,33.99,42.38,87.43
2,21.36,64.67,1.14
21,22.11,69.14,54.93
22,9.47,61.68,46.26
5,26.46,55.94,3.21
8,32.08,46.21,4.94
14,27.49,42.14,38.3
1,29.28,53.19,2.97
29,31.02,47.53,108.65
21,26.46,43.1,80.19
8,25.18,40.63,4.56
29,20.19,93.11,71.32
30,22.54,67.55,123.28
23,22.73,52.43,69.3
4,27.16,63.06,3.34
24,29.2,43.06,97.07
32,32.5,46.52,114.69
8,32.16,64.72,0.93
29,22.66,55.69,84.69
33,8.99,42.19,81.62
27,20.72,92.64,59.12
18,30.46,45.43,53.34
21,27.3,64.65,83.9
14,32.32,59.74,48.94
4,31.27,60.4,3.64
8,6.64,49.88,2.09
19,33.29,51.54,64.21
19,46.57,64.64,34.27
12,32.26,49.68,30.39
18,27.22,61.78,72.18
29,22.69,11.53,84.18
16,57.99,62.46,31.16
16,31.61,57.83,60.01
5,23.98,62.56,1.55
1,8.27,57.61,2.95
30,20.92,47.54,114.21
4,33.34,45.26,1.75
22,28.4,92.45,41.81
6,27.13,54.15,4.79
7,30.6,68.43,1.84
24,27.46,42.43,83.98
19,31.37,52.04,53.86
4,34.57,89.15,3.44
10,7.73,85.07,2.02
4,23.5,17.52,3.86
28,32.29,16.75,73.76
32,21.99,64.3,108.75
26,33.6,69.55,100.5
22,9.01,86.43,42.62
20,51.95,65.76,44.08
28,33.57,52.44,99.11
26,29.09,66.88,104.52
19,25.72,54.35,62.06
23,27.72,67.82,94.63
7,23.93,93.25,4.08
20,33.65,40.59,63.66
2,30.94,50.04,4.13
28,8.2,43.74,57.58
32,29.58,52.66,118.14
2,7.13,49.71,4.48
13,23.17,62.54,53.63
7,26.64,69.15,3.92
20,34.07,61.48,61.72
17,27.59,85.09,50.85
16,26.44,66.49,62.68
6,32.24,17.66,4.12
21,47.77,47.73,46.77
32,31.03,49.64,114.04
12,47.19,47.18,18.82
25,33.43,49.63,100.09
25,33.25,64.06,101.84
16,25.06,45.87,50.25
35,33.68,44.6,123.67
11,25.02,43.31,1.52
24,21.95,67.27,94.71
11,28.64,62.8,0.18
16,25.26,46.7,58.38
31,46.59,66.54,75.17
2,8.42,65.49,3.2
19,29.81,52.96,58.89
7,26.82,51.82,3.31
17,49.36,42.85,41.42
16,8.9,50.17,36.84
19,30.48,92.75,50.72
2,29.7,49.62,4.45
15,24.54,40.32,38.27
32,21.38,89.39,81.84
28,24.45,12.09,50.81
22,32.69,59.73,69.48
17,7.32,59.83,29.03
21,33.05,63.21,69.01
28,26.37,53.27,117.3
16,22.02,93.64,30.69
24,32.25,40.84,73.32
6,33.3,51.03,0.18
33,33.65,67.96,101.92
32,22.41,46.97,88.46
27,34.47,88.08,78.47
29,29.47,62.64,104.73
19,47.4,42.94,44.88
27,29.6,56.52,109.51
26,33.96,64.82,76.7
9,32.41,90.79,4.28
6,5.53,16.15,4.12
23,29.44,91.95,67.52
15,28.15,55.77,48.68
17,23.39,62.0,65.92
18,31.77,54.9,63.69
12,8.69,55.72,24.92
9,28.54,59.36,4.66
12,24.88,60.8,37.95
22,30.37,52.82,77.54
14,58.45560000000002,46.68,30.58
12,29.34,85.4,36.7
17,22.24,94.03,40.02
28,29.46,18.17,51.02
33,30.3,62.71,88.15
10,29.59,50.72,3.98
27,33.51,88.84,70.43
2,27.09,58.37,2.69
20,23.69,47.57,59.98
34,33.94,16.43,61.84
7,30.57,19.71,0.22
3,33.3,54.5,0.36
33,21.92,43.95,110.94
17,29.66,63.13,43.95
3,28.14,54.51,2.45
7,34.59,64.2,3.72
3,29.65,12.58,2.48
16,31.87,40.39,55.98
14,31.64,58.91,42.98
28,34.97,64.49,110.78
3,26.56,52.18,1.63
16,30.16,43.11,58.28
29,33.11,61.7,86.42
2,31.54,46.04,1.42
7,28.35,63.03,0.74
2,51.2,66.84,4.84
15,27.54,67.65,60.46
25,34.05,62.08,98.11
12,8.31,52.86,23.08
9,54.3,14.39,2.72
22,5.66,42.03,50.4
23,26.31,68.85,77.86
5,29.88,56.06,0.91
30,29.49,50.32,89.82
20,23.19,59.32,53.5
27,6.1,54.86,56.29
27,49.53,43.28,43.94
20,55.37,19.35,32.33
21,22.5,53.76,60.1
26,51.71,64.12,64.35
18,23.04,62.09,57.88
23,34.92,58.75,73.46
8,26.24,94.03,0.77
4,20.51,66.8,2.66
14,32.87,41.81,42.21
30,25.27,48.06,77.17
13,26.08,92.44,23.08
27,33.95,45.66,71.37
34,30.98,14.4,96.36
16,28.27,18.14,28.01
32,21.69,19.67,89.95
17,21.0,60.01,45.16
10,21.08,66.15,3.77
27,46.88,66.97,43.1
17,27.8,57.2,46.25
23,26.99,47.34,81.77
13,23.78,69.36,48.66
19,25.58,52.37,58.98
32,5.53,15.98,45.16
30,33.41,58.35,106.35
4,28.7,59.04,0.18
33,26.96,61.53,132.77120000000002
30,23.23,69.32,121.32
10,28.7,69.13,1.9
25,53.93,47.45,48.78
2,30.34,59.64,4.03
10,25.48,54.49,2.75
28,33.65,13.18,71.51
8,22.68,91.21,1.65
23,34.5,65.77,61.84
13,27.75,19.04,26.05
10,22.26,65.62,3.22
24,33.49,56.95,73.73
26,27.75,61.49,90.86
17,32.98,11.15,48.02
20,50.1,57.96,33.08
30,33.69,50.72,76.36
2,26.58,50.2,3.94
2,21.68,48.5,3.54
1,30.28,69.63,1.1
5,34.8,40.81,3.25
4,20.83,89.11,1.36
19,24.85,66.31,62.98
29,24.61,46.3,84.56
10,26.91,58.3,3.05
3,25.01,12.63,4.4
15,7.45,40.59,26.06
32,34.06,65.68,130.01
18,31.6,54.27,73.07
25,29.18,57.06,101.33
17,49.07,87.48,32.21
22,7.29,50.72,45.19
31,27.97,40.04,122.56
28,20.03,65.58,97.38
31,23.21,52.69,84.91
32,30.32,61.26,84.47
15,27.42,53.02,53.62
13,27.77,46.48,41.48
22,30.36,63.48,57.43
2,28.19,64.56,1.0
31,58.45560000000002,48.52,55.97
25,20.2,59.66,97.71
22,24.74,89.26,68.83
19,32.34,86.9,73.9
1,22.64,12.59,2.08
2,27.48,52.1,3.24
32,32.38,63.13,115.73
33,26.43,16.39,72.72
31,24.58,43.44,107.01
33,22.71,67.98,93.9
9,25.66,94.03,4.13
12,25.08,92.76,28.89
29,33.06,69.67,116.59
22,34.79,12.32,62.65
12,28.15,47.01,30.91
30,47.61,61.05,56.67
21,34.03,44.52,86.48
10,21.65,66.19,4.53
3,24.71,46.32,0.55
30,20.96,89.5,117.29
28,8.88,51.12,70.23
30,34.18,55.92,119.71
33,28.28,63.87,132.77120000000002
8,22.96,67.61,3.96
31,32.25,45.44,123.31
1,28.62,46.19,3.53
35,26.84,59.36,106.49
32,5.75,17.44,48.67
9,26.22,54.68,3.0
21,27.03,51.69,68.14
12,24.74,45.09,37.11
14,6.59,89.75,31.01
15,27.73,41.59,55.32
13,24.09,43.58,52.86
9,27.96,64.74,3.22
33,26.5,41.98,92.16
6,25.21,90.71,0.64
13,20.94,14.94,32.77
19,46.04,89.12,35.98
28,33.7,15.43,56.02
10,57.66,69.4,4.68
27,31.22,54.54,89.62
16,24.59,16.88,42.27
3,25.42,50.67,4.62
30,27.98,85.15,92.74
26,31.21,41.32,100.43
17,31.38,63.67,64.02
6,30.15,68.0,0.68
27,31.34,11.14,56.29
5,34.41,50.92,4.9
23,23.14,53.65,66.24
1,25.15,56.43,2.48
35,26.95,57.02,128.01
11,51.98,18.85,3.28
24,21.33,89.97,61.38
10,26.61,65.79,4.83
2,5.53,85.93,4.0
12,52.94,41.36,27.28
19,21.04,47.01,52.11
5,25.09,44.86,4.78
25,25.45,65.0,98.61
24,25.48,41.13,65.53
12,25.79,68.93,35.01
34,30.02,42.35,112.02
1,20.05,91.03,0.61
25,28.49,59.64,90.74
35,28.04,55.88,105.1
4,21.71,91.9,4.6
28,21.28,47.33,72.62
6,22.51,90.92,2.11
31,5.86,12.66,40.51
10,28.98,47.13,4.48
35,34.41,93.93,85.77
11,48.53,50.07,2.33
20,27.29,53.6,57.98
3,23.85,56.23,1.94
17,24.45,49.84,62.22
26,25.81,50.7,101.28
6,30.31,64.31,2.74
2,21.21,50.69,1.26
11,33.72,69.75,3.34
27,29.26,60.07,111.81
26,27.6,61.69,70.74
17,26.52,56.35,59.14
35,22.88,91.08,68.24
17,6.59,87.24,25.91
29,27.94,50.91,79.23
2,33.55,60.52,2.08
33,31.89,89.14,86.19
7,8.28,47.92,0.56
29,34.87,68.01,92.79
10,21.53,19.13,0.22
34,55.02,55.58,59.35
4,29.83,64.9,2.39
21,8.14,50.13,32.7
9,30.26,61.74,1.7
4,33.23,66.78,1.43
20,30.78,68.92,67.78
19,5.53,19.63,26.81
34,58.45560000000002,94.03,48.32
34,20.43,61.01,132.77120000000002
6,6.31,90.76,3.01
35,24.29,63.46,94.01
31,20.5,47.69,91.72
13,22.8,65.25,53.04
7,28.2,53.11,3.02
26,32.7,58.84,72.85
33,26.26,48.26,97.38
27,32.4,63.24,105.52
19,23.46,52.25,57.78
34,33.17,43.82,112.0
17,28.76,56.34,67.88
16,26.13,53.59,45.95
7,33.41,56.65,2.23
23,54.82,42.48,49.66
12,31.76,68.47,30.58
12,34.29,60.34,30.36
12,34.61,17.13,25.34
24,25.32,42.38,72.62
34,31.08,68.38,98.56
24,20.08,65.75,95.11
26,28.54,44.59,104.02
25,6.77,67.72,55.73
20,20.32,63.75,76.12
17,25.65,93.82,36.94
15,26.84,50.21,49.53
8,20.22,63.76,2.66
7,32.18,92.32,3.29
4,20.47,46.3,2.48
20,34.68,44.21,60.83
32,24.54,64.84,116.69
25,29.99,11.14,55.1
7,23.97,16.65,2.1
18,28.02,53.17,71.84
27,24.37,59.35,111.66
4,21.85,63.97,3.64
18,21.65,43.5,52.5
29,29.98,53.57,116.44
27,29.72,52.57,75.39
24,31.57,11.17,44.21
30,6.15,13.52,33.72
33,20.72,66.81,82.92
18,23.56,42.36,55.17
22,27.21,65.37,88.64
31,20.97,66.06,108.21
18,26.19,50.01,64.64
29,46.77,62.23,70.6
9,28.86,53.42,4.18
9,29.7,43.11,1.44
18,22.45,48.01,52.47
13,53.0,51.13,27.98
15,30.77,93.58,27.45
4,6.42,52.27,2.53
33,28.94,50.79,105.53
24,21.09,68.4,65.62
7,23.22,64.87,0.43
11,33.59,57.68,3.3
34,31.32,61.62,130.51
9,24.81,94.03,0.42
21,26.41,56.75,86.4
27,29.82,18.55,55.74
18,7.79,62.08,32.32
9,22.37,90.95,4.41
30,7.1,64.43,56.53
26,29.94,66.64,85.47
15,29.13,63.1,47.91
5,6.22,16.43,3.18
20,32.01,15.36,37.5
1,32.51,58.51,0.84
4,24.0,64.51,3.98
26,34.76,42.48,69.46
20,6.27,65.21,42.79
16,28.48,67.41,56.54
8,22.4,18.86,0.27
30,27.55,52.14,92.95
29,32.29,62.27,114.3
10,31.64,63.87,1.37
8,23.85,54.79,1.05
34,54.28,69.2,77.7
8,24.36,89.33,0.18
4,28.28,87.54,0.93
16,25.1,88.66,40.0
30,7.35,66.19,73.15
27,27.79,61.2,87.48
13,28.27,68.95,47.27
30,6.44,61.63,57.47
31,26.14,54.41,128.49
24,34.85,54.34,95.7
24,30.76,54.56,82.54
30,21.72,52.18,86.63
24,28.02,53.37,67.26
30,20.1,55.64,102.44
26,27.25,61.77,97.75
30,5.53,13.59,35.49
33,32.64,63.18,103.55
17,29.84,69.72,67.35
19,21.35,53.9,70.77
30,24.72,62.47,117.77
21,32.54,63.1,84.31
9,26.25,52.27,4.63
2,7.96,45.35,1.53
6,20.02,12.02,3.25
3,22.6,52.02,2.56
21,29.02,56.15,84.95
5,25.11,47.53,1.66
34,26.85,60.7,101.39
22,24.18,61.07,90.54
26,31.67,65.59,69.26
26,22.98,47.14,79.61
9,22.36,44.55,4.18
26,32.16,47.04,75.72
3,9.29,45.65,1.22
2,31.44,51.12,4.63
15,28.91,46.5,51.81
19,34.42,50.21,55.94
15,27.4,65.32,46.92
12,20.81,48.7,33.98
25,22.87,48.23,78.56
18,27.7,59.61,53.31
25,32.32,62.22,73.12
15,6.34,61.08,32.34
5,54.12,51.99,4.95
23,22.7,86.19,59.82
30,34.52,55.9,110.79
11,21.91,48.58,0.9
26,26.5,43.98,82.91
23,26.58,18.08,40.54
3,30.18,11.56,0.51
1,24.49,18.87,1.44
10,33.7,45.87,1.22
13,21.17,61.2,38.29
28,26.99,49.43,83.58
29,24.11,59.41,120.65
16,33.03,46.67,45.31
35,24.67,52.98,126.35
30,30.36,12.87,71.37
17,25.95,64.64,48.8
12,27.66,48.94,42.31
24,33.78,50.72,71.42
34,20.65,43.0,94.93
15,24.51,63.6,42.75
1,23.5,17.13,0.36
27,22.3,46.37,100.95
7,20.6,64.77,3.73
26,27.93,60.18,95.01
15,57.73,63.13,23.19
10,22.84,55.14,1.89
17,26.2,40.26,53.1
32,34.63,68.3,131.68
6,22.89,44.36,2.15
14,58.45560000000002,63.62,33.84
26,58.45560000000002,12.22,31.54
16,5.53,43.79,32.41
1,58.45560000000002,62.08,3.67
13,50.4,43.86,28.03
28,20.43,56.84,94.15
23,34.31,50.31,90.69
16,32.58,88.8,60.59
19,47.56,69.36,34.87
22,25.23,56.44,59.38
28,20.18,93.85,60.03
32,26.31,91.45,79.13
5,29.4,17.12,3.33
4,34.01,43.06,1.15
29,32.28,66.03,72.68
20,32.98,51.45,54.14
17,23.92,14.5,43.97
35,45.22,41.54,53.4
33,23.62,66.79,102.53
4,20.58,89.32,3.73
24,33.35,41.56,90.2
19,30.08,18.36,41.61
29,5.53,55.81,63.44
4,23.55,12.07,1.0
3,30.69,49.33,0.67
20,20.47,17.73,57.3
4,23.97,50.55,4.21
5,23.59,66.92,3.93
34,25.96,14.37,81.22
17,23.96,61.11,63.88
29,34.34,62.06,115.18
17,27.92,46.49,61.84
21,54.76,61.19,51.08
12,47.36,48.94,29.49
34,6.12,68.82,79.84
35,22.28,54.77,130.54
31,27.63,54.11,115.71
9,32.74,49.43,4.7
23,32.36,43.14,79.98
11,26.66,43.24,1.19
20,24.63,63.85,64.27
30,29.55,44.44,108.1
13,7.09,91.95,15.17
1,21.79,68.13,2.4
24,31.25,62.9,96.57
26,24.95,44.15,74.54
24,28.5,16.01,50.13
6,27.34,92.24,4.06
33,24.9,61.69,113.25
14,28.17,47.25,38.15
28,31.11,65.47,94.68
8,25.09,63.28,4.22
19,32.65,17.85,39.25
22,31.66,62.9,68.7
4,24.7,51.98,0.73
13,24.41,64.9,35.67
6,29.67,85.06,4.52
8,34.27,63.56,3.5
33,27.49,62.53,112.39
34,30.53,63.73,117.08
28,31.85,44.49,114.33
32,23.04,50.78,125.81
6,26.26,11.51,0.18
3,34.47,58.56,3.14
34,51.33,64.44,54.51
21,29.31,86.59,66.87
17,32.49,41.89,65.25
27,48.02,55.2,62.68
29,29.61,58.24,95.07
7,28.64,65.28,3.66
15,24.37,47.66,53.94
35,8.65,57.53,87.92
4,30.65,57.73,2.96
32,27.6,89.69,131.2
8,8.88,59.62,2.09
23,21.61,56.41,60.9
29,26.09,50.03,72.93
19,23.49,56.2,47.51
5,51.51,69.86,2.18
1,20.84,52.87,3.69
20,31.68,50.75,76.83
33,26.74,90.39,96.63
24,31.62,64.58,97.91
4,48.75,45.65,3.23
14,29.32,15.04,28.62
25,28.84,69.9,63.45
24,21.82,48.13,77.78
29,20.4,67.01,76.36
1,8.31,89.03,3.48
35,24.38,52.86,120.8
11,32.21,50.27,0.22
6,9.42,63.79,4.05
2,33.78,64.26,2.62
21,5.53,47.77,35.06
8,23.29,66.4,2.99
27,23.02,47.26,74.3
33,32.74,15.21,62.31
8,27.99,41.96,3.57
28,30.76,63.33,72.16
2,20.26,61.4,4.55
4,32.04,58.14,0.62
15,25.75,69.71,56.29
4,24.1,52.11,4.54
20,20.95,41.98,68.35
31,27.58,17.36,80.24
19,32.16,63.99,79.18
14,32.66,16.48,37.15
31,28.97,67.46,96.69
32,31.16,64.01,131.88
30,27.97,61.83,103.78
23,28.56,61.11,87.15
28,24.3,65.3,86.32
31,23.21,40.32,95.37
4,25.29,55.26,1.2
10,30.82,57.45,2.72
8,21.14,53.66,1.58
34,25.73,64.75,87.69
32,8.74,13.87,48.74
12,26.92,65.64,30.28
33,23.12,58.07,86.83
27,6.88,52.5,49.21
34,23.98,92.65,93.88
26,29.85,63.3,73.55
25,6.14,69.78,61.73
25,27.03,54.96,101.44
7,26.77,53.48,4.05
30,34.92,58.61,92.5
15,32.86,68.66,57.64
6,26.41,61.85,2.14
24,26.29,69.16,67.65
14,23.34,66.83,52.88
14,29.43,56.84,48.73
27,21.54,60.12,108.43
17,46.82,57.06,37.44
19,27.34,41.99,55.38
17,47.78,51.1,41.99
14,22.42,48.64,36.61
30,8.9,53.4,49.84
17,22.22,87.84,42.59
12,29.66,42.43,49.72
32,20.53,64.44,106.18
28,32.04,42.62,84.3
31,21.27,49.85,103.92
14,6.07,45.7,33.61
4,21.14,94.03,0.31
33,8.82,91.34,45.42
14,7.12,87.66,24.25
18,28.73,52.95,60.75
20,32.23,43.27,80.58
21,23.1,92.94,57.2
27,30.74,51.32,92.16
19,30.74,51.88,69.31
34,32.11,19.48,94.95
10,47.69,61.71,3.88
24,23.7,68.93,96.57
16,8.91,48.3,24.14
11,21.65,65.71,2.77
12,32.84,93.35,21.53
23,31.76,42.83,59.0
31,33.33,63.18,99.72
31,32.71,68.62,127.31
8,5.96,55.26,1.12
18,27.18,60.07,50.77
27,23.52,53.13,80.16
35,33.83,18.49,98.34
26,26.51,47.51,69.14
21,28.26,41.48,60.9
25,56.71,45.65,39.78
15,31.36,68.89,62.63
2,23.16,92.38,1.19
4,30.2,58.04,2.18
34,7.17,85.78,54.27
27,26.46,13.44,69.96
13,32.27,62.53,52.31
32,34.4,65.09,83.76
13,34.12,62.91,40.04
5,28.46,56.94,2.9
18,45.37,62.53,33.93
1,26.98,56.69,4.76
5,28.1,63.72,1.2
5,26.52,44.2,3.68
21,32.75,53.72,52.64
31,28.71,46.73,91.97
31,22.02,58.9,79.84
35,25.54,42.2,116.24
28,30.64,52.65,95.64
28,21.5,59.6,91.67
17,31.5,57.67,68.39
1,22.55,53.53,4.62
21,49.0,64.66,49.18
22,34.17,68.02,73.62
2,31.24,17.83,3.02
14,28.59,52.52,46.99
5,29.79,46.4,2.41
20,21.84,88.95,82.85
29,7.68,68.32,68.55
32,49.23,47.46,78.38
16,24.06,59.83,44.84
11,21.3,56.31,2.77
13,34.83,55.18,41.44
29,32.43,44.89,94.36
15,28.75,47.79,48.98
17,52.06,67.43,39.86
6,7.01,69.5,3.52
31,32.88,58.12,112.3
1,31.14,51.88,4.12
19,33.23,46.72,54.42
21,35.0,43.18,81.88
11,20.71,41.44,4.82
14,31.07,50.06,58.04
26,6.25,56.53,59.84
1,34.58,66.53,4.46
24,8.83,45.88,37.23
29,32.06,65.81,114.21
7,28.24,44.63,2.83
1,34.28,13.89,1.46
27,31.41,43.35,92.12
13,21.05,54.1,48.49
17,24.8,43.62,53.46
24,28.61,50.48,81.83
34,21.13,92.82,85.51
2,32.4,86.29,0.45
28,31.3,57.01,84.23
19,30.73,55.64,69.65
11,26.36,53.73,3.6
11,31.71,59.32,2.3
3,23.63,55.39,4.65
9,53.88,57.39,2.29
12,53.29,13.48,14.92
3,26.48,40.66,0.61
9,27.01,48.71,4.86
3,24.58,62.5,2.72
12,26.96,46.37,48.15
34,26.75,90.15,86.54
2,27.59,66.01,4.44
25,27.77,47.65,102.95
7,32.01,85.32,0.23
31,20.13,64.83,116.59
32,20.9,52.99,120.48
11,21.32,58.81,2.72
28,8.55,43.58,55.41
7,31.9,56.57,1.29
34,9.23,47.06,55.99
1,8.55,49.88,2.28
23,33.02,43.18,82.21
17,21.15,59.65,66.08
14,22.81,68.34,49.8
6,21.26,68.42,3.74
5,20.31,14.32,2.94
30,51.7,40.32,71.46
5,53.55,55.29,3.79
16,31.76,59.89,64.75
25,7.38,51.27,55.73
14,29.93,50.71,48.11
30,21.94,90.21,61.13
26,21.34,50.53,97.76
12,26.75,45.49,33.49
23,55.45,45.11,49.8
28,24.36,40.33,110.46
21,32.97,91.74,57.75
11,47.11,12.12,3.42
4,24.61,41.22,0.18
20,30.2,67.16,59.86
20,23.96,41.39,60.73
16,32.29,87.14,49.7
3,24.79,14.97,4.03
5,58.45560000000002,11.27,4.08
32,32.45,57.17,91.79
35,32.08,61.48,132.77120000000002
26,24.76,91.55,50.61
35,49.49,55.37,83.03
20,8.75,47.09,44.05
34,31.11,60.52,121.59
8,34.33,63.0,2.01
1,23.42,49.54,3.09
22,20.42,48.06,79.88
18,6.65,54.59,41.31
10,30.65,44.16,2.24
10,21.27,51.52,2.04
20,32.66,15.81,35.44
12,34.12,50.63,33.25
23,27.23,60.77,61.4
32,32.78,49.51,116.34
28,6.4,47.83,45.07
28,24.68,51.16,107.56
20,29.04,41.93,59.37
12,28.94,61.24,36.37
15,33.45,59.32,48.25
20,58.45560000000002,89.33,48.09
17,53.18,90.78,18.18
1,31.1,64.18,3.98
2,53.42,51.04,0.41
2,22.57,49.54,1.21
2,21.52,48.72,3.54
20,21.98,50.0,54.71
18,26.36,18.58,47.3
31,25.73,52.38,108.66
17,31.46,46.12,47.0
1,28.46,62.41,3.2
11,21.37,52.26,3.44
4,5.53,41.96,2.51
26,21.96,59.26,104.06
13,22.21,44.49,54.44
30,29.81,14.91,78.22
16,5.98,14.46,26.67
27,33.46,94.03,77.12
5,30.18,45.77,0.38
18,20.45,68.72,54.13
29,23.7,46.89,104.03
1,49.63,48.89,2.32
4,22.89,65.71,1.63
32,21.75,58.53,105.52
34,30.76,69.27,124.38
31,27.95,44.64,81.54
33,34.21,41.14,84.59
12,24.22,87.7,31.91
25,27.31,13.21,71.36
28,21.85,40.93,83.01
19,34.45,93.95,36.58
3,5.74,89.05,1.32
9,34.92,58.56,4.85
5,30.52,59.29,3.4
19,46.55,48.67,38.0
4,27.26,93.97,0.36
28,32.15,55.25,103.24
18,47.43,17.0,28.71
19,22.27,56.38,52.33
25,20.61,90.34,53.69
15,27.37,51.44,51.27
17,9.83,89.98,36.98
23,21.72,46.55,82.79
13,20.82,61.67,32.7
15,26.49,48.49,42.5
29,28.74,45.98,104.85
10,28.54,64.16,1.64
4,9.28,89.8,4.59
18,52.51,46.37,39.6
32,34.8,45.09,105.14
15,27.5,94.03,43.08
34,30.36,60.61,111.9
1,21.08,52.1,3.15
21,30.99,60.67,77.86
28,32.51,68.21,97.94
34,26.3,51.83,89.16
18,54.1,52.74,36.42
2,31.22,11.14,2.38
25,56.37,67.21,55.07
18,6.97,57.93,38.5
32,47.87,58.45,80.24
9,27.02,17.96,3.92
33,30.34,59.22,124.26
17,32.51,61.52,50.59
12,29.81,44.05,32.5
5,25.9,48.53,2.79
34,21.93,57.88,112.67
31,50.49,56.59,71.65
34,8.19,66.97,61.39
14,33.16,54.67,46.45
26,30.02,62.88,75.54
17,21.4,55.54,45.9
13,30.13,54.66,33.99
31,32.57,54.74,100.87
18,22.11,44.49,72.98
9,31.72,86.95,2.93
8,23.32,44.62,2.17
35,53.44,17.41,40.03
11,24.08,93.68,3.17
4,30.65,88.22,4.71
31,7.84,61.23,56.91
17,25.13,63.71,46.03
26,31.43,51.91,84.12
32,22.17,52.61,85.61
20,26.43,58.09,79.49
29,24.69,15.31,56.64
24,21.17,68.76,88.01
17,5.53,47.08,30.2
6,6.23,92.26,4.23
22,21.9,69.53,81.4
26,31.21,55.84,65.49
16,21.65,59.13,64.11
21,33.98,55.0,86.19
7,23.11,93.77,1.18
21,22.89,45.67,76.88
12,23.05,43.1,33.79
11,31.83,41.46,1.6
21,23.72,91.79,44.82
11,5.53,53.0,4.46
18,34.87,60.07,46.92
21,26.1,67.62,58.14
23,28.05,65.35,67.61
17,29.26,66.99,43.95
29,27.6,65.44,105.68
21,25.57,65.31,53.69
32,29.42,58.62,99.8
10,34.51,59.08,1.04
19,21.84,57.12,55.83
25,48.6,93.59,38.04
23,29.53,85.45,64.94
23,22.16,49.38,92.36
20,31.83,40.53,83.52
11,29.97,59.35,1.96
8,54.62,48.07,3.9
1,58.45560000000002,52.58,4.53
17,26.51,90.13,43.77
22,29.48,85.71,81.51
17,34.26,93.53,30.21
32,9.89,66.49,59.8
32,25.08,60.48,129.35
24,32.46,91.72,54.72
8,26.63,49.57,3.78
9,21.2,60.53,0.56
32,29.93,92.47,81.2
8,20.81,44.95,0.84
11,31.46,42.26,2.25
6,33.63,41.38,4.58
8,34.3,14.63,1.22
15,26.41,16.02,34.7
25,8.64,40.48,42.44
1,27.94,14.11,3.02
32,29.03,61.68,116.84
27,24.99,63.47,99.96
8,25.56,57.76,0.59
3,33.29,68.99,2.88
26,33.0,85.09,76.59
4,49.33,56.86,4.48
13,31.49,61.02,40.45
14,27.18,64.28,45.34
21,30.55,48.13,88.14
2,20.98,65.6,4.4
14,22.33,68.49,57.42
29,22.99,65.2,95.33
27,25.39,44.09,111.93
29,21.93,60.62,77.88
2,30.94,54.12,3.63
13,33.95,41.72,46.0
21,34.57,58.37,78.74
14,22.87,56.98,51.87
14,32.94,40.3,56.81
14,34.95,16.83,34.75
8,23.21,41.91,3.82
32,32.13,62.85,84.47
29,8.92,66.56,61.48
16,32.43,56.73,60.43
6,28.17,68.96,4.35
9,33.43,40.57,1.64
35,20.93,68.96,102.34
16,20.41,57.67,55.81
3,31.67,14.88,3.71
4,29.92,51.16,1.87
18,30.62,67.69,75.59
3,56.15,57.91,2.93
20,49.82,52.86,36.39
5,25.63,57.68,2.82
3,23.11,67.16,1.97
13,24.93,53.45,47.81
3,57.91,62.13,0.68
33,31.89,55.38,132.77120000000002
1,55.95,16.35,3.34
2,24.13,44.3,2.57
29,34.81,58.92,112.43
22,34.88,43.31,82.93
19,24.58,64.97,57.3
21,58.45560000000002,49.2,39.89
23,32.15,12.29,50.3
12,33.1,43.69,48.6
20,22.36,51.34,64.75
13,25.32,57.96,51.17
24,34.17,41.29,78.94
6,33.2,68.61,1.89
21,22.84,42.05,67.01
18,26.05,66.9,49.87
21,31.43,94.03,55.64
34,30.51,61.39,108.86
27,54.23,60.48,55.05
22,20.44,16.62,42.53
11,8.14,61.38,4.86
30,26.02,58.5,95.98
26,27.09,45.6,95.79
35,34.3,58.17,95.57
22,29.85,49.87,58.37
12,26.61,62.87,46.15
34,32.13,57.49,100.51
9,9.47,17.57,3.81
20,56.6,64.73,42.61
32,8.33,65.6,51.09
27,32.52,44.89,106.53
25,23.69,47.2,67.47
33,31.13,55.63,111.2
5,34.78,49.92,0.22
1,34.14,42.43,5.0
21,24.89,43.57,64.12
13,8.72,52.12,24.09
34,20.49,62.22,105.42
28,20.05,68.71,111.41
15,26.56,47.6,52.6
20,29.66,60.87,50.47
7,23.82,18.1,1.75
20,26.79,42.94,58.22
33,29.14,69.61,127.21
8,8.3,48.63,4.2
9,29.16,40.98,3.42
19,31.5,59.3,54.17
22,22.51,18.22,60.69
13,23.08,59.18,44.89
27,21.9,17.06,66.25
28,8.95,48.35,43.48
22,27.05,65.11,90.44
27,28.1,19.8,49.59
26,26.73,44.94,88.08
17,23.04,57.43,67.84
13,32.53,63.44,48.66
1,8.4,90.36,0.18
35,25.92,52.24,96.25
24,34.45,55.82,71.72
34,57.12,50.96,63.12
35,20.32,45.69,106.68
18,32.24,91.21,44.31
11,20.49,46.52,0.43
17,31.18,50.21,45.62
27,29.8,40.38,96.14
25,26.36,63.29,85.12
25,23.54,57.16,100.36
26,25.7,41.42,102.16
17,30.08,57.82,48.71
16,21.94,62.47,64.25
21,31.11,68.91,65.95
22,31.4,44.0,61.18
25,20.66,92.63,56.14
32,31.25,69.5,126.24
19,23.26,61.25,55.46
6,29.34,40.62,2.9
17,33.53,59.1,56.15
30,21.69,13.24,62.82
20,34.94,53.21,62.94
30,56.0,87.4,70.35
23,34.81,61.88,73.0
30,32.65,14.74,70.23
17,22.78,85.18,67.5
12,28.4,67.81,31.75
30,20.82,16.88,69.48
2,30.86,64.95,1.43
12,31.74,68.87,36.76
28,20.13,52.42,85.53
22,24.19,44.32,72.14
9,31.66,67.61,2.51
12,27.47,61.86,38.6
17,28.72,66.99,58.95
29,33.93,44.35,73.15
24,23.82,52.73,83.4
30,33.05,62.31,125.35
4,30.63,49.99,1.3
26,54.06,67.35,39.63
34,24.64,68.7,115.15
33,30.85,87.34,97.33
8,21.77,59.22,3.23
10,20.61,69.55,0.3
9,34.67,69.64,2.72
11,34.85,42.14,3.68
26,33.02,64.01,98.29
19,22.86,66.44,78.39
34,58.45560000000002,44.2,57.25
19,20.78,53.65,72.29
21,9.93,68.06,38.51
25,33.28,51.31,77.06
7,20.61,50.86,3.78
8,51.48,61.36,2.82
28,34.26,54.72,97.61
12,31.6,47.52,33.98
21,34.93,49.42,80.5
8,54.52,55.91,3.57
1,28.21,50.31,2.99
25,31.87,48.24,69.26
14,24.47,47.44,41.53
16,25.0,17.52,34.35
13,34.85,69.75,33.63
24,21.29,89.87,99.46
16,52.33,91.59,27.61
8,30.54,55.44,2.98
35,23.75,40.67,124.13
26,31.64,61.56,90.26
19,50.92,52.42,41.19
22,34.43,11.14,41.76
3,25.38,94.03,3.57
19,50.05,47.86,41.62
16,34.01,55.35,40.54
24,5.53,67.3,51.44
23,5.86,43.46,57.32
25,49.46,52.14,51.72
5,26.19,42.22,0.64
27,29.6,55.34,96.08
28,30.25,55.55,78.96
21,23.0,53.79,81.76
19,27.19,69.52,72.88
4,56.22,67.89,1.25
12,30.17,12.91,27.75
34,22.51,93.34,65.86
14,20.05,64.97,37.85
2,21.35,43.57,2.57
12,31.75,49.22,37.2
20,24.41,54.14,76.94
22,45.88,50.82,46.96
1,5.56,50.01,2.75
35,28.99,86.99,119.14
13,28.99,51.31,35.75
20,8.05,19.06,31.05
4,22.31,40.89,3.6
2,28.33,17.99,2.62
4,23.51,64.42,4.31
32,34.02,62.63,86.55
28,27.45,15.47,52.04
33,20.34,47.48,108.73
23,8.87,64.1,47.44
28,32.44,94.03,76.55
35,25.85,44.99,122.87
5,26.59,50.65,1.36
28,34.4,47.35,94.05
23,32.19,65.33,72.47
34,20.59,51.0,132.77120000000002
33,27.4,49.3,100.86
9,22.53,66.2,3.98
27,54.63,54.02,61.36
3,32.57,46.72,4.59
24,31.37,44.55,86.92
12,28.03,40.24,35.99
22,27.05,65.98,81.37
16,27.72,65.61,66.62
21,27.0,44.11,58.09
23,33.64,58.88,72.6
35,23.99,93.04,90.08
11,57.2,46.94,1.85
33,27.39,58.56,92.18
30,23.98,49.16,118.83
33,29.98,64.7,123.71
28,25.73,52.41,96.29
18,29.82,52.94,52.9
5,57.69,46.77,2.84
5,51.29,66.73,1.2
7,24.21,53.36,1.42
23,23.52,55.78,85.54
16,30.97,50.76,48.66
7,26.39,43.09,0.25
30,22.96,47.44,107.74
5,32.2,18.23,2.01
28,34.73,47.41,116.83
30,24.39,58.58,77.23
23,21.89,45.43,80.23
18,32.9,45.17,67.06
18,28.78,61.11,54.05
11,23.92,63.92,0.4
16,22.47,53.32,60.87
30,28.22,66.12,110.45
16,7.43,58.41,34.38
35,7.46,63.33,86.23
14,30.6,47.97,46.48
30,45.65,65.16,75.28
8,51.05,44.19,1.63
32,47.9,53.98,61.08
23,24.85,13.75,64.56
19,5.91,58.63,40.31
32,20.86,56.72,98.52
19,29.51,55.71,65.84
17,46.51,41.54,26.09
13,24.24,87.0,48.27
17,33.33,93.99,34.44
16,34.44,40.24,55.96
13,23.15,59.46,48.97
8,32.93,69.76,3.08
8,26.32,47.51,0.6
3,26.64,41.8,3.92
32,25.75,41.42,131.95
32,29.09,43.82,98.0
32,20.8,47.6,87.68
14,22.41,12.3,40.2
35,33.36,51.78,89.51
26,26.63,46.61,79.01
15,22.31,12.4,32.64
2,31.48,50.85,1.29
29,31.89,61.53,108.25
2,9.84,65.54,3.87
1,34.89,61.51,3.21
16,21.86,92.18,34.91
35,27.05,42.3,114.9
6,31.19,50.91,4.65
25,29.73,85.11,74.38
10,27.53,16.97,4.3
26,26.34,62.7,79.21
16,30.4,42.23,40.09
11,32.3,53.23,1.0
19,25.07,67.28,65.16
21,23.23,66.55,61.12
7,6.86,16.25,4.15
1,32.52,56.3,3.18
1,53.93,17.48,3.15
13,22.71,64.41,40.7
15,21.1,56.97,40.65
6,7.86,41.1,2.88
23,23.52,47.87,95.25
23,28.51,45.38,92.58
23,20.58,86.79,84.52
10,27.75,64.83,2.58
31,24.03,49.09,105.71
30,31.81,59.03,83.11
35,34.81,68.63,101.96
2,56.32,50.78,3.68
10,46.54,49.59,4.91
23,34.23,16.98,65.64
23,26.86,53.17,76.97
14,25.23,89.54,46.73
11,50.78,55.85,1.57
7,28.1,64.33,1.09
6,29.74,55.79,2.77
5,22.81,94.03,3.05
22,50.66,61.58,45.85
17,23.47,69.14,56.81
5,23.57,51.43,2.77
15,32.48,65.96,45.86
21,28.63,60.84,76.44
3,6.02,53.13,3.39
23,9.33,63.45,36.92
21,58.45560000000002,42.84,36.61
2,56.68,57.05,0.68
5,27.0,15.98,0.22
27,28.1,51.88,97.98
5,29.25,54.5,4.97
17,30.66,51.3,46.22
5,30.62,18.95,3.83
22,29.3,65.59,61.88
17,9.83,14.95,25.1
30,49.88,42.49,64.47
12,26.0,89.09,45.99
2,28.73,54.48,4.46
12,25.81,62.71,45.52
32,20.28,93.91,70.43
3,7.59,57.41,2.07
23,22.94,64.07,69.96
18,25.75,41.65,69.14
8,21.32,67.31,1.49
10,25.85,67.08,4.8
23,7.52,42.4,45.74
6,34.22,69.21,0.8
14,30.26,89.77,45.53
11,33.42,41.86,1.3
17,34.16,62.06,62.93
27,29.29,65.44,106.08
14,57.33,61.42,26.57
34,48.33,65.73,57.47
5,23.65,61.94,0.59
2,31.8,94.03,4.72
35,29.57,92.47,69.24
5,30.14,44.29,4.23
28,47.32,42.12,55.58
7,8.28,55.71,0.25
26,31.75,53.88,101.11
6,26.57,11.14,2.7
28,29.22,65.47,84.36
23,7.86,48.26,47.65
24,25.51,66.39,99.93
6,34.77,48.51,4.14
29,51.71,46.13,44.38
30,31.56,58.81,103.27
7,34.6,64.48,2.18
11,33.5,50.42,2.81
21,30.59,42.35,55.1
20,34.24,16.62,46.61
26,30.11,65.17,96.43
29,45.36,59.51,64.28
35,23.61,60.78,100.54
17,26.58,49.03,46.01
1,54.36,67.52,0.92
10,28.86,59.32,1.48
2,27.85,43.47,3.1
35,23.73,45.72,109.71
3,26.18,65.55,0.21
35,30.98,50.9,109.71
26,21.76,65.93,86.24
4,27.76,47.24,1.9
1,28.58,56.72,2.66
3,33.25,67.69,2.04
33,6.59,64.16,61.37
16,32.23,59.58,51.16
26,26.72,19.14,62.44
29,6.71,89.79,44.45
8,24.37,66.48,3.28
29,28.27,64.12,76.03
2,24.76,47.72,3.43
17,28.54,89.72,49.82
30,46.17,40.9,71.52
28,26.84,44.92,117.19
19,21.69,43.77,63.61
20,7.78,88.44,35.6
19,8.65,19.05,28.81
32,28.55,54.13,92.58
20,21.69,54.6,74.76
12,28.78,42.25,41.3
20,33.12,40.95,80.82
4,8.06,90.21,4.23
35,34.75,63.59,128.97
27,8.6,44.63,48.95
16,21.28,47.64,65.44
29,32.57,52.68,92.4
3,30.63,42.4,4.07
33,24.18,51.58,98.93
8,28.02,50.05,3.31
23,25.53,17.22,51.14
23,23.3,53.81,87.56
17,22.71,60.22,44.0
1,31.04,65.2,0.54
9,20.94,51.08,0.97
1,29.24,51.81,4.95
20,55.02,68.77,44.91
12,30.0,55.55,41.19
30,23.16,62.1,106.89
1,33.86,49.46,0.31
28,21.78,53.87,93.17
8,20.13,41.64,3.29
31,9.21,67.05,68.78
7,33.56,62.47,3.78
13,25.59,63.64,33.47
33,20.74,48.61,98.27
19,24.72,63.77,47.59
33,32.97,60.56,118.58
5,24.73,65.04,1.03
15,31.58,57.04,59.23
31,9.72,61.3,64.73
5,23.18,16.43,0.18
13,26.22,59.95,53.4
23,30.72,65.72,74.22
34,20.18,50.77,89.94
32,58.45560000000002,68.22,74.72
7,32.25,57.44,1.81
20,29.57,45.53,56.68
21,29.32,66.26,87.88
5,31.68,56.43,1.14
12,26.21,44.21,38.37
35,30.46,51.77,132.77120000000002
6,8.51,69.86,2.44
27,22.37,61.03,73.3
10,22.01,56.11,3.33
5,45.6,45.99,1.64
1,31.67,46.94,3.24
18,24.63,60.93,50.71
22,9.76,62.23,34.52
16,9.58,55.22,39.8
1,32.08,50.37,2.54
31,23.64,42.44,100.98
25,27.72,41.95,64.96
33,33.81,54.84,132.77120000000002
4,27.55,64.77,4.85
14,27.4,54.69,57.48
27,26.83,61.79,71.5
28,34.07,51.01,98.14
14,33.9,44.33,44.41
16,21.4,42.22,55.92
30,25.35,51.69,89.52
23,7.57,66.12,38.73
10,22.28,41.12,2.11
1,29.72,42.19,3.54
12,55.91,42.35,25.09
22,58.45560000000002,69.53,53.4
13,21.62,52.48,43.39
11,32.12,87.18,2.76
30,33.67,52.37,99.6
5,30.89,41.8,4.8
19,6.06,58.39,32.34
20,50.98,61.45,37.54
21,27.26,47.88,79.75
2,28.59,12.93,1.17
14,6.97,47.17,33.79
9,26.58,49.62,1.19
4,29.57,46.49,0.47
20,20.08,63.15,79.89
15,29.15,68.04,49.71
18,28.55,58.06,46.98
27,34.07,19.41,74.01
13,9.64,43.71,23.72
28,30.01,46.69,74.96
10,7.22,53.46,2.26
28,30.07,59.02,111.12
9,31.75,45.95,2.47
8,30.97,14.46,2.88
33,21.31,86.97,95.85
29,27.14,18.98,77.21
20,55.06,43.26,30.48
6,32.82,59.91,4.36
27,28.49,51.92,81.84
26,29.84,69.18,67.14
23,22.08,60.68,88.75
12,31.88,68.27,44.98
18,27.13,85.32,73.37
31,33.23,48.13,109.51
26,23.93,57.49,96.63
12,5.53,50.14,26.89
8,30.29,68.69,1.12
9,58.39,51.31,2.69
6,32.19,51.32,2.01
34,27.09,58.43,85.33
20,34.93,48.8,57.87
31,5.53,40.95,47.17
34,27.91,41.78,132.77120000000002
32,7.48,57.41,69.53
8,34.24,85.97,3.73
7,31.16,63.13,0.55
12,28.17,46.77,38.84
16,46.97,66.56,30.99
24,20.78,91.48,65.01
31,24.04,55.35,97.61
19,27.59,61.27,75.43
2,51.79,68.73,0.57
26,24.73,46.72,108.74
13,22.24,19.57,23.61
35,32.46,47.12,132.77120000000002
22,6.26,87.58,35.86
4,26.96,57.51,2.85
22,21.45,47.2,90.68
2,56.11,57.7,2.96
33,9.88,15.79,50.94
28,21.01,48.97,115.47
14,22.48,92.39,41.08
6,23.21,54.07,1.02
12,28.85,93.28,32.6
27,30.98,68.37,100.29
19,46.95,50.38,40.46
27,30.87,60.72,103.38
3,32.1,59.88,0.18
18,25.5,54.42,52.68
35,33.57,41.9,113.25
11,30.33,51.66,4.37
13,56.29,56.75,29.5
11,31.82,40.17,2.22
6,22.92,93.71,2.5
19,33.97,61.34,66.09
33,33.96,68.8,96.04
30,34.23,61.62,96.28
29,6.15,60.67,47.73
2,20.62,17.55,0.29
19,24.44,42.49,62.87
35,26.69,59.62,128.38
31,49.57,90.21,41.27
11,29.92,66.16,4.39
12,23.99,43.69,30.09
29,25.3,40.84,77.67
23,29.35,49.58,74.83
12,27.5,41.59,32.87
19,28.44,86.66,79.03
8,33.62,94.03,3.01
5,27.06,40.72,4.95
1,24.12,66.5,1.99
22,34.78,14.37,40.13
23,30.96,57.26,73.59
30,54.95,69.25,57.33
3,7.63,18.48,4.86
13,28.96,88.87,40.74
9,27.33,11.14,3.41
14,48.89,92.28,22.58
13,55.94,53.61,24.13
15,25.21,48.3,59.36
5,26.21,51.09,2.53
27,23.52,44.42,83.71
11,9.24,68.1,2.66
7,21.54,50.95,0.93
3,25.17,56.69,3.78
5,45.88,89.82,1.19
23,24.7,48.31,65.13
32,52.37,48.75,70.73
3,33.13,49.13,2.04
21,34.78,49.14,73.56
34,32.19,46.74,116.68
1,55.23,66.53,4.2
11,24.79,89.32,2.81
11,7.61,52.81,4.44
22,29.06,54.05,56.47
12,21.08,64.41,43.42
15,22.03,48.44,41.87
27,26.78,87.05,113.0
8,34.18,59.37,4.85
19,24.04,60.23,57.46
20,8.12,52.45,33.07
3,7.22,18.95,4.24
35,23.51,53.86,127.81
4,28.77,41.83,3.22
7,8.72,43.34,0.88
24,34.0,50.84,69.28
28,30.89,43.56,88.21
20,46.29,18.97,22.26
14,30.12,40.68,38.07
13,30.71,45.89,43.62
35,20.87,47.49,132.77120000000002
8,8.56,55.49,3.91
5,29.97,61.01,1.78
13,29.56,15.05,31.08
23,33.93,94.03,58.89
9,6.29,11.14,1.83
14,22.61,91.0,28.88
15,26.98,57.99,46.47
4,27.48,40.19,2.76
34,24.97,40.29,131.22
20,20.61,14.8,56.86
11,26.49,42.9,4.65
8,33.89,53.2,4.96
3,5.81,52.8,3.26
5,28.41,41.33,2.44
6,26.65,51.23,4.93
1,50.42,52.67,0.98
19,31.72,51.33,49.08
12,45.02,52.07,26.85
25,34.0,65.89,97.03
31,22.51,58.94,104.11
17,34.64,13.51,41.36
17,22.27,67.96,51.84
7,46.9,59.55,4.51
32,9.39,69.11,63.69
15,21.65,45.24,54.42
11,23.68,68.55,3.17
14,23.33,86.38,40.67
4,34.59,54.9,2.34
5,33.43,61.92,1.6
34,33.24,52.93,132.38
10,51.82,48.39,2.71
27,25.44,42.51,69.29
17,9.87,60.82,25.61
32,31.15,94.03,82.74
17,32.77,64.32,68.99
31,25.39,47.5,113.81
33,30.38,94.03,58.98
5,31.16,41.59,2.71
28,29.41,56.87,104.92
11,30.8,56.87,1.55
16,26.99,92.79,36.9
4,31.31,59.78,0.91
28,34.49,14.24,66.63
28,21.56,66.44,112.94
14,48.95,61.05,21.1
28,24.08,53.71,98.56
16,23.59,19.46,40.81
28,24.66,93.52,55.27
26,24.08,53.29,90.0
16,23.06,54.82,64.06
2,31.57,63.32,0.57
1,7.49,45.43,0.98
17,31.24,87.35,68.76
33,23.55,48.22,111.95
5,31.0,19.06,3.09
18,25.42,52.14,68.75
1,26.6,57.99,3.59
6,23.48,61.92,2.51
3,28.54,93.78,1.88
34,34.63,54.76,94.27
15,58.45560000000002,40.74,34.84
28,27.25,69.62,89.73
17,47.96,53.04,29.38
9,58.45560000000002,62.81,3.55
32,6.17,66.42,74.24
10,23.01,56.44,4.01
18,27.77,14.76,31.96
30,31.79,40.35,90.99
33,29.49,43.28,94.6
10,29.61,17.15,1.2
3,34.94,68.04,3.51
14,34.15,66.11,53.25
5,30.81,62.85,2.81
16,58.45560000000002,54.16,24.2
7,56.75,64.23,2.4
5,31.2,52.69,0.2
16,28.62,11.14,29.7
7,32.6,58.48,1.37
5,32.41,54.06,1.74
4,9.28,52.77,2.94
11,25.32,63.83,4.8
27,9.49,51.35,64.29
4,31.8,59.29,0.66
17,32.38,62.78,43.06
8,34.57,47.11,1.45
12,5.72,12.79,20.31
22,25.13,65.79,61.37
29,28.23,43.13,120.76
2,22.63,92.74,1.83
20,29.86,45.11,62.07
33,20.58,69.82,132.77120000000002
30,8.97,12.24,39.16
23,29.8,65.81,90.13
12,30.83,17.88,26.47
27,27.57,19.65,52.94
25,29.33,45.4,71.71
9,26.55,52.14,1.83
10,23.76,65.14,3.23
25,55.6,63.31,58.58
34,24.76,46.11,114.29
4,33.96,43.96,2.08
8,20.52,43.97,3.01
26,29.73,42.87,81.75
35,21.63,59.75,107.06
29,26.57,67.97,89.38
4,51.07,92.35,3.95
4,21.2,66.51,2.84
12,25.7,62.21,42.33
26,26.54,52.11,104.82
32,34.6,58.88,120.0
23,33.52,18.93,62.74
31,29.79,67.18,119.95
8,22.51,46.8,2.15
31,34.06,60.02,97.57
12,29.17,65.77,46.48
6,20.68,51.47,1.25
18,31.22,48.67,71.04
18,25.02,46.62,50.77
2,22.41,89.13,2.77
23,28.42,58.61,66.22
29,33.02,46.79,86.36
34,25.25,68.2,124.15
17,25.2,62.84,64.47
32,27.13,93.14,87.94
33,34.45,67.93,99.32
30,27.24,43.45,119.07
17,29.93,63.75,65.6
21,6.44,57.63,43.56
18,52.56,65.84,36.38
15,20.21,17.43,27.91
20,26.93,86.21,70.58
9,25.83,40.91,1.06
19,22.53,55.77,72.75
24,26.34,58.25,61.35
32,24.57,67.59,112.95
18,20.98,57.24,52.45
26,25.82,42.2,88.57
28,56.25,48.74,66.97
17,32.67,56.86,57.77
11,26.26,69.07,4.41
30,21.84,47.52,84.06
34,21.67,46.84,104.1
33,21.72,45.19,127.33
22,29.27,68.29,91.42
30,29.53,54.16,118.77
11,45.73,52.76,1.0
20,47.23,55.12,41.44
33,30.39,11.14,94.93
22,24.58,53.62,75.91
27,27.03,85.31,110.53
33,27.56,61.55,112.38
32,22.93,43.7,111.54
26,31.69,53.08,80.81
27,23.22,65.69,77.34
2,27.89,46.04,4.11
27,23.55,14.04,51.48
9,20.68,41.85,1.55
10,22.1,41.65,0.46
12,23.96,48.11,48.25
10,26.3,63.21,1.28
22,26.11,63.62,81.6
6,25.34,43.48,1.49
26,29.71,17.19,73.03
11,25.82,69.16,4.81
2,26.59,11.77,4.38
22,26.22,52.14,83.67
11,20.93,66.29,3.49
33,28.33,44.63,104.93
8,28.63,54.6,3.0
35,34.49,47.89,117.12
16,30.67,46.9,64.77
6,24.96,17.5,0.18
17,26.4,55.61,42.82
22,26.79,46.36,75.07
34,21.58,17.14,68.33
9,26.93,88.46,0.18
2,26.07,40.91,2.78
25,31.97,18.12,53.37
18,20.87,92.18,39.1
19,27.8,42.96,70.62
7,24.36,68.72,0.82
17,28.44,44.6,68.03
34,22.5,62.85,121.19
14,26.87,65.46,43.32
15,32.74,44.6,45.64
4,21.93,60.29,0.18
13,53.13,64.54,31.08
2,31.22,59.02,3.46
17,25.32,52.01,48.52
28,20.04,68.82,94.73
32,29.11,40.44,114.35
18,24.35,46.81,49.63
9,6.8,18.58,2.59
23,34.49,45.56,77.05
35,29.35,69.29,132.77120000000002
21,24.3,46.17,84.66
18,33.62,55.94,69.98
34,24.93,59.04,125.47
4,32.57,49.2,1.86
18,34.43,47.01,54.6
18,34.88,12.37,31.63
27,34.37,86.24,95.64
4,31.34,56.37,1.15
5,27.37,57.65,0.48
14,53.28,85.76,32.91
4,30.14,47.26,3.79
21,30.22,69.77,80.62
6,27.41,65.27,0.18
35,28.69,14.62,61.72
15,30.44,50.04,40.98
16,22.47,50.44,60.06
15,48.05,11.96,22.16
1,24.41,56.23,1.15
14,26.96,85.09,53.8
9,32.59,50.47,2.39
9,22.77,89.45,3.6
25,33.93,87.57,74.42
19,30.03,44.45,67.46
35,27.5,64.15,132.77120000000002
2,30.87,14.97,4.56
9,22.96,46.02,0.19
11,21.72,60.02,1.26
22,6.59,64.05,50.14
10,31.73,40.78,0.73
28,22.58,65.2,105.93
34,28.66,47.17,118.07
15,28.5,57.48,54.58
11,29.86,44.3,3.77
10,30.92,61.04,2.15
8,7.73,85.29,2.59
32,21.73,65.93,82.38
24,30.63,44.08,73.82
13,27.52,11.14,38.14
7,20.76,42.14,4.24
25,25.68,68.87,65.16
35,31.46,44.0,131.29
23,33.3,68.72,83.39
3,27.34,56.42,4.1
25,29.95,55.06,76.26
24,23.33,59.18,84.67
6,23.71,15.74,0.21
27,29.4,59.73,78.81
32,26.55,19.2,77.69
21,57.0,47.7,50.33
29,28.52,51.67,96.37
16,27.44,60.9,49.57
6,32.51,54.02,1.99
2,24.91,92.39,4.23
16,28.25,44.75,45.18
17,6.9,40.16,35.32
13,9.9,46.93,26.45
30,29.7,42.57,93.21
24,21.89,65.88,78.57
22,58.45560000000002,86.54,43.03
18,26.5,43.37,61.68
18,52.3,51.52,36.45
7,33.96,52.51,4.54
21,20.08,58.89,76.52
7,58.41,88.5,1.52
27,34.85,64.88,70.4
19,30.54,53.16,76.36
30,22.56,58.89,106.04
24,5.86,59.46,53.88
20,29.96,13.06,57.1
18,33.88,57.97,68.45
11,23.23,18.18,0.18
2,28.39,19.88,0.6
25,48.3,51.12,40.51
2,52.46,89.69,3.39
25,22.22,40.23,95.96
8,29.55,94.03,3.55
20,8.59,11.14,24.25
8,32.0,67.04,2.34
12,21.56,16.59,32.28
21,26.72,67.64,76.03
19,25.78,63.83,79.42
33,8.49,69.89,57.23
31,26.01,86.61,126.43
34,20.91,52.46,97.54
12,27.23,69.85,48.47
21,48.63,86.27,46.44
4,24.96,63.01,3.95
29,34.32,69.52,117.98
19,30.9,46.36,66.04
7,30.53,67.98,2.39
31,45.33,64.71,55.68
22,28.25,86.75,85.44
18,34.62,66.5,63.31
24,20.44,69.83,87.19
20,20.07,89.38,66.39
11,34.85,91.45,0.85
27,20.27,52.96,99.68
21,8.4,87.57,36.54
11,31.37,94.03,2.22
24,27.12,68.75,83.75
17,33.09,45.25,42.99
31,48.45,41.79,55.36
5,53.48,59.06,0.86
34,31.65,55.68,127.58
20,24.71,62.23,83.16
25,21.14,43.16,64.75
8,24.8,44.66,4.81
24,23.41,46.59,79.67
14,27.17,52.63,42.13
2,29.09,67.2,4.77
19,22.95,43.05,69.52
1,30.32,67.93,0.32
28,58.45560000000002,55.94,65.77
18,10.0,41.07,42.57
13,48.45,41.47,27.11
12,20.26,54.46,44.3
1,34.89,14.27,2.05
12,32.39,51.78,44.42
16,33.39,14.36,38.09
10,48.12,67.56,1.72
25,22.72,43.0,96.24
20,29.57,50.11,64.68
32,24.8,55.46,96.36
1,27.26,44.62,0.18
12,26.38,64.99,39.41
21,26.47,64.51,75.18
9,25.97,63.06,3.72
17,23.28,55.59,54.97
11,9.6,46.39,4.49
9,23.86,43.67,2.74
33,21.32,41.67,132.77120000000002
30,47.64,11.67,31.56
17,20.98,48.37,63.34
21,28.55,55.79,64.16
9,52.89,46.54,4.58
23,27.93,49.05,88.91
15,29.46,41.56,43.45
18,21.45,65.34,60.94
31,33.29,50.81,104.29
31,28.07,17.99,64.37
4,54.24,69.03,3.81
28,26.75,61.74,116.91
25,22.32,68.06,92.84
9,27.38,18.74,3.04
22,25.07,94.03,62.1
32,32.07,50.88,106.11
3,32.06,40.38,2.9
35,30.62,68.41,104.08
12,26.36,49.63,46.86
27,33.71,52.53,85.33
27,33.61,60.38,110.68
35,33.7,44.09,132.77120000000002
7,21.37,90.87,1.15
23,51.23,67.71,52.57
9,21.62,47.64,2.43
31,27.73,40.71,89.52
32,7.93,51.8,51.98
8,30.98,40.83,2.95
30,27.21,59.24,103.3
25,49.6,62.23,61.44
15,30.69,41.63,39.49
2,28.21,51.03,3.63
19,33.99,57.47,72.55
28,27.57,47.48,94.8
3,32.8,65.43,0.53
3,34.69,57.33,0.25
14,31.94,63.0,52.35
23,32.82,67.78,61.35
5,21.42,49.59,0.59
28,34.05,63.98,76.25
34,22.74,49.02,123.56
24,32.46,44.56,79.84
32,20.19,47.1,129.08
4,51.92,50.42,4.05
24,26.51,50.28,97.12
35,21.96,42.88,132.29
23,30.69,57.31,73.42
31,22.02,88.13,122.4
11,9.94,58.49,1.11
30,25.23,90.09,80.38
31,27.25,85.56,129.03
14,33.13,62.49,39.99
35,31.59,53.92,100.06
34,24.41,54.24,126.1
32,21.47,17.6,81.64
28,28.68,54.47,87.54
4,26.9,19.02,1.05
14,23.91,45.55,48.95
30,23.69,41.11,118.65
7,24.94,45.27,3.8
17,34.07,47.35,61.84
32,7.75,43.64,64.09
11,21.26,65.25,2.57
8,27.8,56.22,0.91
13,32.77,43.74,52.96
22,25.98,50.73,69.69
4,25.14,53.86,3.38
30,26.94,86.19,97.13
21,26.92,43.85,77.18
31,26.04,88.18,84.73
17,6.87,66.99,41.51
4,32.13,41.95,2.23
2,21.86,61.89,0.75
10,26.74,54.33,4.21
3,24.73,51.21,3.64
29,6.56,53.33,49.93
16,24.79,47.95,53.54
14,21.26,11.14,41.03
8,57.42,56.44,1.3
22,22.55,11.14,57.6
11,20.45,52.6,2.16
17,32.25,69.6,43.74
7,20.58,59.02,0.25
1,32.38,40.3,3.94
31,23.14,60.85,128.87
6,8.43,52.81,3.62
31,33.5,54.57,117.76
19,9.31,68.76,38.49
22,29.76,52.73,66.99
21,27.75,54.58,64.96
15,34.34,90.73,40.23
16,22.08,53.77,43.91
7,29.1,61.75,1.93
10,27.31,64.76,1.52
34,24.03,93.79,66.16
6,25.97,53.42,2.57
34,8.81,56.1,81.78
16,32.43,50.23,44.64
33,25.07,40.42,115.24
20,24.67,64.38,69.59
11,28.59,53.26,2.56
8,31.79,48.48,4.98
11,30.37,56.26,1.82
25,29.02,56.14,81.91
2,34.11,66.69,3.32
29,23.49,18.21,61.95
12,20.26,63.65,37.97
17,21.64,46.18,61.2
1,23.02,69.57,0.79
17,27.62,64.46,42.75
28,30.25,64.03,70.37
12,32.37,87.03,44.14
10,20.98,64.09,2.65
1,32.53,52.49,3.58
10,22.17,85.53,4.86
34,30.33,50.71,99.07
28,30.76,44.34,86.74
16,25.8,50.53,55.77
34,21.48,87.34,126.85
18,52.87,43.14,32.83
25,46.48,15.59,31.34
5,33.57,85.39,1.55
28,24.07,91.43,56.53
5,27.03,65.29,0.18
31,32.29,59.44,123.49
18,21.77,43.55,64.79
30,33.24,53.54,118.98
10,23.68,43.79,0.91
32,29.92,16.53,67.89
27,23.98,65.17,95.14
17,34.6,12.18,49.12
1,30.24,94.03,3.51
23,8.04,19.39,32.53
28,20.11,48.58,87.52
11,30.13,68.48,3.62
9,20.04,47.78,0.18
29,26.89,52.34,106.0
12,23.35,17.64,30.35
4,34.59,54.14,1.25
35,24.0,18.72,87.88
29,24.94,68.27,101.98
30,25.27,47.65,84.0
21,23.66,50.8,61.46
24,29.08,41.71,63.13
16,33.62,66.28,53.44
7,6.21,56.81,0.72
32,32.74,64.86,110.34
31,20.91,59.43,86.79
27,28.28,45.91,102.52
20,31.08,70.0,71.97
9,20.25,48.12,0.95
24,24.31,56.9,91.27
4,31.04,42.49,4.99
34,8.12,13.84,52.0
35,31.54,11.14,71.5
35,33.68,87.35,89.67
2,20.1,57.84,4.44
15,26.31,14.25,30.72
29,34.43,68.15,101.52
9,34.23,12.64,0.43
31,5.67,69.17,51.44
33,27.72,60.37,96.79
12,23.72,68.59,32.24
13,50.63,40.52,24.12
24,9.14,61.73,37.33
13,33.17,47.81,35.09
32,20.0,54.39,132.77120000000002
30,20.13,68.74,124.86
8,21.41,68.14,3.5
19,30.38,64.95,71.71
2,28.38,46.51,0.86
23,32.27,46.1,84.33
11,25.88,13.66,2.95
23,6.17,49.73,40.07
16,28.37,61.35,48.94
33,28.9,52.41,92.79
29,34.73,52.74,105.96
5,6.95,65.54,1.42
18,48.31,59.38,32.27
6,23.88,59.98,2.6
23,8.67,54.59,35.97
3,47.59,86.07,3.87
3,33.43,42.91,0.66
9,34.01,57.07,1.58
35,30.42,40.29,123.73
32,20.44,52.84,89.41
20,32.75,12.39,37.51
26,28.45,64.75,76.4
9,22.74,52.76,2.94
2,26.39,92.37,1.14
14,32.19,57.54,40.55
22,20.72,65.28,57.85
22,24.97,52.73,57.38
35,25.79,48.1,132.77120000000002
16,23.19,61.12,44.58
15,25.52,56.58,57.85
3,27.73,60.75,1.52
29,28.72,47.12,114.21
32,46.24,69.61,68.56
15,28.92,41.61,53.18
7,32.6,12.93,1.3
2,21.15,42.99,2.91
17,9.0,43.17,35.79
22,29.06,43.34,64.89
2,25.24,60.14,4.39
31,31.47,59.92,128.78
30,33.91,45.74,124.5
7,46.94,57.83,2.29
15,20.15,89.93,60.67
22,52.95,43.36,40.61
27,27.7,49.14,107.69
5,22.2,40.68,3.43
19,20.17,12.3,33.76
15,56.66,85.32,31.87
11,28.46,65.61,3.41
30,30.64,66.01,104.16
19,30.9,63.62,73.64
4,34.88,60.86,1.6
25,30.79,52.12,65.53
35,29.22,64.39,88.08
13,57.75,61.86,28.73
28,29.84,18.04,52.69
32,20.9,64.68,88.84
16,28.19,52.0,43.85
22,34.33,47.65,70.37
31,30.59,54.81,80.28
21,51.92,49.9,46.18
35,23.35,67.3,132.77120000000002
18,24.16,60.53,46.05
15,6.47,12.45,23.75
30,21.91,50.06,116.4
13,45.16,94.03,22.47
3,21.93,67.81,0.94
24,7.77,50.75,47.84
12,54.65,86.29,19.92
12,53.52,49.55,28.0
19,32.91,47.82,48.6
10,7.55,66.41,1.16
3,23.13,15.52,1.53
11,22.28,65.12,0.5
30,20.66,94.03,67.47
9,24.92,41.46,0.2
7,28.92,57.66,0.71
13,32.53,40.64,38.94
23,8.43,50.51,36.51
24,29.5,62.23,99.92
2,26.09,49.23,3.3
19,33.44,49.14,72.76
35,9.48,65.54,74.51
11,22.6,53.65,4.9
5,24.33,54.48,1.41
19,6.04,57.47,39.45
19,34.52,51.98,63.65
6,24.32,40.77,2.39
24,45.14,50.64,38.93
4,21.26,66.61,0.18
9,25.39,11.22,2.31
30,20.48,49.73,96.22
13,30.24,68.16,45.54
6,22.18,16.73,4.84
21,54.2,59.18,36.12
30,58.45560000000002,56.15,54.07
1,22.81,43.53,2.83
14,30.08,63.87,35.6
30,33.0,47.29,82.51
7,30.77,52.26,4.05
33,33.05,45.98,109.84
3,27.14,51.09,0.82
16,23.18,88.26,48.16
27,23.88,93.64,51.31
31,31.82,65.11,122.15
23,25.48,68.46,75.69
1,5.53,54.63,0.19
15,57.16,52.64,33.56
17,21.87,47.64,69.2
15,26.02,41.39,52.29
7,32.37,93.47,3.49
20,32.67,68.77,77.24
19,7.3,17.57,27.39
9,32.68,90.42,3.51
28,30.26,85.56,105.67
17,7.18,49.25,30.64
24,31.21,69.22,60.33
25,49.99,48.15,42.2
14,25.46,57.59,35.04
1,22.56,66.32,1.28
18,20.61,41.14,58.59
2,31.36,41.81,0.27
18,21.16,93.86,36.65
24,58.45560000000002,19.22,33.27
3,34.81,14.75,3.3
31,6.31,66.02,57.86
20,23.09,66.96,55.11
26,58.45560000000002,56.6,40.87
25,27.92,56.8,97.91
25,21.31,57.88,68.31
22,25.2,91.07,42.97
13,57.76,58.49,25.67
34,24.51,47.4,112.53
31,32.77,44.69,108.9
4,20.66,48.24,3.65
6,58.45560000000002,59.07,4.93
31,21.17,59.3,113.12
23,25.24,43.15,62.36
28,22.96,43.17,102.82
6,28.99,15.45,0.35
16,25.84,18.81,40.32
6,23.03,93.54,1.23
23,31.33,64.26,60.95
27,5.67,86.56,46.55
31,26.43,53.95,79.99
21,8.3,47.74,45.42
11,29.49,17.05,4.02
21,20.82,69.44,67.73
33,26.1,61.61,117.77
12,21.42,68.1,45.08
22,5.88,43.47,33.72
33,34.39,19.28,75.31
4,25.24,54.67,0.96
28,58.45560000000002,44.84,56.32
12,22.7,56.36,36.42
31,32.46,59.47,86.7
34,57.02,47.59,70.18
22,34.35,67.83,74.38
12,20.73,63.85,35.2
33,31.63,11.14,63.4
25,58.45560000000002,13.88,30.74
35,24.29,12.14,63.79
19,22.77,12.4,38.55
25,28.98,86.48,63.57
4,26.52,18.71,0.18
9,24.86,53.82,0.57
15,20.73,19.89,40.84
30,21.29,11.14,74.0
10,30.41,66.54,4.38
14,33.9,19.63,40.37
33,26.53,65.58,88.98
29,33.75,66.55,97.86
17,30.47,52.24,70.87
12,32.99,61.3,46.29
16,24.43,47.92,40.34
16,33.05,60.13,63.85
34,30.79,53.14,93.15
10,20.46,46.57,3.3
5,21.86,40.96,0.44
35,24.12,46.15,93.92
14,32.26,67.53,36.01
32,30.74,52.67,120.42
16,33.69,53.69,47.78
34,24.43,69.11,130.67
21,21.93,54.0,79.73
12,27.72,63.1,30.46
16,29.71,89.29,62.7
7,34.43,41.53,2.27
23,22.83,54.66,91.4
28,5.53,49.9,69.26
20,57.01,90.68,23.97
19,32.6,48.83,68.47
19,54.58,17.51,22.58
4,21.63,69.54,0.27
18,32.69,53.88,74.92
18,27.09,17.04,34.56
23,24.68,45.45,63.3
12,23.1,46.69,45.39
8,28.9,52.25,0.57
33,20.29,54.53,93.55
6,26.02,13.3,1.2
31,32.36,49.54,101.37
27,20.97,45.53,106.61
33,9.64,93.69,38.4
29,32.41,53.52,99.34
5,26.86,69.59,2.41
31,58.45560000000002,49.32,72.48
8,31.19,16.0,3.34
27,29.55,54.8,89.1
23,23.87,42.47,73.49
9,33.6,69.49,0.68
2,21.17,64.6,4.08
35,34.94,62.47,132.77120000000002
17,24.75,85.46,63.51
13,20.44,43.18,52.18
17,33.9,47.68,48.99
29,20.82,50.09,80.57
15,23.94,56.16,62.56
12,52.35,41.95,21.37
35,32.79,58.34,132.77120000000002
6,22.79,57.38,4.66
33,21.54,17.17,81.92
10,5.53,92.32,1.52
28,30.97,44.25,88.43
24,22.51,43.26,95.01
23,23.84,42.94,84.02
3,31.57,48.8,0.25
26,25.61,11.14,51.75
19,20.38,18.97,52.34
13,27.55,15.15,36.65
14,33.26,61.35,44.81
30,26.73,68.46,87.58
26,5.59,87.68,61.29
3,31.32,62.63,4.93
32,20.39,17.19,88.37
24,26.15,61.05,69.22
2,34.06,56.15,1.78
11,24.7,85.26,0.23
18,21.42,50.21,74.59
26,27.53,56.36,93.41
10,22.37,52.64,3.5
9,30.98,64.37,2.1
14,55.77,90.8,20.32
27,20.95,11.63,67.33
27,21.19,55.03,96.48
14,23.48,60.49,56.55
9,22.4,60.29,0.18
6,22.32,57.83,2.53
14,32.13,65.02,40.88
19,32.2,88.7,51.81
35,34.83,41.45,109.54
35,30.52,69.26,132.19
22,32.99,86.5,56.84
23,9.53,42.0,49.03
30,55.43,44.32,59.57
16,34.9,41.24,48.87
12,22.16,50.72,42.22
13,33.44,66.2,52.57
22,33.22,56.66,70.13
25,52.76,48.11,54.54
11,7.94,66.25,4.46
27,34.86,63.05,81.04
27,6.93,50.22,55.11
8,26.13,47.89,0.68
15,21.15,66.32,60.34
7,53.2,47.79,1.14
14,9.77,48.01,31.92
29,26.6,85.23,113.17
23,23.03,89.3,66.54
11,26.6,55.57,1.76
13,27.52,44.31,48.73
31,54.27,87.01,71.16
4,6.44,90.18,0.61
35,29.48,40.83,132.77120000000002
32,32.95,42.2,94.5
1,29.37,63.95,2.22
19,20.62,54.79,75.34
15,53.47,86.31,26.59
10,29.88,40.97,4.13
18,24.46,13.17,36.03
34,23.09,53.92,132.77120000000002
29,28.67,53.72,76.47
27,33.82,66.2,73.65
35,34.91,46.61,99.53
32,22.63,68.66,89.26
35,21.98,86.26,92.37
20,28.23,92.05,50.88
27,26.49,54.78,78.13
9,22.15,49.31,3.78
29,24.86,44.33,86.54
11,34.22,41.98,0.49
12,25.33,51.3,39.72
5,31.23,56.23,0.96
1,26.9,67.68,4.15
10,21.74,69.15,0.24
24,27.74,56.43,88.95
24,51.47,56.2,36.85
20,50.16,19.98,23.05
9,28.71,55.1,3.23
6,30.2,61.45,0.92
19,21.5,63.75,55.73
12,28.09,41.86,42.07
21,58.45560000000002,13.47,24.94
14,21.62,67.81,38.08
5,24.59,16.76,1.25
4,29.57,63.07,1.56
33,31.49,54.99,117.26
17,22.16,69.4,59.66
21,31.94,68.3,77.68
11,8.67,56.88,4.77
3,50.51,86.06,0.48
26,30.49,62.84,90.16
25,22.53,40.03,76.09
26,28.07,13.48,69.34
35,51.88,42.41,65.76
18,55.93,64.76,42.86
33,5.53,43.61,59.64
34,22.28,16.62,82.13
35,5.53,55.28,72.35
17,22.62,85.13,69.26
4,29.61,67.68,3.62
32,24.47,86.85,125.69
7,25.46,69.31,0.9
32,29.86,45.68,88.64
13,26.51,61.6,49.24
9,30.31,52.02,2.38
8,31.87,93.31,2.53
16,25.05,48.8,47.22
10,32.47,50.8,3.22
2,28.34,18.83,0.72
19,7.33,52.72,29.25
10,33.72,48.97,3.31
1,33.14,48.47,2.75
21,30.46,45.18,55.08
21,5.53,53.13,41.35
21,20.87,86.78,73.24
22,22.43,47.04,57.72
21,33.75,17.92,41.79
23,5.53,66.36,34.51
20,27.54,52.28,55.11
9,23.34,52.43,0.66
9,23.29,85.18,2.98
20,25.46,60.01,58.55
30,32.57,65.61,122.76
13,26.75,64.08,47.86
23,23.34,42.2,93.2
1,27.71,43.5,2.63
17,26.28,57.8,50.72
22,33.83,51.02,90.98
23,24.68,61.06,61.68
31,25.37,49.09,100.32
7,33.14,54.82,4.81
24,5.53,94.03,39.97
18,58.45560000000002,54.75,33.51
22,20.4,52.59,79.35
32,55.88,55.34,54.26
27,21.94,57.5,100.6
4,28.31,86.53,2.3
22,25.8,67.4,88.47
25,20.59,89.92,84.33
12,29.91,48.52,33.75
15,27.98,47.72,39.64
10,25.18,62.99,0.73
28,33.9,46.06,94.4
28,26.78,53.05,98.87
11,20.08,18.01,1.24
25,32.71,41.63,81.89
12,58.45560000000002,65.5,30.02
6,33.63,62.77,4.66
1,7.25,58.97,0.58
7,31.84,92.92,0.84
25,34.85,88.15,96.39
9,57.73,40.94,4.35
8,20.9,93.84,0.18
33,58.45560000000002,56.08,59.7
18,31.39,62.62,71.46
31,23.76,40.73,122.31
28,32.05,46.08,113.51
8,29.04,52.73,0.4
26,22.79,94.03,72.61
32,31.42,49.02,88.13
26,26.92,68.86,68.44
15,28.65,59.96,51.64
10,8.21,92.15,1.36
2,33.2,18.27,2.49
9,32.97,91.95,0.36
4,9.96,64.92,1.99
35,30.17,51.4,111.34
26,26.7,85.13,108.79
20,22.97,60.68,70.62
19,32.0,86.19,64.6
7,33.08,56.11,4.53
22,31.35,64.28,69.77
8,20.37,64.99,3.53
34,28.77,62.04,87.13
29,33.06,51.4,103.61
31,34.13,94.03,65.65
23,31.15,11.66,55.46
25,6.27,69.41,50.75
23,24.66,52.67,67.82
30,27.41,65.34,103.64
19,51.2,59.37,40.71
33,24.66,92.15,79.25
12,24.77,65.54,47.49
33,32.07,61.41,97.87
20,21.14,65.76,76.9
3,32.51,53.23,2.05
9,30.87,66.9,2.47
1,34.02,54.83,3.47
8,33.14,58.18,1.82
1,46.36,48.59,3.72
13,21.4,67.21,38.41
15,26.45,65.36,44.88
11,28.78,54.63,0.9
20,27.09,49.38,71.97
30,30.53,60.23,118.58
35,50.03,49.07,65.4
20,24.28,68.77,59.13
2,23.62,59.8,0.18
16,20.32,59.25,42.4
10,23.97,41.88,1.28
26,28.0,61.63,67.89
13,26.58,13.09,25.78
9,8.49,42.17,1.81
32,7.53,51.53,52.18
33,26.97,64.23,121.06
16,23.4,42.96,40.66
12,6.49,57.29,20.46
8,7.2,52.62,0.18
29,25.77,59.01,78.0
10,20.06,51.7,0.18
12,29.12,90.63,25.24
6,23.44,61.64,1.91
22,26.79,18.07,42.35
27,20.17,61.91,112.72
26,25.33,11.14,49.83
5,57.26,94.03,1.46
20,25.3,54.71,75.63
7,47.33,65.81,3.8
28,33.2,64.19,109.29
9,24.36,60.52,1.44
35,21.87,50.74,132.77120000000002
19,32.3,45.45,48.7
6,27.57,93.16,0.37
35,25.84,68.68,117.77
13,58.3,12.51,21.42
14,21.42,58.59,58.09
7,22.46,60.11,1.39
18,27.38,55.55,45.56
10,7.36,69.59,2.94
32,30.13,43.25,127.8
14,32.1,41.73,41.54
22,31.82,68.37,83.9
29,31.2,46.58,72.87
15,21.31,57.61,47.98
13,5.53,66.13,22.06
6,9.47,88.15,0.51
6,56.98,64.45,0.83
1,29.18,91.0,2.85
10,7.28,40.98,1.68
20,34.33,44.21,56.18
28,24.45,65.03,87.9
17,24.52,60.41,43.15
9,25.48,51.67,1.87
8,30.31,57.6,3.23
22,22.42,88.72,56.52
16,21.4,41.6,61.13
8,30.89,69.94,0.69
29,27.14,60.9,102.37
25,24.68,15.04,45.29
19,8.49,50.68,41.97
8,25.72,59.68,3.63
9,25.8,19.87,0.31
12,24.02,59.6,43.7
5,21.02,53.48,2.27
30,30.7,51.61,122.84
9,29.86,55.5,3.1
9,29.78,55.27,4.9
7,32.13,51.01,2.5
9,21.08,67.83,4.84
16,26.43,43.54,64.81
30,29.14,60.75,96.77
31,7.07,50.2,73.35
7,23.18,49.84,4.27
16,23.62,40.58,66.54
10,20.4,44.98,4.9
8,32.01,14.67,3.34
32,23.61,55.61,91.11
28,32.56,67.64,114.65
1,50.57,43.47,3.28
33,29.2,64.12,126.54
5,27.88,93.05,0.18
31,45.19,59.7,58.24
3,34.87,69.85,1.41
21,28.59,59.61,77.1
33,58.45560000000002,42.91,79.69
27,7.59,50.4,53.24
4,23.85,90.93,3.65
12,20.86,91.93,32.66
5,31.69,54.78,1.98
27,34.36,66.05,94.12
4,30.28,62.67,3.22
25,20.67,19.03,69.3
16,31.35,41.83,43.71
29,28.24,52.95,76.08
19,23.14,57.84,48.97
26,20.18,51.77,70.88
17,6.6,44.82,25.72
31,54.45,46.28,76.63
29,5.53,11.14,30.99
9,31.6,40.42,0.46
34,33.4,46.76,108.77
24,34.19,12.27,54.11
23,32.33,42.88,75.44
4,21.38,46.07,4.49
5,25.02,61.01,3.88
6,29.4,46.18,4.7
8,6.62,47.09,1.87
31,30.74,61.64,85.43
23,21.73,54.2,75.09
15,45.08,43.71,33.1
18,21.82,67.48,66.41
2,34.42,93.05,3.22
1,28.06,11.46,4.45
19,34.28,14.1,53.34
26,32.56,66.04,82.45
7,57.12,49.88,3.7
13,24.01,45.3,47.28
13,57.61,53.59,27.56
32,21.4,13.44,63.95
31,47.2,90.67,52.14
33,34.48,42.23,82.94
22,20.37,50.21,89.11
3,8.93,42.72,2.69
29,22.92,69.7,108.91
25,31.08,56.36,95.93
28,22.16,54.18,102.23
11,33.88,59.91,2.38
35,24.28,88.77,98.97
32,21.69,17.51,56.77
34,30.08,94.03,85.77
3,27.63,14.59,0.18
9,32.2,66.91,2.35
9,24.81,61.89,0.93
10,47.18,55.25,4.37
1,9.22,59.22,2.77
14,46.9,65.5,27.61
30,29.72,49.51,109.21
29,49.78,45.16,66.89
23,26.92,11.17,43.03
26,29.25,47.38,81.3
19,31.89,56.36,48.64
5,28.23,51.31,1.06
13,8.28,42.83,23.45
17,26.45,41.53,47.66
12,30.96,40.07,41.68
21,34.5,44.48,64.69
34,24.03,18.74,75.66
1,31.42,41.87,2.36
10,25.1,12.66,2.15
28,32.43,16.98,54.94
22,22.6,50.31,69.32
28,30.06,42.13,96.06
10,31.01,54.64,0.3
35,23.54,65.9,132.77120000000002
21,7.64,49.15,47.03
4,25.21,47.55,0.18
31,5.68,46.17,51.3
7,20.31,49.26,4.12
27,22.23,17.51,65.85
3,28.82,86.88,1.11
7,26.61,67.48,0.18
6,27.58,62.8,0.18
15,28.65,55.25,49.6
20,24.19,46.92,74.87
20,32.7,46.9,81.56
3,20.76,94.03,0.92
29,22.99,63.94,90.29
6,21.51,56.47,2.34
3,34.19,69.24,0.48
17,31.48,47.64,49.31
8,29.59,87.72,0.65
16,24.13,60.53,46.85
16,30.75,19.73,42.07
11,27.58,51.67,3.63
28,32.12,59.37,95.22
34,31.2,54.77,112.67
29,28.53,12.86,61.15
19,23.34,64.79,72.61
31,33.06,65.3,92.01
31,52.64,53.74,48.2
22,21.1,86.25,60.36
10,30.09,50.51,4.28
32,23.93,40.53,132.59
23,20.07,56.16,71.85
21,25.6,53.53,72.55
17,29.66,44.15,49.61
28,30.31,65.11,107.67
31,33.06,43.81,123.61
23,45.16,59.3,57.4
30,51.82,57.37,51.57
1,25.23,58.86,4.55
2,27.25,66.27,1.88
12,24.58,48.83,39.39
29,28.03,47.36,80.86
7,30.89,55.86,4.06
3,21.42,51.52,3.79
17,28.66,85.23,59.84
31,33.98,67.83,129.26
34,26.29,59.24,132.77120000000002
31,26.01,43.54,83.67
12,53.24,67.52,21.4
19,47.6,58.66,31.4
16,5.53,49.28,24.57
6,30.28,69.97,2.78
16,31.35,43.55,64.2
21,30.79,14.83,52.42
14,33.51,67.45,38.34
8,23.43,60.2,2.29
8,24.4,51.29,0.26
8,28.45,44.53,1.74
25,21.85,58.27,95.32
14,23.68,49.62,37.32
10,8.5,54.09,0.33
7,22.31,64.63,1.29
16,31.77,64.74,42.27
15,23.8,51.47,51.72
14,27.67,60.23,45.71
12,22.87,55.16,48.11
28,30.95,51.75,104.91
10,34.89,63.73,0.6
24,25.38,61.52,82.46
25,53.48,47.57,55.19
22,8.44,65.55,33.97
8,24.78,88.1,4.69
28,20.36,58.75,72.66
24,26.5,58.86,89.24
8,26.58,43.42,1.27
1,34.92,56.5,0.2
3,26.93,55.34,2.03
14,6.77,64.43,29.26
4,29.55,41.3,2.45
28,25.92,12.78,66.45
20,7.28,60.87,31.04
17,28.94,43.03,53.83
9,33.93,54.79,0.61
29,25.18,48.37,74.9
5,49.88,43.71,2.26
10,27.29,47.39,1.42
2,5.53,56.88,4.18
25,31.92,52.53,85.84
5,24.09,55.75,3.01
25,27.89,50.64,87.72
27,33.09,59.46,90.39
13,33.52,46.57,53.35
9,21.02,57.1,2.33
9,27.26,56.84,3.42
22,21.71,57.5,62.84
18,22.55,62.9,52.48
34,33.81,53.49,96.08
32,31.81,66.09,109.83
29,25.23,41.17,105.63
6,25.76,59.6,4.02
34,26.09,64.77,132.77120000000002
34,20.81,49.97,126.88
14,20.35,40.74,45.91
2,27.75,67.67,0.97
27,9.71,65.46,44.25
25,24.45,68.54,65.97
15,7.72,45.74,35.81
6,33.44,50.08,3.83
27,20.48,41.66,109.54
8,45.37,43.6,0.68
34,22.21,68.97,88.08
19,26.63,60.36,56.54
19,31.04,68.65,57.83
28,5.68,67.99,61.96
27,56.34,48.69,48.27
10,34.81,68.69,4.12
14,32.34,62.34,35.86
35,25.05,48.4,129.32
16,22.97,55.99,64.93
34,6.2,54.76,56.0
18,27.33,67.33,73.38
4,6.43,66.19,3.39
23,34.06,58.39,64.81
7,23.51,16.1,0.8
23,26.33,66.22,89.79
13,24.01,41.95,33.87
34,9.07,65.45,53.62
15,21.62,69.24,54.54
29,33.98,67.02,101.43
29,20.67,65.51,76.22
10,24.84,44.54,1.81
33,32.02,69.56,127.22
12,57.64,52.14,25.66
13,34.07,66.23,53.93
12,30.87,11.14,22.26
4,7.81,52.34,3.25
25,28.88,44.63,85.41
17,30.75,40.28,43.94
19,23.81,50.59,74.49
32,21.34,68.96,93.87
22,30.61,56.74,91.92
25,32.99,58.51,78.77
19,27.43,69.51,71.84
15,31.94,59.89,42.07
24,21.58,63.8,84.53
22,21.89,40.35,55.55
24,23.81,51.83,62.9
3,48.93,46.2,1.49
14,9.49,55.6,28.29
34,25.83,41.24,111.19
19,33.48,53.97,50.85
29,26.21,43.06,89.92
11,27.57,62.11,4.75
16,30.81,41.95,48.95
4,24.13,43.38,0.46
15,34.78,40.75,38.38
20,21.53,46.96,60.14
8,28.3,68.09,3.35
1,27.56,54.84,3.41
5,34.55,50.69,2.02
5,27.28,41.3,3.07
27,30.19,59.25,98.15
22,21.89,65.08,85.45
27,24.62,44.28,78.55
21,25.6,48.09,55.27
11,24.77,46.28,1.24
11,51.78,56.54,1.99
35,21.42,16.45,84.26
33,34.64,94.03,64.44
2,34.53,65.88,1.48
20,28.03,45.33,63.99
11,24.02,50.38,3.8
29,55.38,47.41,61.21
6,26.36,69.7,0.45
23,54.91,12.3,27.46
32,34.09,54.03,121.47
3,26.9,18.58,1.52
10,58.45560000000002,41.22,4.75
8,24.29,60.38,3.45
8,20.59,54.07,3.28
20,34.75,62.12,73.37
23,47.91,49.78,44.58
7,9.33,43.63,1.34
13,25.53,11.14,35.95
17,54.73,44.27,34.45
26,54.29,53.67,64.17
11,20.29,16.25,3.25
35,28.84,68.78,98.8
8,8.12,47.34,4.03
5,32.45,63.91,1.9
26,21.37,58.83,94.99
31,22.84,41.72,127.02
18,5.96,45.22,44.45
33,33.16,59.47,130.77
28,8.16,50.32,50.84
23,52.78,67.01,57.01
25,22.91,52.2,66.66
1,24.33,69.86,2.67
3,24.4,44.56,0.18
14,29.42,48.05,36.77
35,32.66,40.15,105.53
17,28.76,17.6,36.11
26,33.08,58.12,93.62
3,7.68,46.61,3.96
1,30.38,42.76,3.14
34,23.03,62.94,132.77120000000002
22,21.47,47.45,68.61
27,58.45560000000002,59.53,54.57
33,20.46,92.71,62.14
26,29.02,62.63,93.9
12,30.48,48.28,37.13
19,27.57,58.2,76.75
14,33.46,40.89,42.45
2,34.46,94.03,2.75
22,34.67,60.61,70.16
27,7.99,48.5,65.66
8,47.03,63.0,4.81
30,27.99,50.18,121.49
30,34.48,55.64,75.4
2,34.32,48.77,2.33
19,25.44,13.67,46.7
7,29.82,49.21,2.43
23,28.77,44.72,89.99
21,8.16,65.21,36.72
2,28.06,65.59,3.86
31,31.1,58.06,94.09
17,21.32,46.09,66.39
4,23.38,45.48,3.41
19,21.44,47.65,78.53
13,20.59,42.81,34.97
22,30.7,54.3,88.0
5,55.47,63.41,4.54
24,25.67,43.76,93.1
2,8.27,60.13,3.65
4,29.24,59.16,3.69
16,21.23,12.55,43.0
18,21.25,45.66,60.43
12,27.66,49.93,31.78
12,21.25,15.05,24.37
13,32.89,66.63,42.03
22,5.88,65.82,54.48
5,28.52,61.74,0.21
28,23.2,52.28,73.26
6,21.07,42.25,2.38
18,33.59,42.59,70.17
12,26.58,48.11,36.39
7,27.58,62.77,1.55
21,25.88,59.02,77.1
24,22.32,46.97,64.3
35,45.79,66.37,86.63
13,23.22,54.29,37.7
19,30.36,47.38,62.54
14,5.85,58.71,21.24
2,25.2,52.17,4.65
33,22.68,50.93,127.2
9,22.09,56.12,1.86
11,7.87,49.26,0.18
2,23.56,51.53,3.31
2,48.71,56.11,0.77
18,26.27,49.64,46.97
25,23.86,47.33,69.45
29,7.83,59.49,59.9
7,7.43,48.7,3.18
11,25.96,68.36,1.6
5,27.93,64.43,0.31
19,47.51,45.52,30.57
26,22.1,69.05,71.29
15,26.96,63.92,47.2
11,32.56,63.81,4.18
18,22.23,68.84,68.97
27,22.06,50.4,71.92
1,24.02,60.93,3.72
19,23.73,13.62,36.95
13,33.02,59.01,46.31
13,33.48,57.99,41.43
18,28.69,45.86,60.82
14,31.0,59.58,35.98
19,29.22,64.93,55.73
9,20.81,41.68,0.4
33,24.33,57.03,85.51
10,23.07,49.22,1.7
3,32.63,60.86,0.86
26,27.87,58.55,99.47
35,48.44,66.37,75.76
29,6.67,19.49,42.2
16,29.83,62.65,54.88
33,27.37,58.88,88.38
27,21.85,44.98,93.84
33,32.47,69.94,108.31
18,25.38,61.18,56.83
23,32.76,11.5,45.1
7,23.82,65.27,4.45
17,26.53,59.58,61.15
17,28.1,58.91,51.97
2,33.21,58.13,2.58
1,30.01,50.76,4.17
29,34.28,47.32,88.76
20,5.53,65.09,50.19
5,9.25,86.64,0.98
21,28.16,89.52,56.46
18,22.06,54.85,49.01
30,29.49,56.31,115.52
25,25.64,45.43,63.8
20,23.96,59.38,68.81
27,27.69,51.35,109.44
2,9.05,44.52,3.43
18,20.58,65.58,50.36
11,26.61,67.05,0.71
33,7.71,40.57,73.78
19,21.12,57.12,62.77
8,33.94,48.26,3.67
16,47.15,17.8,19.42
18,30.94,63.15,56.4
19,33.87,48.83,63.58
12,23.56,43.27,40.05
29,21.29,53.1,86.33
29,31.5,42.5,95.91
12,31.67,47.35,35.54
6,27.47,69.3,2.42
23,28.73,63.07,73.04
3,29.6,44.61,0.18
31,33.89,56.81,104.59
29,33.31,65.64,92.89
17,29.93,43.76,67.85
1,26.17,52.72,1.25
22,30.53,63.87,67.84
35,22.71,14.78,67.26
12,21.11,63.11,49.69
30,33.29,48.94,96.82
10,6.46,90.24,1.07
35,53.05,18.56,54.43
31,21.72,51.12,97.58
29,26.01,54.54,79.06
26,33.76,57.36,94.23
30,28.04,65.01,93.97
18,32.95,15.87,42.02
18,24.53,68.06,47.11
13,21.69,40.5,39.18
13,22.22,48.51,52.07
1,30.49,42.72,1.62
35,33.07,69.29,132.77120000000002
1,20.51,42.5,2.9
29,7.85,44.59,50.77
4,26.44,50.95,4.73
2,32.19,68.66,4.13
21,24.22,65.59,64.77
1,5.53,58.18,2.13
10,51.35,88.77,0.18
3,32.98,55.33,4.1
14,27.83,42.63,50.37
31,32.23,44.81,78.09
34,24.36,54.13,90.05
3,31.95,42.39,3.46
2,27.96,63.43,4.69
22,25.91,65.45,86.0
34,6.3,59.31,61.55
18,29.5,60.08,45.36
10,32.01,11.14,0.79
2,32.73,49.82,4.27
7,27.93,64.12,0.18
19,9.16,40.94,40.95
10,25.34,67.72,0.18
13,33.89,67.91,40.18
15,7.13,43.24,31.67
24,24.76,46.82,71.87
20,8.13,87.92,38.19
2,25.61,59.72,2.96
18,31.46,62.91,72.93
1,24.99,45.36,1.81
35,28.52,88.91,132.77120000000002
18,32.51,67.38,70.92
26,33.63,49.99,100.54
30,25.22,40.21,81.56
11,58.45560000000002,54.03,2.91
5,24.68,45.03,3.35
12,33.88,14.52,22.84
6,28.91,49.28,4.01
24,49.71,46.03,53.36
10,30.67,87.56,4.05
18,25.4,13.22,46.79
23,30.17,51.98,59.44
32,23.36,57.73,116.98
8,23.97,50.46,1.47
4,20.9,44.91,2.28
20,27.13,41.97,75.1
12,25.96,46.78,49.8
34,21.89,51.74,132.77120000000002
11,24.94,50.74,4.17
32,31.79,94.03,90.73
31,23.8,65.85,116.0
9,29.46,59.92,0.24
27,22.89,65.24,106.8
14,20.93,11.26,30.34
27,23.72,56.21,93.54
27,5.62,44.04,43.98
20,28.92,62.5,64.56
23,30.16,51.75,69.45
28,34.96,58.38,107.87
21,45.66,16.45,32.46
9,20.51,62.07,0.31
2,32.79,60.82,3.22
20,56.03,43.37,33.84
13,29.52,68.46,36.49
26,34.27,56.76,68.44
14,8.16,42.78,24.41
35,24.08,42.18,106.34
18,23.27,67.59,67.6
34,32.03,52.76,94.3
20,31.76,49.73,54.11
3,31.13,55.36,3.83
14,34.2,57.54,38.9
27,55.92,69.42,62.03
22,29.91,60.35,57.04
31,25.64,50.02,110.16
24,26.6,53.24,76.25
24,25.0,90.55,68.08
12,30.73,61.86,30.22
10,21.66,65.53,3.85
5,23.62,43.86,1.16
27,24.34,68.9,78.23
26,32.78,53.6,80.83
32,46.88,61.48,58.06
33,20.73,66.07,114.83
30,52.6,55.1,70.84
30,32.08,86.87,101.49
7,22.89,11.3,2.29
9,7.0,58.21,3.5
2,28.23,64.01,1.67
20,33.04,52.18,76.59
13,7.56,41.33,22.05
30,33.53,67.71,83.64
23,7.11,66.5,38.28
15,22.56,13.11,28.23
21,25.86,85.28,69.64
17,23.44,45.65,55.56
4,45.75,42.1,0.18
11,24.35,41.09,1.91
13,21.69,52.85,52.87
8,28.08,48.41,1.36
26,33.99,54.82,91.35
9,6.13,87.11,2.15
4,23.22,46.18,4.37
24,27.34,56.17,77.63
1,32.49,43.43,2.93
13,29.21,17.11,36.66
28,23.84,66.62,96.51
31,23.44,40.9,91.44
18,31.32,92.12,50.07
34,26.98,49.58,96.73
4,20.95,59.21,1.05
21,26.15,18.2,52.07
34,28.19,12.51,78.93
9,28.72,65.18,3.35
23,53.14,69.58,35.44
7,31.91,44.89,0.42
34,20.68,94.03,71.25
32,5.53,56.43,64.3
2,31.1,50.18,0.91
33,24.19,40.16,125.51
29,26.67,63.83,92.47
10,25.93,90.05,3.99
6,32.42,66.96,1.42
31,21.96,61.7,126.29
33,24.23,49.67,93.17
1,6.59,43.41,1.76
19,33.91,41.85,69.74
12,24.62,55.41,49.9
35,31.93,94.03,95.61
2,30.29,58.93,3.36
21,25.41,86.38,69.35
33,27.75,45.87,125.93
24,7.05,65.85,40.01
34,34.27,11.76,87.29
28,33.79,67.25,106.88
5,26.69,15.56,2.43
18,27.38,50.76,69.51
30,52.79,14.31,45.32
20,29.0,53.32,72.9
8,22.76,56.73,1.56
25,26.6,53.59,68.65
30,29.03,86.2,106.74
21,28.1,45.03,59.11
3,29.32,45.38,2.98
22,31.69,91.0,58.0
9,31.75,41.56,4.89
10,32.99,53.33,4.54
14,30.5,60.82,51.16
22,58.45560000000002,53.98,40.32
27,28.17,41.67,97.59
18,28.49,41.7,52.3
30,33.4,58.4,80.86
22,21.02,57.52,59.49
5,7.28,60.55,3.35
13,20.54,91.77,33.46
14,22.2,68.1,50.87
22,24.96,69.61,56.4
21,6.39,57.62,45.16
11,30.15,46.46,3.55
30,29.55,41.06,106.67
24,21.2,54.09,77.19
9,7.71,47.83,0.18
2,21.1,69.96,1.71
11,5.87,13.22,1.39
20,20.13,14.03,52.55
32,51.17,45.57,75.42
13,57.81,62.65,22.54
6,23.88,19.41,2.76
4,25.58,44.6,2.44
30,24.58,11.14,83.6
7,23.72,17.2,3.99
34,27.1,55.73,85.09
11,32.75,92.12,2.49
4,31.04,50.46,4.08
27,9.72,62.2,58.5
28,23.12,91.01,66.16
30,21.76,64.39,102.97
22,30.41,46.51,67.74
35,32.14,59.79,110.86
20,20.24,13.76,40.0
20,31.04,60.88,62.58
9,24.05,45.18,1.72
3,23.12,44.22,3.26
5,32.78,50.04,3.85
11,50.45,61.56,0.4
19,22.49,69.29,66.24
27,7.47,45.29,47.91
14,23.49,42.01,57.3
3,29.18,42.93,1.34
15,21.03,69.28,49.5
15,28.87,86.59,57.09
2,56.91,46.89,4.18
29,26.14,69.26,82.6
23,22.83,55.24,88.6
13,21.4,54.18,43.77
12,29.23,46.74,35.4
8,24.62,19.93,2.07
26,32.99,41.31,104.11
2,31.05,47.37,4.55
22,9.65,62.21,47.57
30,21.22,69.86,105.65
3,21.37,16.42,2.94
28,24.25,46.33,73.99
34,25.66,68.96,115.29
16,28.13,52.48,48.84
14,23.0,90.6,38.07
31,29.53,44.71,94.96
34,47.26,94.03,47.46
30,25.16,55.11,91.79
21,9.6,40.09,44.48
32,33.98,69.18,98.8
33,6.59,46.92,56.16
17,58.45560000000002,90.78,26.28
5,8.14,88.26,4.8
8,21.23,17.22,2.94
7,24.43,50.2,4.13
19,9.53,61.94,33.82
31,47.75,68.27,67.68
7,34.92,58.46,2.67
25,48.75,52.4,56.58
29,30.34,46.13,114.83
18,27.64,44.79,51.65
23,7.4,93.11,34.26
35,21.55,62.03,132.77120000000002
5,6.94,67.14,4.46
25,27.1,14.04,61.97
3,20.63,40.9,1.1
11,33.66,51.99,3.08
2,45.45,87.47,0.19
26,28.12,56.04,103.03
21,26.88,42.8,55.27
2,24.29,58.18,2.93
11,24.21,94.03,3.14
11,29.51,69.53,1.92
2,9.29,52.0,1.57
8,24.14,53.95,3.3
14,56.02,94.03,15.45
20,54.0,56.49,43.89
15,34.49,68.7,54.77
31,21.33,44.85,120.35
11,33.77,62.73,1.32
5,53.55,89.04,4.25
13,32.7,51.96,47.81
5,5.53,45.62,3.04
18,22.53,50.49,67.99
20,24.44,43.13,74.19
21,26.63,62.04,53.17
25,32.84,63.08,98.04
21,26.8,62.3,72.89
31,26.05,42.99,122.98
16,6.17,67.28,37.03
6,31.71,46.61,3.95
20,33.39,55.96,52.69
19,49.92,69.62,43.77
5,31.23,51.88,0.77
28,31.13,49.67,79.91
29,20.1,43.34,88.1
21,22.97,51.93,52.72
22,29.75,67.49,91.54
31,5.67,49.33,49.6
5,20.32,49.0,3.56
28,31.71,52.94,86.14
34,20.56,91.38,91.1
3,33.13,85.36,4.88
16,20.88,61.91,50.7
2,23.05,48.13,0.18
24,33.22,46.32,96.22
31,26.0,40.84,126.93
33,25.45,41.32,88.44
33,31.38,62.14,132.43
31,52.47,52.88,63.9
3,23.79,46.26,4.96
33,34.52,61.17,126.67
18,21.43,56.78,54.51
13,5.6,44.6,22.73
23,26.74,59.64,70.84
7,54.71,68.69,0.56
30,5.53,65.85,46.98
7,24.03,46.78,2.17
32,24.12,56.15,80.2
10,32.21,64.57,2.16
19,27.66,68.89,77.8
16,30.83,65.15,49.66
31,34.65,48.17,80.99
12,51.55,50.42,27.76
24,7.4,51.38,43.42
26,22.83,48.37,86.0
7,6.68,15.32,3.59
13,30.11,49.11,51.33
1,23.96,60.59,3.01
32,31.28,13.45,68.05
23,30.51,61.96,87.22
16,27.93,56.67,63.09
7,23.04,11.86,0.26
20,32.28,90.55,47.53
22,32.16,42.92,72.99
1,28.87,11.14,4.6
7,30.23,94.03,3.05
3,28.76,50.05,2.41
12,28.72,86.7,40.96
11,27.01,85.05,3.61
13,21.5,50.2,37.08
4,28.84,56.11,4.27
22,21.84,67.11,77.07
2,32.11,46.15,2.99
23,24.53,54.42,58.81
31,25.89,40.44,80.53
5,24.51,63.86,0.49
1,33.93,54.84,2.56
3,32.49,64.25,1.52
13,6.17,69.6,21.05
34,26.91,40.65,93.1
22,26.56,65.89,76.27
26,52.16,53.97,42.45
7,31.39,54.9,3.06
11,5.98,51.75,1.16
15,32.22,94.03,40.58
4,21.18,62.05,2.69
8,5.53,55.3,3.02
24,20.69,55.69,88.33
23,27.57,58.62,63.48
6,34.49,53.61,2.98
2,53.86,69.75,1.91
29,8.49,54.05,63.03
24,25.97,57.88,68.41
22,26.79,45.48,87.03
1,55.86,63.96,3.87
10,32.42,43.33,4.57
8,31.27,68.94,1.45
33,7.7,52.23,78.55
33,29.87,63.01,115.07
1,24.1,60.59,1.86
33,31.79,13.5,63.76
12,23.88,61.38,30.94
28,24.45,44.8,86.3
1,23.31,94.03,3.55
24,33.23,62.37,83.92
11,32.77,54.47,3.2
27,22.48,67.91,95.08
2,31.65,68.18,1.84
20,6.1,69.36,46.72
8,28.57,11.14,4.88
14,24.74,59.28,47.57
3,20.8,19.97,3.75
24,29.76,51.29,65.09
24,26.18,68.81,69.14
15,30.69,47.17,51.49
17,32.55,51.4,51.61
26,29.8,68.76,76.37
28,31.55,60.68,102.11
17,26.84,63.99,67.15
21,23.72,41.76,63.18
5,30.31,41.26,1.06
2,30.4,57.06,2.9
7,25.93,19.93,1.91
31,22.04,40.31,77.65
12,31.96,43.81,33.98
7,31.81,40.72,1.31
29,28.44,46.84,120.29
4,30.51,93.94,1.55
14,34.47,59.22,36.04
8,21.38,60.38,2.29
26,31.88,61.5,84.78
3,30.51,57.01,1.75
11,28.32,88.92,2.17
12,33.02,45.51,43.97
3,9.49,64.29,4.2
4,28.48,40.47,1.72
33,7.83,51.29,51.3
28,45.12,54.91,57.94
13,22.55,94.03,32.84
7,28.58,52.85,3.79
19,27.83,56.04,51.15
33,20.14,40.67,121.24
22,33.26,48.11,60.91
29,5.53,44.14,61.25
9,23.52,42.56,0.18
22,29.65,47.76,61.34
35,28.64,88.71,132.77120000000002
9,24.4,45.33,4.56
15,20.75,60.92,44.97
16,26.3,67.26,60.2
19,24.75,46.83,76.47
16,23.34,55.15,59.36
33,20.91,49.75,104.71
28,31.58,14.23,73.71
33,34.61,42.82,89.45
2,24.18,92.22,1.67
2,21.14,92.81,2.53
11,23.46,64.81,0.88
11,21.03,63.92,3.33
21,24.94,47.47,77.98
9,7.41,42.96,2.06
7,27.18,58.97,1.52
15,21.76,51.08,58.72
19,27.42,11.99,41.08
9,58.45560000000002,40.47,0.79
13,6.45,52.54,25.12
26,24.38,60.46,91.71
1,30.35,65.25,1.64
11,34.49,94.03,3.17
26,30.96,68.32,66.14
21,31.41,47.44,68.72
29,21.38,46.36,86.58
14,23.91,90.83,40.7
6,9.56,41.22,3.94
2,23.95,47.05,0.18
31,21.35,48.55,113.59
15,25.99,92.14,26.67
10,58.45560000000002,52.88,3.86
23,29.29,18.04,55.98
5,28.64,61.57,2.97
27,20.08,61.54,83.4
18,25.51,63.29,66.65
21,21.03,13.37,58.31
27,31.03,17.03,65.45
10,31.3,55.72,2.12
25,33.96,47.81,93.88
35,9.99,52.6,79.83
35,22.79,69.9,114.55
18,7.23,49.79,31.09
24,24.64,49.3,70.9
25,29.11,48.0,99.91
7,5.62,14.96,3.33
19,54.11,54.19,44.28
20,27.9,65.97,57.83
15,20.05,46.3,61.73
32,6.59,93.55,39.7
10,5.99,87.26,3.24
21,34.38,52.54,81.67
17,9.34,68.63,28.32
32,28.94,49.45,123.53
17,27.14,66.07,56.19
26,20.77,60.66,84.68
19,25.53,51.68,47.68
31,7.66,54.35,68.03
19,20.41,51.22,61.23
4,26.4,48.05,3.81
26,32.97,92.12,49.49
4,33.81,61.26,1.49
30,31.97,41.11,120.21
7,25.78,19.16,0.29
32,26.48,57.28,99.99
10,22.33,52.43,1.3
8,58.45560000000002,49.86,2.36
13,30.59,43.41,42.72
1,31.15,41.68,0.5
15,24.98,55.46,41.69
2,22.03,63.58,2.85
8,29.59,48.38,1.6
22,33.6,51.35,85.61
30,21.34,59.2,105.85
18,51.77,40.25,27.03
21,58.37,46.82,47.01
19,33.74,64.94,48.98
14,32.03,57.0,58.33
5,32.07,43.83,1.6
27,27.1,94.03,71.79
33,25.55,60.54,98.08
33,33.92,85.73,131.95
23,32.48,42.98,88.01
34,34.04,49.29,118.89
28,33.7,45.13,78.25
22,6.65,55.58,42.4
18,30.35,92.44,52.9
7,20.02,69.68,1.83
3,7.06,67.12,0.31
19,22.7,63.21,71.6
1,33.44,47.16,1.41
30,27.7,57.24,97.96
11,34.75,46.62,2.25
19,26.35,51.68,60.54
4,53.68,66.71,3.71
29,31.06,89.03,111.56
32,34.71,63.28,112.2
4,20.26,46.57,2.89
33,32.84,43.03,121.63
11,5.96,52.67,0.37
32,33.23,48.77,92.42
14,20.12,11.32,32.0
29,31.51,91.5,83.08
5,20.38,55.17,1.07
14,24.72,51.15,57.64
31,30.35,62.61,83.68
23,34.59,43.7,66.68
28,33.06,11.52,77.98
35,32.91,66.12,99.85
34,24.36,18.54,74.84
15,49.25,52.4,22.81
14,20.65,48.61,38.65
24,47.8,87.39,54.83
20,24.79,64.1,82.9
31,20.96,65.63,93.57
32,20.91,56.03,132.77120000000002
22,32.92,11.14,60.18
23,30.6,69.42,83.31
4,34.4,64.42,0.86
6,6.14,60.88,0.96
24,25.46,86.32,80.91
9,32.73,58.56,1.84
9,8.02,67.13,3.72
17,30.07,55.68,47.0
6,31.3,68.54,2.69
6,30.33,93.81,2.76
33,22.54,65.27,132.77120000000002
26,26.77,69.02,90.83
10,26.27,52.77,4.65
1,26.81,65.45,1.15
19,28.48,12.94,41.9
28,33.32,45.55,90.37
18,29.19,59.4,71.38
12,34.66,59.75,41.07
27,57.2,57.24,63.9
3,29.02,47.03,0.9
19,31.82,90.07,47.94
27,31.37,56.23,90.61
12,26.05,48.89,39.06
34,58.45560000000002,56.35,60.61
6,9.22,91.58,4.88
20,33.24,54.6,77.91
12,50.75,44.2,22.26
5,31.69,63.73,3.01
9,7.67,42.86,2.82
30,9.78,56.33,48.24
28,31.47,44.26,108.45
11,20.99,60.49,0.55
26,55.56,48.98,46.18
14,33.32,46.91,36.02
6,32.24,68.24,4.18
4,33.42,43.45,0.88
33,34.58,49.87,83.96
27,34.06,57.97,71.61
2,26.07,67.22,1.66
28,50.32,68.97,54.09
16,34.44,48.0,65.42
32,33.44,65.92,104.36
14,20.35,66.32,39.75
17,31.17,65.73,51.75
31,31.84,67.64,88.32
7,25.9,69.14,4.33
11,20.23,91.55,1.64
20,29.45,49.32,78.23
15,25.88,13.98,36.35
4,25.34,55.02,4.8
1,33.42,88.05,0.49
21,25.16,56.46,81.78
6,32.08,93.88,0.53
18,25.59,62.39,53.66
20,33.32,43.29,65.6
22,27.33,50.08,74.49
15,22.88,64.99,61.76
13,32.75,68.02,41.79
19,20.48,55.46,79.5
4,23.64,61.9,0.37
4,26.24,63.34,4.33
20,25.68,45.94,72.77
4,33.21,58.73,2.88
5,52.82,11.96,4.93
25,58.37,52.5,50.25
28,48.63,41.66,58.35
24,7.32,47.19,55.29
33,24.32,46.76,126.58
10,23.84,47.83,4.73
33,32.72,49.33,90.18
19,32.79,90.79,46.8
18,25.09,86.22,70.05
16,31.06,89.99,62.62
4,34.8,42.88,1.26
32,28.15,57.82,112.95
19,26.65,50.22,66.32
8,56.11,92.44,2.9
15,57.2,52.99,33.25
17,27.63,91.36,32.8
6,21.4,56.53,2.17
23,32.35,55.03,65.59
30,24.1,41.04,124.87
15,29.24,51.41,58.15
2,6.02,47.9,2.16
31,32.0,65.57,95.87
34,25.14,55.96,120.07
13,30.7,50.72,46.52
8,5.53,63.83,0.57
35,23.02,88.38,128.61
13,7.5,55.16,20.01
11,8.53,68.09,1.78
8,6.01,86.47,4.33
12,24.38,42.55,38.95
20,58.45560000000002,57.07,48.62
16,33.41,42.16,47.23
2,34.89,13.13,4.11
19,34.45,51.46,65.59
20,25.26,55.66,68.83
8,32.45,94.03,1.69
29,26.89,48.55,113.98
22,9.45,17.0,24.88
33,22.51,56.23,132.77120000000002
3,31.62,51.45,2.01
18,22.25,52.93,60.15
19,21.61,64.15,52.08
18,21.77,90.27,34.08
33,30.1,49.95,131.07
21,33.92,66.77,52.9
12,27.9,89.67,38.07
31,27.89,65.52,127.54
30,25.01,68.05,86.78
10,34.58,69.3,4.29
22,7.1,51.51,50.54
30,55.47,50.27,66.36
14,21.67,64.51,56.29
8,58.45560000000002,47.62,4.2
20,29.55,47.15,67.17
17,20.64,43.11,58.9
21,32.56,48.91,65.62
14,20.76,56.73,46.01
25,48.09,59.34,57.94
9,52.94,94.03,0.34
28,28.4,40.6,109.15
9,22.31,50.87,4.03
17,52.07,46.19,28.58
34,22.33,47.55,94.48
7,22.4,68.41,4.85
25,27.42,41.3,104.2
11,26.73,47.15,3.87
32,31.16,42.87,89.7
2,5.55,54.87,3.72
6,22.89,62.36,2.45
28,33.23,69.59,114.33
6,22.82,56.72,3.26
23,25.11,48.92,87.49
33,6.66,41.08,73.27
14,21.79,64.88,38.21
3,45.32,51.88,1.57
1,22.52,48.65,2.37
1,21.14,54.24,1.57
13,25.97,58.01,39.37
34,34.37,68.97,96.69
2,6.89,47.75,0.88
19,31.72,60.61,66.63
27,28.51,48.46,107.71
10,33.05,54.91,2.87
16,9.32,49.11,30.48
23,34.09,67.35,90.57
21,50.99,64.02,46.47
20,5.53,65.56,41.93
17,32.79,43.12,62.12
29,25.09,92.29,58.5
14,57.29,67.92,24.53
18,27.06,44.33,51.69
9,57.82,40.25,4.53
17,27.28,59.78,50.29
26,22.9,40.59,80.68
12,31.06,69.74,38.4
24,28.79,89.96,83.3
23,34.03,62.48,90.49
22,33.91,51.98,92.09
21,22.91,63.8,70.27
25,34.82,58.56,85.1
13,28.26,63.7,49.77
14,30.91,47.26,44.08
18,26.67,65.74,63.25
21,32.9,60.3,83.85
18,47.11,63.72,41.67
32,27.59,60.62,80.2
20,25.09,41.1,65.24
32,26.18,65.62,122.22
23,5.53,40.76,34.89
16,22.17,15.67,47.03
28,31.23,94.03,68.36
27,6.97,94.03,28.46
18,33.59,43.49,53.15
24,22.0,58.23,62.17
18,32.85,66.45,48.26
6,24.55,56.72,2.96
12,5.74,50.75,21.8
27,31.88,40.1,99.85
29,24.61,55.27,118.65
33,33.93,64.75,82.97
1,21.29,52.52,2.95
26,28.47,69.93,86.46
19,20.08,65.42,47.63
15,22.45,51.45,41.1
25,30.25,47.44,66.43
15,21.25,60.58,41.35
1,24.12,66.67,2.41
3,9.41,67.08,3.9
29,21.89,63.56,95.11
6,25.59,52.31,3.41
27,26.95,92.55,48.19
3,22.52,49.67,1.14
31,24.04,54.78,119.02
10,28.19,41.47,1.43
7,21.06,67.07,3.08
29,24.73,52.5,105.93
1,20.08,51.59,4.74
10,31.03,51.33,4.52
18,21.72,62.52,46.57
11,24.59,63.0,0.43
35,30.78,65.38,90.67
14,23.06,93.68,31.08
29,29.72,56.49,114.24
22,29.41,12.25,45.36
8,8.28,67.22,1.61
7,26.39,59.99,2.19
25,56.49,12.78,27.33
22,29.47,43.32,62.27
27,25.2,60.48,67.75
8,57.26,55.45,2.89
24,32.02,49.0,91.71
4,26.62,59.37,0.58
8,27.43,40.92,0.69
9,28.28,68.74,2.57
27,29.6,48.72,104.67
16,21.05,49.52,45.88
30,24.84,61.73,118.92
23,20.53,54.99,68.51
30,26.4,47.95,85.7
14,57.83,66.59,23.02
23,23.78,62.92,91.55
19,32.51,40.03,66.1
22,5.53,61.24,52.33
6,24.9,48.55,2.1
1,5.88,54.69,4.67
35,26.41,17.44,93.83
33,28.44,65.84,129.11
33,33.22,66.82,103.43
13,22.16,54.51,33.15
1,26.17,67.05,1.73
24,22.21,43.55,67.04
28,32.09,93.64,66.53
5,8.91,61.64,2.73
24,28.45,44.07,60.79
4,27.07,68.85,0.37
7,23.92,60.24,4.2
9,32.47,62.39,3.16
16,31.67,52.41,59.77
5,46.63,45.43,1.98
12,20.7,92.68,30.16
1,33.53,49.26,2.62
30,6.82,54.18,64.92
11,30.78,65.1,0.2
20,23.1,19.78,37.69
23,23.77,61.52,61.85
10,21.58,62.08,4.84
34,32.47,67.84,90.35
4,20.54,49.7,4.15
7,20.89,57.61,2.53
8,28.26,50.93,3.34
28,30.98,66.75,108.08
5,33.72,11.95,1.34
10,28.62,53.1,4.44
3,29.6,63.14,4.55
2,28.23,17.81,4.88
27,28.45,51.65,96.45
17,29.79,85.84,51.78
25,33.5,42.64,75.15
15,29.98,85.06,55.08
27,28.93,69.42,107.64
4,26.51,68.21,3.15
27,34.25,57.11,96.49
1,23.58,68.93,4.63
13,8.37,89.84,26.91
24,47.7,59.12,45.91
28,29.36,14.64,61.52
33,26.92,57.79,125.52
33,7.43,69.19,53.86
15,30.16,56.54,46.79
9,23.06,69.14,2.41
24,22.37,57.76,70.76
22,6.53,17.8,30.53
35,33.18,42.42,132.77120000000002
12,29.0,48.49,43.71
21,30.58,57.91,68.25
3,53.63,59.34,3.2
27,24.98,93.48,65.48
15,30.07,55.01,53.9
11,30.57,64.52,2.37
34,21.66,69.38,86.4
3,6.65,48.37,1.16
1,31.16,50.77,2.59
16,57.24,44.95,35.38
10,21.81,54.22,0.77
15,47.26,62.47,35.65
31,20.19,53.88,120.48
13,50.07,44.14,22.83
12,32.14,65.41,43.52
5,29.44,59.28,2.83
8,6.82,94.03,4.34
34,34.94,52.73,106.39
24,28.11,47.41,77.1
33,34.33,60.91,87.64
8,24.89,58.38,4.1
19,49.66,92.76,21.92
8,31.81,68.03,3.98
1,28.66,58.0,4.55
29,56.17,14.48,37.88
9,33.47,54.08,0.21
13,22.89,55.67,47.19
20,33.1,49.57,81.72
27,5.98,65.62,49.31
18,6.92,59.56,35.11
5,20.69,56.5,3.07
28,20.36,45.96,98.38
30,8.34,53.81,50.53
4,31.8,51.87,1.16
18,31.98,43.39,67.49
21,23.08,94.03,49.61
8,22.01,46.22,4.16
33,28.33,56.31,123.72
6,50.17,64.12,0.94
35,27.83,40.39,125.4
12,33.01,51.24,45.36
33,29.24,43.21,132.77120000000002
16,32.47,89.95,44.72
10,6.19,19.78,3.22
27,24.66,43.18,79.43
1,24.07,48.17,4.2
4,23.28,46.57,4.68
28,51.41,49.34,49.34
34,8.95,63.71,81.87
34,30.03,54.14,132.77120000000002
23,52.81,45.09,53.61
35,31.17,52.68,122.38
6,23.29,52.54,4.34
16,28.0,13.42,42.65
28,20.07,56.43,110.04
12,29.56,85.18,32.74
9,26.66,47.91,0.21
18,53.27,56.19,39.02
19,29.25,53.6,70.09
28,28.16,85.44,88.81
16,20.24,53.07,49.2
18,28.64,44.41,58.26
6,9.68,43.05,3.27
33,25.11,46.04,102.41
19,45.18,45.21,36.31
28,25.58,59.0,112.15
14,29.74,47.46,55.97
35,20.38,88.17,132.72
35,30.36,92.14,67.13
4,34.38,43.42,3.33
30,33.04,48.87,77.69
18,20.8,64.26,73.36
21,7.96,60.83,46.65
4,9.47,45.27,1.39
33,7.55,86.89,66.55
11,21.84,59.63,3.02
18,28.47,56.56,49.25
23,31.22,59.29,91.92
18,28.09,94.03,46.68
20,22.41,69.26,60.95
20,20.95,60.18,67.84
8,34.23,66.82,1.66
14,33.25,90.91,33.17
23,45.98,17.81,31.75
26,23.73,68.51,77.27
33,21.7,90.08,91.92
4,21.13,94.03,0.24
4,23.33,57.48,4.07
31,20.93,48.57,122.74
7,32.03,52.28,4.6
21,31.08,67.46,69.44
35,9.69,60.99,60.96
6,7.05,61.18,1.32
24,51.26,49.08,39.93
20,25.9,44.92,52.22
3,9.45,54.95,4.53
27,34.01,64.82,109.17
11,22.79,64.48,2.25
6,9.67,59.24,1.32
8,25.01,60.94,2.06
22,23.77,90.37,46.23
33,31.99,44.53,85.67
31,8.19,44.34,48.03
13,33.17,48.26,35.77
1,21.76,18.46,1.81
11,31.92,57.62,2.04
5,33.5,60.48,1.73
7,8.81,57.52,1.7
14,54.79,51.77,22.87
9,29.98,69.41,0.18
26,22.95,66.25,93.93
33,29.84,94.03,83.37
26,23.53,64.67,81.37
14,56.7,69.56,25.13
13,7.07,91.97,22.89
2,56.4,54.51,2.03
22,26.42,64.61,59.7
14,22.92,91.09,31.7
30,26.35,61.21,91.02
34,21.49,59.22,102.55
18,22.66,86.78,55.06
10,24.65,63.68,4.12
5,23.38,43.25,2.04
16,30.49,64.98,61.57
34,32.87,41.07,100.19
8,6.99,69.67,0.56
5,34.25,53.15,0.31
27,34.61,64.52,91.88
16,23.51,92.26,35.5
25,33.0,69.16,97.68
34,22.12,46.33,106.52
16,34.56,64.36,59.08
10,5.53,46.59,0.18
14,28.53,64.61,56.79
24,46.92,45.68,55.7
34,29.77,40.52,130.54
18,30.87,42.52,69.31
1,26.79,42.81,4.31
30,21.88,62.42,125.12
12,9.41,89.36,18.71
6,27.79,44.1,4.02
4,33.63,12.14,4.8
13,33.49,60.08,41.66
12,23.68,44.54,38.73
35,47.46,67.86,81.87
4,34.17,40.6,3.42
29,25.27,41.18,80.45
29,23.22,60.45,102.92
19,28.39,65.04,60.73
12,20.01,55.97,43.99
10,29.89,51.04,1.31
10,25.04,60.0,4.98
15,30.02,90.38,42.94
3,25.18,64.35,4.52
15,52.1,55.88,25.5
13,58.45560000000002,43.83,29.1
15,24.26,60.7,46.48
1,23.63,54.33,4.75
25,31.34,41.75,63.14
35,54.86,11.71,60.77
34,29.47,51.48,100.57
4,34.34,53.21,3.43
3,8.26,55.96,3.4
20,25.51,86.4,55.44
22,20.37,90.79,40.41
3,31.45,63.67,4.03
35,28.81,57.3,132.47
7,29.67,40.64,2.37
30,25.15,42.55,116.13
22,29.9,60.82,78.42
14,21.56,60.58,41.67
15,32.23,41.5,45.48
8,9.33,14.03,3.92
20,28.69,40.84,74.88
21,20.27,48.43,63.74
6,30.59,87.58,0.42
4,26.06,53.32,0.68
12,31.84,45.34,44.89
31,33.4,19.35,89.67
9,27.32,63.03,1.87
15,32.02,40.16,57.87
4,26.86,64.54,1.0
25,29.95,52.83,73.09
24,9.29,66.54,45.81
6,30.27,50.51,4.73
31,20.32,49.65,79.34
5,24.32,86.33,1.6
22,31.46,42.59,70.81
34,26.31,58.8,103.95
26,28.74,13.14,45.64
32,34.19,85.11,118.06
10,29.31,62.34,3.17
28,24.12,49.8,78.38
12,25.28,61.78,45.34
1,6.77,67.85,1.19
13,25.57,55.08,46.39
13,34.9,91.8,29.96
23,31.16,14.1,54.44
23,7.35,89.53,49.47
1,7.46,11.14,0.76
24,34.21,60.89,62.83
20,8.01,43.58,46.87
32,22.21,54.76,112.21
3,24.47,56.69,3.3
8,32.58,40.36,2.29
19,54.98,58.69,46.17
23,7.92,44.94,42.62
11,25.18,54.62,2.46
7,23.42,58.87,3.03
29,58.45560000000002,53.78,51.35
23,20.06,53.22,70.66
28,33.67,11.66,70.74
2,30.8,46.69,1.5
6,7.76,56.28,4.44
18,28.48,89.73,63.43
18,34.39,54.74,58.01
25,20.18,55.21,76.55
12,34.44,41.28,35.36
11,8.17,68.01,2.29
26,32.89,46.37,67.97
11,32.68,51.43,2.67
10,28.27,53.23,3.14
13,29.21,66.02,42.61
21,28.04,69.64,62.15
30,27.51,88.79,88.57
26,23.88,61.64,65.1
7,30.0,46.69,0.9
13,20.22,13.29,33.44
30,7.82,51.46,54.63
10,31.25,53.82,4.14
34,22.41,40.4,130.81
30,27.69,65.14,93.84
4,27.8,88.94,4.79
4,24.51,12.77,2.88
4,54.64,69.26,2.95
3,21.54,11.14,0.18
28,8.08,58.39,60.91
31,23.24,53.33,105.14
19,55.62,41.96,33.1
28,33.4,14.35,62.19
2,57.1,18.92,1.99
20,24.84,49.16,74.06
27,34.51,50.32,112.82
21,22.3,68.46,64.67
13,23.97,64.98,47.4
31,30.26,43.74,116.97
29,32.73,48.27,114.46
35,22.48,94.03,93.2
9,22.54,40.25,3.98
11,29.57,50.34,0.47
9,33.47,52.44,2.77
32,26.84,64.04,90.37
13,30.05,51.82,53.41
9,28.26,48.07,1.58
33,23.28,49.1,129.38
34,25.04,85.43,90.33
33,29.2,48.52,85.11
22,28.76,58.93,92.17
29,31.16,42.69,79.54
6,22.85,50.64,1.45
34,26.96,41.9,124.62
24,24.35,62.34,82.55
14,9.54,52.09,25.13
30,20.8,50.42,102.94
16,58.45560000000002,57.08,27.68
26,22.64,60.59,81.23
7,32.03,60.63,0.63
8,32.16,66.52,2.04
28,45.93,46.22,52.21
7,57.32,89.36,4.03
7,46.42,60.51,3.27
8,24.68,56.02,2.76
27,32.27,41.12,72.98
35,30.51,59.66,101.85
5,30.97,50.21,1.06
32,24.92,40.41,105.56
9,28.19,45.85,4.96
11,22.92,64.74,1.21
19,55.39,11.68,28.32
32,30.53,11.48,82.93
32,7.61,52.19,51.23
15,33.42,58.92,51.79
32,20.69,12.63,77.18
15,31.36,65.74,43.25
7,52.76,85.29,2.4
1,34.98,63.19,1.95
31,24.91,65.45,115.49
6,22.82,58.75,4.94
31,28.17,47.33,108.82
16,32.68,85.21,58.76
23,29.91,93.76,56.11
32,56.46,46.9,62.29
21,32.66,56.58,59.75
6,8.92,56.55,2.18
35,53.92,65.9,56.57
32,23.13,55.22,117.72
15,33.3,59.3,45.39
16,20.24,59.48,63.94
32,26.9,40.85,96.5
22,6.01,67.61,33.72
33,52.92,63.87,79.93
3,26.82,66.9,3.37
5,27.25,61.77,3.2
32,32.32,85.64,121.47
20,20.65,44.81,50.59
8,25.58,47.44,4.1
29,22.68,93.51,83.26
2,26.6,69.9,0.79
7,53.75,51.69,1.87
25,53.79,88.75,50.89
5,32.36,68.14,1.44
9,33.71,48.99,2.5
24,21.04,64.23,64.38
26,23.34,56.98,94.76
2,27.53,67.56,1.91
34,27.77,41.93,88.39
24,29.19,90.42,51.03
2,49.32,46.21,0.33
22,23.82,68.48,64.36
23,29.7,69.97,83.26
18,33.71,60.78,47.74
29,23.14,49.4,100.95
31,32.02,67.54,104.54
33,20.34,43.4,93.49
28,27.36,43.07,73.24
31,31.58,67.22,97.27
1,24.36,69.03,1.35
6,24.69,40.33,3.71
24,27.96,15.79,64.45
21,27.75,56.05,66.36
24,7.58,60.8,53.6
3,46.84,66.01,3.11
34,34.08,56.26,128.92
30,20.07,43.41,117.93
21,26.75,64.64,68.89
29,26.01,17.63,60.26
22,7.62,85.84,47.29
29,20.63,44.82,83.4
2,31.51,66.82,1.72
10,29.75,59.49,0.45
34,23.98,61.85,113.35
1,24.34,45.19,1.08
9,27.31,49.34,4.04
26,7.71,50.4,65.37
18,6.94,45.25,44.91
9,30.64,57.86,0.29
23,30.02,63.74,73.38
19,24.53,45.06,57.51
20,57.41,44.57,48.82
13,34.1,67.95,48.85
16,49.46,54.57,33.91
31,51.0,44.86,57.59
34,34.36,88.66,108.99
13,9.89,62.39,31.77
1,20.07,60.9,4.13
23,25.3,15.84,56.92
3,23.43,69.81,3.49
23,34.24,42.13,75.48
26,5.78,53.85,61.64
24,29.68,45.19,82.05
7,24.93,47.83,3.85
31,33.36,51.51,89.99
31,23.8,47.46,119.23
10,23.36,68.39,2.74
25,23.54,93.06,70.1
11,28.22,63.88,0.88
20,26.65,88.65,82.03
9,26.55,47.98,0.66
28,24.32,61.91,72.8
7,32.68,53.01,1.62
20,54.17,59.81,43.91
33,27.14,52.94,113.24
5,28.07,13.06,4.4
25,34.21,16.2,64.13
30,33.36,44.27,85.04
8,7.54,62.79,3.11
15,29.25,66.15,42.03
32,24.56,87.37,121.35
18,24.58,59.12,59.52
1,27.45,64.12,2.02
25,57.98,94.03,40.23
27,22.67,69.19,94.77
2,32.38,66.4,4.88
19,22.34,51.87,55.38
7,57.51,50.09,4.87
19,22.7,40.58,52.4
21,56.61,85.48,40.01
14,20.86,49.71,39.37
15,7.76,52.94,22.84
12,9.16,90.33,16.08
12,33.6,55.59,35.94
27,23.05,42.15,74.75
6,51.34,64.25,3.25
12,20.74,17.65,23.56
29,30.75,67.9,75.71
22,32.62,16.33,47.24
28,29.84,67.71,104.77
31,49.72,42.1,46.94
22,22.75,13.86,45.12
19,33.1,49.23,67.21
14,22.64,90.39,31.8
4,30.77,86.06,2.04
18,50.62,46.69,43.69
2,31.07,57.28,1.81
18,57.24,62.87,36.16
9,9.07,59.65,2.52
16,33.98,43.21,44.95
19,23.47,19.61,52.93
3,31.83,17.64,4.06
21,25.91,62.36,74.06
8,24.18,61.26,4.73
24,34.45,55.93,77.06
3,31.08,68.1,3.31
12,20.63,17.32,23.95
25,49.65,47.68,62.18
15,30.5,44.05,47.13
6,22.72,45.23,2.5
27,26.97,62.99,106.33
31,9.79,53.27,71.48
22,33.2,11.14,39.25
31,33.02,41.57,94.37
12,30.68,40.81,33.26
5,22.09,41.48,0.5
30,20.37,65.9,115.02
7,5.56,51.98,0.18
6,29.58,86.76,0.7
25,33.85,92.67,64.76
23,33.05,46.39,96.28
30,23.02,47.33,119.57
21,23.15,45.56,74.65
33,24.72,47.17,104.42
13,33.85,58.78,40.03
3,53.64,51.75,0.49
5,28.19,65.94,3.12
18,28.99,17.25,33.85
24,33.4,45.7,79.45
12,27.62,63.95,39.83
27,32.73,67.37,106.31
16,28.19,47.04,60.65
2,33.49,60.02,4.29
11,33.87,89.21,3.76
3,20.83,67.19,0.83
23,24.85,47.69,63.39
21,30.39,12.28,60.08
14,21.9,90.85,40.12
7,29.44,43.06,2.57
27,5.53,41.91,42.68
33,7.19,90.62,39.73
35,30.38,60.65,108.46
30,28.68,42.34,104.99
18,5.78,45.15,28.72
31,22.05,89.37,120.67
16,45.92,16.53,25.13
25,24.62,65.79,65.34
8,20.56,57.41,1.29
30,34.71,56.97,76.16
31,20.24,52.33,102.04
1,29.4,40.29,2.3
32,9.63,42.54,56.64
30,7.15,15.0,34.41
12,29.95,51.07,42.02
27,6.58,46.05,59.83
35,22.31,87.46,88.08
11,28.64,54.37,1.62
30,25.76,63.3,89.33
24,34.45,11.14,56.15
22,25.77,68.73,91.78
31,34.33,51.0,106.1
17,28.41,60.06,63.01
15,34.2,49.62,44.81
15,51.28,40.1,27.96
23,9.61,48.77,37.51
28,49.86,68.77,44.37
28,7.46,66.56,59.28
16,25.06,90.36,34.96
2,28.27,67.54,2.19
25,5.53,48.24,56.34
12,24.7,19.7,28.06
34,8.25,60.2,70.03
3,30.32,66.26,4.69
22,31.16,40.55,73.55
3,6.64,70.0,3.74
31,47.56,94.03,51.49
3,22.38,51.81,2.3
6,31.98,51.22,4.17
18,51.08,12.99,22.28
14,5.74,40.21,30.76
28,20.71,58.88,78.64
16,26.83,64.12,41.75
28,33.8,53.86,114.93
28,49.39,66.21,43.16
24,21.94,64.68,65.82
19,20.2,51.66,70.46
9,32.98,49.05,0.79
10,22.93,91.15,0.31
7,7.11,46.41,2.17
7,23.73,69.36,1.03
22,32.23,85.44,84.31
24,26.34,94.03,70.16
14,25.87,48.27,39.33
19,34.37,47.29,69.29
30,34.23,49.09,110.41
18,28.8,15.46,45.69
15,25.14,63.59,51.18
33,9.51,40.57,51.39
21,33.91,18.92,55.04
15,20.91,18.41,27.24
31,34.23,15.9,58.46
29,28.38,68.06,95.12
4,21.61,45.49,4.92
4,20.38,65.57,4.95
5,32.23,44.65,2.88
25,22.33,49.79,96.95
30,29.26,11.77,61.24
33,31.81,40.19,132.77120000000002
21,20.83,92.76,50.87
17,28.7,86.15,65.13
28,34.92,57.73,84.16
8,22.61,65.97,4.41
14,6.7,56.3,33.56
28,23.76,55.05,115.7
22,21.22,55.66,62.55
1,57.87,58.11,4.7
22,32.38,87.17,91.03
1,21.97,64.57,0.18
29,30.46,46.91,100.85
24,28.08,52.99,72.07
28,21.55,59.07,102.23
27,33.15,58.59,86.09
30,31.39,60.23,97.85
19,31.6,49.0,52.3
16,58.45560000000002,19.84,21.59
17,54.21,59.35,33.43
3,23.43,67.79,3.59
5,20.73,49.9,2.34
19,54.38,13.48,29.15
7,31.67,58.9,2.44
33,26.8,58.87,96.59
3,32.98,47.0,1.14
24,20.1,52.2,96.99
17,29.58,91.05,45.79
23,33.85,49.75,77.87
30,45.38,58.0,68.45
22,27.63,92.29,62.52
13,28.02,53.62,42.39
20,20.35,13.15,36.74
11,6.88,48.7,2.88
26,30.8,68.56,101.78
3,9.77,40.56,0.52
13,29.86,91.81,35.18
21,32.26,94.03,41.92
30,23.89,54.81,106.44
6,31.37,46.8,1.11
10,20.97,44.63,1.97
13,8.2,42.81,23.51
30,8.68,60.92,69.56
3,29.81,93.61,0.62
8,6.51,92.04,2.78
11,20.16,47.11,3.07
33,28.77,12.83,82.49
20,26.21,66.31,60.18
29,25.88,43.72,118.08
2,23.95,69.67,4.1
10,48.77,52.34,3.28
2,7.5,55.1,4.94
22,31.09,58.83,72.27
27,55.34,49.99,61.63
16,22.18,44.52,44.0
35,26.14,12.36,100.46
22,22.67,47.62,56.5
2,24.57,46.91,3.3
3,20.69,55.54,2.29
9,20.48,55.73,4.87
33,20.05,69.42,126.34
15,31.93,16.36,29.2
33,34.26,43.53,86.16
27,20.24,58.81,68.19
26,25.02,17.59,53.34
8,29.05,90.36,0.42
2,45.84,56.07,0.61
3,29.18,86.08,4.96
23,9.6,44.6,39.63
22,26.97,94.03,42.68
35,24.56,51.26,91.92
16,26.72,59.04,44.77
32,23.4,67.1,98.9
28,28.9,43.6,102.77
35,28.67,69.85,120.46
10,33.56,60.17,0.25
17,20.57,52.42,45.95
10,24.54,41.28,0.53
17,29.33,47.61,60.08
6,31.92,94.03,4.73
21,30.54,50.37,73.44
17,34.57,69.99,56.44
5,34.54,56.96,1.64
22,26.99,87.44,70.92
25,24.24,40.8,79.63
33,32.95,87.15,117.25
15,56.04,88.75,30.23
13,21.36,91.86,26.55
13,26.44,56.83,41.18
15,21.21,67.45,47.27
30,32.05,44.59,90.83
3,28.98,63.22,3.98
8,32.48,16.5,0.97
28,26.24,43.7,98.98
28,7.02,54.72,69.22
14,31.17,53.55,48.66
3,45.2,48.81,1.96
27,34.99,52.78,107.27
14,47.72,67.13,22.46
2,21.81,41.66,3.27
15,30.66,61.77,60.36
5,33.25,65.72,4.17
17,27.06,49.27,68.32
16,5.53,94.03,24.37
24,30.83,49.86,82.56
25,32.82,58.78,89.97
31,49.31,46.47,67.7
4,6.32,49.79,1.18
34,25.58,17.14,77.86
16,53.23,50.69,24.4
35,31.66,92.24,64.46
24,26.14,66.8,92.04
3,28.75,50.05,0.6
23,29.94,56.79,59.33
12,34.56,57.18,44.41
11,32.7,46.42,4.64
12,29.6,64.91,47.78
25,8.6,40.81,40.35
20,21.27,45.59,60.15
33,24.48,47.15,94.32
12,6.82,65.46,23.57
5,30.6,50.77,3.87
12,47.92,52.95,27.97
10,30.75,41.21,3.92
7,27.91,57.09,3.3
23,32.73,50.48,78.36
30,30.74,47.5,86.54
30,24.75,85.66,103.52
21,28.27,61.55,62.35
31,33.44,55.82,123.35
15,47.33,48.52,36.24
26,55.98,11.14,41.91
32,8.09,89.34,68.36
8,28.43,63.87,2.45
2,30.22,48.91,3.55
33,28.62,64.75,116.02
19,7.89,55.26,29.44
8,33.53,64.37,4.37
25,27.07,50.65,77.38
23,32.93,52.78,88.75
30,29.65,62.29,118.07
6,30.1,14.64,1.79
23,47.04,50.85,49.06
22,20.17,57.14,72.96
7,24.26,17.92,2.05
24,21.95,46.3,91.57
14,30.66,42.47,54.79
9,31.59,48.01,3.96
27,23.17,62.32,78.56
11,26.43,61.91,3.64
29,26.67,42.59,77.15
31,20.97,56.92,96.73
17,26.2,46.4,58.35
34,27.92,68.11,114.12
13,30.6,48.2,32.61
12,30.99,56.48,41.78
24,26.86,53.25,85.59
26,30.94,62.85,88.11
21,28.0,88.61,53.45
21,31.27,90.95,42.75
4,22.47,89.34,0.72
11,24.64,64.47,1.83
33,30.63,46.15,107.94
20,33.89,90.98,49.54
13,29.44,63.85,45.45
26,32.65,63.75,76.36
15,9.84,94.03,20.51
20,31.34,49.18,82.9
5,52.35,61.98,2.96
24,26.65,64.37,91.65
32,23.22,16.56,70.43
16,26.03,91.38,42.25
15,22.3,19.56,30.65
2,27.28,40.73,3.11
33,28.83,42.4,101.37
21,6.58,65.5,41.68
32,21.66,53.39,119.81
22,22.22,64.53,71.64
2,27.87,88.28,3.44
17,20.58,15.59,40.8
21,26.88,41.54,66.25
7,21.09,63.88,1.07
10,27.33,47.34,3.4
35,22.49,62.0,132.77120000000002
23,28.34,89.85,82.62
16,25.62,85.04,44.41
27,30.92,43.09,103.11
16,21.42,53.22,56.48
26,26.22,60.52,96.84
34,31.58,43.73,99.42
18,20.74,61.47,57.53
26,28.54,68.07,77.56
19,56.72,94.03,32.08
15,33.45,66.08,44.2
22,24.68,66.4,60.97
25,29.7,54.3,85.41
28,30.41,61.75,100.01
26,21.77,67.5,74.33
11,9.46,67.67,2.52
30,31.93,60.08,83.18
27,21.62,60.09,75.7
24,24.87,53.67,82.27
29,32.35,52.98,79.98
4,30.94,14.62,2.31
6,6.51,60.45,3.4
22,21.44,60.45,83.07
15,8.91,59.83,24.37
20,32.45,42.78,52.84
19,21.06,52.97,64.52
33,30.17,50.09,96.47
17,22.32,69.19,59.21
12,31.94,40.13,49.51
15,26.36,48.52,47.25
29,24.01,62.47,91.61
7,50.9,92.84,0.48
27,34.39,57.67,106.93
24,20.83,90.7,46.98
10,24.5,54.23,1.17
17,30.32,45.38,55.24
10,22.11,18.27,4.6
25,32.21,47.55,82.79
27,20.99,69.54,79.35
6,33.29,47.03,1.28
28,27.46,68.97,115.77
13,26.68,56.04,52.8
10,50.03,85.72,3.67
4,55.52,51.59,2.32
19,21.22,46.99,47.55
10,27.83,15.14,0.18
30,33.39,44.95,90.18
27,33.36,65.04,102.3
12,33.96,56.58,41.31
35,27.61,48.74,126.01
33,27.92,11.14,73.23
11,27.62,11.14,0.67
32,22.75,13.77,86.45
9,6.25,42.88,4.28
17,33.03,90.76,30.98
35,30.58,58.7,132.77120000000002
25,22.71,94.03,62.22
17,9.47,45.63,41.69
14,27.57,59.1,49.21
23,33.51,68.11,80.25
26,21.53,18.52,46.92
4,31.47,66.92,2.11
5,57.73,45.51,3.92
32,23.31,63.18,123.54
15,8.34,93.94,16.65
26,31.68,49.67,106.19
24,50.39,41.35,44.25
34,34.06,66.12,122.01
20,32.07,52.22,63.47
3,5.9,17.46,3.8
20,21.94,48.81,79.14
7,28.98,11.14,3.02
28,26.51,54.27,94.42
25,32.91,86.26,67.04
29,34.03,85.11,116.23
20,21.31,45.65,54.55
4,29.79,50.29,2.01
14,8.5,57.87,35.15
9,20.15,68.13,2.09
29,7.36,63.46,45.63
12,28.2,40.17,47.81
35,23.06,60.25,132.24
1,51.13,50.08,2.69
16,50.36,63.35,38.6
8,33.5,44.14,2.29
22,6.79,57.24,48.29
8,23.08,42.35,3.1
26,30.94,15.95,69.74
19,6.37,56.13,29.88
6,24.19,53.01,0.77
18,27.21,56.97,63.35
2,28.57,92.86,1.94
16,46.52,52.1,29.35
16,22.23,58.65,45.76
15,51.46,13.51,22.35
6,24.22,86.85,3.27
14,25.54,68.69,47.41
17,29.99,57.98,51.11
8,27.59,50.46,0.43
14,20.1,59.74,36.95
26,29.32,93.7,52.33
2,30.33,61.1,4.22
29,32.29,50.86,106.04
25,33.27,47.8,93.76
7,21.21,14.52,4.97
32,32.49,57.43,108.01
25,27.26,86.07,98.23
30,24.46,90.66,52.97
10,21.37,54.43,3.64
35,50.84,57.96,77.8
15,31.79,45.06,51.58
31,32.55,52.37,83.17
27,57.12,48.54,65.35
11,21.35,65.17,1.6
22,27.37,11.14,50.19
7,6.75,52.65,4.12
2,7.1,58.77,0.59
13,25.03,49.16,46.88
7,20.17,50.9,4.56
29,26.47,69.38,102.94
25,26.15,45.17,99.53
30,24.75,69.1,105.93
5,26.23,43.19,4.31
1,22.95,43.02,1.85
33,27.35,92.23,59.7
9,28.15,51.02,0.18
35,31.65,15.58,72.15
6,33.91,67.35,0.18
21,51.76,41.6,45.74
16,33.17,54.41,45.66
26,25.28,40.46,89.61
23,20.49,58.69,57.87
2,21.48,56.44,4.75
20,34.35,51.91,59.12
23,27.47,64.83,63.48
6,24.11,64.76,2.7
33,23.7,86.33,132.77120000000002
25,7.98,58.61,61.94
18,27.61,60.12,53.96
12,32.95,51.0,47.76
18,34.64,92.79,46.29
22,27.76,89.97,81.04
17,57.8,52.87,31.37
19,29.49,59.06,78.28
24,7.68,54.7,44.52
23,24.53,59.68,63.12
1,33.35,44.07,0.69
25,25.06,12.41,62.56
7,28.22,12.18,1.78
7,32.64,49.42,0.81
28,21.47,43.56,75.23
3,30.83,41.17,4.95
17,6.16,60.62,36.31
32,24.0,54.93,115.92
8,23.61,64.14,0.41
20,8.43,49.08,46.48
2,25.0,40.78,4.98
14,29.95,49.63,56.83
27,22.51,46.85,111.31
19,32.06,65.73,47.6
25,52.95,14.11,26.46
12,29.51,62.29,48.96
4,9.84,40.76,0.62
26,27.69,64.41,71.51
1,8.87,50.36,0.61
8,31.25,53.03,3.46
20,30.9,67.53,62.9
23,7.22,17.88,27.26
29,49.01,87.91,66.63
32,26.53,63.74,118.67
11,25.1,41.8,2.55
26,26.59,90.14,52.72
5,30.24,62.33,1.78
11,34.34,66.83,4.19
35,23.06,51.28,119.11
7,20.2,58.37,1.14
32,8.38,59.36,59.93
15,26.39,54.03,61.29
19,31.63,53.75,51.71
22,27.22,58.35,80.81
26,31.43,64.09,86.59
35,54.94,19.84,45.46
21,26.04,57.62,64.79
25,24.45,56.68,71.09
35,51.05,85.25,77.68
21,27.04,56.4,81.21
8,33.82,58.94,1.83
12,33.03,53.74,50.1
13,27.93,50.11,50.05
19,33.16,15.78,38.35
21,28.41,53.21,57.9
7,57.24,62.14,4.86
13,29.76,50.94,41.17
9,24.28,64.84,2.8
28,29.17,40.92,106.18
19,34.17,66.78,62.85
33,23.06,68.48,122.53
32,31.37,68.18,115.36
17,25.01,54.72,57.65
19,25.29,59.86,60.83
35,31.97,56.73,124.54
9,30.71,64.21,1.64
32,23.52,69.44,115.15
31,31.13,46.12,89.2
6,6.34,15.09,0.18
19,21.99,52.94,65.78
30,30.41,46.07,80.81
25,24.23,50.9,71.02
15,24.1,43.64,48.95
33,29.59,68.4,86.74
26,26.93,51.34,77.49
3,8.21,66.66,0.18
22,20.06,11.23,47.06
35,47.44,52.34,69.73
29,22.11,65.92,100.11
35,29.93,66.61,132.77120000000002
24,9.68,58.45,45.07
24,27.22,45.75,92.85
34,23.88,63.8,125.14
8,25.28,93.55,3.53
31,28.81,55.97,97.67
17,31.65,92.02,48.14
11,24.56,50.74,1.56
2,27.55,43.36,4.77
3,27.99,48.23,0.81
2,30.77,54.05,1.09
17,27.82,44.82,48.33
17,22.77,90.88,43.94
21,54.6,56.17,52.54
35,53.94,65.12,68.67
29,45.7,55.53,62.26
12,9.38,58.92,22.16
1,21.91,87.23,1.89
31,30.78,41.73,125.94
1,27.34,59.7,0.31
27,8.56,42.12,64.08
18,23.68,67.33,60.9
27,26.45,62.23,108.52
31,21.18,49.39,110.53
1,20.76,19.54,1.41
4,32.0,42.1,1.65
20,33.86,13.88,48.93
19,9.46,69.44,39.89
29,34.88,67.82,85.57
33,33.28,46.63,132.77120000000002
18,29.38,14.41,50.44
26,33.76,62.04,91.99
35,26.39,45.12,115.41
12,23.49,52.41,37.59
5,7.85,66.61,2.3
22,51.28,67.47,48.31
34,34.05,89.91,126.71
18,26.05,13.08,45.2
17,24.05,17.51,40.34
9,33.66,60.24,1.49
18,22.17,50.59,57.37
20,7.83,49.73,37.34
10,51.31,55.33,4.18
4,26.19,45.78,0.56
20,34.48,11.14,45.41
7,58.45560000000002,48.13,4.27
24,8.59,53.24,48.37
33,26.62,67.2,102.39
32,23.98,15.13,93.28
27,23.14,64.48,103.19
2,24.25,45.42,3.0
26,8.9,61.8,52.97
35,28.4,64.1,99.06
21,25.95,49.86,75.51
21,23.14,16.24,49.93
22,33.76,43.74,66.96
14,7.52,55.75,32.57
35,6.82,59.51,59.2
15,22.79,51.5,58.03
21,7.92,53.28,38.19
3,25.75,46.64,2.41
26,24.62,66.01,103.37
30,20.46,89.77,122.46
15,21.23,44.2,41.2
22,9.77,15.59,32.07
29,32.7,41.42,95.6
4,24.22,51.02,2.59
4,23.55,52.77,3.06
15,25.9,52.21,40.92
15,20.68,57.8,58.96
9,21.79,44.88,2.41
18,28.7,47.47,56.89
32,49.77,61.37,71.85
17,32.72,40.41,47.05
23,22.56,52.07,60.65
14,29.47,18.13,40.8
7,28.56,64.75,4.57
19,21.68,61.41,70.93
12,20.81,91.93,22.02
24,32.55,92.68,56.18
19,24.0,50.22,75.88
27,26.26,55.56,98.17
20,23.33,48.78,65.22
12,32.23,44.12,33.83
20,24.75,65.93,59.48
12,30.95,64.81,33.97
25,29.05,56.24,91.1
17,25.41,16.21,41.94
22,27.94,12.97,64.24
32,31.85,46.85,109.81
3,24.58,41.38,2.12
26,51.69,54.39,50.6
20,5.53,44.05,39.01
30,47.84,65.71,64.22
2,21.53,45.73,1.62
23,22.72,56.84,79.01
26,25.37,51.02,80.32
8,52.29,59.44,4.98
15,28.58,65.34,49.27
13,29.04,56.87,51.38
22,21.49,89.48,67.22
31,9.13,52.69,50.53
20,32.5,45.26,74.12
13,46.68,54.89,27.44
26,31.14,69.84,84.83
32,34.37,86.07,90.54
31,7.64,16.16,48.6
9,24.92,52.37,2.73
26,33.0,64.45,92.28
7,47.26,49.0,4.6
1,29.2,63.57,1.02
2,30.31,94.03,2.47
8,34.5,48.46,2.31
13,27.31,91.76,33.88
18,21.83,58.35,61.17
3,48.92,57.05,2.97
5,9.06,63.68,1.58
34,8.37,49.35,67.49
11,21.94,59.01,0.92
27,29.68,41.1,102.34
20,27.15,49.51,55.36
21,29.0,49.49,68.08
20,30.06,56.0,67.34
12,22.53,40.15,35.64
21,8.37,45.25,51.73
3,5.53,54.77,2.16
3,34.53,46.46,1.96
29,24.28,41.69,89.32
14,22.65,52.48,58.23
7,46.98,62.7,0.75
6,8.46,52.77,4.2
24,29.83,60.53,100.29
22,22.39,62.57,84.39
23,27.15,54.69,60.76
35,53.86,44.72,71.66
19,58.45560000000002,54.6,47.17
26,31.49,44.96,74.79
6,28.97,15.08,2.2
28,32.35,69.6,110.53
14,9.72,66.14,34.78
21,35.0,58.67,62.57
27,20.26,58.39,107.92
34,7.33,62.31,74.61
9,31.34,58.58,0.56
20,26.1,65.94,80.51
3,28.87,56.77,0.77
24,27.72,63.44,66.91
6,23.23,47.51,3.17
13,29.97,43.46,52.1
18,26.28,67.93,72.23
15,27.02,43.39,57.39
22,7.59,55.94,38.1
20,7.9,45.38,38.4
29,23.25,54.09,98.99
3,29.62,58.08,3.73
6,21.19,56.05,4.33
7,27.74,53.72,0.18
12,24.58,46.22,45.59
15,27.06,49.96,55.91
17,29.27,65.34,53.65
7,28.55,64.17,1.37
6,26.41,56.27,4.4
27,7.96,45.08,56.79
35,31.23,43.9,132.77120000000002
5,6.5,43.88,4.61
18,27.73,15.8,49.87
8,6.87,62.49,4.3
13,26.48,67.86,36.19
9,30.34,67.84,0.9
24,20.95,48.36,90.08
13,31.57,57.58,53.27
26,26.6,68.97,103.71
19,28.48,53.67,51.46
27,32.53,47.95,85.75
11,5.53,60.29,1.99
29,20.3,52.13,78.67
12,53.09,68.79,20.65
26,30.38,56.97,89.3
4,31.58,44.79,4.67
10,34.84,43.68,4.24
2,26.21,59.88,4.65
13,23.34,52.12,44.26
10,28.36,53.95,2.62
2,9.89,48.16,1.27
10,25.48,41.28,0.18
6,28.44,64.65,4.08
12,29.72,44.86,35.96
26,29.71,62.75,102.94
2,5.58,44.34,3.96
23,6.61,40.09,39.66
19,33.96,55.87,74.75
16,22.66,65.0,57.89
33,7.2,62.43,57.88
8,22.04,88.81,0.18
25,28.58,41.93,95.93
15,21.36,64.97,53.65
10,48.08,87.3,1.51
14,7.34,43.56,28.26
10,23.69,40.1,0.37
1,32.54,48.65,0.65
14,26.73,57.51,49.71
15,29.29,52.65,56.57
22,33.68,47.57,84.22
10,21.24,18.02,2.14
33,23.59,62.15,87.08
27,32.9,69.17,98.04
26,22.96,48.44,91.06
7,27.47,54.94,3.75
30,29.52,15.35,81.73
7,26.36,54.2,2.96
8,50.61,12.82,0.63
15,8.11,53.52,35.42
24,56.25,66.09,42.88
26,31.24,44.76,100.28
29,26.5,62.78,106.72
12,28.77,44.7,30.76
33,53.15,42.91,60.17
2,30.92,43.02,4.64
4,25.22,61.51,3.1
8,34.1,48.39,4.24
33,21.56,47.89,100.35
6,20.9,11.14,3.67
29,22.05,88.0,77.43
22,23.2,16.84,46.62
7,53.16,44.07,3.95
29,27.15,42.45,95.86
23,30.8,55.99,76.26
3,28.67,40.35,3.73
13,22.88,47.14,49.04
13,26.69,68.93,54.09
27,33.9,18.83,65.05
6,29.55,52.41,1.82
18,22.66,53.64,70.92
6,50.37,48.47,3.54
5,30.89,68.45,0.91
2,31.63,44.4,2.22
9,25.34,13.84,2.94
22,22.42,68.03,88.09
11,32.38,64.31,3.87
33,29.65,66.07,116.02
18,22.71,55.91,63.82
5,34.58,60.9,1.73
2,21.71,62.02,0.99
33,46.03,52.46,80.69
17,25.92,51.49,51.31
35,34.38,64.93,122.62
22,26.02,56.49,74.94
8,33.9,15.99,1.27
14,34.46,64.53,36.15
24,21.31,65.8,74.12
34,28.9,69.47,108.91
8,8.99,92.73,3.14
20,5.53,47.08,30.23
18,34.71,56.64,48.35
16,34.87,51.55,63.05
9,9.54,88.34,3.36
3,48.75,88.33,3.71
4,53.99,51.5,0.71
20,49.01,59.43,31.19
11,25.72,47.33,1.06
23,31.23,54.19,57.66
12,34.27,45.59,35.66
14,25.96,57.27,51.06
35,34.85,57.59,132.77120000000002
1,49.2,61.71,2.64
30,25.31,42.81,112.62
11,34.64,44.7,3.56
4,6.37,56.21,1.39
18,31.62,55.15,68.88
16,55.91,93.11,28.12
5,24.76,54.73,2.21
12,45.59,88.68,22.0
18,55.82,53.81,39.93
16,21.57,46.85,55.07
20,56.3,50.25,36.35
27,31.92,47.8,69.23
12,29.3,56.07,37.59
27,6.11,67.54,55.56
21,7.9,52.7,50.28
23,5.53,43.27,39.16
3,47.69,51.52,0.27
31,33.35,20.0,77.05
7,7.1,51.18,4.97
18,27.31,19.92,33.57
15,25.13,90.26,26.8
18,30.02,48.82,59.69
27,29.03,18.12,52.37
3,23.7,67.49,2.92
2,24.67,59.62,1.46
12,33.02,50.83,31.53
24,24.31,64.66,95.84
21,33.56,46.99,69.15
1,28.18,40.64,1.59
23,30.34,63.68,64.28
11,31.06,11.21,3.59
31,9.6,44.22,59.87
17,50.3,60.59,27.93
5,22.08,61.55,0.64
10,21.06,42.89,1.07
18,32.03,58.74,63.91
33,29.57,67.53,130.56
12,25.69,15.55,24.14
4,25.06,60.28,1.09
17,20.49,48.28,48.11
6,28.13,66.87,2.95
22,49.72,52.27,50.3
18,31.9,19.43,44.9
16,20.64,46.3,42.34
28,34.94,65.12,110.7
29,32.5,54.03,80.48
10,6.24,52.97,4.77
29,20.43,93.4,63.69
31,31.73,64.09,124.24
4,29.34,17.76,2.5
22,20.83,18.0,49.79
17,6.28,52.25,30.17
35,32.91,42.17,131.42
15,31.38,88.34,56.41
11,21.6,16.19,2.84
9,27.99,94.03,0.99
28,25.08,57.78,91.27
16,28.87,86.38,66.23
27,30.07,18.95,66.31
23,27.23,67.58,89.81
11,8.48,19.17,2.88
14,23.5,63.26,46.32
11,7.03,89.63,1.17
8,30.52,12.52,1.29
31,22.17,45.74,78.88
25,21.55,66.89,86.11
21,34.25,40.35,78.75
3,24.93,58.67,1.01
29,29.59,56.88,99.99
19,50.55,12.01,28.87
21,21.86,43.55,78.71
28,20.94,59.15,98.4
7,8.22,40.26,1.62
26,33.95,67.16,97.78
16,25.06,87.97,44.72
22,28.24,67.66,90.55
34,26.04,63.5,132.77120000000002
16,32.77,68.01,65.98
30,30.54,17.2,72.13
19,34.27,42.13,70.14
20,20.47,69.98,68.76
23,54.58,64.31,42.99
6,32.9,46.86,1.66
11,22.4,92.62,2.34
6,34.37,61.51,0.44
33,23.07,46.26,95.03
2,30.47,45.76,3.15
21,23.88,91.76,36.79
3,21.18,47.35,4.02
4,33.33,47.18,2.82
18,7.14,48.3,36.26
13,28.45,44.3,50.85
13,26.03,65.57,37.73
25,26.95,11.57,69.16
17,28.89,50.52,69.99
33,23.31,43.16,118.88
33,7.84,69.02,56.92
14,5.53,49.33,22.9
27,22.65,59.84,110.21
34,57.19,50.06,51.15
21,24.4,65.34,72.26
13,24.03,52.48,41.02
28,32.82,49.18,78.98
11,34.75,91.86,1.09
19,8.68,44.24,32.99
20,21.26,63.01,54.63
18,22.25,56.14,66.16
19,21.19,52.89,55.11
13,34.03,68.51,37.51
1,27.3,55.67,1.81
15,52.45,19.43,25.37
5,29.31,61.76,2.92
2,31.68,14.36,4.19
35,26.95,62.82,96.66
13,28.15,44.13,32.56
13,24.28,57.58,46.05
25,57.5,94.0,39.47
5,34.01,19.17,3.32
3,33.5,64.68,0.46
3,26.55,67.33,3.92
12,21.49,19.98,22.31
34,21.65,60.5,132.77120000000002
26,32.8,91.56,75.72
12,27.07,64.23,48.22
7,53.2,87.21,0.18
9,24.62,59.74,2.26
8,26.41,42.84,3.37
7,22.07,91.77,3.05
29,30.11,17.46,66.36
8,31.05,66.03,3.17
31,9.5,47.28,57.55
33,21.89,11.73,78.42
20,20.05,44.87,78.26
20,33.31,93.62,46.8
9,26.73,65.55,0.94
9,7.17,55.16,1.14
8,8.92,55.21,2.77
15,33.99,69.99,56.26
22,20.99,42.15,90.39
3,22.11,45.9,3.41
34,7.42,62.9,72.41
23,29.96,63.73,63.51
23,20.44,18.29,61.42
34,8.09,53.96,64.25
19,31.32,12.39,41.1
30,24.73,94.03,73.94
34,20.78,92.02,94.6
25,27.86,19.81,45.38
14,23.18,62.53,43.66
28,21.99,58.69,78.0
13,22.84,67.91,48.79
5,6.96,85.84,0.28
3,27.29,19.78,4.69
23,49.17,49.2,34.66
2,21.55,49.06,1.07
2,33.17,85.45,3.95
16,45.08,41.18,26.71
22,7.26,48.73,44.72
8,33.71,49.37,3.02
33,20.63,67.14,89.38
34,33.25,46.86,115.4
17,21.57,65.12,49.95
16,33.82,53.33,54.94
25,30.79,50.02,71.93
35,31.86,43.46,119.74
24,32.62,91.4,54.42
24,21.12,43.36,93.81
6,24.55,56.62,3.04
22,22.59,43.2,75.69
11,34.32,90.73,1.57
3,32.12,59.52,0.76
14,31.38,55.04,48.8
3,22.41,48.59,2.59
18,31.86,52.86,46.67
5,22.71,19.51,0.43
22,31.85,63.24,81.7
12,26.01,48.79,34.4
20,31.75,92.59,47.22
22,54.63,40.07,55.13
27,28.32,52.43,109.17
5,30.19,54.1,3.74
10,22.44,40.21,1.9
9,24.57,14.66,2.19
16,28.25,69.79,55.64
4,34.16,89.23,4.16
32,28.17,55.32,103.6
30,31.9,88.23,112.5
24,22.82,61.57,77.4
23,34.77,43.33,59.61
27,57.67,16.57,45.61
15,34.31,12.7,43.98
15,31.18,87.26,43.85
4,25.56,49.53,5.0
5,33.27,54.31,0.58
20,25.31,53.49,79.59
4,28.17,58.12,2.56
13,27.01,42.85,43.85
29,33.5,61.98,102.12
25,27.41,57.97,89.51
12,21.89,12.03,25.26
29,26.33,44.44,120.46
30,29.56,43.67,95.47
22,22.76,41.9,74.95
6,26.15,68.08,2.75
32,29.26,44.43,112.55
26,20.78,92.76,47.37
13,23.16,65.23,45.07
24,24.63,56.7,80.24
2,20.18,55.13,3.45
23,9.8,65.09,47.55
2,22.55,43.03,2.01
31,49.95,43.0,71.3
3,32.23,45.88,3.55
5,22.43,61.81,2.41
5,33.0,65.16,4.37
6,48.8,60.19,0.18
14,20.34,51.56,38.4
30,29.83,49.86,105.8
10,33.27,44.57,2.34
11,48.66,60.38,2.34
3,31.54,68.8,4.24
1,28.66,53.67,0.18
15,46.34,45.18,28.26
13,29.27,87.13,39.64
23,28.56,12.85,55.91
18,25.38,66.24,69.24
12,58.45560000000002,93.5,15.73
22,26.56,65.6,81.17
20,24.52,40.06,71.41
18,27.03,41.37,46.68
31,31.24,53.67,90.7
21,22.91,45.68,57.79
4,30.02,50.95,3.14
30,28.03,56.61,99.29
25,29.48,61.72,94.28
34,21.57,55.63,124.31
4,30.56,59.19,0.6
25,32.71,67.23,86.81
2,30.41,50.1,4.98
13,33.46,47.58,37.29
29,7.1,66.57,68.23
32,31.38,41.78,110.18
2,32.74,11.74,1.89
25,34.09,49.19,83.25
33,26.6,67.36,106.43
16,33.21,52.17,46.72
19,32.16,90.71,36.65
9,34.19,88.36,0.68
9,58.45560000000002,16.68,3.62
16,7.53,67.75,28.34
31,27.83,85.03,84.7
10,30.48,64.8,2.56
11,28.84,44.72,4.14
1,46.98,55.37,2.89
19,29.64,92.1,45.55
11,30.39,49.09,3.17
8,30.56,65.32,1.12
22,28.33,90.96,47.74
1,28.5,60.82,3.46
30,25.49,48.25,88.65
2,27.07,54.02,2.74
13,33.43,56.67,36.0
30,21.76,45.42,107.65
13,9.96,50.65,27.88
23,33.1,61.97,73.68
27,25.15,68.24,69.72
18,20.03,54.07,57.43
30,24.12,56.56,89.74
22,32.76,48.09,77.11
2,29.44,64.09,3.76
19,20.45,50.54,68.28
33,6.21,62.95,52.73
16,49.89,17.9,27.92
35,29.44,69.87,121.11
29,21.79,57.36,112.75
29,54.97,43.72,49.25
33,31.85,59.71,109.49
4,32.38,45.3,4.07
15,20.43,52.43,38.19
17,24.96,56.32,51.66
19,34.69,43.74,57.76
31,27.36,41.17,112.2
15,30.8,47.68,46.0
16,31.89,61.41,66.6
22,8.03,61.2,36.55
11,53.92,16.87,0.18
29,7.76,45.32,59.41
10,34.28,52.77,1.66
33,34.8,58.72,132.77120000000002
2,25.89,43.97,3.8
11,29.81,48.24,3.72
22,33.53,55.97,57.39
6,20.79,59.61,4.9
27,28.21,51.9,92.61
26,21.98,40.9,83.63
27,27.07,87.75,112.94
21,25.82,63.72,67.15
34,6.19,68.93,80.92
21,54.59,63.01,38.89
4,46.02,41.36,2.85
28,45.89,64.93,67.01
25,31.08,58.04,92.86
10,28.9,62.31,3.31
19,26.67,45.49,79.23
35,27.62,14.62,79.22
14,21.65,66.15,39.83
28,6.58,17.13,39.21
21,7.86,67.62,43.75
13,8.72,52.94,22.59
10,6.86,57.88,4.65
29,22.44,52.41,89.91
3,25.51,60.13,2.91
13,21.61,65.26,52.53
25,24.05,55.16,74.0
28,26.38,57.04,95.61
20,34.69,90.07,35.24
28,27.2,16.94,59.78
25,25.89,55.1,75.42
33,58.45560000000002,65.0,72.45
18,21.37,67.53,65.88
11,30.24,40.75,3.03
14,5.53,69.55,31.39
5,8.74,93.94,0.74
12,32.9,42.53,42.58
14,20.93,65.03,45.15
12,31.06,54.97,38.5
21,28.27,67.4,76.87
32,22.57,44.87,107.25
7,53.72,42.05,0.3
21,33.24,67.74,75.87
16,24.9,40.95,45.0
15,28.17,89.43,45.31
26,34.4,53.13,85.04
18,6.13,65.95,32.08
32,33.29,67.57,119.9
22,22.82,11.14,59.38
31,29.49,42.69,86.47
29,49.66,69.62,56.39
20,33.54,16.63,46.96
15,58.45560000000002,18.35,24.49
24,22.7,42.8,71.24
19,56.33,61.09,42.05
34,32.79,56.68,96.45
13,20.72,40.63,36.74
32,27.38,50.23,88.31
28,22.44,40.71,80.84
25,31.32,49.12,65.15
15,23.27,50.08,53.13
8,27.85,46.82,4.94
3,23.68,18.78,3.08
33,6.29,85.03,82.22
28,23.84,45.35,85.37
1,29.72,42.65,4.56
26,33.94,62.44,90.5
14,33.91,49.31,48.1
34,9.74,42.3,77.09
8,9.26,56.01,0.86
22,9.06,48.65,53.83
19,21.7,48.44,71.93
33,21.48,57.52,117.91
8,31.99,52.01,2.03
14,8.36,60.86,26.52
23,26.63,63.58,80.52
29,8.73,63.99,58.65
29,34.8,94.03,72.72
31,6.53,67.92,76.76
2,20.76,43.81,4.55
5,9.54,54.85,1.42
33,20.14,60.45,115.13
13,31.45,57.91,51.37
3,23.09,61.26,0.24
2,27.67,61.56,2.52
17,52.34,92.2,22.03
24,30.84,57.07,61.95
10,32.91,15.19,1.68
24,23.55,43.25,92.55
23,26.73,59.11,82.97
13,9.62,67.88,22.02
8,23.4,92.88,4.61
10,34.05,60.93,4.16
10,34.39,50.49,3.96
33,24.47,56.67,108.38
34,22.31,90.34,67.67
28,28.9,51.29,104.32
24,30.88,61.81,91.58
26,20.54,50.24,107.69
35,29.83,61.73,95.58
19,30.92,58.13,58.83
15,5.53,64.0,27.09
28,8.82,60.58,52.73
1,25.88,46.6,1.62
33,49.65,48.89,63.9
1,25.23,65.7,1.78
23,31.16,40.43,81.1
12,22.41,43.82,47.83
25,48.6,14.41,41.21
3,27.42,94.03,3.24
34,24.09,57.02,92.24
21,21.27,46.19,57.19
30,24.22,48.55,119.5
17,31.34,17.25,40.3
35,24.92,64.93,105.54
2,26.24,58.05,0.82
34,30.29,40.56,106.17
15,30.23,57.8,44.55
25,27.88,53.36,104.72
20,20.53,51.52,57.47
31,24.36,54.94,108.76
35,33.63,65.49,101.26
22,5.53,48.84,51.86
35,55.94,66.8,64.84
3,32.68,65.54,1.12
19,30.07,94.03,49.86
34,22.1,48.7,97.11
15,32.16,66.47,56.32
26,28.09,69.31,79.2
34,8.63,48.55,81.77
14,25.51,63.74,57.29
26,58.45560000000002,49.93,59.05
35,20.29,43.28,103.72
19,22.45,63.96,73.08
6,26.61,13.45,2.07
22,24.63,65.68,83.88
6,28.11,61.29,2.01
34,49.8,93.36,48.17
24,24.62,65.12,94.66
19,21.65,67.49,62.15
12,7.99,59.61,20.15
9,58.45560000000002,44.22,0.5
11,33.95,18.04,4.42
35,26.41,47.86,125.06
25,21.98,48.88,103.25
30,22.88,93.66,57.71
10,30.88,58.75,1.07
33,27.78,43.24,96.44
32,33.1,93.58,85.46
27,8.43,13.28,38.23
19,6.75,60.3,45.21
33,33.67,50.78,109.34
21,47.08,56.28,40.12
23,29.03,47.61,93.37
12,34.5,45.05,35.85
30,32.04,47.5,122.79
14,55.74,40.61,26.43
8,7.0,56.2,1.65
25,20.12,47.71,68.57
6,30.27,52.71,0.27
13,26.79,85.89,44.93
21,21.72,60.74,64.64
16,28.19,55.94,55.83
24,9.22,92.57,32.55
3,24.74,47.82,3.44
1,26.75,52.25,3.48
34,28.61,46.25,130.12
3,21.73,45.57,1.75
12,27.63,50.31,36.73
29,50.86,90.12,33.01
18,26.98,65.26,49.89
31,8.98,65.43,73.36
11,31.11,59.46,1.53
1,32.06,47.55,2.97
26,32.58,69.82,97.87
13,7.79,85.8,28.5
2,25.07,65.95,1.22
15,22.27,66.04,61.36
33,22.57,47.2,96.0
10,32.5,43.35,0.18
8,31.93,53.71,2.25
18,26.34,91.13,44.9
20,21.61,59.32,58.71
23,20.43,59.17,67.17
4,48.94,12.34,3.62
15,33.34,62.74,59.57
9,28.03,54.06,2.07
3,30.29,63.36,0.91
28,27.93,61.79,96.44
8,30.2,56.2,4.33
2,24.08,56.46,0.53
12,23.46,12.77,24.55
11,25.35,60.78,0.4
6,9.42,60.92,3.99
5,20.04,58.88,4.35
13,52.14,61.28,24.35
12,31.91,51.83,49.49
26,30.05,54.7,107.4
11,24.84,68.07,3.28
31,32.49,61.3,108.03
25,27.29,43.08,64.6
18,24.81,50.06,58.82
23,57.25,52.85,56.65
19,58.01,58.7,43.9
21,33.29,46.59,74.83
35,34.01,17.27,102.05
8,57.46,16.17,3.11
22,28.09,62.44,62.52
25,21.71,43.41,102.88
24,52.71,59.65,56.93
9,8.25,55.62,2.36
31,27.75,64.81,93.8
13,30.54,41.16,38.8
3,26.36,48.46,0.18
34,31.07,45.49,88.84
10,8.2,44.72,1.51
9,21.44,88.46,4.81
29,27.08,44.64,93.95
16,27.96,13.18,32.5
3,29.96,48.21,4.31
14,20.33,49.19,47.39
7,8.93,44.74,0.43
30,31.64,90.54,57.46
27,24.44,40.34,90.76
16,34.28,59.81,66.97
16,24.94,63.0,53.75
19,24.28,60.93,72.71
3,25.51,66.53,4.76
4,21.23,60.53,1.74
15,22.2,85.99,47.16
27,27.24,42.63,75.19
9,46.1,61.42,3.83
20,31.98,65.55,80.17
20,20.24,15.48,37.26
12,34.79,53.37,47.77
35,28.37,44.44,116.82
33,27.53,44.45,132.77120000000002
28,23.68,64.36,113.1
9,9.89,48.9,4.91
33,7.73,52.07,51.81
14,22.79,70.0,45.28
32,7.67,43.82,63.68
15,25.2,60.04,39.56
34,26.91,88.98,102.05
16,21.81,12.41,47.0
15,25.36,87.34,41.31
15,31.2,45.37,52.1
35,7.34,17.72,37.77
34,21.39,60.05,124.17
12,8.55,61.2,29.79
18,33.35,57.49,52.62
35,51.8,88.12,79.23
33,31.79,94.03,68.84
2,23.42,49.27,3.26
26,31.0,65.82,84.29
20,32.24,49.42,72.65
26,28.19,67.2,86.9
13,22.93,58.07,34.07
16,22.82,58.82,55.97
16,9.04,61.21,40.01
10,23.35,16.83,0.8
9,27.7,49.18,1.13
35,33.43,45.5,132.77120000000002
22,24.27,18.72,53.58
26,34.86,41.34,66.58
16,5.99,64.39,30.43
33,34.99,16.93,82.45
30,27.85,18.84,60.03
4,24.13,62.9,1.24
15,29.91,60.44,53.41
16,9.6,53.02,34.13
34,34.85,45.81,131.28
28,24.46,43.85,99.15
32,24.79,45.4,96.59
15,31.77,60.87,39.93
16,20.59,57.76,66.26
20,32.37,12.55,54.72
22,26.46,15.25,61.95
4,32.54,59.76,4.28
25,25.54,55.25,88.43
25,8.38,65.37,48.05
20,23.8,47.88,69.12
33,28.43,67.68,129.98
12,21.92,41.2,37.8
18,50.5,65.12,44.13
10,27.39,53.36,4.4
27,32.58,54.67,83.79
14,56.58,52.98,30.85
15,31.02,63.04,50.8
9,32.42,45.38,4.59
4,45.72,40.76,0.53
35,21.21,54.86,116.35
2,32.12,52.46,0.18
16,32.01,90.45,28.91
31,28.29,62.97,126.71
12,26.25,90.04,24.74
26,56.88,69.96,57.31
5,5.53,63.73,2.95
7,24.54,47.81,3.33
4,31.81,61.64,2.72
5,57.69,56.48,4.08
34,29.46,43.53,116.14
12,26.08,40.57,40.73
23,20.32,46.61,81.92
10,27.68,55.71,0.37
34,33.63,68.96,121.22
2,29.23,12.96,0.45
33,29.27,61.1,107.92
33,31.34,66.14,88.26
7,25.37,41.32,0.42
4,6.79,51.45,4.7
16,33.16,45.24,61.22
27,48.19,63.04,67.4
23,27.41,51.28,69.22
34,33.47,58.37,132.77120000000002
34,31.56,13.44,72.87
22,29.86,62.41,82.43
6,24.75,57.39,3.08
16,9.61,54.56,30.41
13,27.0,93.72,26.95
22,46.32,85.65,34.46
19,32.25,62.92,69.1
35,30.11,60.4,128.42
8,26.63,45.89,3.11
30,20.64,56.44,79.39
8,25.78,88.25,0.48
20,58.45560000000002,91.36,21.7
24,22.41,48.5,79.29
23,29.58,63.57,75.17
10,33.14,57.93,0.51
22,31.22,45.81,86.7
10,20.05,48.74,0.97
11,24.49,15.84,1.95
29,31.77,55.27,119.18
31,33.46,48.38,81.59
9,31.03,52.78,4.38
9,8.28,41.85,2.48
23,34.46,58.2,63.01
8,31.76,68.15,2.7
24,30.66,47.74,93.75
23,22.59,45.71,59.58
23,23.54,69.11,61.56
14,34.85,51.12,46.11
10,5.71,65.81,0.18
31,33.71,56.08,97.62
1,22.69,52.94,2.47
23,51.28,62.34,52.07
20,30.85,48.62,82.92
16,8.27,47.42,30.68
24,30.65,64.68,92.38
5,30.35,53.75,0.24
15,58.45560000000002,52.44,22.67
30,28.87,44.06,96.28
3,23.09,56.64,0.44
30,28.7,43.72,117.11
26,26.92,67.17,92.15
29,26.96,88.32,93.72
22,28.73,44.79,90.89
31,22.34,63.12,112.65
18,22.51,41.54,73.08
10,32.69,61.48,0.67
5,23.57,48.43,2.23
34,31.76,47.35,132.43
7,28.74,58.17,2.67
19,27.73,46.18,56.62
35,5.53,50.84,67.85
24,25.12,63.98,99.33
13,28.28,47.24,38.54
22,23.5,68.87,78.14
20,24.31,66.85,80.58
10,30.85,50.28,4.12
21,34.05,51.11,79.91
19,33.69,49.92,64.59
28,30.34,51.47,72.72
12,25.35,41.05,33.11
11,54.44,85.38,1.77
32,27.99,47.4,85.59
35,20.23,43.86,132.77120000000002
8,20.82,45.51,1.58
15,47.94,52.96,32.04
18,27.38,58.41,70.92
6,26.68,17.93,3.11
20,22.22,44.13,75.75
24,9.5,41.71,52.42
10,32.12,85.52,3.73
21,30.16,45.1,56.74
12,20.75,94.03,31.25
8,20.82,62.36,1.95
14,49.07,88.41,24.1
2,29.8,67.12,0.38
22,47.14,42.15,50.6
33,30.32,61.05,112.66
22,32.44,43.1,89.58
10,29.2,47.18,2.05
8,34.3,58.08,0.87
25,34.72,52.83,87.87
3,22.84,59.45,4.01
30,21.65,13.59,82.1
8,34.52,60.9,4.51
28,34.24,42.25,70.68
6,33.84,54.3,2.67
23,22.83,63.79,95.43
4,7.15,61.2,1.77
1,21.83,13.64,1.59
9,32.66,13.08,2.74
18,51.13,55.24,42.94
14,34.08,45.71,51.86
12,26.23,46.29,47.33
13,26.71,52.48,44.01
9,23.51,52.63,0.77
20,33.31,46.85,78.72
2,9.06,49.88,4.99
29,50.12,64.85,51.32
24,31.57,65.22,97.37
16,33.32,56.06,55.35
27,20.46,64.28,92.48
11,34.01,44.22,1.41
17,22.66,17.1,41.3
34,34.21,61.57,106.94
6,5.86,49.34,0.18
31,23.74,43.58,92.25
33,6.2,53.33,68.72
27,22.46,46.98,87.93
3,21.38,40.98,1.03
4,33.84,49.34,1.67
26,29.84,49.02,103.09
1,22.49,57.38,2.01
27,30.03,67.21,68.08
2,21.62,43.21,4.79
30,29.67,55.58,115.81
8,29.14,57.66,2.73
3,23.66,91.44,3.6
15,29.0,85.07,59.49
27,33.14,65.65,106.81
5,28.69,67.78,4.24
6,26.18,44.96,3.62
8,56.24,55.69,1.59
34,21.0,50.03,117.86
24,30.47,41.61,97.97
35,30.02,41.38,132.77120000000002
2,53.94,60.73,2.47
30,22.5,61.88,85.11
22,22.87,67.88,68.22
32,26.02,47.57,126.94
29,24.68,56.4,115.12
28,30.42,67.08,73.54
25,25.66,61.51,94.97
26,32.42,48.5,78.11
1,28.5,89.46,1.62
30,28.88,52.89,97.7
2,31.91,68.05,1.36
22,29.27,62.62,83.36
8,26.62,60.83,1.19
7,32.11,67.6,3.05
16,22.07,47.7,53.27
23,21.54,88.79,70.46
31,29.79,12.11,64.22
7,22.38,59.5,4.39
4,27.77,63.29,0.62
28,23.1,53.35,91.91
32,26.35,55.03,84.52
3,5.87,87.9,1.39
26,21.97,66.09,69.58
16,20.35,55.74,50.02
21,31.09,88.8,80.53
33,23.22,45.43,119.94
1,27.43,40.7,3.72
22,28.62,85.8,72.67
4,56.86,11.37,3.43
15,33.42,41.13,61.33
29,7.54,86.6,65.76
32,24.69,55.2,126.65
27,24.13,54.29,77.48
12,52.12,63.3,26.5
22,29.09,66.77,70.24
20,53.05,41.32,36.66
17,28.57,51.97,70.65
3,31.19,65.5,3.05
33,34.84,49.92,129.64
19,33.3,68.55,79.51
26,24.24,41.75,79.07
29,58.45560000000002,57.91,66.26
34,24.5,65.66,109.29
5,25.88,14.38,0.53
24,26.65,64.62,70.93
11,56.71,44.45,3.89
9,33.82,44.61,0.87
32,24.37,18.97,73.33
32,21.43,51.98,91.53
20,5.81,51.18,32.81
21,22.19,44.66,56.4
27,22.22,59.76,104.98
24,25.96,94.03,52.78
2,29.73,43.65,0.47
21,28.46,63.93,59.6
11,27.16,64.22,4.53
3,7.73,56.81,2.98
31,46.54,64.44,57.37
9,7.75,51.59,0.32
31,20.31,11.14,59.7
3,29.73,89.77,2.64
2,54.08,59.3,1.76
30,20.81,66.36,98.38
12,49.28,49.83,21.94
22,22.72,41.6,90.03
9,55.33,88.7,3.3
14,26.05,53.12,57.14
9,27.12,18.13,1.07
7,33.84,55.03,1.25
28,21.06,59.9,110.97
21,20.9,44.45,81.01
24,6.55,48.67,41.31
28,26.26,50.85,95.18
2,30.58,65.59,1.01
14,21.93,66.86,49.53
23,20.78,59.08,83.63
5,27.85,64.32,4.22
31,55.93,54.26,74.71
23,7.59,41.74,55.11
20,27.33,19.89,47.7
12,28.78,57.19,34.09
26,20.02,92.25,58.72
33,28.6,19.51,63.04
27,10.0,12.61,41.91
6,25.79,19.11,0.76
10,29.99,52.52,2.19
28,27.3,62.77,98.0
22,32.35,57.51,65.8
11,30.29,85.47,4.58
13,34.67,60.93,44.95
2,5.53,65.84,0.56
4,6.63,18.98,4.27
34,26.96,59.9,124.66
26,29.84,59.56,108.66
34,23.12,16.24,74.33
9,49.91,62.78,0.18
34,33.72,48.61,117.96
5,54.39,42.63,3.73
21,23.11,40.03,70.79
32,33.11,91.58,82.87
12,34.95,53.68,34.65
5,26.03,59.18,4.6
7,56.63,56.04,2.3
5,28.91,64.92,1.16
29,29.34,14.36,63.22
28,29.4,61.93,72.55
10,25.03,45.06,4.21
19,5.96,61.43,35.28
12,5.57,62.99,29.97
22,31.36,94.03,51.78
1,20.83,69.69,3.93
31,31.61,46.93,95.29
25,9.52,49.57,40.43
28,28.89,59.72,96.43
35,7.64,14.37,58.64
17,27.39,66.71,62.13
14,27.35,40.02,53.76
16,33.64,68.49,66.85
14,20.52,50.42,56.36
15,32.18,45.7,40.24
4,22.67,61.77,4.91
14,27.95,59.89,51.46
28,5.55,40.15,48.24
14,22.69,62.92,49.58
35,47.64,61.98,87.94
1,21.47,55.32,2.25
15,30.09,55.9,53.41
30,31.3,50.7,104.57
30,50.82,67.34,61.59
23,34.17,68.62,57.56
12,7.29,67.28,24.64
32,34.3,46.87,121.61
3,25.77,56.57,0.66
24,26.83,62.0,77.7
16,56.52,46.54,26.64
11,23.37,49.67,3.96
8,30.89,47.53,0.23
26,26.16,94.03,73.16
20,28.35,59.98,55.51
13,21.61,61.68,40.1
27,30.48,51.0,108.51
19,32.33,86.91,72.58
11,25.67,68.57,2.43
6,30.51,60.83,2.42
14,33.04,57.9,37.45
35,48.07,43.23,56.34
18,55.56,50.14,30.74
26,29.75,54.17,70.03
17,5.75,14.4,29.96
15,8.53,62.61,29.59
1,27.54,17.64,3.43
27,31.39,50.02,97.69
22,21.01,12.23,47.65
19,21.32,69.99,64.62
3,29.01,59.31,2.62
15,23.85,45.31,37.57
24,33.63,59.61,91.35
11,32.67,51.4,3.01
29,23.57,46.55,114.09
9,20.42,44.46,2.98
35,25.23,58.72,132.77120000000002
31,55.26,61.38,46.71
32,31.69,59.51,88.15
25,20.05,51.61,86.61
21,29.88,61.96,71.3
15,27.17,56.21,62.22
32,27.95,40.65,124.75
1,52.0,87.28,3.53
16,26.06,49.59,43.82
33,24.35,69.87,115.18
12,34.7,41.87,41.37
5,32.41,52.85,0.53
28,20.62,17.71,81.32
12,31.76,58.7,31.62
24,23.42,47.15,81.29
25,28.39,55.21,83.41
9,24.85,41.69,4.78
7,34.85,62.45,0.81
34,5.53,68.75,69.68
20,28.86,48.81,74.26
1,30.84,58.09,0.18
19,20.41,57.0,65.99
10,22.74,43.44,0.84
16,29.51,41.13,54.3
8,20.89,60.42,2.48
29,33.94,40.15,95.6
18,32.03,68.25,45.79
20,48.04,60.4,32.06
2,23.03,86.89,0.84
21,24.43,57.54,75.07
9,22.68,64.06,0.76
16,8.43,61.17,32.86
5,30.25,12.24,1.14
25,30.44,68.7,91.85
8,24.13,42.11,4.61
5,55.7,45.02,2.79
31,23.13,61.17,106.43
7,28.99,86.22,0.18
27,34.3,58.05,75.42
33,28.68,68.61,123.35
1,28.08,61.46,1.27
8,26.05,51.57,0.23
5,27.38,44.94,0.24
15,29.39,57.78,58.92
1,31.58,57.54,3.02
7,22.3,63.8,2.16
5,22.9,50.12,3.3
25,32.93,60.72,104.28
2,6.12,61.44,1.25
22,24.51,87.39,83.66
13,30.46,49.68,50.08
30,30.89,50.7,108.36
30,31.0,88.2,97.89
28,25.32,63.44,96.97
24,22.76,13.25,43.44
35,23.98,53.41,132.77120000000002
25,20.11,49.3,83.42
8,23.12,54.89,1.36
2,51.09,63.44,4.69
33,47.31,40.88,72.13
7,6.39,44.65,1.66
35,21.27,47.86,127.09
30,28.14,63.52,82.88
27,25.15,42.17,102.54
14,28.11,60.45,41.77
22,34.17,43.66,87.91
25,28.05,60.33,95.52
33,22.01,63.21,122.2
9,29.75,60.81,3.22
26,22.79,89.1,85.64
16,27.33,11.67,41.08
24,31.72,42.14,100.43
15,31.72,48.05,53.46
15,28.9,60.0,40.56
22,28.65,11.14,59.46
15,26.44,69.02,47.13
7,24.18,68.03,3.96
7,49.57,65.53,3.04
23,20.04,56.86,59.01
31,21.23,45.17,127.74
25,20.05,43.21,92.67
11,25.49,44.46,2.68
9,6.34,43.95,2.06
12,24.17,58.49,31.29
8,48.42,53.62,1.49
10,26.45,47.5,0.55
12,6.57,47.88,20.33
5,49.22,69.35,2.83
28,31.06,46.68,87.33
8,24.34,46.31,3.27
5,34.9,43.81,0.26
13,22.14,11.14,28.08
8,5.53,60.08,4.24
10,22.35,44.42,0.68
31,55.35,67.43,63.27
9,5.97,85.08,2.93
20,32.29,68.59,67.2
33,31.64,60.3,128.06
30,23.2,49.24,107.78
10,29.83,88.7,3.41
5,21.03,65.66,1.74
11,23.97,58.97,0.18
27,20.93,69.32,82.97
20,8.13,46.02,32.17
31,33.02,67.57,122.54
35,25.52,54.92,114.49
13,31.65,90.94,32.24
32,24.38,53.63,118.71
25,48.57,94.03,30.4
20,55.16,66.32,41.21
28,57.43,40.86,57.08
1,49.75,59.61,1.21
29,32.67,64.93,91.38
7,28.38,92.77,3.13
19,52.39,63.13,40.02
32,55.36,51.65,59.94
2,22.89,50.58,4.85
1,24.28,18.04,1.45
20,27.22,47.27,63.33
7,24.08,93.99,3.24
23,22.93,53.52,69.96
25,28.19,19.23,54.35
23,8.89,89.43,47.17
14,27.91,49.3,35.7
16,28.96,49.24,51.36
1,20.53,43.34,0.97
31,31.92,41.71,95.38
23,23.97,67.95,70.88
8,20.54,91.25,3.52
29,22.21,15.32,77.56
28,25.44,53.03,102.68
24,6.28,40.51,47.01
18,5.78,54.72,43.91
32,29.48,52.33,126.17
4,22.48,65.92,2.34
10,9.61,41.88,4.19
3,33.76,64.64,1.72
6,34.07,45.23,0.77
3,54.01,17.89,4.98
26,31.15,47.38,105.44
2,24.14,64.04,1.02
19,27.01,65.67,77.09
34,22.49,43.18,121.41
11,29.86,57.02,3.23
26,26.46,45.84,84.22
9,21.74,51.78,3.39
5,26.08,54.66,2.94
16,27.87,67.91,64.4
5,25.15,41.02,2.73
17,9.98,60.95,40.43
15,32.6,61.46,57.03
14,7.63,61.23,22.56
19,54.12,86.42,33.88
3,30.28,42.67,3.24
31,24.53,60.67,105.97
15,30.26,88.38,44.98
26,22.05,50.94,105.03
18,26.55,17.32,51.4
10,22.8,44.02,3.84
2,34.31,64.55,4.22
21,5.79,46.07,38.54
8,29.43,61.26,3.08
7,51.13,61.21,4.76
18,20.73,52.3,73.29
2,21.68,58.38,2.0
18,25.55,53.57,59.62
28,29.43,47.0,103.71
20,20.85,46.22,52.96
31,33.42,40.81,79.35
12,26.95,41.2,40.94
8,34.27,57.97,0.45
17,32.76,55.15,70.1
34,28.25,68.16,132.77120000000002
12,28.1,93.93,33.24
1,25.16,65.29,4.3
22,28.32,62.55,87.38
25,26.71,57.16,75.45
17,9.67,66.32,29.73
13,24.84,13.72,28.27
18,48.93,94.03,26.42
26,21.12,66.03,105.18
31,29.4,68.26,81.49
25,6.77,49.19,52.58
13,31.41,88.78,45.25
14,20.17,17.62,29.36
21,7.89,46.73,33.44
23,33.52,42.93,61.28
30,23.1,87.61,81.85
31,28.83,49.82,114.99
1,26.83,89.29,3.92
25,30.18,58.09,74.0
13,32.86,56.28,51.41
6,24.98,49.81,2.42
27,33.42,54.61,69.12
27,8.97,42.45,67.58
8,26.52,47.09,0.6
31,30.77,48.44,113.35
11,30.21,61.72,2.68
14,30.47,48.87,53.08
35,57.01,13.79,42.89
4,20.59,12.32,3.54
34,31.09,55.26,96.05
25,32.38,50.86,62.85
2,24.9,15.18,1.85
15,27.87,18.44,26.91
4,27.31,67.25,0.64
35,49.1,67.35,59.77
22,30.75,67.35,88.25
4,28.96,63.26,2.47
7,21.33,69.12,1.86
26,48.07,48.04,47.06
27,23.85,45.14,74.5
12,34.12,42.48,45.07
35,34.17,62.37,132.77120000000002
21,28.24,59.64,64.36
2,29.26,54.6,4.58
20,20.83,13.63,49.06
28,21.13,57.81,77.28
4,24.85,58.11,2.85
6,30.24,68.76,1.01
16,25.59,12.26,42.35
23,24.9,52.77,95.03
21,33.39,65.18,63.56
10,32.26,62.53,3.62
8,34.96,50.01,4.59
16,24.62,53.94,65.25
2,33.23,11.67,4.69
14,22.81,51.38,53.17
12,28.51,46.42,45.42
11,23.85,41.83,0.6
3,33.05,45.91,3.03
31,33.45,68.44,126.1
15,9.74,69.88,27.99
2,30.72,61.14,1.23
19,6.29,49.97,30.97
26,47.5,53.38,51.59
2,32.78,43.19,3.17
2,27.56,58.13,1.16
24,23.84,41.54,92.42
17,33.22,57.96,55.3
27,23.27,47.56,96.18
22,46.1,86.07,38.27
29,56.71,90.79,48.76
11,30.09,50.93,3.5
25,28.4,47.06,81.53
27,21.0,56.51,90.55
29,30.91,68.12,88.8
34,31.41,65.87,112.01
28,28.21,42.59,86.22
33,21.99,57.26,132.77120000000002
5,33.61,67.46,4.63
17,31.06,55.91,46.71
25,33.84,65.36,85.5
7,29.91,14.72,3.57
27,32.9,49.17,107.49
26,34.25,63.14,87.42
31,28.47,54.37,90.95
21,29.72,41.1,72.02
22,22.32,67.35,61.61
8,9.95,50.91,2.02
13,50.92,49.18,26.59
12,23.9,56.46,43.13
25,22.49,49.1,89.22
2,20.25,60.38,3.88
30,26.59,14.8,69.81
26,34.14,15.02,73.17
21,51.42,65.07,40.82
7,23.34,69.62,3.49
35,30.97,14.8,64.7
35,7.67,51.69,62.16
16,33.6,61.43,56.02
2,29.56,41.64,1.14
33,31.73,56.03,88.12
7,9.88,89.88,4.21
33,54.84,59.24,52.09
8,24.88,41.7,2.58
21,34.51,63.34,57.25
11,29.31,60.95,4.64
33,24.91,92.15,77.71
21,26.71,90.36,54.61
16,33.98,47.21,51.26
1,21.74,50.11,1.86
17,32.99,91.61,42.09
35,30.17,45.91,132.77120000000002
9,29.96,92.83,0.39
30,27.62,61.44,94.91
28,29.48,44.8,98.58
15,31.63,44.46,54.45
2,21.39,62.13,3.47
22,21.1,61.29,88.92
34,31.29,48.56,132.77120000000002
1,33.46,88.91,4.92
35,24.88,63.96,127.69
35,25.31,62.85,100.38
27,21.79,46.61,93.45
22,57.59,65.16,41.31
1,28.76,64.32,4.25
11,26.47,41.9,3.31
35,27.78,15.19,80.94
13,29.26,56.29,52.9
4,32.67,50.74,0.18
33,26.82,62.43,107.33
20,24.09,55.32,76.45
29,26.4,50.9,100.73
25,34.9,67.19,102.4
28,30.57,58.62,102.6
25,31.51,44.08,82.03
26,25.5,93.0,69.68
20,29.96,57.7,76.1
28,20.74,16.39,50.53
17,34.47,68.8,43.23
11,20.91,62.03,4.49
20,25.67,48.57,53.39
19,28.79,66.91,55.87
32,9.66,63.6,70.5
29,21.92,47.98,77.75
31,26.71,90.87,86.52
1,20.89,14.53,4.94
15,24.32,68.14,41.63
11,27.43,62.39,4.03
28,20.6,41.86,76.04
5,23.88,69.9,2.79
4,25.68,65.16,2.85
7,33.72,45.69,0.6
24,32.97,66.54,61.27
2,29.32,86.2,2.77
5,27.53,63.97,3.17
18,33.61,17.07,35.23
17,20.85,62.45,68.29
31,24.51,19.55,65.64
23,8.26,63.25,42.47
5,32.52,52.19,3.46
8,6.82,63.34,3.4
30,29.03,54.03,107.06
6,34.71,67.37,3.86
7,28.06,66.55,4.33
25,23.83,87.41,79.88
22,30.89,63.89,74.75
21,8.89,51.15,45.89
25,31.44,86.95,84.86
7,23.64,49.57,1.16
21,22.9,67.46,86.96
33,34.0,52.24,127.67
1,23.73,52.66,0.7
35,22.89,59.09,116.92
6,7.05,91.75,1.97
23,25.91,94.0,40.66
13,24.61,40.87,54.26
13,31.82,46.21,39.73
29,23.19,61.0,77.17
19,8.58,46.1,32.47
24,24.58,17.9,50.81
3,20.36,45.6,2.84
19,28.48,54.64,57.7
26,30.6,49.63,107.11
33,23.53,50.74,125.23
3,25.61,46.57,2.73
22,26.78,68.89,57.47
10,33.43,67.88,1.6
6,27.88,60.54,0.38
8,9.73,68.24,2.6
34,22.59,11.14,70.45
26,27.02,47.61,103.14
18,26.02,68.88,58.65
28,21.37,56.68,113.46
15,29.25,87.28,47.63
16,48.14,43.92,35.17
2,55.35,92.11,4.94
10,47.02,55.21,2.26
33,30.15,12.33,64.33
22,51.75,58.08,46.95
12,20.22,50.96,32.71
1,32.76,52.32,1.51
6,20.93,62.38,1.0
25,22.6,59.74,99.55
1,27.25,68.73,3.25
17,9.43,44.92,38.36
20,6.35,48.47,37.08
20,25.12,63.56,70.64
9,27.91,48.55,4.24
16,21.88,63.16,48.93
30,30.01,46.75,100.07
18,23.76,92.9,49.71
35,29.5,55.97,127.57
3,33.82,58.11,2.35
26,20.17,67.08,107.09
33,25.49,63.96,122.43
3,29.89,49.62,0.92
29,21.21,12.72,54.0
2,21.82,61.0,2.91
20,29.8,47.6,80.2
35,32.63,43.26,96.56
25,26.85,63.85,80.64
16,32.39,43.93,66.72
6,29.42,88.94,2.56
5,45.89,59.21,2.82
8,20.12,89.74,3.56
14,32.73,13.91,33.65
26,23.76,43.58,65.95
7,20.27,94.03,2.2
9,31.32,47.09,0.41
1,55.31,88.18,3.74
4,27.15,41.48,3.24
1,24.31,52.8,2.49
19,31.59,69.89,60.04
12,21.38,55.8,39.54
13,33.83,50.41,38.95
9,27.83,13.47,1.72
6,25.26,45.29,1.81
8,56.23,54.6,1.94
2,31.31,69.72,1.54
2,25.73,53.65,0.42
11,29.43,88.15,4.48
4,26.86,66.49,4.45
7,30.61,42.14,2.01
26,7.41,55.3,57.36
21,54.4,85.23,32.39
23,30.88,61.79,81.09
6,29.36,59.32,2.48
9,20.02,40.34,2.75
7,28.33,61.7,3.04
11,31.9,56.19,1.4
16,21.81,55.69,48.63
31,20.13,91.83,70.07
13,31.72,67.33,37.22
3,32.37,41.17,2.36
15,33.88,17.83,41.38
34,33.84,54.76,111.89
30,32.58,91.73,56.27
12,32.98,14.27,27.25
23,24.84,55.36,86.71
34,26.02,65.52,132.77120000000002
31,30.2,59.98,128.47
23,24.53,52.72,75.93
30,20.53,86.78,124.23
2,5.53,66.9,3.15
33,26.97,59.14,91.98
30,6.27,52.21,50.48
19,20.62,19.3,36.34
9,47.45,55.49,3.04
21,28.31,53.98,60.22
35,26.68,64.31,109.14
3,53.59,40.18,3.64
13,57.69,90.45,20.79
33,5.81,59.36,65.09
1,5.53,45.77,2.64
8,9.49,54.91,3.54
35,25.51,58.19,132.77120000000002
5,45.34,45.36,4.64
33,24.29,65.93,127.25
18,52.95,54.4,38.42
26,21.29,61.72,72.52
2,45.32,87.49,1.5
25,7.04,17.52,32.1
6,34.53,53.03,1.88
32,34.02,53.31,90.07
7,28.05,58.79,2.41
26,33.21,50.44,89.12
22,28.6,65.39,62.01
35,26.57,51.1,112.43
1,21.59,65.19,1.09
19,22.38,61.12,77.08
21,9.42,67.3,40.36
20,6.85,50.45,43.19
1,26.66,40.54,1.64
33,25.33,59.36,100.62
1,20.4,45.62,1.58
4,24.32,60.93,2.59
18,30.71,19.15,41.16
28,49.35,89.61,50.75
25,9.66,60.45,61.14
26,24.73,68.73,93.83
32,21.47,58.65,117.02
5,30.23,92.05,1.83
24,9.97,59.47,40.55
19,6.55,58.41,38.47
24,31.35,58.35,80.43
4,24.9,54.35,3.92
23,22.3,48.26,79.15
1,22.95,50.68,3.9
6,23.3,14.18,3.71
12,28.18,43.49,40.01
30,31.98,64.43,110.17
27,57.9,69.69,49.2
35,47.11,85.27,83.79
28,25.82,11.59,51.76
6,24.93,60.95,0.71
26,25.13,46.81,83.31
1,28.25,55.64,3.98
12,55.12,44.11,29.82
26,29.97,16.31,51.5
13,29.77,64.39,37.69
35,24.2,94.02,100.27
8,31.8,64.12,2.46
31,25.24,92.64,70.69
19,29.35,55.6,55.91
3,29.12,13.38,0.9
16,28.94,47.04,52.55
11,33.92,60.09,1.34
6,48.69,64.83,1.47
30,25.03,17.9,80.66
3,26.62,48.33,3.07
31,55.98,93.46,40.69
19,34.43,55.31,69.89
5,22.06,66.38,4.45
3,6.95,51.44,1.59
18,20.07,48.6,67.21
4,30.62,87.73,4.24
34,20.44,62.92,100.2
4,21.49,65.78,3.06
13,34.65,62.25,39.5
9,21.36,85.05,1.01
10,56.95,46.34,2.82
13,32.06,54.75,35.61
7,32.42,43.73,2.83
8,28.06,19.86,2.1
8,22.24,49.93,3.6
22,32.32,65.27,78.0
20,28.25,14.27,53.39
27,50.89,52.29,48.88
19,30.99,59.58,76.97
9,26.24,59.15,4.38
11,34.57,87.39,3.19
30,20.99,67.45,77.04
15,22.25,62.19,60.65
21,47.36,62.25,34.02
9,30.77,11.14,0.4
34,22.26,19.37,68.99
15,58.45560000000002,43.51,24.17
7,31.35,63.1,1.63
15,33.26,43.22,61.82
21,53.22,45.11,48.62
30,21.19,44.31,116.48
34,8.89,65.6,62.74
1,54.81,55.82,1.85
15,31.22,12.59,31.67
27,20.47,16.86,70.85
28,25.96,44.5,107.0
3,55.71,58.93,2.98
3,20.35,66.62,1.33
22,58.45560000000002,60.79,43.8
23,23.4,41.96,91.3
2,25.24,40.72,3.55
23,30.32,65.17,66.34
26,28.84,58.52,94.93
15,32.49,62.81,47.43
12,25.74,18.33,31.97
16,27.49,40.84,65.95
21,29.74,62.99,61.59
23,33.56,94.03,56.81
17,31.36,53.93,67.07
33,5.53,42.15,58.82
15,22.59,45.77,52.11
33,34.47,58.58,132.77120000000002
30,30.66,67.75,110.54
9,29.02,45.3,1.98
1,22.52,57.69,4.41
16,23.2,44.27,51.64
19,22.62,69.6,78.04
3,22.45,66.56,0.21
23,21.06,13.51,65.43
20,25.54,66.19,75.9
1,6.17,40.56,2.89
33,34.78,40.58,100.29
8,6.83,69.6,3.13
6,22.31,49.89,3.99
19,21.26,57.88,69.56
10,9.61,54.53,2.86
11,24.07,52.8,1.44
13,5.53,11.14,18.47
19,30.61,50.47,56.76
33,30.64,57.24,108.45
6,29.27,62.49,1.21
19,54.51,40.71,46.02
35,27.53,48.4,87.84
25,51.54,60.29,59.19
16,28.73,57.9,67.17
32,20.34,60.16,97.46
20,24.73,64.32,55.25
11,24.07,86.38,2.21
25,9.84,43.5,59.01
26,26.44,62.12,79.27
34,25.61,66.67,132.77120000000002
3,33.76,60.71,0.18
27,28.16,94.03,77.76
13,9.78,66.17,19.61
30,31.64,15.21,67.36
31,29.31,65.63,112.38
20,7.62,41.69,48.1
10,22.5,57.56,3.78
15,28.46,41.1,48.42
21,26.21,68.68,68.51
25,23.38,69.61,95.02
1,29.46,46.14,4.47
34,24.31,48.99,132.77120000000002
18,28.08,62.85,46.05
1,21.37,51.89,0.86
15,55.7,94.03,24.27
23,33.85,52.36,75.09
15,46.09,49.95,28.0
10,30.15,46.61,2.84
30,24.87,48.57,89.64
12,31.96,86.15,42.88
17,29.17,57.03,69.01
25,56.36,61.59,38.76
35,27.56,67.18,124.41
10,27.42,58.32,2.65
26,31.2,45.07,92.95
26,25.72,42.11,99.66
10,33.06,17.26,4.35
21,48.72,61.75,38.64
27,26.38,18.96,67.77
2,33.45,54.35,0.73
34,22.91,68.67,132.77120000000002
17,20.82,11.65,48.12
20,21.74,42.11,80.88
19,30.29,49.06,71.02
23,34.57,93.58,52.52
4,21.36,64.13,4.88
35,31.78,52.26,114.01
15,25.76,53.55,51.11
26,32.28,56.21,95.55
15,28.24,48.01,45.7
20,9.51,44.01,36.8
24,7.12,47.7,45.89
31,21.12,15.04,75.15
26,58.45560000000002,54.77,52.17
18,20.88,64.57,53.85
34,24.12,61.96,97.9
25,49.25,51.24,59.47
8,34.64,69.0,2.79
30,20.36,52.01,119.59
26,25.78,91.45,75.01
8,25.07,44.51,3.22
18,28.69,49.05,67.98
28,30.45,69.48,96.15
6,23.84,54.48,3.22
18,29.21,88.74,57.28
22,34.58,46.04,76.29
13,25.28,42.85,35.47
7,29.16,69.73,1.36
15,23.54,13.86,27.08
14,22.84,66.77,40.93
5,31.95,66.51,0.36
14,32.13,48.25,48.62
11,31.74,43.98,3.2
7,20.14,59.81,3.14
7,5.54,59.13,0.18
27,30.38,48.34,113.37
33,28.26,58.6,106.24
27,24.45,53.57,110.82
3,28.89,45.46,4.38
14,30.75,89.32,37.94
28,30.92,40.9,71.99
9,33.41,47.95,4.72
24,24.74,94.03,65.55
32,26.57,67.09,129.98
19,30.04,63.76,50.89
26,24.99,16.08,74.12
25,33.77,52.93,95.31
19,24.32,61.54,56.08
32,21.92,11.14,91.22
12,30.68,69.42,35.81
33,20.89,49.87,108.39
25,33.42,93.39,50.84
29,23.22,52.1,98.09
27,23.65,40.93,67.83
28,31.33,65.49,76.35
30,27.52,43.02,103.57
1,32.15,42.24,3.53
10,25.93,44.04,4.13
32,27.82,68.43,120.9
32,7.41,62.09,66.85
17,28.74,52.25,48.4
17,34.17,64.71,62.13
9,31.86,54.26,3.16
18,20.33,42.49,62.09
25,30.38,55.55,97.64
32,23.2,41.94,106.35
1,33.39,50.0,2.78
29,27.83,59.24,85.02
18,34.33,59.45,47.73
4,23.86,44.19,4.5
17,20.8,68.35,50.36
27,34.24,42.53,105.65
17,32.2,42.14,45.88
23,30.66,54.34,81.97
9,26.38,40.48,4.35
4,22.45,52.22,0.46
20,23.69,57.99,55.97
2,26.71,67.23,4.38
25,25.4,40.8,96.14
30,32.47,17.19,78.84
2,33.38,45.38,1.91
21,33.7,40.05,81.05
8,55.31,85.79,0.8
4,33.68,66.61,2.02
12,32.08,64.16,38.04
11,23.87,67.41,3.53
28,23.49,42.91,93.21
30,22.8,49.43,81.62
30,30.83,44.4,82.65
12,22.29,67.71,43.1
29,23.83,19.79,50.92
5,24.67,19.78,2.65
14,25.38,44.99,53.61
18,29.76,68.83,46.04
26,58.45560000000002,59.15,61.4
16,30.17,18.24,46.96
35,23.47,58.66,128.22
1,34.7,50.35,3.65
8,28.61,89.51,4.59
21,30.82,57.67,64.21
12,25.44,62.28,38.36
6,24.47,16.36,2.77
14,24.13,13.42,34.43
20,30.2,52.36,73.0
19,22.52,14.05,35.47
18,23.33,56.46,70.4
1,31.32,40.6,4.83
15,50.05,49.4,33.87
15,31.11,47.02,43.51
22,58.45560000000002,16.47,24.67
22,24.02,41.52,73.82
9,22.97,52.78,1.61
30,33.85,58.06,96.8
4,49.26,53.46,2.63
27,26.62,94.03,76.17
16,56.17,69.25,31.47
28,24.99,59.38,84.95
27,29.77,46.97,109.99
29,34.94,56.12,97.91
22,52.36,46.87,54.1
10,24.0,47.09,0.69
22,24.18,40.86,68.39
30,32.19,53.9,87.1
8,30.61,46.59,1.08
24,25.34,57.83,67.41
29,48.87,66.21,49.64
5,28.74,55.03,4.89
25,31.59,59.28,98.97
23,46.07,61.38,50.81
16,28.88,57.87,61.57
35,7.56,64.98,77.03
6,30.47,65.57,2.37
16,6.31,14.78,16.95
13,21.61,68.61,33.9
13,34.6,11.8,28.14
14,28.49,47.95,49.9
12,25.96,40.2,47.37
22,30.2,40.88,70.01
30,31.59,11.44,75.35
7,28.25,67.54,1.83
34,46.2,51.69,61.69
30,49.84,88.69,55.31
28,58.45560000000002,41.23,61.15
10,6.25,50.18,1.95
18,8.07,65.02,44.41
19,33.0,16.76,47.65
35,30.62,69.79,105.09
15,28.44,91.7,44.04
32,33.04,61.02,84.37
7,22.07,57.73,2.9
30,25.93,42.97,94.94
1,28.51,55.78,0.41
11,58.45560000000002,47.52,1.05
34,29.42,42.66,117.31
9,25.38,66.61,0.28
34,21.04,43.52,131.26
21,34.43,43.67,84.54
15,32.11,65.25,47.16
31,26.66,46.85,118.35
3,32.15,67.34,0.28
30,22.59,66.96,101.53
22,27.17,91.94,59.94
8,28.08,88.48,2.92
31,31.31,54.46,98.46
4,30.47,67.94,3.38
19,28.45,54.0,63.66
25,32.62,69.46,94.93
29,55.39,57.65,59.32
5,54.56,58.41,2.84
1,29.08,93.37,3.17
31,32.6,64.75,100.27
19,23.73,14.67,54.93
19,9.05,62.53,41.26
5,6.95,89.18,3.22
35,25.62,66.38,89.96
6,33.01,45.04,4.9
20,29.56,41.81,78.42
6,30.48,15.92,0.81
10,29.0,92.11,2.35
32,30.77,91.5,59.21
10,23.81,43.34,2.56
12,30.65,58.22,37.02
12,28.28,90.43,21.38
2,5.53,88.54,4.73
18,34.5,46.52,59.26
8,22.71,65.0,1.0
16,32.74,17.49,29.72
16,33.54,16.75,39.38
8,26.02,61.36,3.09
17,20.49,93.64,30.17
27,30.54,43.31,112.04
15,28.22,66.2,42.3
9,9.69,63.84,2.67
4,26.63,51.01,3.95
33,28.25,15.14,82.15
1,26.11,52.51,4.15
10,56.1,52.37,4.55
16,34.83,12.92,32.04
16,32.03,58.3,45.03
33,22.33,56.46,94.92
12,28.62,44.66,30.04
13,34.44,50.72,38.34
2,26.34,87.55,1.25
13,20.11,40.05,47.2
33,33.71,16.53,79.03
21,27.39,69.82,70.88
11,8.39,57.02,1.21
11,9.77,40.5,2.82
9,31.92,47.69,1.05
31,24.48,87.87,107.68
22,29.78,45.75,55.65
15,34.34,62.35,61.51
33,23.78,46.34,118.67
25,33.02,64.99,85.89
4,28.76,11.14,2.03
2,9.63,58.15,2.63
35,21.24,92.56,96.74
20,33.15,17.95,44.24
35,45.44,69.32,77.45
8,45.71,91.22,3.19
35,26.13,69.23,117.55
20,33.17,59.7,55.79
14,26.57,54.79,42.9
2,33.1,41.35,4.18
21,25.24,65.34,55.47
12,26.88,67.85,46.76
28,31.65,67.15,104.89
33,26.83,43.5,127.43
23,29.84,17.11,47.73
8,21.71,44.1,1.09
19,23.6,51.55,51.5
14,48.66,63.19,27.85
27,27.5,46.09,107.39
24,21.83,47.38,74.02
8,45.17,59.79,2.93
18,33.84,69.22,59.18
19,23.78,52.64,74.86
5,5.62,63.51,2.46
31,26.44,11.25,74.16
7,20.13,65.99,3.65
24,29.73,16.63,48.4
35,20.76,68.88,132.77120000000002
16,31.35,69.75,58.3
24,27.65,53.84,99.92
18,25.33,64.27,75.4
1,28.72,53.09,1.76
30,26.92,54.62,117.45
7,33.58,85.49,1.2
7,20.56,54.03,1.71
8,24.34,64.16,1.64
13,26.76,52.55,41.18
32,32.44,49.33,132.16
33,28.55,87.72,97.29
11,20.12,54.72,4.59
28,58.45560000000002,54.06,45.31
31,9.17,67.31,49.37
11,57.92,45.39,1.99
35,6.27,63.2,67.52
10,29.48,43.67,2.62
23,28.83,58.1,81.36
13,24.91,49.22,36.47
23,29.53,19.82,66.21
18,27.92,53.55,54.27
27,34.59,51.98,97.91
2,7.53,52.08,4.08
31,34.4,12.77,57.98
25,5.98,44.27,53.03
29,28.69,66.48,83.26
8,24.3,44.21,3.64
26,31.24,53.44,100.64
16,27.15,57.92,57.15
25,28.66,12.37,55.71
20,7.01,57.41,34.52
25,29.1,51.88,84.78
9,52.64,15.84,0.4
21,9.85,61.12,45.88
10,24.96,86.84,3.19
6,28.92,42.1,3.49
13,6.94,17.14,17.03
12,31.23,46.72,32.65
6,21.89,65.02,3.39
32,23.53,66.74,104.01
20,29.23,40.16,64.74
28,21.65,18.57,78.59
6,27.53,93.44,0.89
9,30.36,54.67,0.79
20,22.33,69.94,63.66
4,20.14,65.97,1.81
30,22.82,40.69,85.69
4,31.58,67.73,0.67
28,20.84,56.87,83.51
23,30.69,55.4,61.74
30,9.56,85.47,61.07
8,47.3,50.08,2.36
27,22.51,86.96,85.24
3,34.79,11.39,3.5
28,20.4,46.55,72.49
4,28.49,89.58,2.74
9,22.53,49.84,1.97
34,25.95,61.82,121.78
17,34.84,62.41,63.21
35,29.5,51.6,132.77120000000002
26,28.36,46.83,104.14
21,28.45,61.63,83.06
23,26.53,43.69,69.39
14,30.19,64.52,38.64
10,30.99,67.28,1.14
29,22.25,51.96,99.3
35,34.48,51.36,91.63
4,20.09,89.97,4.55
7,22.4,85.1,3.5
14,50.76,48.89,25.96
4,24.98,52.41,3.62
10,30.57,51.96,1.53
27,33.85,66.6,81.13
25,28.1,65.55,84.09
9,32.79,44.27,1.93
22,58.45560000000002,40.39,43.39
9,28.61,44.52,4.22
34,34.25,62.01,132.77120000000002
31,21.85,59.65,114.37
28,50.41,65.47,47.09
6,34.69,51.81,3.22
27,58.17,58.94,59.14
7,45.71,40.18,3.3
30,24.06,86.81,124.75
17,23.85,44.18,66.97
3,20.56,46.3,0.63
12,26.56,44.3,49.98
34,32.96,54.52,92.8
17,29.25,44.49,70.23
35,21.45,68.97,106.57
23,52.46,48.38,40.27
22,24.17,87.49,88.39
6,26.15,64.21,1.59
21,20.68,57.88,76.61
11,33.41,40.35,3.07
19,29.72,41.91,75.57
34,21.76,59.81,132.77120000000002
21,28.02,64.09,62.54
23,21.61,45.22,65.17
17,33.34,50.95,53.21
28,53.88,51.45,48.93
5,24.49,50.96,1.07
18,25.49,63.76,74.42
27,30.59,86.81,94.94
33,7.04,65.73,52.78
35,23.24,50.59,132.77120000000002
35,29.66,64.34,132.77120000000002
19,31.21,16.77,47.35
35,31.7,15.17,70.41
5,25.16,55.52,1.11
15,33.2,11.14,37.41
11,21.94,86.45,4.46
27,23.06,68.57,77.53
18,33.07,40.85,60.23
28,31.48,43.99,97.49
21,49.06,92.92,30.7
13,29.65,45.64,53.21
9,7.05,41.11,1.96
2,29.46,52.84,3.59
35,33.25,53.91,92.98
27,22.8,40.98,104.39
1,51.46,13.6,2.79
32,49.47,52.55,65.19
10,33.17,67.37,1.25
27,22.79,63.51,93.53
7,26.74,61.29,2.37
26,25.2,65.1,71.08
11,33.86,57.51,4.76
5,20.76,11.48,0.18
1,25.43,47.3,0.96
15,29.41,46.88,53.58
21,33.23,86.51,69.92
30,58.12,19.63,52.75
9,31.56,65.34,0.35
5,28.81,51.88,0.58
4,27.73,67.06,4.06
11,20.97,59.26,0.26
12,26.66,19.69,23.88
17,20.32,69.63,58.94
32,34.61,56.39,91.79
9,34.99,53.71,1.91
8,33.1,69.45,1.56
28,23.0,67.52,76.1
5,27.91,50.05,4.4
30,22.21,46.44,103.36
18,22.49,49.41,73.26
6,29.02,61.37,4.39
16,23.36,69.96,42.17
34,31.27,46.37,117.63
7,31.87,65.16,4.55
33,26.54,50.79,94.84
10,21.17,19.21,4.24
10,24.82,46.79,2.66
11,26.27,17.04,4.75
27,30.53,52.16,104.41
20,25.26,16.13,38.46
9,20.64,56.9,2.08
13,5.8,88.99,22.99
16,31.19,62.9,51.47
8,32.6,61.82,0.87
21,28.37,12.09,54.38
13,8.28,93.15,14.62
18,33.13,66.81,58.06
33,32.33,53.93,101.17
28,27.67,51.29,89.53
28,45.42,63.62,42.45
34,6.76,52.32,79.31
3,29.84,68.01,4.99
30,21.07,56.44,77.49
6,27.48,41.09,0.51
30,48.92,16.86,33.02
31,33.58,15.25,70.74
32,20.3,44.72,108.18
8,26.53,64.01,2.46
2,34.57,61.39,1.55
28,28.15,49.83,98.07
19,24.4,54.42,69.36
31,34.91,91.77,86.63
14,34.85,40.07,53.75
25,8.89,49.44,56.23
4,22.69,63.77,3.38
6,26.63,54.43,1.11
8,27.85,18.61,2.2
34,20.73,11.83,62.53
6,23.07,42.41,2.4
32,21.38,57.28,110.61
8,32.24,90.25,3.72
33,32.54,65.51,111.76
32,34.65,57.52,131.51
3,28.96,50.5,0.65
15,31.58,65.11,61.26
3,33.72,42.55,3.45
7,29.63,42.79,4.31
19,21.35,11.14,48.02
1,9.99,14.95,4.32
34,30.4,61.59,85.32
3,20.34,65.12,0.5
27,28.69,18.79,49.87
14,30.75,13.97,30.03
11,57.03,45.54,3.78
27,26.8,40.98,83.32
31,22.61,15.06,60.69
35,20.58,59.83,110.32
13,24.77,42.78,45.14
4,58.45560000000002,62.5,4.16
25,9.19,85.88,54.19
27,26.15,11.14,55.6
10,31.62,66.07,2.71
5,30.33,69.36,1.02
33,34.03,60.64,131.58
3,31.09,93.86,3.02
18,34.53,64.5,67.63
29,24.02,11.14,75.49
32,27.56,93.0,86.63
1,31.21,59.94,0.55
3,22.13,65.02,2.01
19,23.33,68.81,76.15
2,28.38,69.54,1.44
28,29.35,67.03,98.86
34,27.0,52.28,116.74
15,22.1,47.3,41.19
34,49.09,56.09,78.38
9,7.21,61.73,2.5
6,22.84,62.03,1.99
6,29.89,92.64,2.65
9,9.8,46.3,3.78
13,48.38,12.08,21.42
31,23.37,46.7,104.58
21,45.21,62.49,52.69
21,26.77,48.59,67.5
35,27.98,67.57,114.72
27,33.81,55.61,86.36
18,21.48,50.44,68.47
12,20.95,43.07,47.0
34,9.2,45.5,73.12
29,21.13,58.65,111.7
25,58.45560000000002,15.69,31.44
9,9.96,61.97,2.89
30,55.87,93.71,35.65
33,28.82,57.94,132.77120000000002
9,32.13,60.2,0.75
17,25.46,45.08,51.43
2,27.47,65.68,1.39
13,22.99,68.82,35.29
11,6.36,62.02,2.38
3,33.56,86.77,0.7
35,20.52,85.3,119.78
35,22.49,63.46,132.77120000000002
11,30.13,53.32,2.49
29,28.01,13.97,54.36
18,31.05,68.49,66.88
13,25.25,59.57,54.52
25,24.6,44.91,104.05
20,20.46,63.24,69.86
25,29.83,56.77,97.11
34,28.1,56.64,119.83
12,24.1,47.73,38.86
20,45.63,59.09,44.13
2,30.47,62.29,0.84
27,26.89,40.05,75.35
30,22.38,88.43,112.57
26,32.89,47.55,108.97
20,33.82,52.61,66.76
17,29.51,41.0,69.28
8,21.46,44.51,2.05
33,9.56,44.0,81.58
2,20.86,43.12,3.2
2,46.7,59.74,0.41
15,28.22,51.62,61.78
13,28.56,57.43,41.4
12,7.44,51.39,20.75
11,31.28,41.9,3.89
23,7.39,62.75,56.48
35,26.91,54.9,96.16
34,47.37,53.48,62.34
30,31.95,60.99,115.45
33,7.39,49.87,74.15
1,27.79,57.72,2.78
30,50.58,45.41,71.66
5,28.2,56.44,3.88
13,52.32,68.95,22.0
17,21.94,64.36,59.22
29,25.52,60.65,80.0
19,24.49,54.98,56.26
4,33.75,43.03,2.69
3,23.69,49.72,0.88
31,20.51,44.39,98.73
13,32.65,53.16,46.79
18,31.39,66.4,74.84
15,25.12,64.37,39.6
23,22.14,44.14,81.8
11,46.75,58.2,2.73
31,25.18,59.96,98.17
33,23.96,15.4,60.6
7,30.42,49.26,2.03
28,30.72,87.83,89.73
24,7.44,63.16,60.11
4,31.86,66.32,4.66
33,28.94,49.95,90.15
31,30.06,93.21,82.93
25,33.24,68.28,95.98
20,27.04,54.94,70.8
2,31.59,93.44,2.13
29,58.45560000000002,41.24,70.8
19,33.58,62.7,49.77
14,27.52,64.76,43.86
35,21.27,11.23,63.47
29,22.64,89.75,82.7
14,33.39,69.3,58.76
17,32.85,65.53,66.86
17,32.11,60.83,50.3
4,21.83,13.55,3.1
6,56.58,46.86,0.27
23,54.73,65.34,42.57
20,24.82,67.63,82.06
9,56.09,45.24,1.03
16,25.92,15.79,29.12
8,23.45,40.75,0.47
2,32.93,49.9,4.73
10,56.69,43.43,2.96
3,33.7,11.14,4.91
29,20.47,91.35,51.75
13,24.32,90.01,35.54
10,25.5,86.14,1.39
24,29.51,63.08,74.59
35,24.84,52.05,108.38
25,23.51,60.88,82.73
35,21.91,48.21,99.1
19,53.5,67.79,45.44
1,20.66,58.68,0.76
34,50.16,66.19,62.09
28,28.2,93.98,60.24
13,21.36,40.37,39.48
35,56.49,56.26,66.81
13,32.73,46.84,45.67
23,46.76,18.49,24.99
29,22.92,55.64,97.84
23,34.41,54.5,71.02
21,26.17,66.3,85.17
28,28.23,65.59,80.61
10,31.11,44.16,3.79
8,20.91,92.84,4.96
16,22.97,54.31,50.02
31,20.53,19.97,75.03
22,51.72,49.02,50.36
6,28.98,66.97,2.65
7,34.25,45.29,3.6
19,26.26,64.5,59.39
8,32.91,57.7,0.18
11,30.1,67.8,0.18
8,28.01,18.72,4.72
14,31.38,55.37,54.93
10,27.66,40.3,3.73
27,24.49,41.01,83.26
32,55.8,42.29,55.44
9,26.8,55.96,1.52
19,21.68,52.38,64.05
3,29.7,92.15,4.24
3,8.9,63.49,2.38
24,57.25,93.67,28.7
23,31.04,57.97,82.23
23,46.26,58.65,38.64
20,28.83,89.16,83.08
15,30.77,61.96,41.26
19,33.87,41.49,59.73
31,33.19,60.43,101.22
15,8.45,54.44,35.81
10,32.32,47.76,1.38
10,24.75,85.58,0.44
32,20.19,54.19,113.3
34,30.59,63.55,104.03
34,24.74,43.78,106.75
11,23.43,93.06,0.66
28,25.38,62.16,79.84
9,30.97,68.7,3.01
26,32.5,66.61,90.7
22,52.43,48.49,40.22
21,21.65,40.74,74.49
7,31.67,87.82,3.6
19,29.66,59.56,56.22
21,30.22,49.34,60.51
2,21.74,51.69,2.39
26,20.4,57.14,68.07
8,34.97,19.91,0.18
12,21.06,49.25,47.38
30,29.46,59.9,122.56
24,46.47,46.51,38.17
26,24.14,49.44,88.49
28,21.54,47.48,116.96
10,20.95,66.45,1.4
24,22.96,61.65,67.75
8,9.6,16.42,1.12
32,20.95,63.27,101.44
7,32.18,56.71,2.35
31,33.16,59.97,124.44
14,34.14,57.12,35.69
19,23.36,58.98,54.8
27,33.81,41.67,111.49
27,27.89,43.25,95.36
15,31.32,49.23,48.2
22,21.38,67.69,71.24
14,27.52,64.85,36.24
33,20.14,14.1,62.99
24,22.4,54.27,94.99
21,5.8,58.27,44.55
1,32.31,93.97,4.61
28,25.82,46.61,84.58
7,46.96,58.05,3.86
29,31.23,18.7,73.52
2,21.34,14.01,0.53
4,26.48,63.72,4.26
33,30.56,92.63,68.13
35,20.25,57.72,125.99
11,21.74,55.15,3.86
20,28.8,45.12,59.67
18,30.57,52.74,49.9
35,34.01,52.58,132.77120000000002
6,27.38,51.3,2.72
28,56.44,44.82,66.45
13,31.88,55.39,48.19
24,27.45,62.01,94.66
8,30.23,46.69,3.66
31,8.34,65.05,76.66
19,22.66,58.11,58.47
16,31.95,58.33,47.22
18,57.15,89.81,41.14
24,30.94,54.2,70.2
33,7.91,69.67,56.28
23,32.26,69.8,64.59
30,20.11,45.92,120.39
12,31.12,44.41,31.42
27,27.08,65.26,112.77
24,21.74,44.11,93.55
24,29.28,52.11,70.15
28,6.73,90.07,38.33
3,28.31,69.73,3.63
25,20.83,59.79,87.87
11,24.24,55.91,4.91
26,33.86,65.28,88.26
22,26.33,52.75,84.75
18,24.57,66.71,72.34
31,22.99,93.23,57.34
12,33.26,57.55,44.92
23,26.6,92.82,63.14
20,29.04,16.28,41.09
32,25.75,69.29,87.19
22,32.81,46.42,59.17
26,31.85,45.86,83.79
17,31.66,69.51,53.23
22,27.17,55.3,71.65
28,7.7,44.51,58.35
9,34.87,13.77,2.88
19,24.53,64.36,64.32
21,22.0,46.71,77.64
22,34.79,11.22,57.3
24,33.01,41.84,68.48
19,27.77,55.41,70.32
30,33.65,59.99,116.07
8,21.05,51.36,0.21
30,22.87,58.89,94.13
20,26.39,56.21,51.83
16,21.07,56.5,41.32
16,30.48,68.31,62.13
4,27.86,55.06,4.54
20,31.99,48.74,78.8
33,32.57,53.91,88.32
15,30.52,54.12,61.79
35,30.19,47.41,112.63
26,6.8,42.22,55.12
24,34.05,54.82,67.17
24,27.86,64.64,73.44
17,20.37,53.22,49.5
29,24.16,55.69,117.89
18,22.9,60.66,46.95
16,23.09,62.57,55.56
26,20.95,43.85,82.39
10,23.82,19.93,3.31
30,29.33,69.07,98.92
32,31.62,11.14,69.42
25,33.62,60.83,73.6
18,30.24,40.57,63.66
15,20.02,58.91,43.76
11,27.93,51.74,4.2
15,5.53,47.04,31.09
1,28.08,50.65,1.68
15,30.26,89.06,52.49
25,34.98,67.94,68.0
9,23.36,19.07,4.3
15,46.86,69.16,23.77
3,29.61,50.19,1.58
2,29.75,88.02,3.23
34,29.39,54.72,129.67
7,31.85,18.76,0.44
17,24.84,63.43,43.45
27,20.95,50.65,75.01
2,28.38,41.92,2.41
13,32.52,56.41,42.21
15,51.62,40.12,29.66
35,22.68,55.46,132.77120000000002
30,25.65,55.9,114.35
4,25.22,53.74,4.52
17,27.3,67.5,58.22
34,33.21,44.43,131.35
31,32.69,68.99,85.55
6,8.57,63.76,4.38
4,30.11,55.59,1.86
34,25.59,86.86,104.73
14,20.58,40.64,45.16
26,24.78,56.58,81.82
24,32.85,41.03,86.99
2,21.64,56.38,3.22
31,7.68,63.51,47.05
28,27.07,60.55,112.73
22,22.01,57.5,84.9
26,21.41,41.0,73.58
12,7.07,17.74,19.84
27,30.8,11.14,69.76
17,29.52,67.13,65.38
22,34.08,66.94,80.75
33,26.05,54.15,89.6
9,21.52,89.83,2.82
35,21.57,43.74,103.13
13,21.55,69.01,49.81
8,20.41,42.69,2.89
8,6.99,54.77,1.13
4,27.09,58.1,2.01
4,22.25,85.97,0.25
2,8.67,51.79,4.11
30,6.74,19.98,46.19
35,45.03,43.48,68.72
32,30.03,85.39,121.92
11,26.45,18.85,4.27
9,27.87,45.36,3.81
4,32.37,54.85,4.38
11,53.43,62.0,3.23
10,24.71,53.63,1.4
35,25.4,13.49,99.95
5,34.46,49.04,4.76
3,32.57,93.85,2.25
31,32.36,62.44,127.06
14,20.03,85.09,54.81
26,5.92,40.54,41.67
3,29.0,59.68,1.31
29,26.1,11.3,75.28
24,25.47,42.95,65.09
28,32.35,55.14,88.75
26,24.7,14.93,57.97
26,32.77,42.03,105.6
12,50.04,42.29,19.95
23,56.82,40.69,40.33
33,28.72,53.39,96.54
34,25.5,40.88,118.15
5,53.18,46.0,1.84
10,23.56,67.1,1.01
18,21.7,54.21,66.42
29,25.26,68.09,80.49
17,56.03,42.85,31.72
31,9.62,11.14,35.05
5,29.35,52.35,2.35
16,33.33,49.66,53.01
21,28.56,46.32,69.26
30,22.28,66.46,91.99
21,20.13,69.51,84.08
34,27.44,94.03,67.65
32,33.5,16.42,72.91
6,22.76,58.11,1.53
28,26.69,42.48,74.79
5,5.53,45.2,4.3
5,24.01,87.12,2.03
5,9.94,92.71,4.17
21,30.01,57.27,55.42
15,31.37,52.46,42.31
10,30.06,58.43,0.74
26,29.59,51.68,88.97
17,20.96,16.21,31.91
20,8.23,61.68,43.91
19,33.31,45.1,59.39
11,21.8,93.68,3.99
14,20.63,67.9,43.82
3,50.31,65.29,1.18
25,28.48,55.12,74.25
20,31.39,62.9,83.1
4,49.08,57.04,0.62
7,47.48,61.67,3.34
20,25.31,56.74,58.35
8,21.45,59.14,0.75
11,21.62,47.36,3.36
12,30.25,86.41,34.23
33,23.22,65.07,95.56
9,32.36,64.72,4.72
10,33.93,51.72,3.52
8,25.37,55.34,4.73
12,24.09,14.35,32.95
31,20.38,67.51,110.36
23,27.43,63.84,71.01
5,9.88,64.92,3.68
21,26.68,47.1,66.16
5,23.96,13.93,2.56
23,21.23,60.23,67.29
34,57.76,60.91,57.57
32,24.45,48.77,126.09
24,34.16,52.16,63.4
31,24.74,42.99,80.44
4,34.22,40.31,0.79
4,9.66,51.43,2.43
21,27.57,66.44,67.93
31,23.92,52.55,93.15
25,21.07,45.37,72.54
27,33.75,50.73,102.49
24,30.05,53.47,61.19
9,20.31,57.57,3.22
1,24.06,60.55,4.2
24,56.53,91.05,33.35
4,33.25,44.07,3.65
31,58.45560000000002,45.37,57.87
25,20.47,69.83,74.29
17,21.04,53.13,68.87
22,29.45,65.01,89.93
5,25.55,53.51,4.91
29,26.32,89.23,83.86
25,23.97,67.44,73.8
16,23.62,56.33,48.5
35,28.23,92.9,82.2
8,32.75,86.64,1.72
31,26.48,47.65,105.32
7,33.64,62.24,4.24
24,26.02,61.81,63.83
14,28.56,43.53,38.71
19,28.47,43.15,71.11
31,29.02,13.05,59.1
8,21.83,58.59,4.51
23,33.75,66.3,96.22
1,30.18,91.4,2.98
3,29.71,48.17,4.42
15,22.04,46.08,58.4
20,30.45,94.03,37.45
29,34.39,43.26,98.8
10,28.15,16.28,0.74
29,30.11,51.44,82.69
17,54.05,52.78,26.35
9,28.94,45.31,4.96
24,27.44,58.92,85.46
33,46.24,45.52,66.75
1,23.78,53.38,1.59
1,31.03,67.54,2.81
4,8.39,56.51,2.25
2,25.68,52.46,3.5
27,29.05,42.66,93.79
19,32.11,12.62,44.38
26,26.25,47.2,95.51
13,23.06,40.46,45.96
23,27.38,52.02,64.86
24,25.12,58.48,82.54
10,28.34,69.96,4.47
12,29.99,42.54,47.78
34,27.69,12.93,94.91
28,23.3,57.86,109.58
26,27.99,94.03,56.56
22,22.91,42.73,84.65
35,29.51,68.94,115.15
23,5.71,68.75,36.28
15,30.08,60.26,47.82
29,27.69,55.58,95.42
23,29.47,57.91,59.01
19,32.87,45.59,55.59
19,27.92,94.03,49.2
30,23.78,66.27,118.08
7,26.04,93.03,0.62
31,28.76,45.71,77.65
22,51.61,13.25,30.93
14,47.65,50.2,23.98
1,6.39,67.36,1.64
35,23.92,46.06,132.77120000000002
34,58.45560000000002,57.89,74.85
15,27.53,87.54,60.75
30,28.11,57.31,94.54
17,32.19,58.06,54.47
20,30.16,43.51,75.34
22,32.49,44.41,76.28
28,9.7,64.81,48.66
14,29.69,64.91,39.78
18,5.53,68.51,31.06
20,29.01,85.73,63.43
27,32.76,45.97,85.57
5,25.72,41.92,2.29
4,21.19,48.01,1.33
13,7.95,67.01,29.27
13,6.46,66.84,28.91
28,32.82,87.69,105.05
31,28.66,41.78,95.3
23,29.55,46.69,87.3
1,31.22,58.71,1.11
8,23.9,41.26,1.89
23,23.96,65.03,63.19
22,33.52,45.96,87.86
19,23.58,11.14,52.95
21,9.89,52.23,44.82
2,28.66,44.86,0.45
26,22.2,42.24,102.3
34,32.4,40.83,132.77120000000002
1,25.39,62.08,1.9
8,26.64,60.27,1.09
25,7.16,50.87,57.86
31,26.76,41.97,117.28
16,25.22,52.54,51.76
23,22.51,53.46,67.27
3,33.28,64.34,0.95
12,22.35,56.57,39.7
31,21.16,42.27,120.28
22,27.56,66.71,74.75
29,34.49,67.6,85.6
12,22.4,43.92,49.65
35,8.36,56.41,72.32
14,58.45560000000002,89.58,35.11
2,32.58,69.37,3.62
7,24.59,58.44,4.22
8,51.13,89.93,4.88
14,27.3,46.82,46.4
30,28.34,45.07,96.31
30,27.59,64.85,106.16
2,28.9,48.06,0.76
2,55.09,44.75,2.01
24,34.05,12.69,59.53
19,28.53,54.87,63.22
9,27.62,60.88,0.86
26,22.69,65.53,100.19
31,31.9,68.48,126.92
25,51.76,58.89,59.76
13,34.97,56.1,47.45
31,33.53,61.86,120.35
33,49.37,46.06,82.5
18,23.55,40.57,49.5
16,32.48,92.68,42.13
33,26.2,57.24,125.07
4,27.29,59.72,3.84
7,21.33,61.34,1.3
3,30.99,94.03,3.85
7,22.99,12.01,2.79
18,20.81,66.37,69.55
19,32.92,67.88,64.98
9,23.28,42.43,0.65
15,34.32,59.54,55.44
21,27.19,41.86,61.17
3,21.13,54.09,3.14
14,29.76,56.59,35.01
22,27.98,41.12,90.65
11,29.1,50.02,2.26
6,30.74,69.31,3.84
15,29.53,18.44,39.13
21,23.49,68.0,72.88
19,21.13,62.93,70.9
20,23.88,50.11,72.38
3,22.04,61.79,0.98
25,23.74,47.97,101.12
12,22.52,62.79,39.78
27,28.42,50.62,81.99
19,25.56,67.78,72.41
22,34.89,66.61,61.37
32,5.53,12.86,41.79
10,26.77,69.66,1.55
25,30.79,55.27,67.52
1,29.54,58.43,1.81
18,27.64,94.03,47.24
2,29.03,59.98,0.51
32,33.91,62.73,81.82
23,32.34,61.1,82.48
28,31.7,58.14,107.41
14,30.67,57.15,37.73
28,5.53,55.81,62.31
5,26.96,44.51,1.67
16,21.78,18.44,34.85
14,5.53,69.9,29.6
7,33.23,56.3,0.94
17,29.99,49.69,50.06
15,29.17,93.01,36.67
13,8.34,16.72,19.7
16,27.22,47.02,51.29
13,27.03,40.23,33.43
1,30.9,48.74,1.51
27,6.18,52.82,55.4
26,31.99,52.86,96.76
22,29.78,68.63,58.36
11,34.23,49.12,4.83
31,27.51,52.06,101.88
31,34.54,42.16,105.86
14,29.21,62.78,48.07
22,34.91,19.4,43.38
3,28.7,88.63,3.59
17,23.68,44.92,52.6
14,25.91,43.1,55.72
12,31.66,48.58,33.25
13,29.25,52.94,40.26
9,29.17,52.29,2.06
4,22.37,18.56,3.95
26,7.44,44.81,46.63
26,23.79,93.12,47.94
30,30.6,56.37,110.44
33,31.93,43.97,129.29
14,26.42,18.24,33.37
18,32.85,11.14,47.07
19,24.05,63.33,74.66
24,24.99,41.79,62.84
5,21.85,60.08,4.0
33,57.31,62.69,82.2
16,20.23,53.76,53.82
35,28.52,49.96,121.91
3,29.76,92.56,1.18
34,26.05,49.67,118.24
21,30.32,55.86,74.91
6,5.53,52.51,3.17
24,20.5,59.27,74.33
12,22.53,65.43,40.07
13,25.67,50.11,49.24
13,27.23,45.38,40.94
33,30.72,51.45,93.68
3,23.02,56.39,1.93
11,27.22,64.62,4.39
35,25.15,50.45,103.41
22,29.93,50.14,56.41
19,25.27,57.89,66.8
4,30.85,54.51,4.75
2,30.52,40.71,2.5
6,24.32,65.51,0.18
19,25.98,19.93,50.3
15,5.53,54.26,35.46
2,25.99,69.72,3.83
10,22.29,11.14,3.63
19,30.51,51.23,54.65
26,55.13,41.26,40.7
34,6.16,50.72,72.17
11,25.21,45.28,2.58
12,25.66,45.83,37.72
5,20.42,58.99,0.73
25,33.31,65.58,90.45
33,33.24,56.95,106.76
10,34.68,93.85,0.3
26,28.75,85.33,95.05
11,24.44,58.34,1.86
33,29.72,49.24,102.76
26,20.81,63.54,108.51
9,33.45,85.71,3.06
16,28.87,67.01,59.1
21,33.02,69.8,65.8
31,48.14,48.42,55.34
13,25.98,19.14,34.25
4,9.56,87.49,4.57
8,23.58,63.12,2.65
2,54.14,62.44,2.67
32,32.05,55.46,98.3
35,22.13,40.41,126.59
3,27.28,11.52,1.56
4,20.77,87.82,2.67
23,29.54,67.03,62.58
25,25.58,50.94,66.74
12,28.82,92.81,28.85
6,7.19,85.35,3.54
17,23.62,59.6,61.1
31,9.07,90.57,32.94
24,24.01,40.8,62.12
21,33.61,67.14,54.54
12,49.46,51.21,29.38
29,31.61,59.29,116.55
25,24.79,65.2,68.32
35,28.49,66.79,132.77120000000002
20,22.66,59.79,75.76
30,33.82,54.18,111.09
30,7.1,45.02,71.35
5,28.85,64.18,1.77
10,32.08,92.22,3.77
29,28.3,42.46,109.53
22,52.63,11.17,34.7
28,22.37,42.87,85.58
25,7.19,15.4,34.1
21,28.83,44.1,84.2
9,8.56,51.07,4.57
31,24.6,45.59,95.4
35,30.11,60.57,121.31
5,25.39,46.73,1.0
21,25.06,91.97,53.59
33,9.95,51.6,51.97
19,25.41,47.57,63.47
28,47.51,58.13,54.57
27,8.42,63.35,61.85
4,33.6,45.62,2.03
31,21.16,45.91,118.61
25,7.13,47.76,52.48
24,30.65,87.0,67.64
8,24.66,65.06,4.74
17,33.31,58.01,63.86
14,49.91,48.77,29.26
33,31.3,16.91,72.1
28,25.04,12.9,55.36
20,34.8,45.83,80.13
17,31.06,60.61,66.98
25,32.77,85.78,98.51
23,30.02,54.87,69.66
19,29.7,66.28,79.66
18,22.6,51.37,64.57
34,52.07,59.04,70.35
18,21.58,46.58,74.3
34,7.64,62.29,71.06
30,8.51,61.13,64.5
9,7.7,65.59,4.56
32,55.68,68.26,68.32
4,5.79,55.6,0.36
30,26.76,11.15,78.77
15,30.13,85.78,38.38
5,32.37,41.13,0.2
18,30.36,43.37,56.42
17,23.27,53.57,60.64
33,31.95,53.13,97.68
3,51.2,45.47,4.0
14,29.67,47.05,39.67
18,31.8,47.37,68.81
27,20.18,42.14,74.33
7,23.96,54.23,0.18
30,5.86,68.35,68.32
7,54.61,62.11,3.67
16,26.1,55.97,62.76
3,7.34,59.34,0.74
9,6.25,64.46,0.68
35,29.53,68.57,132.77120000000002
14,25.99,57.96,49.29
29,31.09,66.15,73.76
24,27.18,46.33,72.28
3,22.95,11.47,1.39
1,21.42,66.97,0.63
6,24.29,57.84,3.54
23,29.12,91.87,61.0
14,33.75,45.32,48.72
35,32.84,19.04,91.84
7,32.21,52.02,4.91
27,23.65,62.52,68.63
27,34.45,93.45,63.1
8,22.27,45.3,1.49
9,27.3,11.14,3.87
11,26.94,54.97,0.38
5,22.98,55.91,1.3
27,34.95,94.03,59.52
23,32.83,57.19,81.92
23,28.24,57.88,61.4
25,34.44,16.47,54.64
12,9.72,46.82,27.94
30,24.79,68.25,96.53
35,25.86,54.97,100.76
34,5.97,86.93,63.3
4,45.1,62.69,4.58
11,53.03,57.96,1.16
1,21.74,11.14,4.46
22,21.04,61.89,73.08
26,45.11,93.76,39.05
4,54.23,65.53,2.63
4,20.51,60.81,4.09
23,21.22,61.43,70.86
13,24.46,43.29,37.99
30,33.23,63.43,121.06
9,28.57,67.05,0.64
5,9.39,40.05,3.65
4,8.21,60.82,1.34
2,24.1,86.71,1.47
9,20.09,49.88,4.59
20,47.18,40.16,44.68
10,34.5,56.82,2.75
27,22.83,59.65,109.05
28,7.73,53.38,43.01
16,28.29,19.25,41.51
13,31.42,43.56,42.72
19,23.82,58.73,73.36
6,26.1,58.31,3.61
1,6.44,68.15,3.05
31,20.7,51.0,124.55
17,34.7,59.6,70.3
1,25.0,48.89,3.65
8,54.94,61.64,2.07
28,31.34,54.57,101.48
27,29.71,48.04,102.16
10,24.24,55.65,3.07
2,32.49,48.84,0.86
29,22.84,12.86,80.45
9,6.2,43.56,2.47
9,30.88,51.72,3.77
34,27.94,49.17,129.93
25,55.21,18.9,39.89
16,27.39,44.13,40.74
1,27.04,63.55,2.39
12,23.6,90.3,33.94
18,24.0,14.43,38.1
29,26.36,93.76,77.73
31,32.83,53.09,103.68
1,32.71,65.43,0.59
20,27.06,57.7,61.04
16,51.15,62.32,36.3
6,28.24,67.74,4.1
20,31.85,16.42,48.62
20,29.92,63.5,64.12
9,28.5,12.72,1.59
17,31.38,55.76,69.55
31,46.84,68.85,52.72
19,26.82,46.13,72.64
11,24.12,56.88,0.73
31,28.91,43.21,99.78
33,27.46,66.9,105.05
18,26.47,61.89,47.77
2,21.62,67.24,0.29
22,34.59,63.75,77.45
35,24.43,57.82,132.77120000000002
8,34.04,51.25,3.99
31,9.82,56.44,73.78
16,48.66,45.76,39.23
35,54.17,61.88,64.06
25,8.98,46.64,51.08
18,21.07,14.04,41.08
16,31.39,50.89,51.05
30,22.94,69.88,93.59
31,22.48,65.08,86.53
28,25.13,87.68,107.59
20,33.89,65.21,53.15
32,46.09,55.95,60.32
5,29.51,90.49,3.74
31,22.31,40.52,129.49
12,24.83,87.96,41.65
8,26.27,89.85,1.59
21,32.46,65.34,76.43
5,9.8,86.96,3.89
2,22.72,11.83,0.64
15,33.93,48.85,51.74
10,22.28,67.01,3.03
11,26.37,93.85,1.14
29,25.59,46.36,102.67
33,25.25,47.43,84.67
27,27.24,93.39,78.31
6,28.56,62.53,1.81
6,52.65,89.4,0.36
1,28.96,66.19,0.83
25,31.13,64.9,92.12
10,21.51,86.28,1.38
23,30.01,58.95,84.84
6,22.89,87.54,3.42
20,30.74,12.5,41.65
18,24.0,59.32,74.59
3,30.36,59.12,4.87
27,28.02,58.61,69.45
1,54.28,66.26,2.38
29,28.08,46.04,85.57
32,22.06,11.14,62.48
8,48.1,94.03,1.97
1,31.05,13.41,1.72
27,23.24,40.69,73.26
20,34.53,93.79,45.02
3,7.36,40.54,1.05
35,30.94,68.15,126.04
21,21.97,14.96,51.36
24,33.78,51.35,85.13
19,54.37,64.38,39.18
9,28.38,45.15,2.85
21,21.74,56.58,86.77
5,27.79,52.09,0.18
30,28.88,85.72,75.71
4,27.02,16.03,0.18
8,30.06,15.78,2.59
8,23.85,43.89,3.98
5,31.57,58.42,1.07
5,28.96,41.77,3.68
34,21.46,13.67,89.43
12,28.15,53.07,37.78
28,24.44,55.76,114.54
2,5.53,58.21,0.22
2,26.24,87.42,3.34
22,51.87,52.7,46.14
10,24.96,58.47,3.31
35,20.27,52.06,132.77120000000002
31,20.3,12.92,62.89
2,27.42,67.49,2.68
14,26.34,68.44,54.39
16,29.25,61.45,40.22
23,27.01,67.33,74.52
34,6.54,42.28,58.43
34,58.2,65.16,76.53
15,20.92,40.77,54.44
27,29.78,43.93,92.31
30,22.58,61.88,110.61
1,9.7,55.86,1.26
31,24.54,63.05,123.19
14,21.28,57.86,36.04
28,22.38,55.19,92.6
22,24.35,68.24,75.31
26,33.64,48.73,77.83
10,28.56,58.68,2.07
30,30.57,93.98,76.58
9,54.66,93.17,4.78
15,21.65,15.43,38.46
26,28.08,68.54,85.42
28,27.82,43.21,110.6
20,28.2,54.73,69.53
33,29.66,52.95,126.99
2,23.1,45.2,4.06
6,30.7,52.24,2.9
22,29.96,86.75,87.15
2,25.89,59.18,4.66
1,24.19,50.51,1.98
18,26.08,59.0,56.79
22,22.07,45.81,85.44
1,20.17,45.51,1.67
20,31.18,43.91,78.16
35,27.99,68.28,132.77120000000002
17,49.71,56.07,40.19
9,29.16,55.46,4.87
26,31.12,55.54,80.61
20,26.39,55.23,62.03
29,25.65,53.0,110.49
4,29.7,66.04,2.98
3,30.7,43.44,1.06
28,29.63,69.7,92.56
16,28.71,61.27,59.98
8,23.37,88.62,3.4
25,33.93,57.11,96.03
10,6.64,61.93,0.32
18,28.1,44.26,69.03
13,25.79,65.69,48.5
5,30.94,52.4,0.18
28,21.7,60.22,78.28
14,28.66,47.77,37.77
2,8.85,57.98,3.15
15,53.25,48.46,26.15
20,21.52,41.19,52.2
15,28.8,90.87,39.92
6,34.66,52.58,3.48
30,34.9,88.08,80.51
30,32.3,44.55,87.41
32,34.67,54.09,104.18
35,22.33,49.17,132.77120000000002
4,24.34,63.26,3.48
29,27.83,43.7,92.88
2,23.89,61.39,0.59
33,28.06,17.9,94.46
17,26.27,55.74,58.92
25,22.79,49.66,101.84
33,31.18,50.78,108.13
33,22.45,16.69,73.52
10,31.95,46.24,4.45
13,7.58,85.37,28.37
3,7.87,48.44,1.07
17,25.65,66.41,68.11
29,7.31,43.07,60.24
9,31.36,63.78,3.69
15,21.42,59.49,39.62
21,31.93,16.23,40.44
9,34.23,64.68,3.36
9,24.09,46.0,4.36
10,31.92,47.65,4.93
17,34.89,48.07,60.88
24,31.35,60.46,77.1
9,23.83,44.08,3.95
35,34.31,91.09,81.12
30,9.23,69.49,60.57
12,24.18,64.97,38.02
33,7.73,88.2,79.42
5,52.9,66.2,2.03
26,9.12,60.68,56.55
17,27.37,12.03,30.9
24,27.73,66.83,78.14
9,21.57,54.1,0.55
15,24.74,61.71,40.15
28,31.33,42.7,70.86
5,26.99,13.77,0.18
23,25.91,51.39,61.65
26,27.16,63.8,66.7
35,22.51,47.22,117.11
13,27.47,48.39,46.53
34,31.15,46.05,104.18
8,45.11,53.55,4.18
35,30.87,15.75,67.04
20,24.94,61.42,79.85
17,33.62,94.03,48.44
5,51.39,68.77,1.79
9,56.56,51.63,1.93
4,21.61,51.96,4.0
27,34.22,91.64,65.71
35,33.98,46.49,132.77120000000002
33,25.24,52.68,96.82
24,52.13,60.31,59.81
34,7.9,56.2,60.34
22,27.87,93.52,55.38
11,22.83,44.86,0.76
32,27.54,11.14,67.12
32,8.9,15.06,42.7
26,28.23,56.83,94.54
7,33.6,59.74,0.9
30,33.75,68.78,124.85
31,21.92,41.5,108.93
6,32.24,41.57,2.51
10,21.93,46.62,0.37
17,22.76,43.4,58.02
16,25.9,43.07,46.16
7,27.83,47.24,1.55
6,20.88,61.82,2.66
14,32.14,91.89,30.02
10,20.02,57.07,1.5
25,47.69,41.82,43.15
13,56.69,50.83,20.14
32,33.34,60.63,114.48
20,27.17,59.58,65.93
22,33.48,66.31,55.15
26,21.29,11.14,70.9
32,49.71,62.95,68.68
2,29.4,41.82,2.43
27,29.87,45.29,94.55
9,24.43,69.88,4.34
7,30.81,52.48,2.15
18,20.12,90.19,49.82
31,5.56,67.07,47.56
30,33.1,14.2,80.38
13,33.83,63.88,34.57
30,26.66,51.19,86.38
23,20.51,43.55,89.39
32,34.23,16.88,64.05
26,22.99,52.45,108.74
4,21.72,53.69,0.31
18,32.94,56.23,65.59
28,28.97,61.67,93.79
23,21.35,56.96,71.42
12,27.21,54.17,40.36
7,30.27,14.3,4.07
27,27.83,44.05,94.0
15,50.15,13.86,19.88
35,21.25,13.13,99.63
5,25.58,52.38,0.62
14,25.94,48.26,38.78
26,25.65,53.28,104.22
26,25.81,19.82,64.97
26,21.53,42.01,70.72
3,21.9,65.36,1.31
12,30.73,17.35,26.18
25,28.57,42.98,92.08
18,7.89,68.63,39.71
24,26.53,56.03,84.22
26,26.24,90.32,69.22
3,28.09,54.78,4.65
18,51.63,60.01,34.02
19,24.65,63.7,48.96
27,5.53,43.91,47.49
29,33.37,54.25,80.25
3,48.51,61.2,1.24
30,21.94,15.96,78.68
4,9.81,14.96,0.69
19,20.26,46.65,60.91
32,45.87,57.45,55.05
34,21.52,86.28,120.69
1,32.63,59.59,1.86
18,28.52,59.84,59.03
12,21.91,69.43,49.55
28,30.73,59.0,107.28
25,24.18,41.57,100.58
2,25.34,48.93,0.56
21,32.1,46.9,63.32
27,33.57,15.3,65.87
29,28.75,68.62,119.32
28,8.06,92.62,32.41
23,27.04,45.18,95.54
30,23.43,94.03,72.58
28,32.96,92.62,50.66
22,33.82,44.49,75.61
29,31.83,86.91,114.4
19,34.69,65.06,70.56
27,21.04,65.56,72.97
27,26.99,50.24,78.46
21,34.67,45.45,69.71
24,22.64,62.63,99.22
34,30.21,49.49,91.33
9,23.06,55.63,4.38
21,29.99,41.54,86.34
4,5.53,89.74,2.36
3,27.51,90.61,3.76
18,21.49,65.1,47.79
31,23.6,11.14,82.6
14,20.26,48.77,35.37
12,29.5,49.31,31.82
10,31.04,40.94,2.51
23,58.45560000000002,64.61,49.11
21,24.2,53.46,65.13
31,32.5,49.8,83.85
9,21.02,41.65,1.55
11,20.69,66.97,2.91
14,7.77,67.76,31.43
1,34.04,68.14,2.43
28,22.14,52.73,99.27
17,30.75,88.02,64.86
17,48.22,58.23,32.53
1,26.55,59.55,0.19
31,24.27,53.72,81.1
22,30.0,41.75,60.55
29,27.48,68.91,114.54
31,23.27,54.06,124.7
5,56.36,40.22,2.03
15,30.1,46.52,41.76
2,33.31,47.86,1.66
12,33.39,50.67,47.17
27,20.38,59.35,110.46
11,31.72,85.11,4.29
16,31.52,43.78,54.89
9,26.28,64.36,0.18
12,49.2,53.69,21.45
16,20.62,49.35,47.54
27,32.32,60.28,110.03
24,34.47,58.14,65.96
16,52.39,91.48,27.27
27,21.56,58.09,96.12
27,29.84,46.82,91.21
32,30.65,93.33,60.29
28,31.68,90.5,58.15
19,32.22,42.85,55.5
1,29.68,63.56,2.13
10,22.75,67.05,1.73
3,21.06,48.39,2.59
35,27.11,46.84,115.54
6,22.62,67.19,1.78
18,30.3,43.55,67.38
31,28.94,60.53,78.77
32,20.51,46.96,114.83
13,25.45,45.59,34.57
8,28.67,50.84,0.96
24,20.47,42.43,94.01
26,24.95,61.78,82.39
18,34.56,93.97,49.31
23,58.45560000000002,51.82,38.0
26,27.78,44.73,73.47
28,20.71,67.15,113.03
26,9.4,92.26,39.87
9,31.99,63.91,2.63
26,31.74,42.62,78.1
32,22.03,46.96,123.42
3,24.17,68.84,2.67
9,23.67,14.76,0.52
1,24.21,49.76,1.77
34,26.23,63.2,115.37
23,6.77,60.74,45.53
34,32.86,52.09,108.62
11,26.02,42.09,3.05
33,32.82,65.8,113.48
20,30.67,17.85,46.13
24,32.92,63.36,69.12
25,55.6,42.94,39.17
3,31.54,68.79,2.02
24,21.4,19.78,67.23
23,57.12,55.75,54.67
26,29.68,85.72,102.46
26,32.28,92.99,50.56
14,20.93,69.43,40.51
32,21.02,56.52,100.14
19,26.95,58.22,76.32
1,48.55,59.56,2.74
5,20.81,65.25,4.66
4,51.71,48.19,2.44
29,23.05,93.19,68.08
12,49.32,40.27,28.02
24,28.5,46.11,60.45
4,31.24,66.16,2.18
8,5.53,41.75,3.25
2,33.47,61.41,3.73
13,32.78,49.55,52.19
32,24.44,56.57,99.52
3,25.18,59.17,4.76
12,27.71,14.25,25.68
27,24.52,58.32,109.19
18,30.83,56.87,58.05
27,51.02,61.0,63.98
25,30.78,17.75,70.95
14,29.14,91.37,36.52
4,31.59,60.92,2.85
26,21.63,12.53,52.18
19,50.36,43.44,31.0
33,34.55,52.95,123.98
24,26.0,89.57,76.67
1,29.9,18.26,0.62
26,25.6,62.03,93.38
13,33.11,47.77,45.61
11,22.41,17.67,3.57
34,21.6,48.88,132.77120000000002
13,25.03,40.1,42.08
2,32.34,65.03,4.35
21,27.35,69.37,59.89
5,24.02,62.19,2.91
33,27.28,17.88,94.82
1,24.45,59.67,1.54
5,25.05,94.03,2.75
15,31.04,55.98,39.68
16,26.27,43.62,59.56
28,29.39,64.71,93.86
21,33.67,49.55,84.47
6,25.15,41.37,1.47
35,32.73,59.47,114.57
21,21.68,59.0,79.05
19,47.52,57.65,33.2
20,27.08,48.13,77.78
26,32.35,44.35,89.42
27,8.43,59.45,43.99
33,32.91,64.63,85.31
25,33.73,87.17,88.91
5,49.51,88.49,4.9
20,29.96,91.03,46.39
33,34.56,56.95,121.56
15,21.56,57.95,62.23
26,31.13,68.79,66.34
11,20.68,52.59,1.24
14,29.68,44.96,46.5
23,27.59,41.46,80.9
5,21.25,62.54,1.46
11,32.02,57.95,4.15
7,23.18,45.96,2.4
20,27.08,40.37,56.91
1,25.61,91.08,0.67
26,34.36,49.03,68.23
30,25.21,14.62,63.22
7,32.7,49.49,3.18
30,9.84,17.7,40.07
17,30.63,47.79,67.97
30,24.31,12.77,71.09
31,21.86,57.57,101.53
18,56.5,57.63,27.75
14,34.84,18.31,29.37
28,28.5,63.64,114.04
29,28.67,48.96,80.46
10,34.84,90.76,0.26
9,26.19,66.34,3.13
14,32.83,17.52,33.72
23,58.19,11.57,27.8
33,23.75,59.28,132.76
33,22.07,55.44,89.64
2,51.17,94.03,2.49
14,28.78,86.16,55.53
26,23.3,19.9,66.94
28,22.01,61.21,102.69
25,21.81,93.71,61.16
18,28.18,41.21,66.15
20,33.47,60.56,77.17
12,28.16,55.76,35.95
29,25.83,46.03,76.07
17,53.2,60.56,30.85
5,27.54,69.54,0.18
9,21.0,56.68,1.33
23,24.51,66.29,75.06
8,20.52,40.41,3.17
18,23.41,64.87,64.67
25,26.6,93.68,49.67
7,22.62,50.39,3.78
26,48.52,56.97,52.9
21,32.32,43.91,59.74
16,26.71,46.1,55.51
31,22.13,61.29,103.32
12,29.95,66.66,48.73
8,26.6,43.93,0.36
29,28.41,64.74,93.82
34,26.53,12.78,80.43
27,34.31,69.16,110.94
1,33.17,49.78,0.29
7,20.02,69.28,1.93
13,25.23,67.6,34.08
27,23.5,64.17,96.93
30,9.36,17.21,49.34
14,8.24,66.14,26.42
10,32.86,69.96,1.03
24,31.94,43.73,67.91
19,32.05,68.91,68.96
15,5.63,55.36,25.09
5,27.08,63.31,0.18
13,20.95,49.55,43.39
23,23.45,53.14,62.99
1,32.09,89.14,3.73
23,23.47,49.61,59.77
31,22.65,49.74,127.08
27,31.0,56.18,101.63
14,23.46,93.91,27.72
32,29.35,15.14,71.88
29,34.96,60.89,118.62
14,30.26,49.39,42.21
18,23.79,58.53,52.84
4,5.53,54.78,0.89
10,30.09,66.24,4.5
33,33.16,49.67,126.28
30,31.89,60.87,123.01
9,32.41,59.71,0.45
22,31.19,68.49,66.8
14,31.43,54.7,40.68
21,28.69,56.13,61.51
1,34.98,51.41,3.63
8,25.55,46.13,4.03
25,25.82,52.18,73.31
12,23.14,60.84,37.04
10,24.5,67.83,2.85
6,24.22,41.79,2.23
5,28.68,46.74,0.21
29,30.91,43.27,112.68
5,21.04,43.66,2.85
27,9.55,66.16,49.54
10,8.34,62.55,0.29
6,33.66,62.39,1.62
13,22.03,93.1,37.99
9,30.27,14.72,0.2
27,23.23,67.66,108.83
4,25.76,44.64,3.22
24,51.53,93.41,33.86
35,24.88,62.04,90.6
26,27.78,57.49,99.16
34,24.78,45.96,99.65
9,28.93,12.74,0.39
4,30.51,91.96,2.35
1,50.63,16.5,1.74
2,32.24,52.91,1.59
19,25.59,67.18,70.78
23,24.05,85.97,75.7
15,26.44,91.92,39.62
10,5.53,11.14,3.08
29,22.27,53.22,97.75
13,9.51,54.36,29.1
19,29.78,45.02,62.23
24,28.44,50.56,68.86
23,30.46,58.55,92.9
15,20.38,40.44,44.5
25,27.02,51.59,75.28
33,22.3,57.03,123.58
19,28.07,11.81,52.77
27,21.33,59.7,104.96
33,31.62,51.68,128.89
34,33.23,69.63,120.36
27,27.31,59.03,93.31
20,22.19,60.34,71.06
22,25.46,45.31,90.6
28,34.55,63.01,76.92
12,57.93,65.65,20.5
31,31.73,61.81,88.35
15,47.77,64.25,37.7
4,22.43,65.14,3.86
7,33.33,46.02,3.71
10,32.51,52.17,2.04
22,26.77,56.19,72.65
1,6.65,66.09,1.85
8,33.19,55.0,1.68
29,29.64,55.39,89.09
18,23.16,52.78,45.67
15,22.94,66.36,39.61
3,21.64,60.44,0.57
31,24.39,44.95,123.81
33,34.94,65.21,115.79
31,24.7,15.59,81.46
24,21.54,42.47,89.25
2,55.57,69.44,1.51
2,34.29,90.48,0.91
32,30.96,63.18,90.99
32,21.91,47.43,117.96
22,54.38,59.45,51.73
16,32.57,43.55,66.51
33,33.37,64.35,113.36
5,24.36,45.33,0.2
17,29.83,47.03,62.33
8,20.1,52.05,2.94
4,21.17,47.36,1.14
1,28.96,19.67,0.83
21,51.7,13.22,27.49
27,23.52,40.41,102.85
20,25.95,40.41,79.96
10,26.3,60.35,3.78
4,25.54,88.11,1.13
23,34.64,49.71,86.91
17,29.44,58.52,44.88
2,26.42,14.23,2.44
34,33.31,63.09,102.82
19,24.99,64.59,49.62
31,25.72,44.24,86.7
21,22.43,62.84,65.81
23,21.69,44.85,80.83
14,26.63,44.55,53.99
28,25.67,52.29,99.11
15,23.24,55.47,52.25
31,7.56,59.11,55.04
31,22.27,93.48,63.95
2,20.19,43.31,4.55
17,31.39,56.37,56.67
7,48.86,44.22,3.63
3,58.45560000000002,50.78,3.76
35,32.18,60.94,95.03
22,23.09,62.74,77.38
29,25.97,67.38,109.55
19,57.5,66.13,29.15
13,33.59,86.65,40.66
9,31.34,53.46,4.82
13,29.46,43.33,47.94
26,25.8,46.6,79.23
32,51.48,62.23,53.72
32,24.92,14.64,81.53
4,21.12,47.79,2.21
6,29.98,58.54,1.92
32,25.04,89.49,132.77120000000002
17,7.23,54.47,35.4
8,22.97,58.91,3.01
11,28.79,53.67,3.9
6,24.76,49.91,0.52
5,29.43,54.68,3.54
22,23.94,47.03,67.97
19,9.77,18.39,24.06
26,7.85,61.74,54.66
19,31.74,58.79,77.07
8,22.36,49.38,4.56
5,30.01,44.56,1.19
23,26.61,42.44,95.93
30,21.83,44.14,84.68
8,25.91,50.1,1.82
7,47.42,41.71,1.56
15,31.05,69.93,40.35
23,55.45,47.67,38.68
14,20.26,60.98,45.46
18,5.74,93.07,28.73
17,28.24,53.73,50.96
23,34.15,15.6,47.36
26,33.74,40.11,74.5
27,23.29,65.33,95.89
8,33.92,42.68,2.32
31,49.2,68.38,52.91
17,7.13,49.23,33.23
5,45.77,45.92,3.15
12,58.45560000000002,11.14,16.01
14,5.77,68.78,27.43
30,20.19,53.76,89.64
9,21.8,86.56,0.95
16,26.88,66.08,59.95
2,30.49,63.41,4.24
19,52.41,57.27,41.35
30,32.87,94.03,84.6
30,8.19,66.1,51.41
16,24.55,55.85,65.15
25,25.94,41.87,99.08
8,25.8,52.69,1.15
29,21.42,49.19,118.29
2,25.55,86.46,2.3
14,24.07,69.94,39.88
20,55.78,68.78,46.16
28,23.46,45.27,77.98
33,56.12,42.86,54.68
21,26.88,61.42,81.4
9,24.25,87.07,4.45
10,32.02,65.23,3.45
27,30.05,66.52,77.01
29,27.79,56.57,111.24
21,57.26,57.15,35.52
33,26.57,57.06,101.11
4,20.32,41.25,2.34
2,29.9,50.01,1.39
29,52.06,58.66,49.57
9,8.47,94.03,3.76
10,48.33,46.51,3.17
14,28.91,47.61,54.13
9,30.19,69.64,2.77
22,29.41,62.12,91.81
26,31.33,49.63,93.42
35,31.18,58.91,98.16
6,32.48,49.92,0.18
6,32.9,68.37,0.18
10,30.33,43.4,0.67
15,34.93,44.55,54.03
31,20.64,63.72,108.23
33,33.93,69.65,99.37
21,28.96,42.07,81.35
18,25.57,90.62,48.73
7,24.81,51.64,1.65
3,29.32,45.33,1.54
6,6.53,42.87,2.63
32,28.99,47.59,121.37
28,24.26,49.54,90.6
23,55.77,52.18,55.59
21,8.85,64.14,45.68
21,32.42,55.61,70.23
6,24.35,69.56,0.86
5,33.18,52.0,2.44
20,22.22,65.51,54.12
20,23.27,92.62,52.09
28,33.86,65.23,78.83
27,46.51,57.27,65.98
25,27.01,93.59,47.06
7,33.9,67.72,0.33
3,27.44,89.32,3.2
5,31.5,46.96,0.92
21,24.8,62.45,69.24
12,27.4,56.86,40.09
29,55.07,18.08,46.43
13,21.17,65.93,49.77
4,25.64,93.26,1.07
27,27.1,54.37,110.55
31,22.54,45.7,129.21
3,29.19,49.98,0.98
13,53.88,47.56,30.35
12,21.59,41.7,38.07
35,9.36,45.25,66.22
10,20.03,45.4,4.23
24,45.54,53.43,48.08
16,20.79,62.83,40.32
23,32.16,55.5,93.64
35,20.66,16.96,73.0
1,5.53,51.46,1.34
10,30.06,45.49,1.25
24,8.86,15.52,39.9
18,27.73,92.34,39.35
35,26.91,50.85,128.76
1,8.22,66.78,1.8
28,34.48,40.15,110.62
4,29.42,40.33,1.56
11,22.69,85.05,3.86
10,21.44,52.69,3.53
27,33.38,52.31,80.21
28,54.95,47.24,47.71
29,8.77,49.86,60.06
8,8.47,47.55,1.98
7,27.13,19.05,3.48
25,27.03,68.13,87.64
11,32.64,57.03,2.81
8,21.91,68.67,0.72
33,31.56,62.75,93.04
35,24.81,49.12,103.16
24,20.59,58.77,80.55
1,20.61,66.59,0.53
13,29.11,61.47,53.75
30,35.0,45.46,112.7
11,8.45,50.74,3.47
1,33.63,56.49,3.4
2,34.8,47.5,2.88
17,50.22,88.94,29.81
20,25.96,54.98,66.63
20,31.81,89.88,58.78
25,57.94,61.29,48.28
17,22.5,61.14,47.51
6,58.45560000000002,66.69,4.98
35,24.97,41.14,126.13
32,45.43,55.61,71.85
33,26.24,48.11,126.78
30,21.68,13.05,88.0
30,24.94,57.57,100.74
22,33.74,89.54,72.24
26,25.3,86.07,82.68
23,27.45,57.49,90.79
33,26.62,85.09,95.95
11,50.83,59.1,0.18
22,21.42,68.35,86.5
16,22.86,41.09,41.62
4,54.86,55.94,3.3
19,28.34,57.11,67.35
31,31.4,90.89,64.58
31,24.4,89.84,119.79
11,34.22,93.43,2.41
5,30.04,56.95,1.72
8,26.85,45.35,3.39
2,30.81,94.03,3.37
31,30.51,59.78,84.16
9,29.0,67.72,2.11
35,31.59,90.83,93.95
31,25.0,50.6,117.19
20,6.17,49.65,33.04
34,28.63,58.08,90.4
22,32.11,52.19,72.61
10,29.79,52.56,1.26
1,53.69,45.57,3.99
2,21.87,44.97,0.92
10,24.93,41.71,1.5
19,27.93,48.21,62.14
11,46.47,40.97,1.51
27,54.31,93.99,47.55
29,25.47,54.89,107.88
33,8.36,90.64,53.32
30,33.78,60.7,85.4
9,33.02,63.27,2.97
5,33.86,42.8,3.27
31,29.05,47.13,102.04
21,45.6,67.99,36.01
14,31.85,58.79,55.08
29,29.71,18.83,51.46
34,5.6,44.69,66.98
24,26.02,55.06,87.17
17,20.29,60.47,55.03
18,29.24,42.34,54.75
25,25.1,64.67,99.27
30,51.82,46.06,51.13
28,6.16,62.39,45.96
29,33.57,67.44,102.19
6,9.67,54.33,4.51
17,6.55,50.99,31.79
8,31.88,89.13,2.45
2,6.97,50.5,1.6
9,30.48,63.43,1.98
6,22.52,52.42,4.63
17,8.69,63.82,26.51
21,58.45560000000002,63.99,36.21
22,34.15,47.58,55.39
28,22.35,45.94,79.42
13,22.42,55.37,46.99
29,22.9,62.48,100.53
9,28.34,61.1,2.4
25,25.6,94.03,58.28
30,27.59,69.82,107.29
7,30.18,49.19,4.34
28,50.32,48.04,53.62
31,27.04,59.08,89.86
23,54.5,50.69,39.04
12,58.45560000000002,67.68,21.4
10,22.4,46.89,0.82
6,25.37,68.85,0.83
21,26.74,90.47,48.0
4,30.02,68.12,4.35
32,6.74,18.66,38.93
21,26.53,66.55,63.98
24,33.12,46.11,65.79
32,24.8,50.41,99.9
28,29.12,67.75,94.35
35,57.05,50.13,87.25
22,25.48,56.54,56.49
20,28.29,54.72,79.09
26,32.2,44.51,87.45
8,7.33,87.6,4.98
7,30.82,69.6,4.26
22,26.1,64.68,77.63
8,21.05,54.12,1.68
14,22.89,65.14,45.76
4,25.86,44.12,4.81
27,5.71,89.41,50.48
27,27.31,65.33,95.04
13,20.34,51.19,51.77
17,24.42,53.71,47.74
32,26.26,57.53,117.94
12,33.78,85.6,30.81
20,8.21,43.59,31.04
31,52.0,56.79,72.4
2,30.6,45.02,2.25
26,22.35,19.01,63.28
8,9.89,66.85,1.04
2,9.48,19.34,1.74
8,30.91,69.86,2.79
8,20.42,42.23,3.08
28,23.33,90.49,64.13
11,56.67,44.97,3.88
11,22.21,55.36,0.74
13,22.46,51.25,42.91
6,22.71,45.95,2.4
1,53.94,57.19,3.09
15,30.96,66.18,37.65
6,23.22,16.78,2.56
11,6.47,55.79,4.48
12,6.55,45.33,24.81
12,27.27,58.19,46.68
20,30.49,60.07,67.41
14,47.94,63.01,23.93
3,22.63,50.71,2.36
21,22.78,62.19,67.38
5,28.32,60.36,4.86
20,24.56,94.03,58.13
26,34.83,49.4,68.71
18,32.47,11.14,41.29
26,34.51,65.35,85.97
14,21.74,53.18,47.45
23,20.25,45.05,85.92
14,33.36,59.6,40.67
2,30.49,85.49,1.28
21,21.72,41.55,54.45
18,8.64,57.98,27.13
18,21.43,41.89,75.18
2,25.46,51.77,4.55
7,32.26,44.59,0.76
30,31.78,44.06,117.6
20,28.62,15.86,36.35
4,34.99,67.07,2.53
28,33.57,51.07,116.75
29,34.89,42.92,117.51
20,8.08,61.41,46.36
20,8.16,94.03,22.82
23,8.36,52.24,55.09
2,7.38,66.97,4.95
1,28.7,41.32,3.22
29,7.06,52.03,44.24
6,34.28,64.7,1.22
26,21.65,88.63,66.66
6,45.09,49.32,2.18
17,22.85,68.49,60.98
1,5.53,68.94,2.66
8,48.12,44.22,0.96
25,6.62,45.65,52.6
7,32.15,53.36,1.66
28,20.14,69.49,107.9
16,31.26,49.81,59.43
14,47.57,91.89,22.51
13,21.16,69.23,51.08
12,22.16,60.58,45.41
16,31.51,47.58,57.42
33,34.36,65.91,132.77120000000002
29,20.9,13.43,56.63
28,8.23,49.29,52.74
34,46.82,57.52,79.53
30,9.71,59.53,65.14
14,27.21,19.68,35.56
24,30.32,46.93,66.6
17,32.29,56.82,48.88
17,22.43,53.38,42.76
17,29.8,93.35,48.49
20,28.29,86.32,55.58
26,6.99,60.4,44.68
7,47.6,14.77,2.86
9,21.57,89.32,3.43
20,30.56,50.44,68.16
26,31.04,11.14,55.38
4,26.29,40.92,1.4
8,53.5,18.32,4.91
9,24.62,40.23,4.3
4,5.59,47.44,0.86
10,57.45,52.13,4.3
25,22.97,48.5,87.85
8,31.81,89.82,0.36
23,25.85,40.32,81.04
20,32.96,85.17,60.55
12,6.29,45.79,19.59
26,52.88,87.08,53.03
6,25.08,43.69,4.61
25,55.58,86.15,44.62
28,25.77,13.43,77.18
35,28.9,45.76,100.96
32,30.3,58.34,80.69
16,54.66,53.82,28.09
7,26.09,58.09,2.73
31,25.63,68.15,85.75
18,31.37,54.4,75.0
32,20.83,18.72,85.36
28,28.6,46.73,74.82
23,55.3,86.4,39.19
34,34.84,64.11,103.03
19,24.0,67.55,72.62
25,29.64,56.87,69.77
21,28.85,56.58,64.8
3,25.88,61.78,1.54
12,33.37,61.92,47.71
14,25.84,58.83,48.3
27,29.62,14.74,76.87
24,33.09,57.04,85.7
6,33.9,43.44,0.8
17,23.63,49.55,51.77
6,27.54,64.54,4.99
21,31.92,64.23,76.53
26,28.28,64.95,92.15
3,30.68,51.27,1.2
10,33.54,65.61,1.8
12,28.5,85.38,41.74
32,21.13,86.14,93.66
35,5.53,67.4,69.72
12,6.03,86.2,24.15
2,31.24,50.11,3.52
35,33.77,47.72,102.64
8,22.89,85.3,4.99
23,21.12,55.67,77.74
19,26.91,57.46,70.5
17,33.4,66.7,47.91
9,32.24,16.41,3.17
26,27.99,50.72,85.27
29,22.99,66.34,109.73
6,7.21,43.5,4.72
21,31.76,40.71,71.33
12,57.1,94.03,14.34
5,7.9,57.79,1.23
17,28.39,62.49,47.91
14,27.76,59.59,52.11
9,20.89,48.71,2.91
13,32.03,62.43,38.13
11,30.28,43.29,0.18
24,20.72,43.6,76.89
25,30.31,63.43,76.53
10,25.39,87.39,1.9
5,31.44,15.74,3.34
25,56.95,57.06,61.54
26,21.67,40.62,81.76
5,20.82,41.47,2.58
1,28.58,61.42,4.31
28,28.95,61.39,88.93
35,25.5,16.33,89.48
8,56.69,40.83,1.15
3,30.84,14.31,2.9
35,30.74,57.23,124.73
19,22.4,58.96,54.52
21,32.96,49.59,70.03
30,8.44,45.21,68.07
31,26.59,16.65,59.77
14,28.06,49.15,54.79
30,23.13,63.76,81.57
1,32.64,14.61,0.85
26,26.16,14.39,75.46
22,51.63,16.52,24.8
8,31.39,63.02,0.23
13,33.6,44.57,44.19
21,25.57,69.03,66.27
33,30.73,60.78,107.45
34,30.21,63.35,107.87
3,27.15,41.91,3.5
34,8.44,86.15,67.75
9,21.38,46.06,1.6
9,23.52,62.46,3.8
9,31.1,67.89,2.92
1,9.8,12.04,1.92
3,27.59,41.49,3.94
31,20.75,57.49,103.32
13,20.13,93.05,35.58
24,23.18,11.14,67.03
18,20.09,55.17,52.55
18,28.24,94.03,42.57
3,7.69,55.44,2.2
15,30.37,47.56,39.7
20,20.34,68.01,82.79
19,32.24,93.04,42.27
7,26.62,50.26,4.67
4,23.25,43.75,3.6
9,7.39,48.65,3.91
22,23.81,63.27,87.7
2,24.13,67.45,2.33
31,9.46,64.55,55.24
20,20.28,67.29,79.35
31,25.36,64.52,88.9
21,32.3,16.71,51.15
11,5.9,63.09,0.51
34,28.79,55.83,113.13
23,58.43,59.83,41.8
24,24.55,61.56,98.13
31,53.98,47.15,67.38
25,6.89,49.14,45.58
3,7.47,42.95,0.21
31,9.5,89.22,74.05
21,26.26,58.22,57.79
2,32.81,19.51,3.98
33,23.71,53.23,121.6
25,28.64,68.1,66.07
19,32.01,63.19,78.41
19,23.27,48.74,63.88
20,6.8,44.26,31.7
18,24.49,54.53,56.65
22,22.22,41.19,75.05
3,54.08,47.36,4.89
35,53.32,16.38,40.05
21,29.77,40.8,70.12
25,32.46,54.93,76.24
34,25.19,50.23,100.72
21,34.46,65.28,86.17
20,33.08,93.6,40.54
7,21.13,93.85,0.41
26,30.54,40.21,66.06
11,25.15,55.91,4.27
10,33.31,57.14,3.28
10,29.09,53.33,1.39
24,32.92,54.22,73.03
23,26.51,93.34,66.46
9,5.53,92.13,3.29
13,9.43,56.16,23.8
27,22.96,44.0,77.93
21,55.67,54.0,34.34
12,34.88,55.75,34.94
29,26.77,50.18,91.83
12,47.44,64.34,27.64
5,46.12,43.61,3.17
19,21.91,50.39,74.12
13,27.28,52.12,46.59
23,50.1,54.49,35.57
5,27.84,50.33,4.17
12,47.97,54.18,27.98
22,31.28,59.68,81.6
33,22.58,61.68,94.49
5,9.5,68.69,2.38
11,30.62,66.01,0.96
17,25.2,18.13,38.65
24,25.6,92.93,59.04
23,24.5,66.15,85.5
16,34.55,60.42,47.5
33,26.77,86.53,124.82
25,22.26,17.09,61.75
8,45.38,41.99,4.1
17,34.64,63.77,52.53
18,6.43,94.03,21.99
25,9.35,16.15,37.29
9,20.89,19.17,3.8
17,28.14,56.03,47.11
1,26.42,58.38,3.9
7,30.47,19.54,1.84
22,8.72,56.4,38.88
10,21.97,68.25,3.12
4,21.48,54.48,0.43
19,21.04,52.06,57.58
1,34.24,53.66,2.93
6,9.81,57.23,4.33
33,47.69,85.21,58.23
20,32.08,51.92,63.31
34,29.27,18.83,96.48
33,32.56,58.25,105.2
17,29.82,85.02,49.43
10,22.94,59.95,4.55
35,31.45,40.75,115.85
30,24.52,41.07,106.2
29,22.0,54.93,93.62
2,32.14,48.54,3.59
33,26.35,67.07,99.15
13,7.39,46.06,31.75
3,26.97,64.12,3.46
30,58.41,89.81,57.92
8,29.25,64.86,2.92
14,24.34,94.03,29.61
33,20.43,85.97,93.31
18,52.27,62.43,36.62
32,20.79,48.86,80.49
7,21.22,48.17,4.85
26,21.61,61.19,66.59
24,30.15,40.76,70.04
9,33.35,42.52,0.49
20,32.7,14.26,56.26
9,23.46,15.94,2.67
13,24.93,51.54,51.89
5,33.38,54.71,2.17
19,27.6,41.28,53.0
26,49.79,94.03,36.28
8,23.92,64.71,2.27
18,31.84,53.36,60.34
17,34.1,51.61,63.59
28,32.28,13.35,50.77
21,29.04,53.44,83.46
7,20.11,64.1,1.17
3,54.61,17.88,1.19
8,33.98,41.59,0.87
18,21.91,45.9,48.07
29,31.49,66.76,81.29
9,45.32,51.27,2.45
1,56.08,41.8,2.75
1,20.54,66.95,1.62
30,29.9,42.42,89.53
5,26.28,52.68,3.88
9,33.73,11.38,4.92
12,31.59,63.39,42.95
16,28.86,45.88,57.24
28,9.19,46.53,51.95
24,24.14,60.56,87.71
31,30.34,42.21,105.05
12,33.84,54.92,44.3
21,27.95,57.22,66.55
4,27.04,11.14,4.61
10,58.39,86.02,1.73
33,23.43,42.9,104.98
12,21.39,66.65,42.86
26,20.18,52.25,77.93
2,29.82,69.26,4.93
30,30.35,59.62,115.76
26,30.98,65.3,66.44
23,26.7,60.92,90.05
30,27.44,48.61,114.31
30,30.98,86.98,94.48
6,28.7,43.99,3.74
30,8.36,87.92,45.32
13,22.89,92.83,23.73
33,46.8,16.78,51.79
29,51.5,47.63,56.28
11,52.42,60.71,1.62
10,25.91,41.19,4.93
33,28.01,50.01,122.0
1,31.06,45.2,1.58
32,30.38,55.47,86.13
28,26.44,12.44,77.44
13,28.09,92.02,24.99
11,32.07,43.98,4.58
22,31.14,51.84,56.92
18,34.58,60.29,45.52
13,33.98,93.34,24.97
28,25.19,94.03,71.72
14,24.89,53.41,53.79
4,33.36,41.64,2.73
7,24.72,49.29,2.45
4,21.83,88.82,1.73
2,24.93,56.95,0.42
18,31.85,63.31,52.23
25,26.02,54.69,99.39
29,26.49,49.71,92.1
12,27.61,41.09,38.46
16,34.69,66.87,45.23
5,24.61,63.33,1.32
10,58.45560000000002,66.88,4.54
25,58.45,40.19,45.92
34,25.32,11.65,72.81
4,32.14,43.07,4.1
33,34.71,68.69,130.64
11,45.47,48.27,0.21
3,28.64,47.59,4.47
11,32.51,40.55,4.71
2,30.58,13.6,1.94
13,24.33,62.62,47.63
12,58.45560000000002,49.2,18.23
26,53.88,64.93,50.87
34,5.56,58.56,63.91
11,20.25,59.14,0.18
34,28.07,64.19,111.12
31,27.12,62.66,97.04
6,29.45,50.94,3.74
17,31.85,62.41,69.79
20,55.24,57.91,38.49
23,6.79,56.09,46.66
7,24.74,12.53,0.43
12,23.9,65.6,47.95
26,20.77,44.43,91.87
6,20.25,61.15,1.08
14,29.66,65.32,52.73
7,26.36,60.7,3.83
26,22.06,62.8,75.23
2,20.64,88.48,2.69
16,30.93,63.48,46.25
22,24.57,48.4,57.02
25,8.96,52.81,48.93
31,27.85,14.26,65.68
22,52.35,60.67,45.12
15,20.4,61.59,57.67
21,24.75,53.64,72.76
13,29.15,86.1,36.15
19,24.29,69.98,70.22
17,33.79,66.14,62.84
5,48.13,56.69,4.8
35,31.98,40.12,132.77120000000002
6,28.38,61.16,2.41
29,55.32,67.89,52.83
22,24.48,45.89,67.61
10,26.7,62.62,3.07
5,33.14,92.81,3.46
9,27.12,57.69,3.21
22,5.61,56.67,35.73
10,58.45560000000002,52.62,4.27
20,20.16,68.71,80.05
16,28.35,65.97,60.56
24,20.29,92.18,48.79
30,6.39,43.82,61.58
21,32.29,55.01,67.78
1,22.85,88.99,0.7
8,25.37,14.91,4.79
6,31.0,58.99,3.01
31,47.21,65.62,65.64
28,34.99,64.44,99.52
13,58.45560000000002,40.5,27.96
15,30.01,93.37,43.3
27,31.02,88.38,72.7
6,20.23,19.7,1.23
33,33.47,41.37,116.76
27,8.28,59.2,49.53
17,28.9,66.78,52.01
17,31.88,56.84,56.19
3,30.73,61.4,4.6
6,21.02,53.07,4.17
12,24.24,43.88,38.46
33,26.98,65.98,110.22
30,58.45560000000002,57.31,54.76
23,27.09,42.42,77.72
11,57.37,47.03,0.53
26,56.16,11.31,31.85
15,22.11,67.25,57.86
16,26.37,12.03,28.34
4,22.24,48.57,0.52
35,31.82,64.35,110.93
15,34.37,40.16,37.68
34,24.45,59.42,96.55
9,28.12,51.11,1.21
34,22.59,90.44,94.88
5,7.66,49.98,4.43
27,26.19,42.91,109.07
12,25.53,41.06,33.7
24,33.51,61.25,70.0
31,26.14,63.96,124.36
6,33.88,46.29,1.71
16,58.45560000000002,19.78,23.76
17,22.81,47.47,70.01
34,30.49,68.39,90.17
6,25.46,56.55,4.8
4,34.8,54.02,1.68
13,21.12,58.07,34.45
34,34.31,60.9,97.82
33,6.41,87.19,51.59
26,30.82,66.34,77.42
7,9.73,18.99,4.29
17,7.95,11.14,22.33
14,21.53,55.44,38.18
18,28.19,66.25,72.64
12,22.73,44.84,47.61
2,27.84,52.15,1.55
35,21.28,49.63,132.77120000000002
22,29.49,42.13,88.11
19,27.31,41.27,63.91
2,31.72,61.12,4.21
28,23.47,12.38,59.18
3,25.67,11.89,3.8
8,25.65,63.09,3.56
34,23.68,89.59,109.4
3,29.37,65.67,1.77
15,20.53,64.62,61.3
28,25.21,59.27,110.67
20,24.66,91.92,43.43
22,8.08,16.62,30.3
25,27.88,52.7,90.17
17,26.78,67.58,61.82
33,30.35,50.29,90.28
2,32.58,50.63,0.64
6,31.81,40.57,4.68
2,7.17,63.23,2.4
25,24.98,69.45,77.02
21,22.95,40.53,63.53
23,26.19,55.67,80.53
15,26.24,66.99,51.85
20,20.96,54.46,53.7
33,6.38,11.56,54.03
13,27.89,45.67,37.03
32,23.67,52.5,121.63
24,20.9,41.57,95.74
33,33.37,41.81,125.75
31,47.99,46.25,64.26
9,30.49,12.85,3.82
28,26.98,47.07,82.45
34,22.9,43.23,109.32
27,7.06,63.56,60.9
18,24.54,43.27,48.54
24,21.41,67.64,93.21
26,32.89,52.4,84.3
33,24.77,53.27,83.74
22,30.65,57.53,65.43
28,24.47,57.09,81.43
7,33.86,48.09,2.88
25,7.17,66.31,53.82
34,58.45560000000002,56.79,78.52
18,29.8,55.21,70.58
14,8.69,42.19,32.41
4,26.73,67.9,3.19
26,7.43,57.28,49.37
12,26.83,57.42,44.8
2,22.13,67.45,4.15
35,31.07,65.65,124.47
13,34.74,59.13,43.56
33,31.37,61.4,110.5
7,50.61,48.18,0.64
16,30.45,67.28,64.66
34,29.1,85.83,132.77120000000002
8,26.32,41.57,2.96
33,21.5,49.43,132.77120000000002
25,23.11,51.26,72.75
16,25.16,46.96,49.97
25,24.13,57.01,93.64
24,23.93,69.32,64.72
3,6.36,66.51,2.82
32,27.9,92.3,69.71
25,24.71,11.6,54.51
4,32.64,43.74,2.73
33,34.96,46.49,92.27
19,32.08,85.86,47.68
31,26.84,93.9,65.57
19,29.11,62.33,69.48
34,29.81,59.46,88.37
22,28.42,48.22,70.49
14,31.55,57.78,58.47
2,29.43,86.33,2.37
20,47.25,53.56,41.28
23,29.18,63.58,72.18
3,24.34,68.33,2.74
29,54.44,47.58,43.89
19,25.66,85.31,53.57
27,22.24,66.7,80.48
8,29.55,89.96,4.81
15,34.37,48.78,40.11
8,34.37,47.61,3.21
19,31.82,65.77,76.41
28,22.01,52.22,110.03
28,28.53,61.64,95.78
1,27.82,40.86,1.29
13,5.97,45.63,25.28
22,32.03,53.07,66.65
34,29.43,92.8,71.24
30,29.15,46.86,92.36
14,21.7,40.53,38.53
14,58.45560000000002,63.93,27.38
16,22.72,47.25,67.08
23,20.56,50.49,61.28
17,23.66,68.29,48.68
5,32.55,48.42,1.32
33,33.83,12.79,80.67
17,21.97,61.41,62.37
11,8.38,49.34,2.23
1,6.62,93.81,0.65
12,23.0,17.39,29.81
25,31.27,53.76,89.5
2,30.35,11.14,1.62
9,32.48,11.14,3.78
24,29.78,42.36,82.15
3,25.86,11.14,1.33
11,32.64,50.93,2.24
11,29.85,43.03,2.41
18,47.66,51.84,44.95
2,20.06,16.57,4.26
30,7.8,60.31,74.72
15,6.99,49.33,25.3
26,22.08,44.58,81.67
5,8.68,55.02,2.62
31,6.73,48.31,71.85
22,31.56,41.6,80.53
3,26.19,69.21,4.59
6,25.19,53.72,1.03
19,34.65,55.0,60.13
26,8.89,51.96,62.31
24,31.34,55.81,94.91
31,5.53,56.87,58.07
5,20.42,60.06,4.0
27,30.64,48.58,95.25
11,27.01,53.8,4.65
15,32.48,42.41,61.21
1,28.92,40.9,1.19
8,31.59,89.85,3.58
26,32.91,41.96,84.2
5,29.77,56.81,4.46
24,23.45,41.42,83.99
9,27.64,40.54,1.21
32,22.76,43.51,109.39
17,23.36,64.8,54.53
7,32.44,65.61,2.73
20,34.88,67.19,75.09
34,48.59,64.14,51.66
31,32.34,52.44,81.26
3,26.83,41.01,1.21
16,29.78,89.43,62.0
18,54.55,60.67,38.94
29,25.08,52.21,84.68
12,6.79,48.52,28.92
11,23.12,51.07,4.24
7,32.5,69.04,4.58
24,21.55,52.71,74.9
13,30.0,51.64,34.82
20,5.53,62.25,48.87
19,6.23,52.64,33.9
11,29.14,64.97,3.64
4,58.19,52.71,3.94
9,29.45,12.19,2.76
12,21.81,46.02,39.31
28,22.1,59.69,108.85
27,31.37,43.77,99.19
3,22.38,45.93,3.72
28,20.11,13.66,81.49
16,32.61,63.03,54.59
27,28.31,48.87,89.08
32,32.9,47.67,128.43
32,26.0,15.22,92.45
21,50.77,69.56,52.69
30,8.86,62.0,47.13
25,32.16,47.59,77.01
12,27.29,67.66,49.36
17,23.37,46.03,66.74
14,29.39,17.16,35.78
35,32.0,53.58,112.89
11,29.12,43.75,3.68
29,24.19,87.37,102.12
33,27.37,59.24,96.38
17,23.26,45.71,60.19
9,24.67,61.88,2.94
31,34.37,45.23,96.19
25,30.22,59.07,96.03
2,50.18,91.51,2.63
34,20.39,54.83,98.03
19,20.09,14.96,54.6
31,32.85,15.66,76.12
13,22.79,50.61,47.13
33,20.7,59.1,94.31
33,33.02,55.82,83.94
9,34.74,53.99,4.2
24,28.28,53.09,89.09
11,31.11,64.12,4.87
19,29.05,64.05,58.25
5,23.3,44.44,3.64
35,7.31,45.71,72.59
8,30.47,61.95,2.76
31,25.86,60.62,80.9
29,58.45560000000002,51.21,52.04
6,23.22,47.02,1.63
24,24.39,56.96,85.53
27,25.62,55.09,89.58
23,25.82,50.02,74.76
16,33.94,40.44,66.74
8,25.45,15.66,0.37
3,32.99,50.02,1.83
1,34.18,44.39,4.23
18,20.75,40.57,55.59
31,22.4,49.88,88.9
28,31.49,53.73,83.01
20,30.28,65.47,50.64
29,25.65,57.75,89.85
10,30.67,63.54,2.9
14,24.69,58.95,57.63
33,31.18,51.49,127.45
11,29.4,63.62,4.65
32,26.1,54.56,114.06
8,57.32,59.66,3.56
15,23.28,52.89,52.51
24,20.45,60.86,76.47
26,28.55,11.14,57.08
34,31.18,85.89,94.61
5,47.1,65.24,2.44
7,34.14,66.86,0.18
7,25.47,47.04,2.07
31,21.09,44.01,106.62
35,26.73,47.63,131.1
1,47.77,13.17,0.77
28,25.6,40.97,72.01
18,28.28,67.68,64.98
7,23.94,57.56,3.74
18,30.25,68.61,75.36
22,52.92,43.72,37.56
21,23.67,43.2,53.9
18,34.32,51.0,50.42
24,30.21,52.35,60.61
20,24.04,61.62,57.99
32,25.54,55.91,113.22
16,33.25,49.97,53.19
9,53.68,85.16,4.3
20,29.8,61.37,64.49
25,30.04,85.72,75.05
33,32.6,91.88,93.34
6,34.66,88.6,2.89
26,28.52,59.58,73.76
23,23.61,93.56,66.99
19,45.02,55.35,29.72
14,20.3,69.18,51.38
13,30.96,86.77,45.69
29,31.03,44.41,97.47
22,58.45560000000002,64.07,48.26
24,46.75,52.86,39.68
27,33.36,44.57,97.32
10,28.79,60.52,1.0
32,28.54,55.75,127.05
31,20.62,60.2,85.74
33,5.75,85.77,71.4
7,21.41,92.44,3.7
29,25.61,67.26,103.79
10,23.71,69.08,0.61
35,34.13,86.79,128.0
34,28.67,17.09,80.81
20,7.09,62.26,37.11
28,30.52,89.16,76.94
20,21.17,52.75,60.71
33,52.7,55.69,68.94
22,29.22,63.16,67.35
12,30.74,62.63,45.18
29,30.2,63.33,110.97
4,54.59,52.39,3.73
2,24.1,48.09,4.92
25,26.18,69.98,75.96
32,34.65,51.59,89.2
12,6.33,89.0,29.41
29,25.51,55.67,98.87
23,21.72,69.66,92.37
7,34.34,55.41,4.0
10,26.4,63.23,4.28
27,24.15,48.15,73.4
4,29.21,40.47,0.74
1,24.84,66.73,1.49
6,33.44,89.77,4.74
14,22.15,43.08,42.55
35,29.81,68.23,119.9
12,27.09,47.89,34.59
20,22.77,47.09,83.09
15,25.12,48.7,50.41
31,26.41,90.98,80.43
4,25.55,60.91,2.68
14,27.98,48.35,57.31
5,33.13,63.78,1.97
24,48.98,57.08,40.83
6,57.63,52.86,1.12
21,26.95,64.06,85.02
23,24.35,41.78,82.29
7,22.37,18.06,4.37
34,8.6,43.46,63.57
24,29.41,50.98,92.62
32,6.32,60.38,78.57
23,20.99,17.03,51.72
27,28.66,94.03,75.03
25,25.1,42.16,64.69
20,34.56,42.94,64.57
11,26.64,58.3,0.62
14,22.77,87.36,44.7
18,21.09,48.01,75.3
28,27.61,42.33,82.16
12,23.33,42.96,45.31
10,55.85,53.88,2.52
30,51.68,16.86,41.43
26,25.15,16.26,68.0
16,34.7,45.28,42.57
22,31.34,51.31,58.88
14,26.74,59.08,47.81
2,5.65,69.42,0.18
12,9.41,51.34,27.21
15,28.44,46.15,61.93
24,31.65,64.25,65.23
25,23.76,69.44,68.61
24,30.51,19.18,66.86
18,27.78,45.34,69.35
27,22.45,40.57,95.82
23,21.25,67.87,62.1
26,34.63,53.07,100.47
35,33.65,57.02,126.31
27,34.99,54.15,83.98
33,26.49,47.44,127.3
9,27.38,50.25,2.5
14,24.49,52.6,42.87
17,31.1,61.62,55.29
26,26.61,54.02,99.84
3,32.09,65.78,2.0
28,29.17,12.42,66.99
28,33.86,66.75,106.09
29,28.46,42.84,73.85
19,57.02,58.78,34.11
22,8.55,69.48,33.78
27,33.66,58.69,83.72
27,32.66,68.18,113.28
21,31.39,60.96,56.16
2,23.01,44.1,2.98
22,28.75,49.18,68.91
14,9.28,48.54,33.63
6,31.72,59.35,1.28
29,31.6,87.07,77.64
18,34.97,49.98,70.46
1,29.75,60.58,2.39
8,26.19,59.71,2.44
33,23.27,49.08,107.7
1,9.64,50.18,2.17
5,48.44,64.91,1.28
3,23.6,56.4,1.52
15,24.32,59.58,41.13
26,46.58,49.48,54.07
25,25.91,50.7,87.94
16,29.35,58.35,64.24
11,31.77,57.73,1.3
1,20.18,40.16,0.75
19,26.66,88.97,52.58
20,8.98,89.49,34.61
31,27.34,44.22,112.65
10,29.32,53.26,0.88
30,33.96,44.33,96.71
6,34.79,55.58,2.8
19,32.26,56.78,68.76
31,6.3,47.48,50.07
30,28.81,53.68,107.09
30,34.18,64.91,115.25
19,9.11,88.56,28.71
17,6.99,43.44,37.3
19,55.79,47.89,38.95
27,22.91,67.99,72.91
21,28.85,87.94,55.23
8,9.56,68.55,3.92
10,28.39,61.05,2.9
24,5.53,40.89,51.87
28,32.87,19.6,74.46
35,33.87,44.1,128.9
14,57.11,13.56,24.69
7,22.26,40.01,3.87
26,30.43,65.56,69.97
9,31.54,89.74,3.28
9,45.95,85.82,4.98
9,32.12,55.22,3.67
27,28.82,46.73,94.01
2,31.62,40.33,0.18
33,33.15,58.58,104.3
5,7.63,64.29,0.18
21,55.12,55.73,40.28
30,23.85,60.33,76.48
8,27.59,93.34,2.03
35,29.71,15.66,65.32
2,21.93,54.64,4.22
30,31.6,17.58,79.33
11,24.91,64.47,0.99
4,34.32,45.08,1.93
27,31.28,43.54,111.84
31,21.17,57.83,129.57
31,22.16,66.14,95.89
22,33.02,48.78,72.66
8,9.93,51.95,0.61
23,25.11,46.98,67.98
33,33.31,87.82,95.14
13,24.62,55.66,50.63
24,29.3,59.45,61.99
32,25.67,42.85,120.69
18,20.77,42.69,51.4
23,26.29,56.38,85.84
27,24.94,49.38,74.87
15,5.8,53.62,32.52
21,5.91,55.8,37.21
27,29.88,67.32,92.82
19,33.63,48.35,77.77
15,25.24,69.04,55.73
19,5.53,46.95,29.31
31,27.08,61.79,95.68
31,26.03,54.53,98.39
31,51.73,50.9,49.83
27,31.15,44.17,103.73
28,6.31,11.55,40.8
28,34.79,88.17,102.57
17,25.82,40.93,48.65
25,28.59,60.6,64.27
18,30.91,51.06,54.74
7,28.78,69.6,0.54
9,21.74,49.95,4.73
33,27.6,53.42,96.93
21,34.51,19.85,58.37
6,6.28,50.45,3.05
7,27.49,92.55,4.85
33,28.73,62.02,87.81
32,24.78,65.23,115.45
29,21.73,53.79,101.24
10,34.6,68.5,3.11
13,32.18,11.14,25.13
7,33.15,43.3,3.84
3,5.53,11.14,0.77
15,23.46,66.2,61.62
8,6.01,48.36,3.16
14,31.87,55.68,52.62
2,27.35,62.62,2.67
30,34.17,45.32,86.28
34,28.3,41.11,132.77120000000002
22,32.03,42.71,71.48
33,34.97,58.06,91.77
22,26.43,42.27,67.35
13,23.17,89.08,35.48
13,56.07,17.67,15.27
25,24.79,65.75,76.43
28,6.3,52.17,62.17
6,21.2,64.87,2.94
30,22.49,49.85,84.56
13,26.34,14.04,36.72
14,26.28,91.32,28.06
12,8.69,44.92,18.94
23,23.89,68.33,75.08
11,7.51,66.94,2.76
20,23.35,57.32,56.44
22,20.4,57.41,58.42
24,20.32,51.26,69.39
28,23.9,64.51,79.42
1,20.72,41.1,1.71
29,9.25,58.23,51.67
24,27.18,43.91,93.09
23,28.91,46.31,69.49
13,31.18,86.34,49.02
12,32.36,47.46,37.93
16,30.31,41.8,45.86
30,31.73,66.41,84.85
17,31.43,67.39,62.48
4,33.66,56.12,3.07
11,34.81,52.59,2.3
23,53.39,51.27,43.22
28,25.66,65.48,100.44
9,26.82,89.35,0.51
5,21.59,49.43,1.2
6,23.28,17.03,0.58
28,22.53,52.86,89.76
3,30.27,15.46,3.98
9,9.48,16.84,4.66
35,28.69,45.01,96.58
20,52.35,85.49,40.68
28,6.29,50.69,64.82
35,28.9,44.13,119.84
32,6.34,41.91,79.07
26,23.9,55.89,99.26
8,32.61,15.07,1.33
16,32.65,53.94,64.18
7,21.0,45.76,4.72
10,30.33,93.12,4.14
8,27.22,65.6,1.05
5,30.39,62.28,3.76
13,22.75,85.64,33.63
5,30.73,15.62,1.89
35,25.79,63.37,132.77120000000002
8,22.15,50.61,3.89
34,9.99,45.34,53.39
14,31.36,56.62,58.23
30,24.84,67.77,94.05
12,33.45,19.22,31.26
28,33.68,47.09,116.97
34,30.92,41.05,116.31
16,30.25,43.77,55.29
27,24.18,56.6,104.91
26,20.95,44.98,107.94
23,33.63,55.49,85.05
25,27.84,65.72,71.21
13,52.97,43.64,28.28
21,6.85,49.4,50.16
30,30.77,59.08,75.4
18,5.53,56.16,32.3
31,20.41,47.9,100.5
6,21.75,55.67,0.91
14,23.21,62.33,55.92
5,27.41,62.19,4.0
5,30.02,61.44,2.35
26,31.41,40.79,86.94
12,29.93,93.0,22.6
5,32.85,56.26,1.58
33,31.61,53.74,99.55
17,28.32,67.31,48.88
34,21.88,11.14,94.99
23,34.74,40.83,82.36
18,34.4,60.9,49.74
25,23.15,51.09,97.18
5,31.4,53.29,1.44
27,31.94,17.78,68.87
19,21.02,51.07,70.67
34,33.82,52.09,103.81
24,26.57,17.66,42.86
7,32.59,12.19,3.0
24,23.72,67.94,87.61
1,32.06,16.09,0.18
34,30.47,45.89,101.52
26,28.83,60.16,95.38
12,30.91,68.94,31.11
11,24.5,40.38,2.88
18,27.14,11.14,51.85
24,28.26,65.17,86.14
21,33.62,45.62,84.12
29,34.37,63.09,91.75
14,29.37,11.86,26.16
10,23.07,42.56,3.73
30,26.17,60.06,104.68
5,5.53,55.27,4.4
11,22.05,68.08,4.39
16,57.79,58.44,38.49
35,25.58,44.09,132.77120000000002
35,23.73,67.16,131.2
27,31.23,69.57,72.66
29,33.91,41.45,83.65
23,56.56,45.07,43.61
32,58.45560000000002,89.84,67.46
35,22.44,56.34,132.77120000000002
13,26.8,41.71,37.38
18,22.78,57.76,69.77
2,21.13,17.02,3.4
19,32.98,48.63,57.81
31,28.44,50.26,124.61
34,9.87,14.0,47.29
5,23.28,58.37,0.18
19,7.32,48.91,43.23
15,26.27,61.85,56.55
24,31.01,93.56,66.88
15,32.25,87.78,44.49
2,25.6,64.4,0.84
12,27.89,48.51,47.05
9,33.59,49.15,0.73
21,55.97,87.52,35.61
10,31.68,54.59,4.83
29,26.25,40.99,102.82
34,22.22,11.14,91.3
17,21.4,11.14,47.89
28,25.67,88.79,75.8
21,30.95,88.02,81.59
34,7.83,54.93,78.52
20,29.7,46.1,80.92
12,53.79,49.56,30.08
18,23.37,57.01,74.97
4,27.4,19.96,0.89
19,31.71,90.61,41.01
4,32.94,42.1,3.44
27,24.51,54.87,74.0
14,22.79,66.9,44.18
10,8.33,56.76,1.73
12,8.84,89.93,18.32
35,23.37,41.48,127.89
6,57.96,67.47,1.55
1,30.08,45.83,0.48
3,30.7,90.29,4.94
25,29.72,44.16,68.93
35,6.56,45.42,70.57
19,32.15,48.51,61.58
33,48.24,48.45,64.55
5,30.89,11.93,4.25
1,33.16,65.17,3.42
30,21.34,41.58,83.08
27,21.21,56.19,85.85
30,33.86,12.59,69.68
19,8.57,56.3,31.76
4,20.86,40.85,0.18
18,58.45560000000002,59.74,38.79
19,23.92,42.65,48.67
30,33.63,50.46,114.99
10,21.62,56.7,4.27
22,34.96,47.67,55.52
11,58.45560000000002,46.39,3.81
6,54.03,60.92,1.85
9,20.42,14.12,4.09
21,24.09,60.49,82.25
7,27.62,62.61,2.98
8,21.52,64.34,1.53
21,24.26,57.26,65.46
12,5.94,43.79,27.58
26,30.88,58.98,68.87
29,24.81,67.53,101.14
23,28.67,68.21,58.83
14,49.46,54.86,27.35
2,58.45560000000002,68.7,1.92
22,6.99,16.4,27.98
11,32.39,17.79,2.16
11,30.2,51.71,4.45
31,26.53,46.53,77.93
19,34.34,40.95,69.39
27,22.37,68.48,84.15
21,32.37,53.94,65.96
8,49.03,41.5,1.26
2,8.62,89.91,4.62
33,34.88,52.4,97.96
27,25.89,52.14,105.32
26,28.54,46.17,75.69
25,20.44,64.98,86.21
28,58.37,64.28,69.29
29,27.55,62.75,85.02
4,24.25,46.13,2.39
23,32.33,66.79,88.09
15,21.21,42.73,43.77
16,23.51,18.51,29.04
25,58.45560000000002,14.47,36.63
31,23.8,54.62,113.09
4,32.31,43.73,1.52
19,49.65,64.06,37.68
23,9.84,58.8,45.8
21,30.31,48.48,61.41
22,33.32,63.1,62.63
22,27.07,59.22,62.52
30,27.53,58.45,84.53
17,33.82,14.02,35.52
30,34.37,91.69,63.87
4,33.64,46.49,4.66
14,26.1,58.04,41.53
5,20.81,61.16,4.99
29,53.64,65.88,45.56
23,33.86,65.9,68.3
2,25.56,56.11,1.0
27,22.03,44.2,75.25
4,26.78,61.91,3.91
9,32.83,40.5,2.51
2,24.28,52.73,3.45
27,30.89,56.48,84.19
32,30.79,63.7,118.98
22,33.92,58.59,91.52
5,23.42,41.52,0.43
18,33.67,65.13,48.06
7,28.79,53.57,4.19
12,8.73,54.36,23.75
29,24.41,56.3,76.93
9,5.53,66.39,4.27
35,23.58,90.53,99.9
25,25.48,43.57,78.44
28,23.54,50.88,77.71
24,22.64,54.39,88.68
31,25.14,16.76,82.36
26,22.36,14.37,45.8
23,30.77,57.95,61.47
1,26.81,66.88,4.94
9,27.55,59.21,0.18
12,52.31,40.42,18.53
2,49.51,54.12,0.39
5,22.4,66.52,3.1
3,20.77,60.1,4.51
2,22.66,53.97,3.18
30,24.59,48.44,102.4
20,53.96,45.52,36.97
19,30.52,58.61,50.08
26,9.94,58.3,42.09
33,29.5,44.17,119.63
4,27.98,57.84,0.38
10,48.71,62.18,2.79
4,6.79,53.48,4.65
3,27.06,64.22,3.25
19,33.74,85.48,76.48
31,24.71,61.35,99.58
1,26.85,47.51,1.96
19,30.47,59.11,77.75
20,29.68,42.38,56.61
8,51.4,54.85,4.39
26,27.22,54.71,68.15
15,29.08,55.82,39.78
30,27.22,50.37,106.92
7,34.23,64.75,2.26
2,21.58,67.31,3.44
23,32.53,59.27,60.5
8,24.98,94.03,3.89
30,25.5,45.15,79.12
4,23.66,67.98,4.44
13,28.91,53.06,52.82
9,33.68,65.41,4.72
2,8.6,86.26,3.04
23,31.96,63.95,74.18
4,20.08,61.16,3.71
2,51.55,52.44,0.23
23,30.34,14.31,55.95
25,25.2,69.37,66.8
11,32.9,93.62,4.33
33,20.64,56.92,107.19
31,34.51,52.96,120.58
22,25.86,56.94,68.16
19,24.72,61.18,54.79
23,45.03,43.18,46.58
31,33.14,88.15,79.34
26,20.97,50.45,71.96
33,28.57,64.07,116.59
25,32.53,63.36,84.34
11,33.49,69.4,3.36
15,32.67,50.18,40.59
21,28.23,60.05,83.37
27,8.4,11.14,35.79
9,20.17,63.99,3.46
2,21.15,66.78,4.71
9,28.35,53.33,2.69
7,27.23,65.28,4.39
3,32.19,90.66,2.29
17,24.98,44.76,52.08
1,23.97,42.94,1.06
19,21.75,55.36,79.05
12,28.83,42.08,44.63
5,34.96,46.16,4.87
19,28.86,53.35,76.99
5,31.47,56.54,4.75
21,29.66,52.84,57.54
11,34.45,57.18,4.37
23,22.31,41.28,58.53
31,27.26,86.36,129.64
27,26.51,43.69,79.0
22,33.3,48.68,72.58
25,23.52,56.72,87.35
25,28.69,58.67,65.01
3,9.51,63.81,2.0
2,31.09,94.03,4.42
12,33.94,54.98,36.39
2,34.67,50.64,1.85
15,25.37,53.19,41.94
5,26.21,59.42,3.63
7,20.82,43.99,4.13
27,32.07,56.89,105.63
26,50.23,58.83,40.52
18,27.6,52.52,49.47
5,20.78,68.53,2.27
27,54.59,42.5,64.11
32,30.06,54.41,112.89
15,25.6,59.59,58.59
9,45.86,43.14,2.77
23,27.5,17.78,61.74
4,29.66,68.12,0.35
29,24.12,66.38,102.48
10,24.92,61.09,1.76
9,53.6,42.37,3.54
2,22.17,87.44,4.61
3,31.8,12.82,2.35
30,25.17,63.24,106.99
35,24.98,40.63,97.91
12,32.82,93.47,32.27
8,26.24,56.95,1.36
3,6.12,60.19,1.26
35,25.47,46.19,108.7
32,46.36,62.75,68.76
17,5.53,46.58,42.62
22,28.68,51.43,55.17
19,24.84,68.7,71.33
20,34.13,56.36,59.56
28,32.99,62.21,104.62
20,30.22,40.91,62.51
12,28.25,40.01,43.4
17,27.67,53.93,60.52
24,26.82,17.85,50.27
3,23.33,14.52,2.43
2,52.49,69.13,3.92
10,33.62,87.48,0.18
32,49.26,66.55,68.38
6,24.7,68.98,3.6
24,22.69,45.38,97.46
27,20.32,49.62,79.76
25,27.01,65.01,104.5
14,28.07,51.25,57.06
13,34.61,69.44,44.4
14,22.98,49.87,41.35
13,32.25,59.86,48.06
10,24.91,45.65,2.15
6,25.43,66.23,1.26
20,8.07,85.59,33.44
35,57.56,42.86,73.69
9,31.92,45.71,3.53
3,25.82,61.69,2.13
33,28.38,16.5,65.33
4,25.87,48.64,4.46
3,32.52,91.46,3.69
8,24.57,51.52,1.69
34,5.53,56.72,79.0
33,24.02,60.79,119.85
3,6.89,53.34,3.27
13,21.36,61.87,34.23
8,33.74,59.89,2.86
31,9.52,60.33,49.17
24,29.99,56.52,62.11
5,26.5,44.49,1.59
14,29.83,66.9,57.07
11,8.31,60.83,3.55
25,33.39,46.75,100.87
23,29.67,64.31,72.03
11,23.18,54.0,0.44
5,21.61,63.66,0.88
28,32.98,56.75,84.84
7,30.22,42.88,4.73
9,33.81,43.14,3.19
35,32.7,69.97,101.68
16,21.67,67.13,46.73
34,50.39,14.57,47.08
14,6.45,45.18,26.48
18,23.98,55.53,46.84
7,20.71,94.03,1.98
16,8.82,11.35,19.47
26,7.4,63.25,55.21
17,32.96,41.46,61.51
11,32.65,89.52,3.35
33,33.13,85.31,86.32
15,25.06,85.79,39.26
28,21.95,61.07,106.15
13,48.36,54.41,28.9
12,32.12,11.14,30.2
4,32.52,66.68,1.61
17,29.65,57.46,67.09
20,56.23,86.5,40.38
20,23.83,52.31,78.44
3,30.87,13.54,3.62
15,7.51,61.49,26.89
28,31.82,62.8,103.94
30,24.55,44.21,100.28
26,23.59,86.81,81.88
16,31.52,48.83,48.33
33,24.49,56.2,85.1
11,30.6,57.86,0.75
23,53.58,69.07,55.62
28,22.39,62.43,70.45
6,34.76,52.37,3.2
32,45.28,61.16,53.0
26,20.76,16.99,70.67
11,26.32,69.56,4.93
26,30.23,85.53,82.43
6,25.82,67.04,4.7
16,32.06,16.26,44.59
23,27.56,92.09,62.36
23,58.45560000000002,67.75,44.15
32,21.04,42.03,128.56
10,29.82,47.02,4.11
30,31.35,90.3,54.39
11,34.84,90.5,3.49
12,33.17,58.04,49.32
30,5.98,42.39,53.92
12,28.62,44.86,41.55
28,27.94,47.87,101.71
7,8.57,58.74,0.18
30,6.64,46.6,57.15
31,33.6,66.7,93.2
19,58.39,42.6,43.85
33,30.88,65.56,106.09
5,22.13,52.13,4.8
25,8.49,58.55,60.45
12,23.39,40.21,32.45
23,27.1,45.77,91.73
24,34.76,51.87,99.35
13,9.96,56.04,26.13
23,33.74,51.36,74.7
6,22.36,67.02,0.9
14,34.47,58.58,50.76
5,52.88,45.84,4.38
27,28.67,66.41,86.02
5,55.96,65.35,2.9
29,24.17,15.7,78.33
11,58.45560000000002,56.2,1.81
29,24.13,52.05,100.67
35,5.95,67.49,74.9
1,29.45,51.03,0.89
17,32.63,55.37,54.22
13,34.65,55.8,34.19
3,31.37,14.33,3.85
2,47.53,59.25,2.96
6,27.93,18.38,0.32
9,27.2,40.37,3.61
20,33.4,65.76,74.13
29,5.53,53.89,70.0
35,20.82,65.55,129.81
19,29.62,52.9,72.24
26,23.92,69.51,65.35
29,31.02,40.16,76.04
21,34.79,60.52,58.31
32,31.27,45.09,124.09
11,31.91,19.55,2.15
6,32.42,57.63,1.64
27,30.4,54.93,75.6
11,34.63,51.53,2.98
7,24.76,48.96,2.54
25,23.37,65.75,97.76
26,24.59,93.46,67.96
23,24.69,41.36,82.02
4,31.34,52.51,1.12
13,31.03,48.05,34.09
13,32.09,67.43,48.52
32,56.63,61.87,62.75
15,9.04,85.51,25.12
17,33.45,51.18,49.97
30,21.64,53.93,99.27
8,27.7,44.51,4.51
33,29.7,69.88,90.87
26,24.37,67.18,79.91
33,33.46,19.15,87.1
25,21.54,88.22,83.35
15,21.08,66.53,60.38
30,57.69,53.7,49.29
28,55.14,52.98,57.92
13,24.0,11.82,23.39
24,34.86,53.26,65.07
22,30.38,43.35,76.77
24,20.09,61.77,78.73
31,26.0,45.74,130.09
34,30.52,44.84,130.18
27,25.21,53.14,78.3
19,33.82,66.74,75.66
32,53.42,51.42,52.45
6,33.44,40.32,0.53
18,31.29,46.09,72.29
31,34.49,64.46,119.48
5,26.52,49.17,4.83
12,8.8,69.71,26.57
33,25.4,13.54,76.84
24,21.32,43.77,65.81
22,8.01,53.98,42.55
15,32.96,40.27,46.31
27,26.71,66.25,75.05
11,21.6,42.6,1.11
25,8.28,57.31,43.26
16,52.54,63.92,29.47
33,20.27,86.76,132.77120000000002
20,9.14,86.31,37.78
19,29.98,61.59,55.24
5,32.08,53.79,2.66
22,31.8,51.4,58.84
27,24.3,53.66,85.12
1,22.04,59.55,3.34
5,33.39,67.15,2.05
34,53.92,51.68,76.77
15,28.46,18.98,30.35
19,26.86,50.06,59.78
12,21.08,65.14,46.95
30,30.44,54.77,115.03
7,6.81,52.33,4.73
6,28.07,57.41,3.46
8,22.16,17.12,3.57
33,30.01,56.06,103.3
18,9.39,49.06,38.74
1,20.1,92.56,3.72
6,9.25,62.7,4.77
11,28.01,48.23,1.67
17,21.11,58.08,61.03
18,24.66,52.48,67.78
11,9.46,41.37,4.51
6,30.96,57.85,4.08
25,25.64,48.8,79.61
14,55.91,52.05,22.89
30,21.5,46.25,81.75
17,34.53,47.57,54.7
22,58.31,87.17,42.16
1,28.91,11.88,1.87
18,20.74,45.03,74.32
7,30.09,59.57,0.5
9,33.78,60.4,4.63
26,23.19,91.78,74.98
5,22.61,87.4,3.4
26,21.28,49.77,104.94
3,32.77,44.02,4.99
33,27.4,52.04,132.77120000000002
17,25.48,54.43,55.07
14,27.64,17.14,34.16
21,28.1,59.54,56.46
35,26.2,49.64,90.5
13,25.94,66.91,48.76
4,29.37,90.41,3.44
7,32.65,47.88,4.3
13,6.46,57.98,31.64
4,26.13,64.54,2.34
18,24.71,62.31,68.54
30,50.64,19.48,34.82
33,29.1,14.96,71.76
12,26.44,42.39,49.51
21,6.02,18.12,24.44
22,28.89,66.92,68.34
30,23.99,69.04,117.76
17,24.49,40.51,55.45
14,20.18,67.66,36.12
9,30.14,68.19,2.57
3,22.34,45.64,4.38
29,30.69,50.88,105.59
27,20.62,40.95,105.2
22,9.72,66.1,46.02
29,22.11,41.88,117.47
8,28.05,49.78,0.18
5,29.61,48.25,2.67
30,31.98,16.14,54.57
16,47.43,12.63,25.3
18,31.43,47.98,53.51
12,23.79,45.93,39.82
13,23.33,50.63,36.6
22,25.91,13.66,58.22
8,30.92,49.4,3.55
11,34.0,53.55,1.21
30,22.13,16.52,65.35
28,34.21,40.97,91.95
6,29.68,44.48,4.57
26,20.21,54.45,80.69
26,49.13,46.6,46.54
22,28.37,59.18,78.63
21,32.67,15.41,60.32
33,6.47,42.32,50.7
26,29.14,44.88,101.61
15,52.66,63.59,36.57
34,23.88,68.29,92.08
31,30.4,44.87,84.7
11,33.24,16.15,3.5
23,25.21,12.48,51.47
11,50.78,42.53,3.56
22,27.57,50.75,64.76
32,23.0,11.33,87.99
27,28.68,43.85,82.32
9,29.35,67.64,0.87
16,30.47,19.82,40.94
12,30.64,69.32,50.28
34,24.26,44.12,132.05
22,22.4,65.95,63.0
15,32.3,60.1,55.6
7,25.84,67.71,0.28
21,33.21,13.41,57.2
18,34.06,63.89,74.67
12,31.22,18.87,27.32
21,9.67,68.6,44.23
12,23.72,50.77,47.58
26,33.88,13.25,57.01
34,29.92,61.12,110.52
16,32.48,53.0,55.27
21,24.54,51.69,55.43
32,25.05,41.92,85.67
7,25.08,63.77,1.14
28,21.7,46.55,104.57
32,30.67,41.3,110.32
21,34.05,48.8,80.41
4,31.58,93.48,3.95
18,33.26,50.69,63.76
10,21.97,53.31,4.16
34,28.89,11.96,79.38
32,21.91,11.58,85.93
25,34.2,55.44,102.17
8,31.5,44.83,0.37
9,22.32,41.63,4.23
6,23.05,69.15,1.52
32,30.41,12.93,72.23
19,21.87,40.66,78.14
34,21.87,89.68,132.77120000000002
22,32.92,61.14,65.7
6,25.3,47.68,1.66
12,24.65,57.02,46.95
28,29.15,43.11,84.21
15,22.32,44.35,46.17
19,27.64,67.96,50.76
33,21.36,57.1,86.91
26,7.87,93.67,39.2
17,30.04,45.02,64.78
17,27.02,47.45,52.06
33,29.13,64.54,85.35
31,25.43,67.01,107.19
34,32.04,61.12,132.77120000000002
33,52.04,66.66,82.59
31,8.69,50.04,61.48
20,31.05,57.04,69.07
20,28.97,55.53,50.6
20,24.79,52.38,72.9
17,24.31,59.32,52.09
24,58.45560000000002,50.88,58.65
4,31.3,54.49,4.71
5,28.97,60.14,3.63
3,22.77,55.86,1.35
2,31.55,40.1,1.84
20,28.53,69.68,54.43
16,30.07,68.7,50.62
18,29.47,67.2,57.08
18,33.05,49.87,68.67
28,25.27,41.18,98.98
30,32.04,63.86,83.72
30,34.52,54.69,80.71
1,23.78,64.65,3.85
22,6.74,69.52,40.38
19,20.12,66.62,57.38
27,8.82,41.78,59.52
12,33.07,61.89,47.34
15,20.08,18.83,31.61
4,7.59,67.17,3.24
4,24.35,49.21,2.75
35,29.94,44.1,117.43
2,33.86,53.98,3.89
27,28.27,15.27,60.01
22,23.37,45.66,55.45
24,24.84,65.75,92.24
5,20.86,50.63,0.49
21,5.53,64.75,48.14
5,30.74,58.45,4.32
13,28.99,90.75,35.88
22,31.43,68.97,78.04
24,28.18,64.76,89.05
23,27.68,45.76,70.45
33,20.67,52.95,88.66
34,49.16,55.9,53.93
28,5.99,19.23,43.39
35,26.32,55.01,131.37
20,6.66,68.66,30.97
14,24.38,65.28,46.13
9,20.35,50.3,0.76
33,45.8,66.58,60.85
24,34.22,50.3,93.95
7,33.79,67.52,0.47
2,22.28,58.6,0.18
4,34.55,93.67,4.95
30,26.08,66.9,98.55
3,29.14,50.06,4.43
29,24.99,67.2,113.44
25,6.65,42.33,53.2
34,26.53,54.2,119.44
13,34.02,55.98,37.63
21,31.94,52.06,83.07
10,25.74,47.17,3.33
9,22.47,40.49,3.4
21,54.29,49.92,44.66
30,26.5,46.08,86.96
34,33.0,48.65,123.27
33,28.98,12.95,91.51
33,25.04,56.76,98.39
12,29.24,69.13,46.31
12,20.5,41.2,48.84
3,32.85,58.82,2.62
31,22.24,13.92,57.93
4,50.55,89.42,1.11
30,20.32,86.09,82.91
3,29.61,53.77,4.24
27,22.18,91.2,66.84
27,28.13,52.86,70.51
17,32.3,64.69,70.47
28,26.76,61.94,90.59
3,32.16,58.93,1.3
10,24.78,42.02,3.77
24,34.64,40.07,68.42
30,25.98,65.67,110.81
22,33.96,93.32,55.07
10,23.16,46.17,0.18
15,29.12,58.9,48.79
13,30.28,88.75,50.37
34,5.53,60.78,85.44
31,31.38,43.27,104.41
2,25.45,48.36,0.95
15,28.32,50.43,62.4
17,27.03,60.15,49.63
9,24.98,41.14,1.3
23,20.26,44.32,82.53
22,54.7,58.55,33.62
12,23.41,63.8,39.44
9,6.5,49.92,4.4
20,30.31,88.51,72.01
22,53.02,66.33,45.7
33,24.07,66.36,97.23
24,32.39,63.73,77.84
14,32.72,50.07,48.51
13,26.43,42.84,41.0
20,23.51,53.96,82.86
7,31.87,42.53,1.33
28,24.81,90.65,62.98
8,31.03,49.69,4.43
22,29.29,48.92,77.91
24,33.53,57.47,69.67
19,30.34,52.21,70.23
25,28.9,57.74,70.68
6,27.44,54.1,4.0
3,22.61,53.59,2.94
15,22.96,53.45,39.54
29,31.07,60.76,97.37
15,20.1,51.17,52.98
25,32.07,56.02,74.56
17,31.1,11.63,45.06
26,29.25,48.91,75.72
13,32.63,12.64,32.25
7,32.81,43.51,4.78
7,31.76,65.18,0.71
3,23.88,61.56,3.49
3,32.39,61.7,1.04
29,53.45,93.51,31.48
1,32.01,61.53,2.56
13,29.76,51.99,37.99
21,34.11,87.98,83.29
24,50.94,45.49,59.43
5,34.1,43.13,3.89
17,25.98,49.74,64.71
1,6.13,52.76,1.45
13,20.41,55.53,34.85
15,34.19,94.03,42.91
6,52.09,41.02,0.69
12,34.77,47.39,46.38
8,21.54,46.79,3.71
31,24.02,50.52,97.91
7,6.57,55.87,0.78
16,23.69,68.33,40.69
4,23.71,41.69,0.18
25,27.24,41.53,80.78
29,28.85,50.82,88.85
7,32.44,58.92,2.49
8,32.4,51.74,4.44
30,25.15,61.28,79.0
24,22.12,58.77,71.22
15,28.37,42.47,39.25
23,32.29,43.65,96.34
1,22.88,64.76,3.96
2,9.03,56.78,4.19
33,25.45,69.61,108.41
2,30.55,66.62,0.18
1,29.8,89.62,0.72
6,7.99,62.18,1.94
4,29.41,59.57,0.35
6,51.89,45.5,3.54
6,34.01,67.26,0.22
22,28.04,89.79,83.33
7,30.27,52.08,3.92
12,28.22,56.38,42.54
31,6.36,17.94,46.36
32,34.56,62.38,100.6
31,32.25,68.23,96.79
10,29.77,42.01,1.16
27,47.31,11.14,39.77
29,32.27,40.21,121.37
29,34.0,65.85,81.0
35,27.07,56.63,132.77120000000002
19,28.7,41.24,56.16
25,46.15,11.14,29.21
8,26.14,64.74,4.39
24,21.39,54.45,78.51
1,28.44,40.56,4.22
35,26.5,19.48,90.72
24,28.12,43.51,69.78
8,27.35,17.86,4.93
24,33.55,54.86,80.64
25,20.65,67.24,91.26
11,28.72,55.32,1.48
30,22.93,69.98,93.23
33,26.38,40.5,102.81
27,20.27,48.02,92.02
21,26.81,46.8,85.19
18,31.03,40.39,50.88
12,30.38,57.89,42.82
24,24.29,51.57,85.33
15,30.15,43.22,43.84
2,25.99,44.72,3.89
21,32.63,93.98,58.81
5,26.95,92.03,1.43
4,32.72,46.31,0.7
27,27.89,90.41,75.65
19,9.92,92.93,30.2
21,28.02,46.06,59.48
31,26.16,65.83,99.54
15,7.28,67.1,27.59
22,47.22,40.74,41.59
12,23.2,45.92,48.68
3,20.91,66.54,4.65
12,25.86,46.14,40.54
11,27.52,66.63,3.89
10,26.11,58.35,1.97
34,27.71,51.58,100.92
34,23.31,18.67,63.44
18,27.46,46.58,74.81
15,26.53,18.56,31.95
6,34.86,87.9,4.68
7,34.31,58.05,4.9
3,30.0,57.6,2.35
12,25.37,62.67,34.15
30,33.7,64.12,125.99
29,28.39,91.86,61.75
26,31.82,53.83,75.28
16,29.58,51.75,44.78
30,7.39,52.61,48.45
23,6.97,48.27,54.51
9,24.43,52.07,3.84
15,31.8,62.44,44.28
27,20.96,49.72,109.71
24,22.0,12.19,43.31
34,50.89,59.92,56.0
1,23.52,11.28,0.18
17,27.99,59.29,60.39
22,29.24,42.77,63.29
24,25.78,40.59,89.71
29,27.46,68.69,107.92
15,5.6,64.86,23.84
5,33.6,40.26,0.84
3,33.44,55.53,0.18
12,33.26,60.14,34.6
1,31.61,53.78,1.49
21,21.17,41.06,85.5
8,46.2,58.4,0.4
7,32.58,61.3,3.07
30,30.55,53.44,125.83
17,31.91,67.62,61.64
13,46.17,45.09,23.37
1,30.48,69.91,2.67
24,31.8,49.84,86.0
19,23.63,88.61,54.66
14,25.79,49.12,46.08
2,30.82,61.1,1.78
16,22.84,93.51,43.06
24,20.03,43.71,90.41
28,25.62,15.3,79.45
23,24.9,62.88,76.64
19,48.92,47.29,37.35
19,31.34,11.14,48.0
16,20.13,42.93,62.46
27,25.53,54.97,104.95
25,25.01,40.27,83.05
22,33.48,46.92,66.54
29,28.22,50.09,90.72
23,33.8,50.47,94.87
11,33.43,88.1,2.87
23,5.53,42.86,43.89
29,27.67,54.01,89.67
11,23.93,49.24,2.02
34,31.57,56.68,102.13
18,22.35,69.07,74.75
15,33.61,57.7,53.01
34,23.18,47.97,126.27
35,25.69,45.64,129.13
28,28.21,55.29,106.98
3,30.57,56.3,1.83
1,33.98,40.14,4.86
27,26.78,86.37,111.54
27,48.74,54.25,61.4
9,25.43,65.22,3.07
19,32.84,49.33,76.59
21,33.94,67.53,83.17
7,46.15,62.73,0.69
29,28.9,42.65,84.59
14,30.28,60.62,54.63
4,24.22,13.25,2.6
14,28.38,69.97,47.99
1,45.37,12.27,1.62
33,22.89,64.06,114.93
5,28.4,43.51,3.11
26,46.49,56.01,61.82
10,20.94,61.26,1.56
30,8.48,60.81,67.34
32,31.8,89.14,92.18
14,54.26,67.12,23.83
12,33.39,93.11,21.18
28,20.46,65.64,112.34
8,34.42,64.48,3.43
24,7.5,58.23,50.84
10,21.81,55.79,4.59
22,30.89,56.56,55.42
34,25.25,52.41,90.06
11,56.73,69.96,1.04
30,28.87,64.19,102.5
4,29.1,67.59,1.67
8,7.44,67.75,3.65
9,32.02,44.4,0.29
6,25.71,54.08,1.79
4,33.31,86.3,0.55
10,25.91,19.3,4.84
35,7.89,56.23,84.72
29,6.17,67.28,72.78
10,22.81,45.72,1.39
22,31.77,18.13,45.14
29,34.2,89.55,91.42
31,32.28,41.57,77.71
15,31.7,57.83,45.56
13,29.34,89.53,53.84
3,25.43,68.17,3.23
7,29.5,68.34,3.81
4,26.04,88.37,0.18
12,22.32,58.36,33.21
16,23.68,50.54,50.78
13,21.35,46.59,35.93
11,26.95,57.82,1.82
22,20.26,63.4,71.97
3,26.23,88.43,4.24
27,34.36,61.4,80.28
15,34.85,42.03,61.99
18,24.52,17.36,45.98
19,28.92,58.67,71.18
2,29.85,47.19,2.53
5,34.63,55.77,2.56
13,23.39,41.33,45.91
14,20.88,69.56,35.24
8,26.14,89.21,4.29
9,34.49,53.63,4.59
16,34.45,58.6,58.07
28,58.45560000000002,41.61,61.54
17,27.28,40.18,61.71
28,24.32,49.81,106.02
6,26.93,65.1,3.45
25,22.59,65.85,88.03
34,32.52,12.4,86.46
30,9.57,41.1,53.15
29,33.79,69.05,76.92
16,31.54,44.88,66.47
24,34.68,52.85,68.64
4,21.99,91.04,1.55
6,22.34,49.98,4.44
23,25.74,93.67,55.9
6,20.98,48.55,0.18
25,27.22,59.04,104.94
21,25.2,45.1,88.12
6,25.27,67.45,1.2
12,8.29,45.4,29.68
30,46.41,42.63,72.3
9,33.48,45.39,0.72
9,25.47,93.46,2.59
17,34.64,12.2,47.51
2,32.49,63.57,0.59
33,21.36,53.44,102.09
10,28.51,56.34,4.51
33,27.47,52.64,93.63
17,23.38,60.63,49.26
20,29.61,47.18,53.68
7,22.94,64.62,1.25
34,23.91,12.62,89.11
30,6.95,49.95,68.46
32,30.29,93.42,62.95
32,30.18,15.2,67.23
29,29.25,86.62,100.51
3,31.61,57.71,3.25
27,34.08,50.59,98.68
6,34.34,66.83,2.42
19,20.17,87.3,53.35
8,52.86,58.94,0.98
17,21.66,64.97,71.38
33,31.73,85.29,116.22
31,33.71,60.83,120.45
6,27.35,15.77,3.09
19,24.92,51.14,65.64
3,20.14,66.96,4.16
1,27.29,60.96,4.59
2,23.52,54.44,3.42
33,20.81,40.75,100.96
35,29.39,42.17,97.56
33,30.24,52.09,90.6
33,5.53,67.9,78.52
12,27.95,61.14,45.81
13,33.19,46.03,47.53
31,51.04,50.17,73.43
1,9.77,44.29,4.01
16,50.15,46.93,29.55
12,26.39,49.86,34.81
27,33.71,48.53,105.25
34,28.15,51.74,95.34
7,34.76,59.43,5.0
32,52.17,43.11,73.08
35,34.5,62.99,102.58
16,21.86,91.77,28.81
23,49.27,65.45,34.7
4,30.64,53.49,0.86
17,7.03,85.92,25.61
7,8.75,41.67,2.99
32,21.3,89.61,102.49
20,20.57,53.16,73.56
22,30.17,51.68,84.27
1,22.87,56.7,2.66
34,33.31,68.07,131.14
31,32.97,67.77,86.84
30,5.53,62.77,70.85
3,21.44,46.34,3.4
7,20.08,17.3,4.59
11,29.72,67.6,2.83
7,29.54,51.61,0.74
7,28.75,87.61,3.89
23,51.3,50.3,46.77
32,28.42,40.28,102.06
29,21.01,45.55,84.26
22,28.81,48.2,82.18
8,20.57,11.14,3.25
9,32.49,63.49,0.18
33,58.45560000000002,47.68,76.99
18,30.32,61.65,52.25
25,50.88,43.71,58.28
27,8.72,61.91,57.94
28,21.77,44.28,76.52
4,22.83,65.3,4.53
35,20.96,53.08,117.53
30,23.75,46.03,75.2
31,8.43,57.78,65.12
16,23.9,50.68,40.92
28,28.17,41.55,95.55
28,8.06,55.62,59.9
29,32.76,15.57,68.45
12,33.71,51.86,49.23
2,47.31,45.9,2.5
28,50.91,68.71,62.87
12,58.45560000000002,61.97,25.82
13,25.88,53.12,36.34
27,30.72,48.26,90.65
8,25.47,67.34,1.24
4,24.57,47.8,2.37
26,24.85,65.08,86.34
35,24.99,48.33,90.72
31,26.08,47.15,114.73
27,29.86,43.49,90.29
17,25.59,46.42,63.21
35,24.05,57.12,111.45
17,21.81,86.59,67.7
24,32.47,60.95,66.89
28,31.2,86.38,97.02
12,33.69,44.61,48.7
19,24.39,44.75,77.97
10,28.35,66.05,4.39
33,25.41,61.43,92.64
5,33.87,63.58,3.69
22,20.33,56.15,67.95
35,21.91,44.01,122.51
18,29.87,54.05,46.99
26,23.4,51.56,91.21
7,50.59,52.28,3.51
25,33.32,54.42,75.97
34,23.85,41.47,119.07
9,9.41,42.95,4.09
10,54.61,94.03,1.5
22,47.77,51.79,48.75
23,32.75,56.91,70.12
20,26.83,54.58,64.29
14,32.9,49.23,37.75
9,21.13,44.58,2.28
29,27.5,45.72,75.35
23,5.53,69.57,49.72
5,32.19,89.07,4.7
6,26.75,60.31,1.45
4,21.15,60.53,0.18
12,52.93,16.63,19.36
22,20.39,67.0,89.45
10,33.16,48.41,2.57
35,51.12,67.66,64.54
35,27.73,56.83,97.61
20,6.62,67.67,42.48
30,30.08,68.29,86.68
31,29.71,64.68,77.56
1,24.07,13.59,0.89
4,25.33,45.72,0.88
7,31.28,48.3,3.45
16,34.61,68.03,57.19
2,6.37,14.86,4.16
26,5.53,54.9,44.78
21,32.65,63.19,75.76
10,26.21,57.46,4.7
16,30.84,62.58,53.53
3,49.28,51.2,0.98
6,33.34,58.62,4.72
22,23.35,46.79,88.73
34,23.65,13.05,99.11
15,31.13,56.77,52.61
4,21.22,44.59,2.38
17,33.29,43.92,58.36
15,25.79,87.67,41.79
33,22.58,63.93,125.51
34,27.3,60.33,114.33
16,5.53,52.5,38.76
24,55.04,16.39,40.39
35,48.13,55.79,80.56
11,25.6,59.08,0.57
19,23.06,68.02,79.18
11,34.85,41.3,2.73
1,26.91,64.24,4.33
8,27.94,52.26,0.18
17,34.96,40.73,69.95
3,28.07,52.0,1.59
25,21.03,54.55,65.27
27,8.56,56.85,60.38
27,21.32,48.35,90.58
15,7.96,19.42,23.92
2,26.33,47.22,3.79
7,24.91,66.03,3.78
28,26.59,61.93,103.34
18,34.59,44.88,59.36
11,28.51,42.56,3.19
3,34.15,47.27,2.21
32,28.66,86.96,128.25
21,32.24,52.43,59.43
9,34.73,51.75,4.89
5,20.42,57.34,3.6
34,9.37,12.7,44.34
22,24.65,49.53,90.45
16,33.87,43.81,65.53
11,30.3,60.5,2.76
16,23.68,42.12,45.26
5,24.99,64.49,3.83
11,5.73,93.9,3.65
22,28.06,46.12,64.22
21,26.34,18.31,43.78
18,25.96,57.75,53.96
7,33.22,68.36,1.82
33,34.03,62.3,100.7
15,32.28,61.81,59.24
21,23.25,56.21,73.63
18,22.29,51.09,56.21
31,7.98,69.09,68.24
34,51.83,50.48,63.53
33,24.19,91.52,58.41
34,51.95,62.47,61.88
26,34.72,69.88,84.49
20,29.67,40.19,52.87
31,20.13,52.23,81.21
24,32.89,65.36,75.2
10,9.38,64.62,4.91
32,31.04,63.75,98.44
18,22.35,93.9,49.1
24,24.88,90.5,52.77
4,32.9,17.8,4.14
21,34.81,61.73,79.21
2,31.43,42.31,3.99
14,33.1,85.59,58.33
1,32.26,46.29,4.04
25,22.02,49.42,80.16
21,22.81,19.68,59.45
20,23.12,50.9,61.8
19,32.68,64.81,58.13
5,21.4,17.92,1.37
27,27.81,40.55,72.72
12,47.35,47.91,25.12
14,34.22,57.33,39.51
13,7.36,68.66,29.89
2,28.2,60.92,0.66
33,20.03,45.08,97.04
28,34.41,60.43,103.58
7,23.65,58.74,3.54
17,32.91,55.85,61.82
16,24.58,47.52,54.07
2,32.92,44.43,2.87
4,20.94,85.84,2.26
15,26.82,53.09,42.57
34,27.95,14.78,59.59
32,24.61,41.04,108.89
13,28.58,19.69,32.14
17,50.34,11.14,24.69
8,34.78,49.66,3.68
18,22.75,49.93,68.33
19,23.77,15.01,38.24
22,7.64,47.77,47.57
35,54.84,62.81,74.81
11,22.22,54.29,3.19
34,20.25,67.78,132.77120000000002
30,48.64,62.13,45.47
8,5.53,55.05,1.14
30,28.12,90.14,81.15
8,22.91,40.01,2.24
26,7.95,51.84,59.0
28,28.02,57.82,84.71
5,54.51,66.33,4.39
33,31.49,59.62,129.6
26,55.18,17.57,40.08
16,7.34,58.41,36.04
11,7.69,88.9,2.49
5,9.99,45.52,0.49
17,22.48,41.1,43.62
1,32.92,55.46,1.5
14,30.97,15.66,36.41
4,23.6,53.81,0.9
22,30.92,61.56,62.47
30,28.78,66.33,91.78
13,25.79,67.77,33.11
29,23.42,68.5,93.85
12,28.6,50.32,39.39
6,21.3,40.59,4.83
29,48.21,66.56,54.83
4,25.84,66.82,3.49
19,51.98,64.95,47.47
26,21.38,58.45,98.47
8,34.98,42.44,3.2
5,58.45560000000002,57.37,4.58
20,33.14,59.21,59.98
30,25.29,46.84,108.77
10,20.59,46.22,1.83
27,26.87,88.26,99.67
29,25.01,40.09,81.91
3,25.58,40.94,1.04
34,33.3,51.36,113.3
9,20.88,46.1,3.63
5,26.46,93.45,2.41
6,34.45,65.71,0.81
1,51.33,44.91,0.85
22,20.95,85.45,85.29
4,34.98,12.48,0.83
14,31.19,47.48,57.17
19,24.07,48.67,72.49
5,46.35,51.19,1.44
34,23.98,49.77,132.77120000000002
28,9.26,46.05,52.87
15,20.7,52.41,62.66
16,23.7,43.48,61.87
12,31.79,44.94,34.03
9,34.5,17.2,0.65
25,58.45560000000002,44.59,61.56
28,25.68,50.96,77.67
11,20.09,43.26,4.83
4,34.53,43.05,3.44
33,30.63,90.24,85.47
1,8.27,53.22,2.34
31,31.08,16.49,61.99
4,32.82,68.47,0.41
5,9.75,85.38,0.81
4,23.42,58.48,2.09
1,20.77,58.01,1.54
6,32.72,60.13,2.16
11,30.18,65.9,4.58
15,32.08,66.08,54.88
17,21.31,92.8,34.96
20,34.95,48.56,68.19
23,56.83,69.34,46.55
30,26.2,12.05,57.09
24,31.6,65.21,95.86
21,34.22,49.57,87.26
35,33.47,46.95,105.18
27,25.7,50.84,109.44
9,29.57,59.32,3.45
29,9.67,40.2,63.34
35,54.53,67.22,80.05
18,54.47,61.31,30.24
27,23.51,57.44,100.88
5,34.74,44.88,3.29
10,22.88,47.02,2.4
35,21.09,69.3,123.06
6,51.89,43.44,2.52
12,20.03,46.47,31.04
33,34.74,63.04,118.09
10,25.18,64.73,1.2
29,24.22,59.52,103.39
16,25.44,54.2,57.53
18,32.09,18.36,39.69
25,29.13,89.65,68.25
11,9.31,63.36,0.47
8,57.7,12.51,2.25
10,22.07,44.53,3.25
22,31.74,48.08,70.31
23,28.24,87.88,90.92
16,48.25,48.28,28.28
14,53.54,12.59,20.51
7,28.42,63.33,3.91
17,26.07,40.55,61.02
12,33.85,57.27,34.86
8,26.7,60.2,3.65
1,31.96,14.59,1.23
32,32.07,43.26,89.56
16,50.2,14.02,24.82
32,5.53,68.23,54.96
32,26.71,40.41,106.63
9,31.13,18.87,2.34
25,23.23,53.51,96.83
34,5.86,13.31,54.55
7,21.15,42.45,1.36
9,22.09,58.32,4.28
10,33.12,54.73,3.05
7,26.56,54.51,1.06
33,29.19,11.14,66.87
8,21.68,67.44,2.94
33,30.22,19.94,68.76
2,30.1,51.78,2.98
15,28.5,46.23,62.16
30,7.12,61.6,57.52
29,23.59,91.05,53.07
24,27.0,54.58,63.48
25,55.93,43.35,59.78
32,48.15,66.99,55.78
32,6.11,51.39,69.45
14,32.07,45.58,56.99
1,21.92,51.86,3.28
31,34.61,46.53,77.57
3,20.99,69.67,2.75
18,27.11,44.72,56.79
31,58.45560000000002,60.93,62.82
9,26.77,67.75,4.67
24,6.23,89.29,36.85
13,33.42,14.19,24.23
22,30.83,54.17,68.79
9,28.53,44.18,1.34
30,7.75,89.14,70.85
29,29.51,57.71,106.93
29,24.93,45.61,80.46
32,25.04,66.01,124.53
34,28.68,60.83,118.61
35,6.65,15.48,37.06
13,31.71,48.56,53.55
14,31.55,44.25,47.66
1,8.37,66.71,0.43
6,24.13,58.27,2.8
31,20.5,40.26,81.6
20,27.06,58.77,78.48
19,23.58,47.18,51.24
27,33.28,48.19,77.98
4,46.98,62.41,4.14
14,33.84,67.5,36.58
16,55.46,91.37,25.91
9,6.17,40.23,0.51
3,34.56,68.34,4.76
14,33.46,93.05,37.12
26,32.59,89.99,96.4
4,58.18,60.32,3.69
19,28.18,91.37,38.03
3,26.18,57.19,1.33
1,24.17,67.0,4.59
26,24.9,44.55,95.68
2,49.66,59.09,0.34
27,25.25,46.46,86.66
33,28.81,53.15,82.51
2,23.39,40.33,4.38
3,49.04,45.21,2.22
1,30.77,41.12,1.59
1,22.22,42.48,1.96
10,50.75,43.37,3.78
29,22.83,66.44,111.72
14,50.55,63.11,26.95
14,52.61,69.28,24.12
25,32.57,55.99,99.55
35,31.08,61.16,117.96
12,22.85,13.62,30.24
10,46.61,89.73,2.92
9,30.15,63.8,3.24
16,53.54,60.14,37.24
27,54.59,14.36,40.21
3,22.81,62.44,4.23
26,31.88,48.77,105.25
16,23.55,12.46,36.17
16,24.03,86.01,56.79
31,32.28,40.78,117.58
18,25.16,56.68,47.55
29,20.71,11.14,56.84
15,27.87,86.15,49.83
5,26.75,68.37,3.41
23,30.14,91.05,40.86
1,28.94,19.73,2.53
13,34.71,44.89,40.77
5,31.45,18.75,3.61
31,20.99,61.85,109.98
13,29.0,94.03,30.61
6,26.5,56.43,3.4
14,28.56,50.26,37.13
35,9.07,61.62,56.74
5,22.2,17.61,0.18
30,23.81,14.11,57.95
15,26.18,43.72,38.76
9,54.29,56.34,0.18
24,20.86,52.3,90.03
2,23.57,50.19,0.18
3,25.35,65.01,0.45
33,25.97,63.72,101.37
17,25.49,48.93,63.19
7,30.92,64.18,2.5
1,8.03,49.69,0.77
6,7.67,51.86,2.49
15,33.25,63.99,50.45
20,5.71,50.97,36.59
26,33.85,16.87,64.67
35,33.38,16.38,90.02
8,21.79,56.45,1.84
24,31.59,55.96,93.63
7,34.0,56.77,2.27
10,25.62,61.45,2.29
16,33.2,63.51,57.16
31,27.92,56.36,112.3
14,32.99,56.27,53.38
33,26.19,43.12,132.77120000000002
13,26.67,59.68,32.54
1,8.69,49.26,4.95
13,22.29,65.1,51.83
1,32.11,68.79,0.18
7,26.74,55.51,2.53
22,5.9,62.35,41.57
8,33.01,15.98,1.5
26,27.1,69.46,69.16
28,6.49,55.75,61.42
29,34.91,13.03,70.6
31,32.4,48.48,127.51
10,28.81,66.12,3.97
24,33.98,88.17,82.88
26,54.98,68.04,39.46
11,23.52,91.36,1.47
9,29.73,59.03,1.2
5,26.89,47.52,2.1
24,34.2,51.35,85.75
14,32.04,44.06,40.06
28,33.16,11.14,76.39
9,25.67,91.6,0.98
10,32.25,47.48,2.11
30,20.76,49.73,85.22
20,52.52,55.14,42.77
33,8.55,64.23,71.44
23,46.13,58.95,36.34
2,33.71,17.56,4.37
20,31.66,15.46,55.52
9,20.16,15.62,0.76
9,7.67,61.19,3.46
16,28.25,68.02,50.77
24,9.73,57.44,39.02
8,30.83,50.64,4.92
26,31.77,62.35,71.18
2,28.82,62.82,1.18
13,32.87,93.48,30.02
10,25.66,55.03,0.59
8,28.33,67.37,4.67
23,32.24,16.37,62.26
28,33.23,63.37,77.77
35,57.92,47.35,60.31
33,24.49,54.42,94.12
33,27.13,43.34,100.98
30,20.63,52.93,125.32
30,20.85,64.12,103.65
14,30.68,52.67,39.84
11,7.19,50.65,4.18
31,28.67,93.48,72.97
25,21.1,60.77,93.9
2,29.14,47.8,3.36
27,54.06,69.42,43.33
15,30.7,43.48,60.14
9,32.6,43.47,0.18
32,24.37,62.02,101.76
31,30.24,64.19,127.52
24,30.43,69.77,96.78
35,34.22,48.24,97.54
35,29.59,92.22,90.02
11,26.22,58.42,4.39
32,30.87,42.94,112.55
12,31.04,14.23,25.95
13,26.28,57.7,38.53
9,55.94,40.78,4.3
7,20.39,45.6,2.86
9,25.16,88.85,4.03
22,34.08,53.31,61.79
25,34.61,45.84,84.28
26,28.64,67.12,74.03
12,8.05,53.37,28.65
16,27.33,66.26,51.31
26,51.6,64.28,46.92
17,26.94,66.45,67.82
11,57.01,65.94,1.24
23,24.81,19.62,65.17
33,50.71,43.05,56.67
30,34.13,66.47,87.3
8,21.95,66.16,3.69
9,31.61,54.77,1.58
10,45.83,12.37,1.14
31,31.33,55.54,102.27
21,33.58,11.14,54.99
14,27.9,47.49,53.9
13,46.45,64.85,21.33
21,25.99,51.93,72.3
19,31.33,14.37,34.44
29,32.22,93.32,51.99
21,24.71,44.18,68.22
20,34.35,49.82,50.95
28,26.88,46.56,108.05
31,22.97,53.71,101.12
34,27.47,12.06,89.19
21,30.48,19.95,40.94
2,58.45560000000002,44.01,4.4
12,21.44,56.28,49.44
26,45.97,68.99,54.46
32,29.55,58.72,130.64
10,27.6,51.64,0.43
11,7.49,54.17,4.95
18,52.55,65.84,39.41
27,22.54,42.51,75.37
9,30.21,50.39,2.69
5,28.79,69.24,0.65
22,33.27,50.56,72.94
29,22.82,54.79,74.24
26,32.58,43.05,89.4
17,50.8,43.49,39.12
1,21.57,50.36,1.87
9,26.56,57.88,1.51
28,57.03,48.84,68.48
21,25.74,69.53,81.17
21,31.34,67.75,76.15
34,23.99,43.24,120.92
5,25.38,49.53,2.41
13,22.52,13.94,28.18
23,28.07,60.2,84.6
7,29.85,86.8,0.71
14,30.85,61.61,38.82
10,26.42,94.03,4.89
24,57.52,59.25,54.66
24,23.12,50.14,75.44
7,26.57,16.02,1.28
1,20.61,59.58,3.72
34,27.76,62.88,130.87
9,6.04,61.66,3.6
16,29.5,68.04,44.86
21,8.43,43.11,48.56
6,22.14,58.48,4.95
3,6.66,50.78,2.56
26,25.4,68.68,90.8
12,6.7,62.78,24.77
22,58.18,47.44,38.74
9,47.07,49.57,2.59
16,27.22,48.96,62.07
27,20.4,44.06,92.43
17,20.6,49.08,68.69
32,28.62,46.36,121.95
10,25.02,43.51,4.15
23,7.28,50.83,50.97
11,45.12,40.97,3.54
5,26.55,60.89,4.24
3,33.25,46.13,0.23
33,27.58,91.91,96.57
24,27.21,93.09,61.52
12,30.19,56.49,39.26
5,20.73,68.47,3.32
10,23.55,90.2,2.73
27,32.56,57.51,71.91
28,25.9,50.18,101.77
33,24.23,18.64,91.45
8,26.88,86.77,2.05
7,33.68,69.09,0.33
7,22.04,93.82,1.77
5,24.22,56.35,4.6
4,31.29,56.19,0.82
32,23.07,61.4,115.72
20,9.03,56.2,48.92
30,21.87,45.1,117.07
30,27.55,41.14,94.92
1,6.38,47.14,2.41
1,27.81,58.35,0.29
3,24.28,55.5,0.73
32,24.21,59.48,98.07
35,21.27,54.06,131.16
11,9.08,68.91,2.15
1,29.91,53.6,3.8
22,21.61,67.5,87.28
2,30.57,16.81,1.59
9,28.96,62.94,1.49
34,32.32,69.75,123.96
31,33.72,60.73,120.45
21,25.13,48.41,73.96
23,22.67,54.22,79.69
29,22.42,58.55,91.09
1,29.94,89.84,3.32
15,25.26,67.33,45.69
34,23.66,89.08,107.13
19,22.2,49.48,53.75
25,22.4,12.53,71.47
19,27.08,11.14,54.33
12,32.43,68.56,32.33
22,31.42,55.36,74.51
4,29.32,86.97,0.35
28,28.63,50.48,81.9
19,9.43,16.61,23.17
19,21.77,14.25,33.75
24,32.01,11.14,51.71
35,31.96,69.89,111.53
7,29.91,58.06,4.95
8,5.53,64.09,0.45
9,33.48,52.08,2.84
18,29.07,55.32,55.69
19,24.37,60.68,60.11
8,32.2,40.11,0.47
5,33.28,18.22,2.22
8,29.93,67.46,3.99
7,30.24,49.86,2.8
20,26.81,62.83,62.74
13,31.93,88.19,38.84
25,56.81,58.81,62.81
27,32.45,45.0,102.85
4,32.84,43.52,4.07
22,48.46,90.25,29.87
32,22.95,53.26,116.05
30,22.78,60.64,100.33
5,28.25,15.0,1.83
24,34.49,89.27,80.66
17,30.52,46.83,43.06
30,33.55,47.45,106.54
24,21.26,52.53,79.64
10,30.83,50.33,0.92
20,5.61,45.63,35.49
22,22.73,90.35,61.35
8,58.45560000000002,63.38,1.82
13,23.13,14.32,23.01
24,20.84,44.33,90.63
22,33.48,67.66,68.7
7,24.06,54.98,0.24
19,31.13,48.53,62.49
22,8.59,54.2,47.07
4,24.09,56.65,3.3
26,33.88,66.81,93.63
6,28.38,57.34,4.4
18,24.32,90.23,49.65
21,26.55,51.38,85.64
18,30.89,45.2,68.11
21,32.12,65.82,66.3
6,33.1,44.47,2.23
17,5.53,57.33,38.54
29,34.46,50.47,107.2
2,5.83,67.96,1.51
4,34.58,49.05,3.18
8,5.58,51.45,0.99
26,8.56,13.81,38.81
18,21.34,41.7,69.18
3,23.83,50.66,1.46
12,27.22,49.27,50.24
34,28.32,53.2,107.11
9,24.97,65.15,4.1
17,22.39,50.06,59.16
7,23.15,55.16,0.95
22,34.04,68.1,91.69
34,20.49,41.05,107.67
19,20.44,63.42,63.03
28,26.17,58.56,96.38
11,6.83,11.22,1.08
20,32.18,40.22,58.72
9,46.28,58.99,4.4
8,25.56,63.35,0.41
4,34.64,55.0,2.02
14,26.59,50.43,55.77
35,22.61,40.18,113.11
26,20.07,55.01,79.95
23,23.85,51.44,65.51
16,33.38,90.71,35.44
26,29.16,67.71,98.03
18,23.1,40.15,62.14
14,23.68,57.45,53.06
27,34.84,53.24,79.6
6,34.93,85.83,1.58
16,21.49,63.4,49.97
5,27.42,65.8,1.92
34,57.52,69.34,57.21
30,28.95,41.77,96.25
11,34.77,92.56,0.18
21,29.43,92.86,42.23
35,23.69,59.2,101.33
23,25.03,54.87,64.26
8,30.28,11.14,0.46
21,21.54,11.14,41.41
5,23.54,45.19,2.84
31,28.63,45.94,114.1
22,32.88,44.44,57.97
27,9.09,51.28,43.65
16,33.07,63.93,63.23
6,28.4,45.9,3.03
7,24.51,57.53,4.87
9,22.74,68.25,1.27
2,31.16,63.06,1.15
3,22.06,17.8,1.07
24,31.42,51.26,80.81
26,21.2,90.0,102.18
34,23.09,67.06,132.77120000000002
3,29.31,15.67,3.45
12,22.75,55.01,31.61
23,32.78,54.81,67.89
11,20.67,18.92,1.86
35,24.53,67.16,132.77120000000002
21,5.71,66.4,43.01
11,23.8,51.75,3.71
13,31.92,88.39,40.49
16,24.99,66.92,51.03
12,28.65,60.95,37.58
26,33.72,16.96,58.11
5,21.47,41.66,2.16
29,23.56,50.05,117.9
17,27.42,44.26,60.55
13,33.08,50.78,47.19
24,7.05,93.19,39.72
24,28.38,11.14,49.59
30,23.0,67.09,81.39
24,31.26,58.11,72.36
25,20.47,53.04,104.92
30,20.3,68.71,84.21
10,28.23,53.48,0.18
6,48.16,68.05,4.52
16,22.49,19.29,40.25
7,20.44,66.38,2.48
22,27.08,16.11,62.57
19,24.69,69.96,54.72
16,23.56,68.52,61.76
26,25.62,60.24,72.36
3,32.63,68.52,4.23
29,21.73,61.61,94.28
9,46.9,61.53,1.0
32,21.08,48.86,96.15
15,26.53,87.93,43.54
19,30.86,48.53,63.23
20,33.99,53.24,58.92
5,29.96,51.4,0.99
33,22.79,48.42,113.68
11,5.89,68.65,1.78
4,34.84,48.0,4.49
23,31.94,47.99,71.94
27,52.95,55.06,62.96
16,28.2,45.7,59.37
29,24.38,55.09,102.76
28,28.35,64.87,93.13
21,9.62,53.48,50.55
10,33.08,45.58,0.18
3,30.98,68.02,2.04
29,20.28,49.89,108.87
27,20.25,58.8,90.88
32,9.53,57.78,74.77
6,5.73,41.41,4.12
32,26.37,51.46,121.57
27,34.83,55.9,104.98
20,56.24,17.52,22.87
16,27.15,65.41,48.79
10,58.45560000000002,58.86,2.48
17,26.93,49.28,65.16
17,22.69,67.6,67.94
31,22.03,50.36,108.43
23,32.62,52.85,76.38
20,58.45560000000002,48.53,32.55
27,27.32,88.5,73.09
23,53.27,58.44,51.72
23,26.78,50.49,62.86
13,26.65,44.1,37.0
31,20.36,18.66,63.42
4,33.08,49.95,2.09
29,28.94,41.92,120.89
16,28.27,54.48,42.34
28,20.85,45.44,95.28
27,26.6,43.98,107.42
17,23.48,47.79,63.5
2,24.28,67.02,0.53
32,32.87,58.27,96.29
28,21.09,69.47,72.79
1,6.61,47.99,1.42
10,20.02,67.59,3.51
24,25.52,56.96,84.31
26,32.73,15.91,59.62
15,31.58,40.65,44.77
1,31.4,66.8,3.67
5,23.17,93.63,1.2
7,29.89,59.77,4.56
14,6.47,53.23,24.07
20,46.48,40.01,30.8
7,58.45560000000002,15.27,3.13
6,29.03,62.17,1.6
30,23.5,59.36,79.4
17,33.53,60.78,69.73
3,8.46,42.42,2.29
29,45.85,52.33,70.8
22,52.78,55.84,54.63
16,21.43,56.13,56.96
25,30.16,48.96,84.25
3,33.19,43.52,1.85
24,26.55,56.63,77.42
16,45.16,57.21,36.15
19,28.99,43.73,50.46
29,20.33,47.07,77.51
5,30.2,59.26,4.27
33,21.72,47.78,110.86
2,30.59,53.17,0.29
16,48.27,64.8,31.46
15,6.84,65.91,35.02
8,25.72,58.46,3.93
22,53.89,17.13,24.15
21,34.48,47.29,85.89
5,51.59,41.64,3.12
5,29.77,46.82,3.04
7,25.22,62.96,1.25
18,29.85,65.64,59.81
6,58.45560000000002,51.45,1.82
28,24.8,54.49,113.94
26,27.24,49.86,79.34
23,5.53,17.54,36.82
22,25.44,44.35,63.94
15,20.73,13.84,39.9
13,31.54,57.66,39.87
15,32.18,87.5,62.38
20,28.04,49.54,54.02
2,23.8,65.71,1.18
6,30.66,64.99,1.18
13,20.91,47.11,49.11
5,34.53,43.79,3.16
29,26.39,55.95,80.67
14,28.13,58.27,46.69
1,23.41,57.07,2.35
16,33.41,18.03,33.65
31,24.82,40.12,78.05
30,27.62,49.0,113.52
25,26.49,47.01,91.93
22,24.76,46.7,80.22
5,8.47,51.47,3.35
10,25.94,60.98,0.23
18,34.81,53.82,63.35
31,20.32,49.24,114.99
30,58.45560000000002,58.26,72.61
15,28.08,88.96,42.24
26,24.5,45.8,81.44
20,34.66,64.91,66.29
31,24.15,61.3,86.31
19,23.24,86.23,58.81
30,31.97,47.15,123.33
9,24.53,48.69,1.7
8,55.11,85.82,0.18
3,23.07,63.02,4.58
21,7.81,62.17,34.4
5,32.37,65.06,1.08
4,20.67,56.46,4.77
35,29.78,15.09,75.78
4,8.0,45.46,1.03
23,45.71,68.66,53.45
23,32.84,54.91,74.99
28,34.82,52.97,94.34
2,31.67,52.24,0.37
1,58.45560000000002,17.04,2.92
9,26.78,92.2,3.8
21,33.29,64.84,53.9
17,29.68,42.17,66.08
15,23.45,59.54,51.11
34,34.41,66.49,119.3
23,29.74,13.25,47.35
33,28.94,47.17,107.63
8,20.59,68.58,2.81
21,34.52,67.45,79.57
26,29.21,56.42,107.58
35,31.84,40.15,87.56
34,30.71,52.1,102.13
20,21.19,55.53,78.07
27,27.8,48.56,74.17
5,8.96,62.89,2.41
9,23.68,59.84,3.7
28,31.3,17.05,70.83
31,22.03,89.92,79.58
27,24.65,68.24,70.16
25,22.4,85.84,96.14
18,30.28,40.58,51.17
25,23.23,92.74,46.17
6,29.77,87.33,4.58
8,32.03,60.6,4.37
32,33.07,55.77,125.94
34,7.41,60.26,62.46
14,29.37,51.33,45.07
18,58.23,61.05,32.82
23,24.7,50.64,94.51
33,21.76,46.49,132.77120000000002
18,33.32,65.38,51.73
35,21.74,43.01,96.57
33,34.49,65.92,112.28
28,6.17,46.35,49.89
35,34.56,54.12,88.2
12,5.6,55.96,28.22
20,34.75,64.41,66.72
5,32.82,59.74,0.18
8,54.62,43.17,2.71
29,22.66,52.67,120.23
21,33.56,59.22,77.2
28,21.72,19.97,58.74
14,33.83,40.27,48.93
2,30.03,52.83,1.77
18,27.92,66.79,72.9
30,34.79,14.75,63.07
8,25.36,14.61,3.05
2,25.16,41.85,1.81
3,52.98,12.06,1.15
34,30.81,60.61,88.61
33,30.53,55.79,107.13
31,8.27,86.55,69.82
22,5.59,59.7,48.61
26,24.37,67.04,83.4
15,31.67,56.66,62.83
29,34.49,52.29,101.1
19,24.52,54.31,71.03
10,32.94,44.58,1.27
18,27.79,54.75,62.43
4,29.6,18.75,1.5
25,34.78,86.4,94.09
4,30.41,57.67,4.74
13,5.53,53.48,24.08
10,29.24,62.03,2.55
3,21.48,60.77,4.51
24,33.38,67.46,61.2
14,46.72,42.61,32.58
31,21.9,11.14,54.74
4,26.15,55.58,4.04
22,33.54,47.93,88.59
4,22.61,69.99,3.2
15,25.32,42.98,55.0
31,23.38,51.9,105.04
22,24.75,48.66,78.39
20,20.31,40.97,76.5
13,32.43,14.8,22.97
16,34.28,88.43,47.55
10,31.36,42.64,4.51
24,21.18,63.95,85.4
21,8.31,53.65,36.28
32,29.19,65.89,132.77120000000002
14,45.74,55.76,33.26
31,24.96,17.74,55.69
1,31.58,50.21,3.62
9,45.08,56.34,0.18
35,50.76,59.54,86.6
29,32.83,91.88,70.61
31,31.2,47.05,80.71
9,28.84,67.11,1.76
26,33.15,66.63,85.93
25,47.21,61.32,46.49
12,20.68,14.29,29.93
10,30.83,86.65,3.1
6,9.19,53.08,4.26
25,26.3,87.99,67.63
2,29.77,19.06,4.73
28,23.65,50.35,112.47
1,34.69,66.63,3.77
28,8.01,50.92,64.16
12,57.89,12.07,15.2
28,33.18,64.45,73.35
10,32.47,41.11,4.15
12,34.26,58.54,37.45
2,31.01,57.25,2.68
35,25.41,66.13,95.43
13,21.24,62.62,33.8
26,34.41,56.73,93.23
21,52.48,67.28,37.81
22,22.35,42.5,85.39
5,20.93,50.9,2.6
23,56.42,41.39,51.94
9,33.81,61.02,3.78
32,8.83,45.35,55.95
7,23.52,68.14,2.82
6,27.25,50.92,0.85
28,28.84,54.45,105.53
34,28.13,11.14,64.93
28,26.46,89.02,112.27
17,7.48,67.27,28.06
1,53.44,44.66,1.29
29,20.91,57.04,79.32
35,26.12,90.59,79.67
3,23.71,42.2,3.73
13,34.34,17.57,32.36
22,46.36,63.43,38.26
12,28.35,69.01,42.96
11,27.93,46.84,1.31
27,32.77,11.95,66.52
24,9.56,65.52,54.84
34,34.57,91.31,87.18
24,26.91,44.78,85.35
1,22.57,54.68,3.38
12,27.37,92.91,34.34
9,27.48,41.62,3.28
30,25.1,62.57,120.9
35,31.11,68.32,112.78
8,20.47,57.29,3.47
19,49.31,68.05,36.12
35,34.1,63.86,111.84
30,7.19,64.88,50.95
26,24.15,44.61,76.37
5,27.59,89.15,0.95
26,31.21,59.87,108.04
23,21.95,63.2,78.62
18,34.43,18.63,47.36
8,24.34,46.45,0.46
3,21.17,69.62,1.67
11,32.24,51.35,4.47
33,33.96,93.95,74.85
10,30.21,51.08,2.26
18,33.0,56.78,62.33
10,34.09,11.14,0.38
12,8.1,52.39,19.99
28,34.93,11.23,49.13
31,28.21,92.95,68.68
3,29.04,15.79,0.93
20,30.05,94.03,51.65
22,22.95,13.09,43.87
4,31.47,66.08,1.25
18,34.7,93.06,47.78
23,23.34,41.23,82.31
8,5.91,48.6,3.96
1,28.51,59.87,4.04
31,28.6,60.73,81.96
5,32.72,58.76,2.54
14,31.91,50.56,50.13
15,21.06,68.05,44.65
10,28.73,48.38,4.25
28,22.66,47.24,108.58
21,31.99,19.99,45.23
12,27.83,49.27,41.83
2,28.97,57.36,4.21
25,20.28,60.09,63.7
31,46.5,56.83,77.21
25,28.16,62.95,77.63
33,20.67,15.51,96.35
2,26.66,85.78,2.03
11,26.35,51.29,3.08
32,28.62,60.15,83.75
10,25.16,53.64,2.93
18,7.58,68.18,32.06
3,50.5,60.08,1.6
23,49.36,68.63,34.68
20,23.0,46.4,62.3
6,32.24,41.81,3.64
10,31.77,55.07,2.24
4,34.21,45.15,4.63
19,24.82,51.58,48.31
28,21.14,87.43,108.91
27,20.04,16.57,53.55
22,25.26,57.38,69.22
5,56.67,11.14,3.6
6,21.49,53.45,1.15
30,20.49,44.22,114.48
31,22.67,59.19,112.6
4,30.84,41.98,2.79
18,28.35,64.06,55.61
29,51.23,50.77,45.43
14,22.77,59.12,49.59
35,58.45560000000002,88.72,68.36
34,7.48,40.94,73.59
25,34.14,58.45,66.32
19,30.11,19.32,46.36
21,8.68,67.87,39.39
22,21.69,68.29,60.61
27,21.97,86.9,73.56
5,30.22,54.58,4.06
11,24.22,44.21,2.76
8,21.13,46.57,4.31
33,27.44,50.81,132.77120000000002
15,47.58,49.43,36.45
33,34.48,15.48,64.54
35,6.78,69.48,73.54
5,29.12,50.45,1.16
27,31.96,66.69,76.16
29,27.72,44.69,73.38
17,22.44,58.81,48.48
33,27.48,90.14,76.86
24,23.5,53.29,69.32
28,27.39,14.28,66.65
17,8.99,60.6,30.94
22,32.25,11.95,42.07
10,34.37,50.16,1.24
19,54.57,64.71,41.25
2,31.02,46.38,3.92
32,32.37,65.45,89.32
10,25.09,15.63,4.74
5,25.56,65.0,3.53
35,32.15,87.21,132.77120000000002
34,27.25,54.98,91.33
26,28.0,53.31,88.08
28,5.53,45.79,65.61
33,20.68,67.94,110.72
28,34.3,49.4,80.37
14,8.12,47.6,31.12
35,33.03,45.25,128.43
23,21.69,41.36,95.37
1,20.69,67.61,1.64
26,20.33,69.92,83.55
12,24.78,48.3,35.83
24,27.18,48.65,88.41
15,30.42,62.97,60.03
15,21.2,67.28,62.28
11,5.53,56.94,4.97
4,31.15,59.08,1.27
13,27.14,40.97,36.68
21,25.52,69.48,55.69
35,21.33,51.75,125.56
23,31.69,14.56,67.43
23,49.55,40.51,57.21
8,28.91,49.2,2.88
5,56.18,44.0,2.71
23,24.72,61.11,86.25
11,29.15,50.66,1.17
30,29.05,92.67,61.18
22,23.0,43.98,79.42
15,54.92,85.27,24.62
31,31.13,47.64,85.36
3,20.12,64.59,2.79
9,30.13,68.62,0.71
17,27.38,43.45,48.26
13,34.94,49.18,40.47
32,28.38,58.0,89.23
16,9.82,68.09,33.71
14,26.63,64.75,43.78
35,7.0,63.76,60.93
30,9.97,14.06,35.19
34,23.8,53.78,109.2
10,22.1,56.8,4.47
12,30.62,59.48,34.17
18,22.39,48.69,45.78
22,9.39,85.76,51.18
7,22.65,47.8,1.22
4,6.83,68.22,2.29
13,24.54,41.5,53.8
1,32.37,46.51,4.82
30,34.46,54.35,123.4
25,5.56,62.36,40.75
5,33.83,59.39,1.3
3,7.41,45.36,1.91
1,51.43,65.13,4.4
10,25.5,53.1,4.45
17,57.84,58.91,41.72
26,32.01,58.95,98.69
20,20.91,62.59,71.29
30,24.16,48.21,124.51
5,29.91,64.37,3.08
10,30.37,93.97,2.94
14,26.5,17.82,27.71
13,30.64,56.77,46.94
7,31.28,66.86,1.02
13,52.76,49.4,27.46
1,32.49,62.98,2.18
35,30.72,93.06,79.58
13,23.17,68.65,54.47
27,28.89,43.4,77.34
11,34.64,61.34,4.9
25,29.36,53.1,99.99
22,23.26,68.46,65.07
23,27.93,68.69,60.97
8,27.0,43.23,2.95
1,28.85,57.88,4.57
17,29.84,63.04,63.89
7,32.0,19.13,0.68
26,30.27,43.44,105.65
3,25.17,12.21,4.12
21,24.45,49.16,61.83
25,20.78,55.46,71.96
18,24.16,67.95,70.27
11,32.65,91.64,2.01
19,24.25,15.32,36.06
25,23.49,57.34,101.39
20,29.51,50.95,60.56
34,49.85,86.69,58.27
24,32.07,85.11,84.0
15,32.29,49.84,51.86
32,29.9,54.23,122.9
31,51.23,56.98,76.9
35,48.98,46.78,54.02
35,7.89,68.73,75.11
5,31.56,44.95,4.59
21,20.13,51.31,87.79
7,9.44,68.51,2.07
32,31.9,42.36,119.81
31,21.68,46.19,111.86
28,26.11,86.24,79.92
4,30.95,43.92,1.12
3,9.67,11.39,0.34
27,32.15,16.63,71.76
3,26.07,56.58,4.7
20,26.06,86.22,50.31
31,22.56,40.96,118.75
1,49.92,46.58,2.36
21,21.35,66.64,58.89
12,7.37,67.27,21.32
13,22.71,46.83,37.6
33,24.86,50.09,120.94
1,49.77,86.68,4.37
10,23.33,47.22,1.85
35,23.83,86.93,100.01
32,21.92,46.54,116.18
3,33.02,86.43,4.05
26,6.01,51.79,59.67
20,27.2,69.36,61.76
16,24.11,48.9,42.83
20,23.34,67.14,83.42
33,29.94,54.4,130.82
24,34.01,59.44,89.33
34,27.37,45.59,98.24
19,33.97,44.37,68.15
3,32.93,62.29,1.04
21,21.06,60.98,72.63
7,33.88,52.83,4.63
3,31.53,11.14,3.19
32,28.94,67.68,86.42
25,20.6,46.63,69.15
1,27.25,93.17,2.92
19,28.18,54.12,56.6
21,54.55,51.43,34.24
9,8.84,44.9,0.6
26,32.11,52.93,88.86
31,5.53,57.4,48.02
21,30.68,94.03,51.16
11,26.4,52.02,3.65
19,23.27,11.41,34.08
14,27.01,19.96,25.92
31,20.81,41.39,125.57
13,54.79,18.2,19.54
28,21.23,19.54,59.82
20,20.3,43.22,61.68
19,31.28,87.21,58.59
5,20.36,92.44,2.37
19,23.98,50.57,63.85
35,20.88,48.17,131.13
29,53.94,57.22,55.36
32,34.69,48.66,103.65
18,29.99,56.87,51.69
6,30.33,53.77,0.2
13,25.44,61.03,46.52
21,31.64,64.97,54.6
14,26.89,44.57,37.72
24,33.2,63.24,96.11
8,49.31,56.33,2.27
18,20.1,60.14,73.44
7,30.12,58.1,3.18
13,26.26,55.65,39.43
8,26.04,53.28,2.11
28,25.32,47.74,88.74
32,27.23,46.22,130.01
18,45.34,67.23,32.81
20,23.53,87.93,74.06
14,28.0,69.59,53.53
1,20.03,68.87,0.54
11,47.91,11.67,4.14
14,34.94,60.57,43.31
28,21.5,41.68,72.84
4,31.29,90.17,0.39
33,26.48,67.7,97.15
15,33.43,50.88,62.28
16,23.96,46.73,44.54
14,54.02,55.16,30.48
17,24.65,11.14,48.35
3,33.45,45.68,2.41
29,22.95,18.42,64.93
6,32.12,11.87,0.33
31,22.9,61.41,98.79
24,34.39,62.82,67.24
35,26.92,12.78,83.39
13,25.35,47.41,52.84
28,27.14,58.21,80.11
28,29.9,93.22,76.02
3,29.28,54.59,1.99
35,56.68,65.2,69.03
7,8.43,48.16,1.86
9,23.44,55.03,2.82
18,28.7,46.58,71.0
33,33.87,59.68,91.19
14,32.56,48.65,49.36
4,31.19,68.1,2.76
9,24.71,48.15,0.52
23,31.06,45.18,68.06
2,29.12,65.12,1.87
1,20.74,15.17,0.25
10,31.43,87.22,1.91
8,20.74,47.52,1.68
33,32.11,42.75,126.28
21,45.15,16.84,35.39
3,26.86,94.03,0.64
33,9.37,63.51,67.42
13,27.2,51.33,39.31
24,26.13,57.41,78.56
9,27.08,90.5,2.02
15,21.66,45.39,56.74
29,26.97,51.62,78.34
9,33.97,61.27,0.66
29,30.97,45.75,112.57
8,32.81,52.85,3.29
22,26.38,45.39,62.55
32,32.63,59.74,102.65
21,34.07,48.7,79.49
12,56.12,65.29,19.23
25,31.91,67.16,63.67
16,32.43,63.81,45.42
19,27.87,67.19,55.62
22,26.99,56.21,92.33
26,20.2,64.27,108.41
14,34.5,17.8,27.73
11,22.92,69.92,4.78
16,24.35,63.72,47.9
33,24.31,44.52,87.19
3,26.9,47.97,3.72
15,5.77,42.32,37.5
31,22.42,90.95,90.18
11,20.13,17.79,0.18
30,28.52,64.05,122.07
25,33.94,54.84,86.83
18,28.96,12.9,42.47
20,26.87,85.92,55.31
5,33.89,69.8,0.43
2,29.53,49.71,1.74
1,25.0,58.39,1.54
7,8.8,88.14,3.67
14,29.2,64.68,54.89
20,48.14,65.06,44.56
31,20.51,58.4,128.09
22,34.57,69.71,78.92
17,52.17,69.47,29.03
26,22.37,16.83,53.73
24,22.19,11.14,57.9
35,20.86,69.27,98.93
13,9.93,89.24,21.93
21,34.51,15.71,39.14
10,47.64,58.29,2.02
9,28.71,46.7,2.72
17,57.91,51.15,40.0
21,20.97,59.96,81.77
5,20.64,55.64,3.58
20,25.3,60.32,83.24
31,49.87,53.43,70.1
15,21.2,64.16,44.94
12,27.72,60.4,33.41
23,27.7,68.71,68.5
9,24.67,14.55,1.73
26,30.69,62.47,85.23
20,23.41,88.45,68.04
21,24.27,56.8,63.6
4,8.74,52.53,3.4
14,30.57,47.65,57.47
35,8.53,52.87,70.75
28,25.41,61.1,110.25
7,6.46,43.53,2.58
34,9.05,63.12,79.81
34,22.02,45.29,87.43
13,22.8,11.14,24.72
27,32.77,58.74,72.86
27,20.72,54.13,99.74
26,25.08,54.59,92.64
1,22.31,60.29,3.37
8,26.83,47.35,1.57
13,20.99,67.18,37.55
2,9.83,88.68,2.98
9,47.0,12.51,3.79
18,26.26,48.6,74.29
11,22.33,49.26,0.74
4,29.02,52.92,4.26
6,25.51,86.8,3.63
30,24.83,46.32,93.61
2,25.79,65.05,2.52
8,31.21,40.44,1.46
4,25.32,57.88,4.73
30,55.53,59.17,74.26
5,26.2,46.77,3.61
32,23.55,51.57,86.84
34,9.65,66.54,83.61
29,28.32,55.95,96.49
13,28.4,93.58,33.39
7,26.58,15.52,3.98
16,28.24,12.89,35.35
26,9.25,15.55,43.27
6,8.89,69.88,4.96
32,34.7,49.17,101.06
34,21.23,13.86,61.8
13,6.7,53.11,20.02
12,27.49,48.6,38.48
33,33.09,70.0,132.77120000000002
30,32.56,49.72,121.49
33,49.02,43.47,77.75
13,30.3,66.74,40.54
33,22.49,66.12,112.06
28,28.42,47.31,110.76
35,23.87,60.99,92.66
7,23.33,41.93,0.18
30,21.43,50.44,104.48
33,57.96,85.34,59.46
2,29.42,62.46,3.94
13,21.52,40.23,53.79
26,31.42,52.25,78.26
3,29.6,93.91,0.18
11,8.47,42.43,2.58
28,24.75,55.12,104.07
2,29.61,40.43,0.87
32,30.04,14.1,58.76
5,8.13,68.58,2.13
25,30.97,49.41,99.81
29,22.64,55.72,94.14
25,53.67,45.0,45.96
32,51.09,55.32,64.87
23,20.38,68.55,71.26
33,29.46,16.44,69.13
2,31.67,17.27,4.35
4,25.41,47.69,0.59
33,27.21,49.55,100.29
32,25.7,59.92,100.69
3,22.66,42.83,0.91
14,21.82,47.24,35.63
35,5.73,92.36,49.45
19,33.02,12.43,44.67
18,28.98,64.12,52.52
10,24.18,55.24,4.17
26,32.14,49.91,81.15
26,23.0,87.54,103.82
24,25.37,65.7,80.39
14,34.37,90.6,39.28
15,45.65,63.64,29.48
32,21.86,57.55,123.14
25,22.81,94.03,70.74
4,32.2,91.92,4.24
29,30.78,55.0,104.88
27,21.63,60.28,85.59
24,53.69,45.63,44.7
26,27.15,61.23,84.36
6,27.19,66.69,3.28
34,20.35,45.22,123.69
23,8.53,44.96,43.58
27,33.59,41.96,73.87
16,30.47,61.8,48.4
19,24.76,66.92,79.03
24,25.93,44.38,94.93
16,24.38,41.66,40.21
20,26.42,90.08,41.43
26,6.57,42.78,44.9
26,8.56,47.65,42.74
7,21.23,40.98,3.49
31,6.63,64.26,54.29
23,46.13,68.31,53.98
9,8.97,53.91,2.27
5,34.29,91.1,1.87
22,25.83,56.32,73.95
9,31.08,59.74,3.66
29,32.35,55.99,73.67
23,24.22,50.07,73.42
33,30.13,51.42,108.39
27,9.68,59.81,54.04
9,21.12,65.04,2.67
34,32.31,61.66,120.84
4,29.22,64.51,4.18
29,26.38,44.31,120.14
30,31.44,66.31,106.66
15,24.82,41.62,60.06
2,28.39,87.64,3.54
32,32.55,45.06,118.62
14,30.58,68.77,47.37
19,26.29,55.04,77.79
29,22.56,58.98,92.03
12,30.66,57.06,43.87
8,8.57,62.03,4.39
15,34.87,56.57,43.66
15,34.63,12.4,36.71
24,22.52,67.77,61.64
17,50.09,12.71,29.4
9,33.13,87.11,0.72
25,32.82,42.19,75.54
8,28.88,62.85,1.36
30,48.01,42.88,56.64
18,29.14,53.72,46.92
27,22.07,54.33,108.83
9,49.46,16.56,0.2
35,30.22,49.81,95.01
2,45.29,66.18,1.7
5,20.16,67.41,3.37
17,30.84,51.01,68.34
22,28.19,19.91,55.72
10,45.45,65.12,0.51
23,29.48,46.19,94.99
3,28.3,57.81,4.83
19,21.57,52.99,78.59
31,28.28,87.28,91.11
4,30.55,66.04,2.39
20,28.3,65.47,59.35
34,29.2,40.81,89.29
13,52.29,11.14,14.22
9,33.69,58.77,4.93
16,31.73,44.83,47.65
23,23.99,50.34,73.1
12,27.23,64.34,32.03
23,25.42,66.45,62.29
14,34.23,66.5,46.19
16,32.88,50.09,61.12
30,29.56,51.58,75.93
14,34.17,94.03,32.61
3,23.0,93.31,4.1
31,29.32,42.85,113.58
5,26.28,15.74,2.1
28,32.65,46.03,106.45
17,21.61,17.0,48.68
22,30.59,53.8,59.14
15,31.85,11.45,39.12
28,23.46,51.7,111.08
16,27.52,53.54,43.49
35,31.21,64.66,107.74
28,23.93,53.71,110.38
9,34.73,17.47,3.45
11,25.87,44.34,4.44
15,23.84,91.11,28.4
12,52.68,42.91,22.53
2,30.52,15.58,0.18
35,5.53,86.07,87.32
31,20.82,63.92,114.03
23,24.32,61.55,64.04
28,27.1,68.73,78.27
29,46.3,43.96,56.84
24,5.54,59.48,42.62
10,50.33,45.76,0.34
21,23.94,90.89,43.22
20,29.31,48.14,61.79
17,30.92,65.48,68.52
20,9.07,42.03,39.95
17,29.31,51.17,57.88
14,28.35,62.09,53.84
13,33.59,55.15,41.88
33,28.64,69.95,106.44
19,20.9,49.14,63.08
16,24.86,94.03,45.24
21,23.1,52.74,71.4
34,23.64,67.29,91.28
32,34.67,62.42,98.63
14,29.25,69.17,40.67
2,6.29,11.14,1.61
13,33.71,66.59,44.06
9,25.05,57.7,2.15
30,23.9,44.13,114.65
21,23.56,69.78,80.8
27,27.22,14.91,49.93
34,29.56,59.72,131.8
23,34.51,44.9,84.9
28,20.21,62.04,76.63
21,28.12,47.73,76.39
17,29.93,40.23,69.99
15,21.62,53.35,41.71
20,28.28,60.24,58.36
7,24.28,55.42,4.97
8,6.38,60.53,3.91
21,31.54,66.73,63.12
23,30.42,62.63,78.8
26,26.78,59.99,100.95
26,31.92,44.93,78.35
17,21.74,41.43,66.51
13,27.76,60.48,42.44
10,29.51,90.58,2.23
17,29.0,48.72,53.14
32,23.22,64.61,128.17
13,21.02,15.55,29.98
11,6.97,64.22,1.18
13,34.09,19.78,27.87
29,58.45560000000002,15.8,44.51
29,31.84,65.86,92.48
35,8.49,65.61,85.81
6,46.06,68.63,3.87
8,22.19,60.55,1.65
1,45.16,61.57,1.94
28,9.56,48.5,70.1
17,48.61,63.91,28.18
32,8.98,62.04,54.56
14,53.11,57.63,28.04
30,29.9,53.99,114.33
7,28.8,62.83,3.53
10,23.62,44.38,3.23
23,32.3,62.58,71.78
9,45.29,54.21,3.99
34,20.72,69.69,112.53
29,33.25,47.27,95.5
13,53.65,40.13,27.76
16,34.51,87.02,55.04
15,46.88,52.05,34.86
17,26.14,85.55,70.15
23,28.22,54.88,85.16
16,28.85,52.3,62.17
15,24.04,16.47,40.49
20,22.06,45.76,71.54
4,32.12,89.23,2.85
4,57.96,11.14,4.19
20,26.53,89.18,76.22
10,20.46,43.33,1.5
23,51.44,15.41,28.84
18,22.09,94.03,37.58
32,26.8,41.93,126.41
33,31.77,56.95,121.65
25,34.9,52.26,82.3
6,8.61,65.46,2.15
35,25.46,44.58,104.66
14,26.19,68.03,37.08
10,25.23,44.6,4.3
31,34.59,89.54,77.65
19,28.57,88.33,72.66
27,47.31,51.41,48.74
6,23.03,89.7,4.56
4,32.63,86.8,4.65
10,26.75,48.61,4.58
1,48.76,90.97,0.18
21,20.38,15.22,59.67
28,32.01,51.49,99.14
13,31.36,64.37,50.43
17,25.41,67.76,67.13
35,27.57,41.98,89.15
26,5.74,53.5,45.23
4,29.48,51.43,3.7
15,32.3,60.95,58.79
5,26.56,51.42,3.9
3,6.24,53.55,2.28
30,7.1,47.85,56.84
12,32.4,45.88,45.09
7,24.11,17.26,4.61
6,27.61,46.22,3.06
22,20.94,52.75,81.94
4,6.0,51.3,0.18
16,33.65,57.84,57.37
5,32.91,40.03,1.73
34,26.01,11.93,64.06
33,26.38,87.37,98.72
18,25.22,55.33,60.26
20,21.04,53.37,60.73
31,31.05,85.24,115.13
35,49.56,88.79,64.59
3,50.18,50.74,4.54
30,21.65,60.5,118.01
2,33.97,53.13,4.13
6,30.12,64.64,2.84
13,33.41,61.77,35.93
28,28.48,54.8,105.75
6,20.15,67.37,1.37
26,22.4,65.17,98.98
8,29.5,89.46,0.56
31,21.5,93.76,78.38
4,9.65,57.65,1.99
14,25.49,62.23,49.75
6,31.88,69.94,1.17
35,21.71,52.72,132.77120000000002
18,30.61,46.43,65.39
34,30.32,49.97,125.21
25,46.02,66.85,57.6
35,26.99,58.25,124.23
11,20.99,43.52,0.18
4,25.17,53.05,3.41
17,34.71,49.93,47.86
27,22.69,49.43,97.38
5,27.14,13.61,1.32
24,27.81,65.69,74.09
6,53.63,92.21,0.6
17,31.58,47.36,64.26
19,23.49,12.87,40.09
11,23.36,53.81,2.94
24,6.93,42.89,49.57
33,26.05,62.49,102.16
14,57.19,66.38,27.16
12,53.85,87.09,27.71
5,21.96,52.55,4.78
30,53.18,52.69,47.51
14,29.31,68.34,44.55
17,22.38,12.83,32.94
16,33.42,69.11,62.53
25,31.21,68.88,70.65
25,34.07,43.89,73.03
33,29.77,44.74,121.02
29,28.23,48.06,101.77
8,54.81,46.35,0.46
12,33.52,61.31,36.86
22,24.1,47.27,82.3
25,58.45560000000002,85.42,49.75
27,31.48,40.02,106.16
29,6.29,45.78,53.93
22,20.14,62.72,89.01
35,23.54,85.86,106.76
28,32.09,62.26,78.27
13,31.99,61.11,50.07
19,23.57,66.34,75.4
33,31.16,68.39,105.29
6,8.55,61.33,4.79
35,25.77,60.06,95.1
29,23.24,56.1,108.88
30,21.47,67.28,110.16
23,31.17,41.89,73.48
12,33.69,58.12,46.98
32,33.75,62.22,89.75
22,26.32,16.56,43.5
6,30.45,40.69,4.24
31,21.11,45.54,107.76
15,31.74,62.43,46.03
15,22.98,68.69,61.97
3,22.56,68.35,0.33
6,5.53,63.21,2.52
1,58.45560000000002,56.32,2.7
17,22.73,42.37,47.2
17,9.4,50.94,41.58
16,22.74,61.9,40.04
16,33.86,46.56,55.52
27,20.77,68.7,100.47
6,28.04,54.21,0.83
30,20.15,68.01,90.35
25,33.44,59.64,93.91
33,24.53,60.18,127.87
33,20.51,56.58,129.19
15,27.59,61.67,61.9
20,23.92,40.71,83.85
27,21.2,60.7,87.35
3,25.3,42.39,3.03
28,21.18,16.28,64.38
23,20.62,44.61,93.98
23,30.84,12.74,53.41
28,20.41,62.32,85.22
23,7.28,90.38,28.85
21,31.46,63.24,63.77
22,20.26,56.47,84.1
11,34.68,15.45,1.17
29,34.24,69.75,104.38
11,25.09,49.45,3.94
22,33.39,15.65,45.48
31,32.37,11.14,84.31
30,58.45560000000002,14.45,52.23
20,29.03,86.78,77.41
20,27.36,55.67,53.12
12,20.53,18.17,34.76
28,33.29,50.44,78.96
33,25.72,89.1,83.17
17,7.43,63.09,26.19
14,23.86,43.94,38.36
32,9.63,65.5,69.21
6,25.55,64.25,4.32
35,8.24,41.34,55.26
21,33.86,64.82,59.09
2,23.27,47.83,2.73
5,5.53,42.22,0.43
27,32.17,46.22,79.66
8,28.57,54.2,3.89
1,25.19,68.17,1.77
25,58.45560000000002,69.07,59.67
17,22.25,43.3,69.35
28,26.73,57.2,74.25
31,34.34,91.79,80.29
7,31.38,67.24,3.59
32,22.21,45.63,122.79
2,22.97,13.37,4.83
5,25.96,40.03,2.07
27,22.36,48.3,69.26
4,33.39,65.6,3.73
19,31.03,46.14,60.41
32,33.87,54.29,108.81
13,25.47,54.76,41.32
30,23.55,60.86,92.74
27,21.24,53.11,100.46
9,24.45,12.67,4.3
25,24.32,68.86,74.77
11,21.94,48.71,1.82
11,26.21,59.62,3.96
6,33.49,59.23,1.71
33,45.58,56.98,51.38
24,32.8,66.23,96.72
32,22.19,48.04,90.52
27,51.24,11.14,38.14
10,26.94,58.7,4.8
4,22.53,19.76,2.08
33,33.75,52.92,119.22
22,34.8,15.36,58.44
24,30.27,55.57,90.52
33,34.54,43.24,106.23
13,31.89,67.26,45.0
32,25.03,94.03,90.14
35,22.9,41.47,112.87
29,31.32,94.03,79.09
11,31.53,13.02,0.18
3,25.62,64.04,3.22
1,28.89,41.55,2.54
18,27.17,17.3,43.35
33,22.21,49.81,101.53
13,23.79,47.09,40.05
35,34.6,44.57,128.19
13,30.78,11.78,38.11
13,46.53,65.02,22.63
30,50.24,40.7,49.33
21,9.56,50.11,45.11
10,31.86,48.7,3.16
5,29.32,68.14,1.11
8,29.11,69.97,1.61
9,52.5,41.19,1.23
3,32.59,13.68,4.61
3,25.67,56.95,2.09
12,21.47,13.01,26.99
35,24.96,43.59,132.77120000000002
22,31.82,63.56,87.73
16,22.06,94.03,31.0
20,21.43,66.34,78.43
28,25.83,51.91,93.93
22,28.32,68.69,60.94
33,32.28,50.89,132.77120000000002
4,34.91,51.57,3.33
30,23.01,49.09,102.51
27,29.57,59.04,90.88
16,5.53,45.0,25.12
33,21.59,60.17,99.56
30,34.81,12.81,56.01
9,30.4,65.86,3.15
35,28.55,89.46,97.72
25,9.9,59.47,44.5
4,30.04,48.44,4.57
25,53.59,92.69,27.17
28,9.82,58.39,44.58
25,28.32,51.99,62.76
18,53.56,50.95,27.65
13,5.92,43.75,25.24
7,31.41,94.03,0.35
27,20.92,54.98,77.3
25,29.66,55.32,86.6
18,22.18,66.35,55.13
13,20.7,64.15,54.2
8,50.4,46.93,0.98
23,9.06,88.51,39.16
1,20.1,50.34,2.78
29,30.3,46.36,100.96
16,9.8,59.38,35.76
11,20.09,60.76,1.56
35,7.47,68.22,79.69
8,7.88,53.94,2.32
4,31.83,46.01,3.06
2,28.23,48.48,0.75
29,50.6,52.46,53.23
19,25.14,56.26,78.25
4,32.38,67.27,1.28
30,22.52,44.45,107.39
31,28.55,67.22,125.49
17,30.69,51.78,45.26
25,22.17,62.28,65.96
31,53.58,69.41,52.54
15,6.88,57.22,26.43
17,24.13,46.7,60.45
20,25.88,88.36,81.59
16,25.16,57.83,65.11
2,25.61,44.8,3.9
26,29.1,58.67,80.75
6,33.95,53.59,0.66
26,5.53,46.84,57.64
34,23.45,54.48,132.77120000000002
27,22.76,53.48,89.82
22,31.2,85.43,80.78
17,32.69,48.02,52.29
19,33.6,66.54,76.83
25,33.26,59.24,79.91
3,22.1,63.14,1.27
5,21.54,44.17,1.43
25,32.61,53.21,96.65
2,23.04,64.6,0.18
2,22.66,90.94,4.65
20,34.64,44.68,52.59
28,33.29,66.2,106.5
35,26.84,14.37,71.01
32,47.05,41.0,61.88
30,33.18,63.54,88.01
22,23.48,49.0,63.92
9,24.61,47.37,4.32
35,30.65,49.76,115.63
20,30.76,61.35,52.46
24,32.39,41.76,75.7
9,6.1,58.73,0.39
27,25.75,60.56,113.37
22,23.31,65.17,91.36
17,30.7,55.2,43.34
13,25.24,56.35,38.59
10,22.59,43.52,2.87
25,24.2,67.81,71.79
7,54.04,87.61,2.74
6,31.88,45.62,1.73
18,34.74,86.03,50.25
11,29.09,60.9,3.47
28,33.49,60.68,105.03
13,23.89,43.9,35.91
18,31.78,55.97,65.12
9,50.35,44.51,2.78
11,6.38,59.8,0.56
21,29.08,86.31,84.04
4,6.52,51.24,1.51
7,34.98,58.11,0.55
16,24.42,48.81,65.51
28,24.16,44.86,81.25
28,24.76,52.28,100.7
20,54.55,44.47,39.18
22,32.78,85.25,70.81
22,25.93,18.95,54.52
22,21.75,63.51,74.11
25,25.78,51.4,73.64
4,23.08,91.48,2.3
31,34.39,15.41,59.46
10,20.4,68.75,2.99
26,29.17,56.56,94.38
4,25.37,43.49,1.03
17,5.57,57.49,32.7
31,29.69,51.63,109.5
9,29.5,62.4,0.95
23,30.18,55.75,82.81
27,23.74,58.2,77.17
13,22.15,66.39,32.76
11,9.82,42.18,3.21
34,33.41,44.87,104.58
22,27.0,55.77,91.38
34,31.49,59.14,123.83
10,58.45560000000002,41.0,1.21
30,24.26,45.21,113.0
32,25.12,90.19,75.79
26,55.45,88.44,53.46
8,32.4,64.09,0.31
20,22.15,15.06,41.8
5,33.45,53.86,0.91
19,26.81,17.73,46.3
20,9.99,50.56,48.87
30,22.73,55.89,102.26
13,27.99,49.37,47.09
29,34.54,63.49,111.55
8,33.61,68.98,0.62
10,31.0,63.95,1.01
19,20.28,68.46,75.22
10,32.39,67.51,1.68
17,25.93,64.24,47.71
16,24.82,68.82,52.89
12,22.87,42.05,37.06
19,20.85,41.96,78.63
17,32.28,49.63,55.52
35,5.53,51.24,78.93
14,33.83,46.16,38.72
1,27.62,62.81,4.8
32,25.33,64.04,114.71
29,24.24,42.0,87.74
28,30.59,47.42,107.81
23,26.59,47.79,89.76
4,34.69,54.04,2.51
31,27.54,49.26,126.96
10,31.39,63.0,1.88
10,6.02,93.44,1.08
7,8.18,17.59,4.33
4,31.81,40.76,2.34
22,34.7,46.88,73.85
27,32.5,63.05,88.22
10,29.95,62.11,4.75
23,32.63,17.32,44.8
34,21.75,65.14,124.13
18,8.83,49.31,30.69
29,29.65,66.82,108.59
24,28.68,50.92,85.3
24,24.63,45.14,99.72
35,23.89,15.5,93.11
17,33.54,42.47,60.35
7,29.85,62.3,3.78
19,21.51,69.62,74.2
33,20.94,44.93,92.93
18,24.88,43.18,67.32
4,32.92,53.12,1.14
12,20.73,47.69,41.93
30,23.94,43.31,102.67
26,27.23,47.47,86.27
1,23.36,66.16,2.37
8,30.21,54.87,3.26
23,34.2,68.05,86.98
35,21.58,41.93,109.03
33,31.57,12.51,72.51
6,30.36,65.73,1.31
27,29.46,56.86,109.37
20,27.44,86.64,57.69
22,34.79,42.34,83.74
6,30.4,60.17,3.07
31,28.87,52.32,110.86
18,57.49,68.5,27.25
5,30.03,57.48,0.87
7,31.46,46.05,3.43
34,28.24,63.76,132.77120000000002
15,20.85,93.83,42.46
34,8.58,50.71,59.13
13,30.12,41.89,50.75
19,20.06,47.19,60.1
31,22.0,68.37,125.4
29,23.18,48.95,118.53
29,32.61,11.39,52.88
23,28.96,48.08,62.74
1,31.09,55.67,2.67
23,22.8,11.14,64.04
12,28.75,66.17,30.38
28,20.91,15.84,72.51
7,33.06,57.35,4.45
4,20.76,53.16,2.79
7,34.15,55.53,3.28
3,32.93,67.01,4.59
1,20.07,53.59,2.86
20,20.72,68.42,57.15
35,29.5,15.9,96.37
4,25.0,41.26,0.8
32,58.45560000000002,52.37,80.54
4,20.02,65.49,4.45
14,24.97,40.68,54.87
10,20.21,40.71,2.89
25,32.76,58.05,79.11
7,30.91,48.51,3.36
35,21.1,54.23,111.11
33,30.99,49.16,104.27
18,25.66,17.43,35.9
9,20.82,64.03,2.18
31,22.32,60.83,95.23
18,29.33,48.55,55.86
26,21.43,66.91,103.21
28,29.55,15.84,55.01
4,22.35,66.53,1.84
34,56.14,40.82,54.42
34,34.74,42.72,98.43
14,20.34,51.26,40.34
25,31.44,63.13,79.67
10,26.52,90.52,0.37
5,26.19,40.13,0.93
5,21.01,17.68,2.28
5,34.1,60.06,0.19
16,48.39,88.06,28.73
8,32.7,61.07,3.72
5,6.71,55.17,2.87
19,33.85,50.03,72.69
20,32.62,88.95,66.38
14,21.32,12.78,33.49
34,9.3,49.32,66.76
15,32.63,68.09,58.39
7,22.87,53.74,4.62
35,8.08,68.38,77.6
1,29.42,65.58,0.77
29,20.68,47.82,81.02
35,57.52,44.28,74.33
22,32.35,41.44,77.19
26,20.19,55.1,85.47
5,33.48,64.7,4.75
20,20.76,53.3,76.69
7,23.51,48.78,3.6
30,32.86,51.5,78.22
26,27.37,41.31,86.09
12,30.95,43.49,32.1
10,28.78,46.06,3.13
13,56.46,49.22,24.0
15,27.0,54.57,51.1
19,31.75,57.51,48.37
18,32.09,46.98,56.9
18,24.55,40.48,73.35
28,56.27,55.87,47.3
30,51.23,55.5,67.26
4,21.42,47.08,4.21
13,31.0,15.86,24.9
5,32.4,45.12,3.65
33,23.65,54.9,86.14
11,31.18,59.85,4.38
5,46.52,89.74,3.13
11,28.98,64.76,1.01
9,21.24,50.61,3.68
31,31.58,46.76,91.14
9,20.63,59.23,0.84
23,27.17,93.98,50.11
34,27.35,60.0,114.6
27,30.05,66.12,84.68
34,29.62,41.71,121.53
7,30.67,59.08,1.89
15,8.24,52.17,33.92
20,29.02,54.54,54.16
25,24.08,40.23,79.23
26,6.96,66.63,56.74
9,34.26,48.87,1.8
33,32.01,46.08,119.25
32,32.57,18.18,67.74
35,32.62,54.26,103.25
13,55.51,87.89,27.6
32,27.0,90.17,87.67
16,20.87,62.52,66.86
20,22.42,61.7,60.62
6,53.58,67.77,3.5
34,20.29,68.35,122.21
32,21.26,11.14,76.51
11,5.65,14.58,3.3
11,27.65,47.6,0.9
29,34.9,40.83,120.98
35,21.02,51.13,132.77120000000002
21,5.71,43.66,49.05
27,31.51,53.32,111.68
11,30.38,90.87,3.55
3,58.05,57.64,1.82
2,21.64,89.52,2.97
26,33.89,43.0,73.9
12,21.24,64.46,36.52
28,33.07,67.29,103.2
34,33.28,46.73,131.55
16,34.93,68.33,47.72
8,47.19,67.02,1.82
35,23.3,42.92,132.77120000000002
35,29.24,51.95,97.06
21,24.4,15.72,41.37
29,28.2,69.64,76.52
35,25.56,53.17,103.2
5,55.05,67.49,1.26
30,21.87,51.99,124.04
25,5.53,46.86,54.13
25,30.83,90.58,73.18
15,32.94,55.15,51.27
22,55.67,57.79,35.82
28,25.16,62.67,99.71
5,29.51,88.58,2.86
3,56.28,42.78,2.87
34,34.65,41.62,122.74
18,25.2,63.17,71.03
11,30.45,58.88,1.58
15,21.5,11.14,38.6
18,28.49,61.22,65.21
22,22.29,57.46,59.57
4,20.02,44.91,1.17
10,26.55,43.64,2.79
9,22.77,59.51,1.23
33,34.77,43.05,132.77120000000002
18,27.43,17.1,39.54
13,23.89,52.22,38.74
29,33.03,59.13,105.34
32,33.88,60.16,126.97
17,6.97,50.38,41.44
30,24.96,52.17,109.38
28,31.84,59.34,108.74
29,34.38,46.17,116.08
17,20.25,92.87,35.24
28,34.63,12.22,58.49
32,29.24,53.8,127.16
4,30.91,46.11,2.22
20,5.95,69.48,40.68
13,30.58,52.98,33.95
30,34.41,90.7,67.32
27,29.71,58.77,94.12
17,30.65,66.73,43.79
33,21.11,67.43,109.91
28,20.0,66.72,98.35
34,22.15,59.04,111.9
17,23.49,85.28,43.51
2,30.39,68.91,1.41
28,6.92,54.89,47.68
35,26.25,94.03,68.04
25,27.34,67.54,70.45
14,26.34,52.17,50.64
22,22.55,88.77,67.17
30,27.97,40.08,80.07
5,30.56,94.03,1.41
32,33.97,87.98,80.19
24,5.8,57.26,55.28
28,27.99,18.55,59.88
8,47.68,46.9,2.94
32,32.48,87.9,92.06
24,29.35,85.57,87.78
31,28.88,62.45,115.04
20,28.49,69.07,66.02
30,22.09,45.49,84.44
11,29.93,86.43,4.05
19,5.53,67.3,41.25
30,34.08,51.02,98.78
19,28.01,69.85,70.81
24,45.14,40.5,45.38
22,33.62,19.32,39.66
22,6.1,65.26,38.33
26,23.88,55.29,94.45
26,31.99,63.42,85.95
23,27.16,40.55,87.96
11,33.89,61.81,1.89
2,20.23,59.96,0.24
10,7.49,87.84,1.53
28,23.81,58.72,116.37
26,30.69,66.4,97.5
15,48.8,42.87,28.36
28,45.19,58.98,55.78
17,29.93,59.33,50.56
18,24.43,45.89,59.91
2,23.31,68.82,4.8
22,34.89,61.61,68.26
7,28.27,15.99,4.24
15,28.25,49.69,56.17
26,31.93,64.73,70.16
26,28.32,12.4,63.68
34,28.63,44.09,86.08
3,28.74,58.12,0.18
26,8.91,58.71,44.17
25,26.17,64.25,101.78
6,22.86,45.43,4.41
11,9.08,45.22,3.92
32,28.1,62.63,83.31
21,24.6,68.5,69.08
27,34.65,57.48,79.52
8,34.54,12.95,4.98
23,28.39,41.41,60.63
8,27.18,64.86,0.74
5,24.05,86.16,2.43
24,29.99,40.78,93.93
2,7.17,46.18,0.45
31,26.42,69.09,129.42
29,26.84,52.63,78.75
3,31.75,59.2,0.86
18,28.07,56.17,62.36
1,29.48,57.2,0.2
35,7.95,50.89,70.55
7,57.73,89.9,0.18
7,23.36,62.74,1.25
22,23.63,63.9,87.23
14,29.34,62.3,57.91
4,30.38,52.06,2.21
32,55.48,59.48,70.81
15,24.85,43.02,38.17
22,25.74,14.38,40.18
4,27.11,60.06,3.8
21,26.65,53.06,76.02
23,23.53,67.67,79.32
30,25.12,89.55,92.48
10,24.94,51.3,1.96
13,29.53,56.77,43.37
11,21.06,60.93,4.47
24,6.58,46.76,55.5
19,24.72,64.41,53.81
5,30.33,19.35,0.21
7,24.37,60.78,3.23
34,28.45,49.64,132.77120000000002
16,34.24,58.54,61.76
27,25.51,43.94,84.51
12,28.97,45.65,47.8
14,30.18,13.87,29.55
31,32.27,62.32,119.24
1,20.55,61.32,4.52
25,9.08,54.96,57.55
4,22.59,44.4,3.36
2,24.33,42.6,3.35
4,31.89,50.97,2.76
19,28.27,89.7,56.72
8,21.0,13.36,3.45
30,23.53,17.0,60.55
16,27.56,45.29,53.1
23,31.65,51.53,82.71
35,34.99,59.14,129.65
16,55.63,54.88,25.89
4,29.22,56.83,0.8
35,31.04,14.59,91.84
1,24.89,52.13,1.52
4,34.07,94.03,3.24
12,26.73,41.85,39.29
4,33.16,18.35,1.61
24,34.12,49.64,72.74
34,25.93,58.76,132.77120000000002
8,24.93,62.21,4.5
19,27.38,58.02,67.13
5,20.21,53.79,4.55
24,23.54,42.2,62.67
2,22.72,62.5,1.65
15,29.71,43.03,39.44
18,28.8,66.81,50.07
21,26.11,51.87,72.15
20,34.86,41.21,63.62
34,25.26,66.4,132.77120000000002
21,47.6,19.5,24.4
16,27.48,54.4,54.14
29,21.46,66.56,99.72
18,20.72,62.1,47.77
12,31.75,43.26,42.07
2,29.05,47.56,4.77
10,30.36,60.27,2.72
16,28.32,61.35,56.69
21,24.73,55.77,56.81
19,25.41,42.88,53.19
3,55.2,58.59,3.49
25,30.23,53.87,65.54
35,33.18,50.81,113.34
26,25.87,65.25,71.29
28,27.42,45.31,78.88
24,25.84,45.92,66.79
17,31.72,64.65,52.99
30,26.52,61.18,115.51
31,33.49,90.52,61.55
13,22.08,61.79,52.12
1,24.14,59.09,1.03
33,5.53,46.14,62.09
26,23.44,43.99,70.59
12,28.76,43.53,44.03
8,24.93,86.44,1.67
23,27.72,67.66,75.22
21,24.31,59.61,56.81
26,29.71,92.82,50.44
30,22.62,54.14,99.78
2,22.9,66.77,1.57
25,31.87,60.55,68.53
25,9.1,52.37,48.48
12,21.34,93.76,31.47
22,27.43,52.41,81.47
6,20.63,90.08,0.37
15,46.69,52.66,36.47
12,54.44,49.44,18.57
2,23.34,58.16,0.81
13,22.37,43.21,44.27
6,29.54,66.36,2.32
3,34.53,47.98,3.11
3,27.36,50.5,5.0
10,47.51,13.23,2.47
11,28.77,46.1,1.62
8,22.25,44.11,0.92
33,24.24,65.2,96.76
5,26.16,64.79,2.19
29,7.3,58.32,70.81
2,55.08,60.0,1.98
13,32.68,51.47,42.01
15,24.19,14.18,33.94
4,20.99,52.95,0.46
15,27.73,64.22,46.93
27,26.46,68.71,88.58
6,29.81,45.41,0.31
21,20.84,44.63,52.6
33,51.47,51.06,79.93
6,7.94,63.01,4.78
8,26.92,17.93,2.64
24,32.68,63.42,77.38
29,28.27,88.78,75.39
12,34.9,18.85,30.66
31,29.81,44.07,119.89
26,26.96,58.76,104.47
15,58.45560000000002,50.72,34.73
23,33.96,47.86,92.83
32,9.52,68.54,48.3
30,56.26,58.72,48.88
35,23.91,60.71,125.29
23,31.86,52.39,83.7
20,6.98,59.9,37.2
28,26.38,58.29,77.59
13,9.91,15.77,16.8
19,34.03,46.5,49.45
14,22.2,13.06,34.04
1,34.43,52.92,3.59
13,26.71,47.6,43.19
5,21.44,59.93,4.28
8,31.23,56.69,0.18
11,29.5,59.61,0.31
8,34.98,62.99,2.66
30,31.97,86.32,91.74
33,25.83,61.71,108.69
30,31.68,47.15,89.22
15,27.4,50.15,41.05
21,5.7,69.35,44.34
23,34.73,57.62,74.82
32,30.08,90.61,70.78
15,30.31,61.78,58.36
26,27.42,45.19,102.46
4,29.62,45.23,2.76
10,22.18,41.69,1.38
5,27.51,57.99,2.01
20,33.58,44.84,55.68
25,31.11,13.87,44.11
18,53.2,60.23,37.35
5,28.63,17.46,3.61
23,57.55,63.25,51.07
32,24.25,12.06,68.91
27,28.49,50.5,81.6
32,29.19,66.56,114.78
21,32.34,11.14,37.55
23,28.79,66.21,87.38
8,22.82,61.51,2.79
14,22.06,44.61,39.09
29,33.35,67.07,85.68
26,27.11,57.49,100.5
24,29.59,57.13,93.1
27,24.98,48.8,87.63
23,5.53,50.26,48.45
18,34.08,60.07,74.45
26,46.54,16.0,45.23
23,32.79,67.0,80.56
18,24.28,54.37,47.91
12,7.14,68.16,29.6
25,49.35,58.27,59.74
18,24.98,53.58,53.55
18,22.6,52.84,46.4
1,20.37,66.66,4.85
21,28.05,60.08,83.43
30,27.12,42.14,85.65
5,20.83,68.97,1.1
22,27.56,52.61,77.51
6,7.36,19.68,1.37
27,22.34,67.69,96.13
18,27.87,58.93,50.31
25,32.64,11.14,58.02
13,9.68,52.77,27.96
20,31.35,58.5,58.05
12,23.48,57.26,45.1
20,26.71,89.96,59.5
34,45.74,68.1,63.81
2,28.07,87.11,2.97
24,23.54,57.38,84.22
11,34.41,64.53,1.79
14,33.91,57.37,49.07
7,31.36,11.14,1.71
17,22.98,64.6,49.35
4,49.87,45.0,3.03
2,24.2,50.44,3.0
11,33.37,49.99,3.0
20,29.55,52.64,77.17
14,54.91,89.48,23.07
8,49.24,48.24,4.07
23,9.95,92.77,37.67
23,30.86,64.4,66.13
31,8.64,46.51,65.02
35,52.01,45.93,75.85
16,26.89,65.88,46.16
27,33.64,66.48,102.34
8,31.64,90.16,0.77
15,29.13,53.65,49.01
33,21.68,69.0,99.16
8,34.31,60.33,1.36
26,20.59,51.37,71.68
31,23.3,68.54,126.41
4,33.48,55.54,0.63
32,33.79,45.63,104.91
22,32.58,41.41,65.48
16,25.43,68.61,41.81
20,52.18,48.29,45.65
33,50.21,67.98,62.05
19,20.05,45.13,61.83
22,34.25,94.03,42.12
2,8.0,56.7,2.52
26,20.62,69.71,103.92
25,8.88,63.22,56.16
31,31.46,50.52,95.27
33,29.49,69.92,104.14
31,25.63,12.06,76.39
10,27.34,67.34,2.69
11,27.59,42.09,4.69
3,33.05,60.27,1.55
10,28.0,60.96,1.24
26,34.91,41.58,79.44
17,21.5,44.18,46.84
11,25.5,49.04,1.94
3,27.54,66.01,3.77
8,22.32,66.09,2.76
18,25.97,56.88,50.18
15,48.66,55.15,37.62
10,45.45,42.05,0.18
28,26.3,61.2,104.3
18,8.17,65.02,28.02
9,48.82,41.43,3.55
19,29.05,88.64,72.41
14,25.42,69.52,43.97
15,20.53,60.18,43.12
15,54.32,50.47,32.28
31,27.63,54.58,123.33
33,25.09,40.27,87.85
14,29.04,52.9,39.6
15,49.28,56.93,36.42
6,27.97,61.91,4.27
26,25.83,55.05,83.6
17,29.66,56.16,45.16
21,24.66,68.51,79.76
18,6.35,62.5,32.37
6,29.34,48.36,0.74
1,33.04,45.74,0.18
11,23.01,67.25,1.45
30,28.69,59.21,89.53
7,26.81,51.83,3.83
22,23.98,50.8,78.5
27,32.54,53.87,106.13
35,20.23,48.3,98.84
33,26.05,42.28,83.91
15,27.43,56.37,59.41
26,57.99,55.55,51.68
26,27.24,89.0,74.27
5,58.45560000000002,69.16,4.35
3,30.61,87.21,1.04
16,34.49,61.35,55.61
17,30.93,50.17,53.11
11,31.74,89.08,4.06
7,33.87,57.2,2.66
18,26.52,66.18,73.71
2,26.88,67.11,1.23
7,22.66,87.06,3.54
11,24.21,13.1,2.13
29,24.8,50.06,113.22
6,58.45560000000002,64.24,1.9
25,24.12,45.68,69.99
8,22.91,68.4,0.18
13,32.04,12.41,23.79
12,34.28,48.77,44.32
13,25.58,52.32,53.82
12,29.38,52.8,36.99
15,26.53,85.6,57.79
28,30.5,49.66,94.84
9,23.6,40.39,1.64
2,9.43,63.85,3.86
24,25.7,52.18,76.52
20,29.3,55.41,56.9
32,20.35,89.92,115.06
20,28.96,48.83,69.45
12,27.25,57.97,48.09
28,22.3,41.52,109.09
19,26.71,11.87,40.46
13,25.77,47.2,47.94
32,52.53,65.63,74.79
9,26.85,85.38,0.6
27,26.81,92.68,73.85
30,24.84,67.22,89.1
22,24.85,68.38,78.62
17,23.98,59.6,68.57
33,23.26,94.03,64.33
16,20.68,90.23,35.05
18,27.27,53.96,48.07
7,6.52,48.13,4.81
15,56.72,51.43,33.46
21,32.78,42.79,77.4
17,8.8,42.0,38.25
13,25.26,16.21,23.29
14,33.55,59.21,44.26
10,23.6,64.43,0.75
26,58.45560000000002,18.41,40.83
28,21.86,61.86,102.51
27,22.3,46.33,112.26
24,34.47,63.92,78.26
34,26.68,57.93,117.73
8,46.38,65.39,0.26
5,31.75,51.27,4.67
22,29.97,68.72,83.88
27,24.81,59.99,111.53
15,6.37,69.72,35.81
26,28.3,57.62,82.01
22,7.97,13.91,25.15
11,21.84,41.68,0.18
28,22.13,11.18,77.85
28,24.72,63.13,89.99
6,26.89,90.21,1.63
22,30.89,13.51,61.3
19,7.29,53.01,34.46
27,30.38,66.04,75.77
17,22.08,87.71,61.22
27,25.85,56.29,113.39
16,26.85,60.0,51.13
12,7.12,54.68,27.68
33,20.95,43.97,128.39
35,25.57,42.47,94.2
15,31.36,17.5,40.31
7,50.83,67.88,2.72
19,26.79,90.7,53.89
16,8.15,45.91,36.13
21,52.58,69.81,48.01
27,29.21,51.87,93.16
21,25.79,68.16,79.78
32,21.91,89.19,109.29
9,47.76,54.65,4.07
17,30.37,56.77,47.56
24,29.97,45.24,83.7
29,33.2,52.33,95.2
2,31.24,42.91,0.97
26,33.99,43.7,83.21
30,33.46,67.37,101.79
27,5.53,11.14,43.76
26,27.98,40.29,96.48
18,7.59,50.04,31.49
32,29.82,56.3,128.89
13,21.7,92.67,35.45
1,33.65,13.55,2.28
6,27.96,62.73,3.24
24,24.09,44.03,64.29
26,21.39,50.11,72.66
6,26.55,60.34,4.13
5,8.24,65.29,1.51
2,6.22,50.95,1.4
18,46.03,44.96,41.11
18,31.36,60.41,66.05
24,30.61,49.85,77.72
27,26.29,63.69,87.88
28,28.55,67.62,107.36
26,30.65,68.74,73.68
3,25.48,47.15,3.55
31,7.68,63.87,59.5
32,27.51,11.14,77.18
19,33.41,92.85,48.14
28,49.35,60.55,49.95
4,30.63,85.41,4.33
16,51.13,90.77,27.9
34,24.18,19.46,66.73
30,24.74,64.99,98.08
15,46.7,13.02,20.56
7,20.89,11.38,4.82
34,31.08,62.88,132.77120000000002
10,27.68,47.33,0.51
28,32.76,59.58,77.06
6,7.56,46.55,2.44
19,29.04,69.38,66.06
24,33.41,44.79,99.56
15,34.25,90.93,29.65
20,58.42,52.46,45.66
2,34.15,69.56,4.12
32,24.4,62.08,112.23
24,48.57,63.76,51.01
16,47.5,18.55,19.94
18,9.29,61.96,43.57
8,27.48,64.24,1.61
34,34.97,64.84,132.77120000000002
17,5.89,94.03,18.94
5,20.25,51.6,4.24
30,24.72,65.54,97.86
8,29.47,44.95,2.01
19,26.0,48.5,62.87
11,27.97,69.32,2.21
15,23.25,19.08,29.51
18,8.15,42.85,34.33
28,34.94,15.09,51.86
23,32.34,19.74,57.22
11,20.89,45.21,4.31
1,33.57,40.26,1.52
9,8.29,48.27,2.73
12,23.05,57.29,36.36
24,26.38,46.65,89.8
20,24.46,51.26,73.0
2,24.77,45.07,1.55
23,20.53,93.7,46.64
7,27.66,41.92,1.67
16,34.68,54.09,62.77
13,32.23,58.62,35.87
1,27.21,91.07,3.96
35,24.96,47.97,132.77120000000002
29,20.21,68.13,75.87
2,58.45560000000002,63.39,0.67
14,34.33,41.28,52.78
30,32.15,65.55,83.43
14,30.96,85.64,56.14
19,27.25,64.82,61.77
14,25.1,49.49,58.09
7,29.76,62.7,0.65
32,27.58,52.54,108.74
17,21.53,59.32,44.89
7,33.7,43.49,0.56
16,6.07,46.13,35.86
17,6.04,47.93,38.3
23,58.1,67.52,38.02
6,28.11,58.31,0.83
26,47.64,58.28,57.52
10,21.08,63.69,2.74
26,33.62,19.33,73.09
8,23.66,66.77,3.37
26,31.88,68.08,95.81
21,21.95,40.17,61.63
28,31.47,53.08,85.12
5,21.49,48.92,4.88
17,24.27,69.4,66.54
13,28.34,53.1,39.35
9,32.02,66.14,0.27
18,26.75,69.89,62.6
2,27.65,91.49,3.81
16,30.74,87.16,46.66
8,33.88,48.05,2.09
12,31.36,65.65,33.79
3,28.11,62.19,0.67
5,28.39,67.66,1.36
10,30.79,67.34,1.33
17,22.8,60.45,58.23
32,27.31,49.79,108.56
18,31.65,45.54,57.73
12,48.96,50.36,19.35
32,21.58,41.44,97.78
35,32.82,90.21,80.36
4,34.62,40.96,3.17
3,23.38,59.9,0.18
19,33.64,17.54,48.67
28,7.22,59.63,53.96
6,9.43,12.7,1.48
34,24.84,43.14,116.51
28,22.2,57.78,98.85
5,5.83,42.08,0.18
6,23.53,61.26,4.99
13,33.33,49.93,44.36
23,54.48,11.14,26.63
12,32.97,59.1,39.2
8,29.22,61.19,4.89
18,57.95,63.09,27.52
11,23.58,63.5,5.0
31,31.46,67.08,88.28
19,29.96,42.49,62.95
32,32.95,92.71,92.86
10,25.29,51.98,3.79
27,22.29,60.69,102.66
35,30.41,65.28,132.77120000000002
28,22.98,60.79,102.72
13,28.69,93.27,28.27
11,21.56,17.62,1.64
15,24.52,40.65,49.86
27,21.57,57.29,82.23
27,29.02,12.58,62.68
27,7.93,93.46,43.72
19,54.64,12.42,19.98
18,20.71,16.46,40.23
14,27.21,55.83,35.08
29,26.41,68.02,79.78
14,6.88,61.24,34.36
35,26.76,47.22,94.56
9,30.24,50.33,4.83
30,29.23,54.16,88.78
11,27.89,65.98,1.88
35,58.1,67.16,61.09
15,31.57,47.74,47.31
13,34.21,89.47,45.52
22,25.9,12.41,49.83
17,6.67,46.35,26.73
15,23.16,56.36,54.5
3,31.4,59.89,3.88
12,27.26,53.94,35.11
26,6.23,89.27,57.97
12,21.21,43.21,41.33
8,31.45,69.07,1.18
31,30.65,62.15,110.43
21,28.98,62.46,83.5
32,24.19,59.82,85.62
28,22.39,42.41,92.56
21,33.15,91.95,38.6
34,25.29,48.1,120.23
16,49.12,43.18,33.64
27,24.3,44.7,79.89
14,20.42,47.43,42.23
7,31.86,68.36,1.09
29,34.78,91.31,65.16
4,26.18,63.4,1.46
5,29.24,67.45,4.0
33,26.68,17.95,95.91
30,8.9,44.35,49.89
26,8.25,43.25,47.11
11,49.61,89.16,3.98
14,25.8,51.56,41.15
29,21.19,11.37,56.89
28,33.76,63.2,110.05
11,32.57,56.71,3.62
11,29.56,11.14,2.88
16,29.67,62.31,54.56
24,57.42,41.86,40.23
17,9.86,48.18,27.55
14,29.08,58.95,37.68
35,5.53,18.48,40.29
35,23.12,57.16,128.32
23,28.76,67.08,81.21
29,29.82,17.27,84.07
15,30.8,93.7,42.06
11,20.87,43.19,2.35
32,33.03,89.95,128.1
1,27.78,48.24,0.81
27,29.19,55.21,110.99
22,34.67,15.45,59.48
34,28.15,18.54,62.58
32,56.73,47.76,61.11
8,32.56,47.77,1.15
29,21.18,53.61,106.53
15,50.12,40.77,29.67
32,6.79,51.88,53.5
22,20.34,11.37,48.12
12,20.51,60.57,33.31
25,27.49,53.09,71.45
15,22.41,45.11,46.62
30,29.87,68.86,104.19
1,32.3,16.99,1.66
17,21.52,55.97,47.66
5,21.45,44.27,1.01
11,50.65,45.72,3.35
29,26.33,59.54,80.51
20,33.17,53.35,67.69
19,27.23,59.18,55.63
16,28.44,13.51,40.35
1,6.68,14.27,3.53
23,9.7,49.74,50.09
15,21.09,55.08,42.75
24,55.82,65.24,36.76
26,21.12,56.16,91.24
23,30.25,49.58,63.84
10,9.04,46.34,3.7
21,30.9,43.02,66.24
20,32.68,49.07,64.85
14,27.22,57.74,46.27
27,21.56,67.2,102.42
31,29.02,45.34,122.38
35,32.82,14.09,63.83
3,31.12,44.44,0.76
33,27.8,48.22,132.77120000000002
14,25.99,63.12,45.98
19,34.46,58.69,69.84
35,8.57,64.23,59.59
9,23.88,59.56,0.59
16,23.48,18.05,45.57
25,29.03,59.66,103.64
19,32.51,40.91,77.58
22,24.75,66.37,66.73
30,21.68,44.01,88.31
12,21.35,68.62,34.77
22,23.62,67.57,58.7
27,45.72,86.56,52.03
30,49.93,57.53,63.63
23,46.16,89.35,56.75
35,28.43,42.97,132.77120000000002
21,22.63,15.23,37.92
22,32.82,66.53,71.02
34,22.8,87.65,125.36
27,27.68,56.79,79.6
24,24.81,63.05,63.45
30,24.2,49.58,108.41
29,8.8,55.5,56.07
25,29.67,12.72,67.92
8,26.92,58.64,2.57
5,23.69,55.22,0.77
21,31.42,44.34,59.31
20,33.21,46.53,68.37
3,6.14,93.51,1.02
19,28.68,86.23,60.17
3,27.21,62.13,4.98
11,29.29,43.94,2.61
6,5.59,87.41,3.12
14,27.43,12.19,33.69
20,31.86,51.55,77.0
25,29.86,62.46,74.81
21,33.1,43.58,59.77
29,27.87,11.14,51.29
19,5.95,60.46,36.74
26,24.32,57.27,104.88
33,28.5,48.08,125.26
3,24.53,64.58,4.08
3,20.73,50.22,1.56
17,24.31,91.96,36.05
12,58.45560000000002,42.64,25.42
33,29.46,40.64,109.17
18,21.3,48.11,47.3
20,34.73,49.79,51.97
12,32.62,45.62,36.87
28,31.93,51.49,107.52
25,24.46,58.21,71.85
23,22.89,65.12,68.54
28,32.45,85.01,104.93
24,34.27,47.95,99.39
17,27.1,69.68,62.8
23,52.89,43.61,52.39
5,25.56,60.71,2.58
4,48.2,91.47,4.45
13,25.23,46.24,42.93
24,24.04,92.6,42.18
24,33.15,60.13,99.08
33,34.24,67.17,83.53
6,31.9,48.46,4.32
30,9.38,62.49,59.27
22,33.48,42.24,84.52
30,25.32,64.75,89.19
33,51.26,57.32,78.42
34,25.72,56.02,86.97
28,58.45560000000002,44.61,70.1
34,29.31,61.83,121.77
32,24.61,54.39,114.45
29,25.83,59.81,115.88
25,6.49,15.4,35.56
33,32.55,14.25,59.77
29,7.1,13.93,40.78
31,22.61,46.29,90.69
25,22.17,90.86,58.31
25,25.58,19.85,45.46
14,24.99,60.9,57.65
2,29.18,41.57,2.55
31,24.81,58.4,93.69
8,30.01,59.64,1.57
5,49.51,43.45,4.14
20,31.37,44.16,65.43
10,57.94,40.19,1.47
18,32.52,46.78,55.95
14,5.53,53.59,28.18
4,20.91,43.33,0.18
17,22.38,86.95,69.8
1,25.74,47.0,2.42
29,32.21,46.99,115.98
34,23.89,65.28,88.89
23,8.23,53.84,35.57
12,34.55,69.69,30.17
28,22.73,15.31,57.56
20,30.32,66.77,65.78
20,9.86,69.19,35.9
7,30.89,64.86,2.52
4,33.72,60.85,4.05
21,33.6,58.65,78.6
32,32.48,69.04,91.5
3,34.22,67.51,4.64
1,24.13,42.88,3.62
30,33.83,42.27,99.45
13,34.81,89.67,53.81
25,9.63,59.77,37.8
33,32.2,40.72,118.07
34,22.06,92.37,59.85
3,45.27,44.29,1.17
14,23.01,68.12,45.04
8,20.03,63.72,4.0
12,24.7,44.21,44.22
1,22.73,60.41,0.35
34,32.96,46.04,128.59
28,9.16,60.65,57.69
1,21.12,48.52,2.08
6,33.88,69.74,4.67
13,49.8,52.55,19.88
8,28.17,54.91,0.54
3,24.11,67.7,2.41
30,30.71,64.48,81.37
2,27.39,42.64,4.12
29,28.56,52.7,86.26
24,24.4,55.84,90.47
3,7.07,44.24,3.91
24,20.12,63.14,62.1
11,30.5,47.0,2.64
15,31.43,66.67,37.84
13,23.29,55.8,50.71
12,33.4,57.52,38.48
5,9.64,69.25,4.84
14,52.36,45.41,29.1
32,27.66,59.42,87.21
22,28.34,66.16,83.77
1,5.56,59.76,3.31
31,20.8,51.54,122.69
32,28.17,60.29,132.77120000000002
31,22.99,57.6,94.91
14,21.44,13.78,29.3
6,49.72,67.2,0.54
10,32.72,67.18,1.04
8,23.52,40.5,1.97
9,33.98,15.52,0.82
29,7.15,49.82,55.63
25,31.82,68.8,81.52
12,22.87,60.57,34.83
25,26.37,91.89,59.65
15,53.97,60.9,27.95
17,58.45560000000002,44.01,27.72
29,54.75,40.61,58.94
30,20.38,60.81,81.93
25,21.68,63.56,68.39
9,29.91,66.43,4.96
18,24.33,40.14,59.13
31,27.8,54.33,88.41
7,32.02,59.08,0.59
8,26.32,46.32,4.47
28,31.31,43.73,77.28
26,25.97,11.5,54.5
8,9.62,55.45,4.4
24,29.76,55.0,77.12
1,23.39,57.23,4.47
11,33.49,44.4,0.24
1,33.63,52.7,4.98
15,29.07,43.21,48.25
28,49.62,47.89,60.22
22,23.2,45.92,84.41
35,31.78,44.83,120.68
26,28.86,65.3,99.48
19,27.96,86.34,47.79
1,20.43,16.89,0.53
33,30.46,52.06,88.61
1,31.79,66.43,1.44
26,23.68,43.88,65.28
21,22.54,66.44,61.04
33,31.91,53.55,126.64
7,34.47,16.21,3.29
32,23.64,42.85,80.61
24,27.39,57.94,91.66
19,55.54,62.21,38.9
9,31.53,51.03,1.67
7,28.48,65.14,2.64
8,6.61,56.57,0.18
10,29.12,45.46,3.71
19,27.02,60.3,53.78
31,30.19,12.63,82.25
19,28.99,55.95,68.49
30,31.13,42.67,109.81
9,24.83,11.56,3.04
15,28.07,40.3,55.82
24,32.82,59.45,95.36
27,24.6,49.06,109.79
12,31.24,12.6,25.24
13,33.3,59.51,49.7
19,22.44,58.78,63.38
17,6.83,67.83,31.12
31,29.88,53.5,91.71
21,25.2,47.04,75.21
7,9.25,64.73,1.39
26,26.57,88.65,67.07
23,30.16,49.85,80.94
6,24.08,49.09,2.77
11,28.45,57.19,4.72
22,56.03,49.29,50.81
2,24.97,58.08,4.67
33,32.77,52.81,105.69
34,31.72,68.65,102.04
3,34.61,61.4,2.62
6,53.16,40.97,2.93
16,32.26,64.71,66.42
22,27.48,43.74,75.56
25,33.25,55.58,102.39
12,33.06,42.55,41.82
8,27.44,66.44,2.09
29,28.3,56.67,103.52
27,23.37,56.59,72.01
18,54.29,47.28,33.67
22,29.61,57.0,59.21
22,30.43,60.15,59.27
20,29.2,42.54,82.75
15,7.09,65.26,36.23
35,58.45560000000002,40.35,59.8
19,32.05,64.93,71.64
26,20.19,63.78,68.08
7,56.13,67.93,3.38
6,24.08,67.44,2.75
8,32.1,40.76,1.28
15,32.01,58.06,59.07
24,28.78,42.55,93.5
26,20.84,14.5,62.17
31,24.46,66.26,87.09
27,7.65,52.45,44.85
17,26.29,50.37,59.65
9,28.75,69.1,1.49
35,28.43,65.39,121.11
34,56.87,63.71,80.61
22,25.84,60.74,89.0
20,7.47,90.78,31.22
13,27.3,12.12,29.85
4,49.61,43.37,2.48
26,27.45,14.06,47.76
21,27.27,46.24,69.35
1,25.67,46.34,2.65
6,5.53,16.39,0.55
18,26.18,65.33,63.18
5,20.34,89.56,3.04
6,34.9,44.15,3.2
33,25.19,91.41,64.37
19,33.0,55.26,49.19
7,6.75,60.43,2.62
3,24.29,40.19,0.18
10,20.36,11.14,0.38
22,25.93,52.3,55.1
8,27.18,65.73,2.8
30,7.9,50.08,67.96
24,31.24,45.51,78.9
16,26.66,56.91,44.3
34,31.49,52.93,132.77120000000002
28,31.89,60.3,85.57
13,27.52,46.66,39.04
16,27.11,40.83,57.66
18,28.23,44.32,56.73
20,32.93,86.78,54.41
30,32.25,52.6,90.66
6,26.08,17.55,3.32
16,30.69,44.09,62.34
4,34.96,59.38,2.98
3,30.4,64.75,3.9
21,8.35,44.49,33.97
5,29.81,45.54,1.04
9,46.81,68.09,1.43
34,21.97,41.6,131.35
34,25.39,65.32,132.77120000000002
2,20.53,53.24,3.0
22,8.51,60.16,43.72
35,21.53,91.77,79.49
21,22.31,55.28,62.15
29,29.38,17.21,83.42
9,31.19,56.23,2.81
27,22.62,65.24,79.81
28,33.06,45.26,95.73
5,51.2,56.32,2.45
6,26.86,45.15,4.87
27,29.09,65.3,97.47
31,27.38,69.1,107.6
20,24.46,55.44,74.65
3,21.73,90.77,3.43
28,6.45,64.71,50.87
19,27.37,12.64,35.18
22,24.89,57.28,72.1
17,20.34,87.8,60.93
35,51.23,14.64,40.45
7,8.74,61.0,4.03
17,32.5,52.5,47.68
35,30.68,63.72,100.29
7,21.56,15.4,1.31
5,8.26,52.95,3.02
3,21.84,60.48,1.24
14,34.42,62.62,46.43
18,8.92,15.74,19.18
30,23.93,63.95,100.2
11,28.42,53.42,1.23
26,7.87,11.14,43.43
23,25.34,11.14,40.75
19,30.05,54.88,57.81
3,30.2,12.99,1.89
29,34.37,87.82,121.75
10,8.56,64.84,1.02
14,25.94,67.09,56.75
32,53.84,91.02,36.03
31,25.36,94.03,71.16
22,34.56,54.86,88.9
28,28.93,61.15,84.8
6,45.94,66.79,4.75
16,22.77,44.31,59.38
1,24.91,11.8,4.28
9,46.66,53.36,2.15
32,27.99,66.4,126.88
18,52.23,43.96,38.64
32,29.0,59.95,128.52
33,58.45560000000002,54.37,75.96
35,22.07,41.28,93.32
30,20.87,15.36,75.33
30,26.56,42.6,115.71
25,34.74,52.05,68.86
17,27.8,57.53,60.78
9,5.53,65.06,4.08
15,28.16,40.71,43.75
29,20.38,57.94,82.14
21,23.99,69.71,85.47
17,33.06,52.6,54.49
11,33.99,69.38,1.26
12,33.99,89.18,30.59
2,32.89,49.26,4.92
6,28.54,69.26,3.09
16,5.66,65.42,39.49
34,33.94,67.63,90.37
12,26.13,52.41,40.01
35,7.22,69.9,85.09
23,22.58,44.67,78.35
15,26.75,43.41,51.37
2,8.7,66.96,0.4
22,9.14,55.98,54.36
19,25.34,57.29,78.3
2,26.83,56.43,2.36
9,31.56,46.03,2.44
10,31.82,43.73,4.81
25,26.38,11.68,52.11
17,58.45560000000002,52.7,33.67
7,48.48,50.74,4.24
2,25.55,69.84,0.85
27,21.44,42.89,96.04
29,28.66,60.49,120.69
33,25.91,61.43,126.36
22,26.15,17.03,46.6
5,22.16,50.03,1.8
5,32.78,52.42,0.18
21,25.78,53.15,59.88
4,33.1,46.95,4.9
22,23.59,43.0,84.93
34,32.23,64.46,101.76
22,25.57,61.26,57.06
9,6.07,51.37,1.69
30,22.04,41.5,89.36
11,24.16,57.67,2.93
23,32.0,65.86,62.26
21,20.81,49.38,72.36
29,30.99,60.6,92.69
26,29.34,53.92,81.2
3,23.42,46.67,2.46
32,20.64,61.43,97.74
19,25.0,13.75,54.06
2,24.72,40.18,2.92
26,24.69,41.74,73.71
9,25.14,57.29,3.2
4,5.81,54.62,2.18
10,9.87,56.32,1.17
11,23.1,44.84,0.33
2,27.56,45.59,0.18
23,33.79,68.99,67.82
32,7.66,65.65,76.74
28,55.14,42.52,54.76
11,24.85,64.91,3.56
35,28.99,67.65,111.76
13,32.57,41.58,45.92
25,23.86,58.69,77.27
5,23.76,49.14,4.25
13,53.0,68.49,27.59
1,28.92,46.1,2.62
33,21.32,57.61,97.52
19,20.59,69.44,57.55
31,31.3,45.15,103.85
17,26.0,57.87,64.23
10,30.45,67.79,4.77
15,9.69,67.93,36.09
6,20.7,53.9,3.59
3,30.95,49.46,4.63
31,31.3,62.49,116.84
31,27.69,62.06,103.77
34,49.1,55.22,69.72
27,22.7,42.85,67.73
22,27.1,86.3,76.18
29,25.2,47.55,79.26
11,24.72,45.28,2.15
24,48.43,43.32,39.09
12,7.44,65.55,23.64
23,24.95,48.12,83.2
11,30.26,60.96,0.62
33,29.42,68.6,120.11
1,22.93,49.37,2.8
1,22.8,69.81,4.94
15,21.55,67.92,46.0
20,30.8,65.73,73.25
11,50.71,44.7,0.43
1,58.45560000000002,54.82,1.42
17,31.75,50.12,57.48
29,25.06,88.45,105.18
22,32.45,69.46,89.05
1,22.94,51.65,2.57
34,21.34,65.62,120.58
8,27.21,43.39,4.87
14,25.8,15.51,24.61
9,31.82,57.76,4.44
11,30.49,14.56,4.84
9,21.31,40.25,1.99
20,20.73,40.28,64.14
12,20.75,45.19,46.52
16,23.4,55.04,43.11
11,32.74,49.33,0.18
20,32.12,69.14,68.75
6,22.02,14.96,0.91
29,50.92,51.62,59.97
10,28.43,56.39,1.55
31,29.55,45.85,79.95
9,29.23,69.33,3.86
6,52.23,44.97,4.32
8,29.85,58.0,1.16
29,26.1,60.87,113.81
29,31.85,59.11,119.1
21,30.81,66.56,72.31
26,21.96,66.44,90.45
31,47.3,52.87,49.15
32,28.47,55.74,117.43
24,32.98,12.74,43.82
1,33.92,42.33,3.07
19,34.28,55.39,61.21
32,28.5,69.22,131.72
18,58.45560000000002,67.65,38.71
18,21.14,43.5,71.08
10,25.09,15.9,3.69
6,29.03,69.03,0.61
14,9.14,49.7,30.84
7,25.82,44.11,0.79
7,7.63,69.7,4.99
12,22.56,62.46,32.94
16,33.44,68.08,53.59
21,9.7,58.04,44.63
26,56.47,65.1,55.5
28,30.15,90.77,65.41
17,5.72,40.91,26.22
28,32.88,87.49,97.59
12,33.04,66.31,41.23
23,23.77,59.81,90.05
22,31.85,57.3,61.03
14,27.44,40.99,42.47
12,33.41,47.73,49.91
26,33.29,93.14,48.68
14,31.93,46.17,35.88
22,23.16,86.05,68.62
32,7.48,92.65,39.88
3,20.59,49.8,3.86
6,25.69,55.88,2.43
16,28.84,65.14,66.81
13,6.04,13.92,15.51
8,31.9,55.5,0.18
22,26.14,41.55,67.05
15,30.15,42.23,43.51
17,30.86,88.42,67.44
8,21.31,48.86,0.72
27,28.75,45.31,103.14
27,30.79,43.07,88.36
14,32.7,60.5,38.57
16,34.97,46.37,66.16
24,21.42,57.95,75.73
5,23.67,43.25,3.88
10,29.76,52.5,4.34
23,30.02,65.4,72.58
27,5.99,63.22,51.68
26,52.84,85.58,60.15
20,34.82,40.07,51.32
5,22.87,54.01,2.27
33,58.27,52.44,54.95
24,34.49,46.9,94.47
6,33.46,54.54,2.33
10,8.09,55.09,2.86
28,30.24,86.12,96.74
17,32.07,43.78,50.79
14,27.39,49.45,43.09
30,8.13,86.5,54.37
9,31.88,88.57,0.94
7,6.56,89.54,0.73
3,27.75,67.24,3.85
20,21.89,64.29,66.75
34,53.2,47.03,75.32
26,31.92,40.34,70.37
16,20.83,16.87,29.74
28,34.94,65.31,114.03
31,28.03,43.91,118.67
12,32.13,66.84,32.33
35,6.34,56.99,76.18
32,22.41,11.14,77.21
24,29.8,68.5,72.09
18,34.42,61.81,71.26
32,6.9,45.92,53.62
21,33.37,46.92,80.23
21,21.04,65.06,75.9
8,28.66,46.64,2.3
19,7.66,60.33,35.6
21,22.23,87.24,55.63
12,20.32,60.61,32.88
26,28.01,64.34,89.79
2,30.46,40.39,1.7
25,8.47,19.76,26.97
4,31.19,91.45,4.16
17,28.85,46.5,63.96
8,45.24,91.06,1.12
20,20.67,66.61,54.43
35,24.17,52.71,121.95
10,6.0,51.53,2.53
24,32.16,89.18,92.46
15,30.56,58.67,48.5
28,29.71,40.05,93.49
11,20.93,56.74,4.83
19,47.36,18.2,31.14
1,58.45560000000002,56.04,2.75
31,28.2,11.14,67.69
21,31.51,56.27,81.89
1,32.63,40.23,2.73
33,24.96,53.56,112.54
30,47.51,65.48,54.38
7,25.35,88.11,3.86
10,23.2,55.81,0.18
17,29.6,47.1,45.64
13,33.96,93.98,26.59
15,25.92,59.11,48.33
18,8.33,50.91,27.9
23,26.89,42.24,62.34
22,31.86,68.78,90.39
9,29.68,42.01,1.2
28,29.91,17.4,69.32
29,25.53,43.69,91.84
21,22.45,50.01,83.64
15,33.24,44.29,55.46
9,24.54,50.22,1.66
11,28.78,61.75,0.81
30,22.78,46.29,109.07
2,8.89,85.97,1.26
27,25.23,68.69,77.12
29,23.29,53.79,90.62
28,51.32,43.35,67.54
19,24.27,49.63,68.43
5,21.58,89.96,3.24
26,23.2,47.32,102.96
29,29.47,56.3,110.41
32,31.7,55.12,85.12
2,33.18,88.11,1.86
23,31.55,40.57,71.58
2,22.95,86.32,4.6
31,31.5,55.6,118.86
16,34.77,64.0,62.51
14,58.45560000000002,49.88,27.36
14,20.45,56.11,53.01
10,23.12,47.13,2.93
4,26.84,53.68,0.97
5,27.96,41.37,3.13
27,22.65,49.04,93.65
24,24.73,44.41,77.46
10,20.19,64.41,3.44
35,29.49,50.76,123.71
5,8.76,58.59,4.09
2,23.64,49.45,3.41
2,6.07,49.18,1.53
33,28.54,93.34,78.9
29,28.56,56.49,105.05
14,28.76,50.89,52.61
4,27.24,89.25,2.97
30,27.73,69.05,97.07
32,29.87,68.3,94.0
3,32.48,41.41,3.41
2,28.58,15.06,1.54
11,26.99,65.65,2.48
35,32.76,69.47,132.77120000000002
6,32.97,61.5,2.36
32,6.86,67.49,52.23
16,34.14,69.62,61.98
11,9.09,86.66,4.67
30,25.77,43.97,115.49
8,21.14,43.91,0.95
16,32.29,49.76,46.58
18,29.08,40.01,52.24
20,28.48,69.54,53.14
12,27.97,64.4,38.23
14,33.06,55.97,51.73
10,20.53,53.42,2.35
8,29.3,49.23,3.6
28,24.6,40.5,96.81
33,25.98,13.96,96.41
19,30.01,62.69,59.87
3,31.61,62.59,1.2
14,30.24,48.59,51.0
34,9.13,94.03,44.36
26,23.01,53.0,65.41
7,29.53,43.12,0.66
17,27.27,48.33,59.01
8,26.08,55.83,4.78
15,30.89,54.74,48.61
23,21.73,69.52,91.25
2,26.77,13.54,0.22
26,21.37,63.29,102.42
1,26.99,41.67,1.57
1,23.16,53.0,4.05
15,27.79,55.2,55.05
24,7.49,55.86,45.61
34,27.8,90.45,85.7
10,28.37,60.84,0.86
33,26.27,92.31,64.46
19,24.48,68.04,78.22
4,28.28,61.1,3.25
13,22.97,42.06,35.85
21,24.67,49.43,82.14
2,24.65,53.33,2.1
17,32.14,59.32,43.22
21,24.9,64.53,53.31
1,28.55,88.07,3.07
10,6.19,48.59,0.18
20,57.87,63.44,34.08
30,24.85,93.18,56.49
18,8.96,44.71,44.47
15,49.28,17.61,23.39
28,22.85,63.29,88.79
9,23.74,56.14,5.0
31,20.97,67.04,81.11
28,49.67,66.74,58.1
3,30.37,50.97,0.36
18,30.47,15.85,40.79
5,32.68,50.36,1.13
25,32.14,19.75,59.82
14,29.74,94.03,32.68
26,27.97,85.2,87.81
10,34.32,87.53,2.55
30,24.38,54.99,89.12
4,52.59,11.32,0.31
27,29.37,89.21,67.77
34,50.1,66.39,75.4
35,6.41,47.46,70.39
9,34.85,60.29,1.0
12,27.72,11.14,32.42
29,23.0,43.28,121.67
10,22.77,54.81,2.28
33,27.89,41.36,86.02
19,20.01,64.47,52.23
28,22.32,92.4,49.9
26,6.4,13.17,41.28
4,5.53,52.44,4.49
26,34.45,19.71,69.5
15,27.89,50.35,51.35
4,23.47,43.24,0.43
19,46.82,48.44,40.69
30,33.05,60.8,77.86
26,30.08,68.36,66.11
31,21.19,56.06,119.79
27,22.68,59.37,102.93
21,9.56,59.42,52.2
29,24.35,65.7,102.71
22,55.93,67.76,34.96
6,29.02,43.26,1.39
14,27.01,43.94,56.86
8,23.17,56.01,4.15
33,26.26,58.25,104.76
2,7.82,54.89,0.82
32,26.01,55.06,121.73
24,30.55,46.68,75.79
34,22.92,90.21,78.82
22,27.22,40.08,55.43
4,23.36,47.68,3.67
27,32.36,52.21,72.74
18,20.95,94.03,52.7
6,32.21,13.01,0.87
18,20.51,41.77,60.55
11,27.31,41.44,1.21
20,29.34,66.9,72.81
7,6.46,45.07,4.91
20,25.29,60.05,50.35
9,26.97,18.52,1.47
7,31.33,89.72,4.73
28,27.34,58.71,83.12
23,55.86,46.6,46.15
1,32.06,47.48,3.96
28,24.89,88.91,91.48
12,26.51,43.86,34.8
9,22.71,16.13,4.93
9,9.86,46.53,1.46
5,21.04,66.48,4.93
33,29.41,64.4,132.77120000000002
33,53.61,58.31,58.96
20,26.93,51.04,68.28
12,25.84,64.47,40.39
17,28.4,13.49,42.84
1,33.57,43.66,3.85
27,31.87,59.72,87.38
12,21.98,45.37,35.52
23,31.01,86.99,80.6
19,27.86,47.73,71.74
14,31.11,62.6,46.25
35,26.89,46.53,100.32
24,34.96,61.71,76.67
17,56.1,44.79,25.96
6,24.94,43.49,1.35
8,21.19,47.08,2.0
31,27.62,17.94,74.74
22,9.05,67.44,39.43
18,29.8,18.53,48.91
30,25.98,94.03,66.73
30,29.28,94.03,59.74
17,21.4,13.28,32.53
17,23.04,47.7,46.1
20,55.0,67.75,35.37
17,7.78,43.91,29.44
14,8.12,42.29,31.95
10,32.4,54.46,1.13
21,29.68,58.32,75.38
15,28.75,49.14,53.55
6,23.27,41.65,2.62
13,49.79,56.61,20.12
28,31.91,61.75,114.67
30,7.18,62.31,59.26
15,34.13,64.35,43.51
29,24.57,44.13,82.17
29,5.53,61.28,70.23
21,21.31,55.57,72.07
5,57.7,87.66,4.66
15,23.33,48.84,49.62
3,20.32,17.36,2.02
18,33.7,51.57,53.48
19,25.68,69.74,62.67
24,27.15,59.75,68.67
4,20.03,48.4,4.29
32,20.92,11.14,56.87
20,23.93,54.27,59.37
22,28.72,86.68,79.71
28,32.5,17.86,55.59
29,24.55,61.32,85.74
5,46.07,43.52,1.78
4,24.14,52.12,2.25
11,51.63,87.36,1.27
23,20.36,48.84,89.99
29,34.23,60.47,87.27
7,33.1,61.68,4.61
27,30.76,64.27,100.43
15,27.34,93.0,30.71
17,26.33,11.14,41.91
31,23.51,62.25,101.5
16,5.83,41.46,40.15
5,27.48,51.21,0.79
31,56.16,51.22,65.09
22,52.06,65.22,44.69
33,31.03,85.52,98.8
18,20.9,89.48,48.58
18,57.57,60.76,41.43
1,33.98,68.04,3.67
14,27.06,59.33,58.34
21,56.82,66.21,40.86
31,31.83,94.03,58.28
30,24.64,62.18,115.06
35,33.14,41.82,129.87
17,31.61,63.22,54.51
12,27.42,46.96,47.01
9,28.52,64.1,1.33
11,34.38,47.66,1.97
17,21.05,62.15,49.9
11,49.69,49.85,4.2
4,23.47,47.87,2.18
5,29.24,49.18,0.62
34,25.05,64.86,132.77120000000002
16,25.46,58.55,49.18
8,28.83,51.22,1.01
30,8.68,65.86,55.05
14,31.58,92.72,28.18
8,28.84,43.0,1.18
32,32.61,87.1,102.14
9,23.87,42.83,0.9
17,34.9,94.03,32.0
24,5.53,41.85,50.52
17,31.39,44.55,47.35
21,20.78,43.53,79.52
33,34.07,44.28,132.77120000000002
4,22.32,51.79,3.64
25,52.23,13.19,43.08
22,27.67,62.46,76.06
19,8.92,59.46,46.06
7,23.6,93.39,1.95
15,33.58,69.04,61.05
19,21.95,57.44,52.28
2,45.25,48.76,3.0
15,22.38,56.2,38.65
21,26.44,40.78,68.36
22,25.98,53.21,71.0
9,26.09,44.66,4.15
6,24.96,56.46,3.85
20,20.18,41.46,68.99
31,27.77,57.42,115.83
20,22.05,66.37,74.3
21,23.38,44.79,86.96
10,26.36,46.87,1.24
7,21.84,90.3,2.86
22,27.58,63.91,87.1
32,58.45560000000002,46.14,55.48
11,27.65,50.61,3.01
2,31.26,60.88,0.63
11,33.23,63.42,2.99
12,22.41,56.97,42.65
6,27.93,63.13,1.98
18,28.06,56.97,60.84
32,32.81,68.6,130.88
12,6.92,53.9,19.65
26,45.51,64.86,45.62
29,34.48,65.33,109.14
20,23.88,87.85,59.36
13,30.61,63.35,42.65
23,29.13,45.25,87.18
9,28.42,43.21,4.49
13,26.5,41.82,54.05
19,55.68,66.86,40.36
7,20.76,67.44,1.64
31,31.83,47.76,92.23
24,21.16,48.84,74.85
28,33.44,89.44,74.26
35,8.52,55.35,67.73
9,34.75,19.31,2.02
5,34.24,68.48,3.92
21,29.78,43.73,52.88
4,48.99,53.9,0.82
2,5.53,69.73,2.09
23,26.99,62.33,61.04
2,23.56,45.98,3.16
31,32.87,65.25,90.18
11,20.03,11.14,3.36
13,6.66,64.0,20.63
20,9.18,62.17,31.87
10,21.26,58.1,2.43
33,30.87,18.59,81.87
6,28.78,65.23,1.64
13,22.53,40.95,50.49
3,50.24,45.87,0.97
27,29.48,40.44,80.74
16,32.32,90.34,43.01
24,9.87,48.35,47.69
22,26.09,41.41,68.02
27,24.97,60.41,101.92
3,5.53,14.1,0.66
7,33.86,51.71,4.12
14,55.65,92.08,18.22
2,57.75,51.78,2.73
16,30.68,43.27,63.39
6,22.18,46.46,4.63
1,34.85,54.14,0.18
21,24.35,17.44,40.1
27,46.87,86.61,46.12
7,26.64,44.04,2.84
18,29.24,42.11,49.71
27,20.81,90.06,62.62
23,32.39,51.75,66.86
7,29.5,42.77,0.76
34,32.7,48.94,105.45
32,27.73,60.43,99.23
31,51.67,44.54,60.92
8,28.34,49.82,0.82
3,28.88,45.2,1.04
20,8.98,43.86,42.13
12,21.23,60.84,43.12
9,32.9,42.76,4.72
34,22.65,11.14,96.15
10,6.38,44.67,2.15
23,32.33,91.78,55.12
30,23.01,69.44,86.14
4,21.9,45.24,0.46
30,25.75,68.45,104.09
17,24.07,51.95,58.19
6,33.06,57.63,2.02
23,31.97,56.95,88.57
16,7.47,87.14,32.75
20,30.98,69.39,57.98
11,8.45,54.06,2.33
34,25.97,59.27,92.35
3,25.22,54.04,3.43
15,21.41,93.89,42.86
7,27.44,68.22,3.15
31,56.81,56.18,72.44
33,33.35,68.97,108.97
18,23.86,68.35,59.41
24,27.2,62.53,93.13
10,34.68,66.58,3.61
19,21.68,87.86,73.67
20,29.15,86.53,59.89
15,30.3,54.9,45.87
8,27.55,40.45,2.45
15,31.06,40.24,52.2
4,23.44,61.48,1.88
13,31.96,65.29,34.67
7,24.79,66.78,2.05
33,21.19,67.95,132.77120000000002
12,32.78,19.07,34.93
3,33.73,69.49,4.53
1,9.41,64.83,1.07
7,58.45560000000002,57.73,2.11
20,31.47,47.84,70.89
34,32.06,50.05,99.33
28,27.59,52.34,86.94
32,20.59,64.84,121.7
1,30.89,55.01,3.54
5,27.35,67.98,4.22
15,7.12,47.88,33.82
20,57.91,40.54,35.01
14,25.37,52.87,50.32
26,33.98,48.01,71.64
21,29.56,19.56,40.45
13,29.46,66.27,44.31
15,28.68,53.33,51.01
31,9.76,66.06,60.1
18,23.57,65.27,60.79
6,24.38,43.41,1.85
31,50.6,57.53,61.14
17,30.2,67.06,56.58
1,6.03,58.52,0.74
31,33.45,54.31,110.74
20,23.66,43.25,54.77
16,32.01,65.3,53.66
31,32.22,56.71,106.36
29,24.76,15.01,72.15
32,20.3,11.14,60.08
24,25.89,15.96,45.88
13,33.93,50.7,47.88
29,26.88,69.5,117.08
3,23.51,62.35,1.93
29,25.83,15.78,68.71
3,33.99,50.92,2.67
22,30.36,50.48,91.86
3,25.3,52.3,0.18
10,28.36,67.75,4.23
19,21.97,48.74,55.72
16,27.36,14.11,41.31
7,23.11,46.01,3.93
33,23.67,65.1,100.07
13,30.13,40.52,38.36
24,6.91,47.89,57.18
33,22.75,42.56,86.05
33,58.45560000000002,62.82,72.77
11,26.23,11.2,4.26
14,32.31,55.82,40.85
33,29.18,63.74,107.65
13,23.18,41.22,45.37
20,31.27,60.75,59.08
8,23.96,44.71,2.53
25,30.68,44.16,65.13
29,28.96,62.93,105.8
9,32.67,87.94,1.09
12,50.22,69.58,20.46
12,20.92,65.33,50.21
27,34.0,90.74,55.57
34,58.45560000000002,67.46,56.01
35,31.8,57.3,129.45
28,8.18,41.29,70.2
10,22.0,59.34,0.18
7,33.33,51.11,2.23
25,28.48,49.64,86.49
4,25.34,43.02,2.33
16,29.21,63.05,48.7
6,50.38,87.09,0.19
16,45.56,55.45,34.69
23,58.45560000000002,53.12,48.65
34,23.16,49.01,107.74
5,7.65,48.57,2.65
19,26.97,44.45,63.77
15,23.3,42.85,57.44
21,20.34,46.09,79.23
3,6.45,48.03,3.27
32,25.49,54.08,114.82
4,27.56,49.5,2.44
29,33.81,64.94,75.08
32,31.42,65.6,81.97
14,25.31,48.73,57.28
7,22.63,51.71,3.28
24,23.03,13.14,63.86
17,33.95,12.05,36.57
29,24.04,61.36,98.84
14,32.9,56.09,57.62
12,25.33,13.41,22.55
13,28.54,11.25,31.39
7,27.47,43.37,4.39
34,49.83,49.58,83.63
22,24.66,46.32,69.05
31,54.92,91.63,44.1
26,33.28,12.96,47.72
13,22.52,59.16,53.55
24,5.53,48.75,51.68
22,21.73,89.08,78.0
16,23.81,51.57,63.3
22,30.51,60.57,57.24
28,26.72,41.38,78.6
3,33.21,67.03,3.92
33,27.54,61.97,92.48
7,20.55,11.93,0.63
24,33.03,69.11,62.89
5,28.71,48.24,1.74
1,30.44,88.86,1.35
32,23.99,54.47,81.2
25,31.52,59.71,97.9
32,34.7,55.78,128.27
30,29.8,55.85,98.99
8,29.26,88.53,2.2
34,7.05,62.99,82.47
21,21.09,63.15,64.36
30,27.76,49.7,97.41
9,31.87,59.87,4.2
14,25.1,61.72,53.34
26,6.97,18.58,37.59
7,25.8,42.06,2.55
10,20.42,54.06,3.03
34,29.53,42.6,88.76
23,29.21,50.38,92.9
13,21.66,40.29,36.42
3,58.45560000000002,66.59,4.99
34,30.52,54.81,132.77120000000002
1,29.16,12.72,2.8
19,30.95,66.52,64.09
31,7.49,63.48,56.18
11,23.45,85.02,2.32
6,30.34,90.52,4.79
22,27.37,54.53,81.16
7,27.82,56.23,3.77
5,27.18,67.55,2.12
1,33.62,50.77,0.43
30,21.77,54.84,106.89
30,7.34,57.54,61.02
13,23.55,45.47,50.97
17,25.48,19.15,39.21
29,33.5,59.06,79.11
3,57.59,41.99,0.63
4,31.53,90.02,1.4
7,22.11,59.4,4.49
7,25.77,42.53,4.87
27,55.2,44.26,59.36
27,21.44,48.33,71.91
8,29.72,11.75,3.33
24,28.32,15.73,68.93
33,27.54,50.92,110.39
13,34.32,48.1,54.05
16,25.06,40.56,52.12
8,27.38,54.13,4.43
20,33.91,66.65,61.96
20,20.81,56.6,56.83
20,32.24,68.0,57.9
8,6.46,64.64,0.35
7,22.86,67.04,2.03
20,28.32,63.35,57.3
10,45.18,46.49,2.37
25,28.27,57.76,81.39
34,47.98,63.03,80.66
15,27.67,64.13,45.7
35,34.96,67.81,132.77120000000002
10,32.7,89.52,2.26
3,45.58,68.52,0.85
16,29.86,89.71,60.87
8,5.53,58.99,3.34
17,20.5,65.82,48.24
6,28.09,45.68,3.69
10,24.79,51.44,3.85
25,26.16,19.22,47.66
5,25.97,51.7,4.75
11,27.18,53.42,1.47
18,23.33,58.29,72.8
6,31.68,47.86,2.42
21,8.24,49.43,40.94
11,34.95,52.83,1.47
2,24.32,67.77,3.53
16,23.72,44.85,59.78
17,31.75,48.19,52.14
21,20.78,53.4,82.62
15,32.52,87.38,56.62
12,7.78,14.17,18.37
17,23.18,94.03,40.26
28,30.39,53.23,73.15
28,30.81,63.97,72.67
35,34.95,89.0,95.75
16,22.93,47.33,62.99
23,20.6,65.68,84.47
2,29.61,48.48,1.35
16,22.01,48.97,62.89
5,54.14,64.9,1.8
13,9.73,18.61,17.3
13,30.35,40.25,33.12
10,32.41,47.12,4.16
12,29.76,59.05,36.2
18,53.27,51.03,43.28
2,22.71,43.16,3.42
24,8.14,50.0,59.75
10,20.85,50.96,4.33
8,5.53,68.62,3.84
13,6.78,67.4,23.47
23,34.12,43.59,66.65
17,21.69,66.37,53.81
24,22.28,42.22,80.46
13,29.5,40.5,53.55
11,31.96,54.42,2.6
29,31.4,45.5,92.9
2,34.45,44.54,1.88
24,26.5,45.39,100.42
5,23.21,58.32,3.11
15,21.22,63.37,61.03
31,26.83,13.81,61.96
34,32.61,54.65,123.5
35,49.18,49.87,84.19
12,33.97,12.12,29.03
11,20.76,64.35,3.34
4,50.36,44.44,4.27
28,34.01,60.71,73.29
35,21.19,49.91,118.45
6,55.18,57.82,0.73
28,26.0,59.31,80.82
14,20.03,18.17,38.17
10,34.49,14.78,1.43
18,23.46,43.04,68.03
22,27.6,63.07,76.73
20,22.48,62.03,72.4
29,20.65,41.49,82.24
22,54.89,90.9,33.01
17,32.13,64.44,70.35
17,24.94,88.73,52.92
7,25.94,47.33,4.17
24,28.75,41.04,97.55
21,27.52,86.84,67.78
17,58.45560000000002,49.64,33.77
10,30.2,61.35,4.42
30,46.43,43.12,57.45
22,34.43,17.46,52.66
18,25.68,48.38,75.16
29,24.72,18.01,79.79
34,22.13,89.15,132.77120000000002
6,33.79,55.08,3.23
15,57.12,53.13,34.87
32,28.0,52.15,89.62
21,30.15,66.94,62.69
3,21.56,50.19,3.45
22,20.04,41.06,91.42
26,46.23,67.02,60.13
14,27.72,44.23,50.12
12,28.02,55.47,37.61
33,22.33,55.37,126.27
28,5.53,41.47,60.7
13,32.26,16.71,29.49
29,29.31,66.57,96.24
14,25.15,59.77,38.44
29,34.94,46.32,96.62
11,22.71,53.05,2.03
26,26.88,50.32,98.75
29,20.72,65.9,117.15
30,26.42,93.58,83.92
16,22.14,18.94,43.78
7,34.56,47.94,1.94
9,29.86,58.9,2.56
24,26.31,69.22,79.64
21,30.18,14.1,48.23
5,24.6,90.81,3.4
15,23.65,41.02,37.55
33,34.77,46.84,100.13
13,25.69,66.64,40.38
28,24.8,58.19,98.22
35,31.33,60.37,117.14
1,51.69,43.06,2.71
12,25.67,59.08,36.49
13,23.68,62.97,47.05
11,28.44,61.56,3.92
25,26.79,62.14,67.61
22,21.16,14.94,39.99
7,22.54,93.08,0.77
20,23.95,44.01,80.35
3,25.76,68.69,4.46
9,29.46,54.31,0.39
1,34.2,68.92,2.12
27,24.82,90.13,62.58
29,26.69,53.45,79.33
30,21.75,49.65,78.14
31,25.47,85.28,99.65
6,24.18,46.69,4.93
15,32.77,64.02,61.07
26,23.21,54.78,103.73
1,8.86,68.48,3.45
5,27.35,58.87,1.07
27,58.45560000000002,53.71,45.8
16,29.25,41.08,66.59
17,30.36,11.55,36.99
31,21.27,89.22,92.09
1,32.8,44.23,1.62
22,27.17,62.33,67.25
7,34.25,57.77,1.49
29,58.45560000000002,63.03,61.2
17,28.36,51.11,45.1
20,21.02,66.9,62.56
27,25.46,48.67,85.68
31,26.45,64.75,97.59
12,30.07,44.4,30.76
24,27.72,16.78,53.85
23,24.08,92.46,40.64
24,9.04,49.13,39.3
20,32.37,11.14,37.39
13,28.01,43.46,38.38
1,23.2,40.7,0.84
28,5.53,53.33,54.57
12,27.22,61.22,42.92
1,47.71,47.44,4.1
31,25.38,65.01,82.07
2,20.28,94.03,1.16
19,33.7,61.23,76.85
9,27.6,68.65,0.18
19,29.28,54.3,63.29
19,24.16,48.31,59.77
28,26.13,66.43,104.25
15,28.87,66.31,43.31
17,26.46,93.47,39.7
31,23.52,41.99,105.94
30,30.82,52.19,100.13
31,55.23,57.88,60.13
26,34.55,86.24,102.99
11,49.32,54.48,4.32
15,34.51,13.05,41.75
23,23.16,68.05,96.11
16,31.13,52.83,42.96
17,27.92,51.36,49.84
29,23.75,61.97,98.71
34,20.83,60.36,132.73
14,34.69,17.62,28.03
19,26.58,48.58,63.12
4,32.63,16.62,2.78
5,25.52,51.5,4.35
13,32.04,86.31,34.29
16,54.49,64.26,35.58
8,8.5,50.58,1.64
15,33.87,61.53,45.96
34,58.45560000000002,56.62,68.25
9,21.89,88.83,4.33
23,26.72,59.11,89.78
16,33.32,42.18,47.04
35,21.39,59.77,117.55
6,28.12,61.17,3.12
8,25.72,52.58,0.9
20,34.6,44.04,67.9
35,30.68,11.47,100.76
28,27.26,42.16,111.79
5,51.77,45.6,0.18
28,8.55,49.38,67.31
26,26.91,61.67,101.02
9,27.95,92.59,3.22
5,57.53,51.07,1.24
31,31.25,59.37,92.62
31,20.54,42.74,118.33
34,23.67,66.41,131.31
15,33.54,58.7,52.34
12,58.45560000000002,43.6,22.4
19,23.57,54.8,55.69
32,8.25,68.26,67.94
19,21.06,53.0,58.44
34,32.39,40.2,116.03
34,23.74,63.05,125.76
7,27.32,56.0,4.37
2,25.93,47.98,3.52
33,30.97,50.31,132.77120000000002
24,34.36,64.41,72.71
12,23.55,55.66,41.36
5,31.32,40.88,3.28
20,31.17,19.61,53.35
9,6.17,53.86,1.14
3,6.17,53.14,2.17
31,49.55,44.19,49.44
13,33.6,44.87,47.6
4,23.33,56.19,0.85
23,22.58,49.34,79.21
21,9.88,44.41,51.89
28,8.96,62.27,68.24
35,52.81,50.9,79.22
19,50.85,45.29,47.59
26,24.42,42.38,84.61
26,29.44,65.89,74.17
22,25.89,65.54,88.45
11,34.13,50.13,2.25
29,58.45560000000002,46.71,69.15
32,8.24,44.73,55.07
14,32.01,46.67,42.1
25,23.24,46.59,91.11
24,22.8,59.65,83.03
26,33.4,57.0,77.26
34,20.97,61.13,124.48
3,58.45560000000002,68.7,1.9
7,28.28,57.16,2.63
17,48.2,19.29,21.35
10,27.86,52.98,0.26
4,28.23,91.84,0.61
9,20.81,60.76,4.64
9,8.52,87.46,2.59
5,9.69,60.2,4.82
35,21.54,11.58,96.79
28,24.05,51.08,100.54
35,30.91,64.98,97.95
3,29.25,86.3,3.28
3,55.0,59.14,2.65
14,9.41,12.01,23.29
27,22.63,19.53,55.8
33,29.36,61.76,90.06
25,32.03,50.16,81.7
20,7.82,56.52,46.12
17,24.53,64.83,47.7
13,21.72,90.56,34.92
14,33.26,41.62,50.14
16,23.27,58.03,57.19
9,31.33,65.99,3.84
28,33.69,64.27,80.9
5,33.65,57.37,1.96
22,26.76,51.68,67.27
13,20.8,60.04,47.21
8,20.37,68.06,4.69
7,24.5,55.23,4.83
22,31.25,43.3,72.21
34,5.53,19.86,53.29
14,32.69,58.2,38.14
6,48.3,48.95,0.21
8,56.29,66.01,0.18
29,27.88,90.7,60.84
21,21.69,56.63,64.72
14,47.24,86.48,26.83
10,30.04,49.97,3.39
8,29.41,58.18,0.79
11,27.19,48.51,1.12
4,24.09,68.44,3.29
10,26.25,90.48,2.94
16,29.16,11.52,30.06
20,27.22,42.91,57.04
13,22.25,63.18,53.76
1,28.27,40.5,3.51
33,22.37,88.72,130.71
28,5.53,63.92,47.88
34,26.49,15.78,62.38
11,21.95,52.05,0.27
16,6.1,16.1,18.53
31,33.95,40.4,86.86
11,56.74,43.64,3.05
19,22.68,57.61,52.17
4,23.75,11.14,1.86
9,57.49,45.88,0.38
33,27.56,15.17,67.01
22,30.19,50.63,56.59
19,5.86,53.4,43.61
20,29.78,47.31,60.11
19,8.38,86.57,35.16
29,5.81,88.51,49.79
15,58.45560000000002,68.99,27.05
21,21.08,68.62,81.52
12,25.91,69.08,40.31
12,25.71,12.54,25.46
16,22.08,14.58,46.83
18,29.11,52.64,54.69
25,21.86,68.82,75.29
32,23.71,44.12,105.4
9,5.77,61.18,3.02
5,25.26,17.36,2.16
16,29.84,53.94,51.32
13,45.79,17.97,17.13
21,28.76,52.58,87.85
22,46.6,48.45,36.18
9,21.6,54.43,1.82
7,57.14,44.22,1.76
8,48.69,49.36,1.78
15,27.62,68.38,49.63
31,32.69,56.03,129.76
1,30.33,40.58,2.41
3,34.91,41.11,0.18
23,22.67,65.07,57.71
34,25.15,41.2,132.77120000000002
23,29.51,17.83,49.16
30,28.9,90.1,82.88
8,30.68,65.24,0.39
4,6.81,13.71,1.02
29,27.62,88.19,104.31
9,21.41,17.9,3.65
12,25.92,44.95,33.73
2,58.45560000000002,87.33,0.18
9,27.36,45.58,3.03
32,24.93,67.02,92.04
28,33.38,87.31,91.31
21,30.48,17.25,45.03
12,9.67,57.19,18.26
1,23.19,66.54,2.57
14,24.06,65.98,41.48
33,25.59,57.14,117.5
11,52.02,48.42,0.44
16,26.89,68.32,45.26
23,29.43,42.25,76.74
10,21.83,42.46,1.98
2,20.56,44.46,2.55
14,20.62,58.96,44.7
11,22.67,67.53,2.33
22,24.73,64.65,56.35
11,50.16,69.63,4.35
30,25.92,94.03,77.47
33,34.94,50.87,93.54
34,21.43,90.93,72.84
6,46.79,67.17,3.53
23,54.08,58.82,55.48
1,21.28,62.89,0.18
29,33.84,67.94,116.23
34,31.94,48.45,132.77120000000002
31,9.46,43.94,54.66
15,28.94,91.99,26.55
7,25.77,41.35,1.76
26,24.71,47.3,103.12
20,22.78,50.33,79.47
14,26.65,68.46,51.26
34,26.19,53.22,132.77120000000002
25,9.09,14.46,38.05
30,49.98,59.1,48.92
25,34.87,68.75,87.83
13,25.2,40.46,36.79
26,46.85,41.96,63.18
18,29.24,16.52,51.08
20,25.23,64.42,75.72
28,27.56,43.36,110.57
34,28.28,88.83,132.77120000000002
28,27.34,58.69,74.22
23,28.46,44.8,77.67
18,23.59,50.32,49.02
31,29.03,65.71,83.74
26,34.99,66.12,92.9
26,31.36,51.43,86.96
22,23.81,64.98,69.38
3,30.77,49.78,0.31
27,26.34,45.65,85.74
33,24.23,92.27,88.31
11,7.69,64.52,3.19
30,29.85,61.8,117.83
21,23.17,55.67,61.09
7,57.44,65.08,1.74
35,32.2,50.07,117.54
34,28.61,67.94,88.76
21,5.58,42.7,46.89
22,22.52,41.27,84.93
31,9.14,49.5,55.89
33,27.59,45.28,122.83
18,23.84,16.98,36.94
28,45.96,56.8,57.24
25,23.52,40.12,104.77
4,27.73,69.72,4.91
17,30.32,89.08,67.61
27,54.38,48.85,51.97
21,27.11,61.7,73.98
32,24.61,53.79,116.74
33,21.78,62.38,108.91
11,32.32,61.47,1.44
24,21.29,54.54,72.06
1,22.6,65.75,4.47
33,23.67,47.2,110.32
14,56.8,55.73,25.96
4,48.77,56.78,4.87
33,23.06,41.21,128.73
27,5.53,53.71,63.77
8,22.14,61.08,4.84
28,47.99,68.09,51.43
3,33.11,61.83,1.11
31,27.99,94.01,58.55
28,20.22,66.94,76.94
7,27.95,92.39,3.49
34,49.86,67.81,80.93
17,34.16,85.74,65.89
18,25.84,55.71,69.49
21,23.96,57.68,53.83
22,27.07,55.52,70.6
18,26.32,40.09,46.18
11,26.7,67.69,2.4
32,30.28,50.01,96.47
6,28.7,46.03,0.24
25,21.23,40.22,95.65
3,22.12,63.62,3.69
12,25.54,55.83,49.79
13,47.05,60.46,19.85
13,31.63,88.57,40.16
32,24.04,49.61,102.56
12,8.45,62.17,29.96
33,24.9,45.89,132.77120000000002
23,23.4,91.99,63.24
18,26.58,61.09,49.41
35,34.65,89.33,109.72
27,21.75,67.05,81.39
1,25.67,55.78,0.64
19,26.9,56.16,62.02
12,23.88,63.78,41.47
16,24.44,62.78,40.97
8,32.83,40.51,3.66
4,51.99,69.72,2.99
20,30.27,17.5,54.77
32,21.58,59.38,86.0
9,23.15,66.5,2.75
34,33.68,48.45,124.78
4,31.07,62.72,4.83
34,5.53,90.68,55.54
12,5.53,55.96,29.49
19,26.15,44.76,67.93
18,27.34,51.62,61.55
17,25.32,62.59,45.26
13,33.48,62.24,48.02
34,56.04,62.27,70.55
27,21.23,41.58,93.06
28,25.32,53.41,106.46
27,21.7,55.13,73.73
4,29.96,91.41,2.89
17,32.73,51.39,53.91
25,22.42,59.68,74.66
28,7.99,42.71,60.48
4,33.07,58.29,0.18
5,31.38,54.44,2.0
34,29.41,44.75,132.34
16,30.94,92.56,42.88
22,6.47,57.6,53.26
33,32.92,68.46,117.73
2,34.82,45.78,1.98
3,21.09,17.28,4.3
16,34.42,46.02,55.53
17,7.79,49.82,30.46
21,22.56,85.72,67.91
8,58.45560000000002,64.89,2.09
13,29.45,56.1,51.9
31,23.54,63.57,117.32
23,32.28,68.66,80.32
7,33.84,50.33,2.55
32,21.2,61.55,99.54
8,46.61,45.74,2.97
15,27.62,55.47,46.15
28,5.53,65.07,44.04
10,58.45560000000002,59.47,0.95
33,58.45560000000002,60.1,49.82
4,53.14,65.31,0.2
26,30.38,66.75,76.45
11,29.65,59.96,3.02
1,20.96,12.62,0.78
33,7.98,15.23,53.57
22,33.0,58.1,92.06
34,23.97,13.06,92.73
19,20.01,11.14,37.77
29,31.16,66.63,120.75
1,8.66,58.4,1.01
31,5.53,65.71,72.53
6,8.76,68.13,3.11
10,31.57,57.99,3.43
17,29.57,62.63,48.97
13,21.53,19.62,28.22
10,27.66,63.71,1.67
22,34.17,46.73,92.15
21,30.91,17.19,38.72
11,8.05,52.09,2.9
22,5.53,61.49,35.69
7,8.71,48.18,1.21
33,33.59,61.64,127.99
18,52.64,48.82,36.22
1,32.75,87.81,1.15
14,31.33,45.15,47.38
20,20.47,47.07,76.13
12,33.2,60.38,34.99
4,23.85,45.98,1.13
4,27.3,51.97,4.19
22,34.62,54.93,55.99
25,32.47,59.36,103.67
22,45.56,15.11,29.67
35,22.28,57.09,108.02
23,29.88,48.07,71.16
34,21.91,57.31,97.99
16,8.72,42.7,25.99
17,21.13,94.03,41.57
3,33.24,15.81,0.18
15,30.44,11.97,28.21
11,21.19,49.37,0.88
3,21.75,49.78,0.18
3,27.55,51.71,0.31
5,22.65,61.94,3.75
16,27.76,69.35,52.15
29,28.12,17.61,73.52
26,47.51,43.15,54.27
17,49.96,67.32,27.27
31,23.78,64.74,83.08
6,22.1,51.68,2.3
24,21.37,68.13,70.06
7,33.13,50.01,3.17
32,52.31,45.06,66.24
5,21.21,61.52,2.37
22,29.14,52.4,59.89
31,20.13,69.05,93.47
7,29.1,53.87,2.47
26,48.71,66.73,48.92
32,7.94,64.54,55.61
34,23.91,43.21,110.31
21,27.27,15.02,42.71
23,28.13,64.76,76.98
8,20.52,55.21,4.94
18,32.04,47.77,54.59
13,33.21,50.65,44.06
33,23.41,62.67,100.36
15,24.95,56.39,54.55
33,7.8,43.31,77.89
27,21.44,49.2,101.41
28,20.98,56.07,88.66
23,8.66,60.68,48.48
5,26.18,61.16,2.1
21,20.35,94.03,44.9
28,30.57,48.48,98.23
29,22.49,69.21,82.18
18,34.05,43.49,74.84
31,5.53,57.04,74.56
27,27.29,67.11,104.11
13,46.22,57.8,26.88
5,8.35,57.19,2.1
7,7.26,46.99,4.9
1,22.3,68.94,1.73
8,34.41,69.51,3.82
21,22.54,54.5,72.87
20,25.08,40.68,81.5
9,6.23,50.81,4.09
4,24.75,59.42,1.47
5,22.06,41.68,0.9
30,22.86,46.81,88.07
31,29.27,56.12,103.99
13,28.39,94.03,29.1
6,7.37,45.74,1.75
21,55.6,42.04,42.72
10,32.45,42.77,4.71
9,22.23,90.56,0.18
10,22.69,44.29,4.41
8,28.64,46.66,2.9
29,27.72,93.67,59.04
19,24.42,60.86,67.76
9,20.44,11.14,4.15
29,32.36,58.9,90.51
20,24.28,50.42,76.45
26,20.01,53.85,72.39
12,21.26,56.56,30.37
33,31.06,54.13,88.36
18,47.7,56.22,28.96
22,52.29,94.03,36.25
15,47.5,50.63,28.59
6,32.16,46.16,0.18
28,23.57,46.71,109.34
2,25.01,61.88,2.17
33,23.1,53.9,99.61
4,8.15,63.57,4.88
31,31.48,40.9,121.81
18,21.63,54.77,74.42
7,5.53,40.9,0.28
29,31.84,91.4,62.68
21,20.59,50.24,62.54
29,5.53,42.08,70.9
30,30.75,45.12,82.73
23,23.46,44.7,82.73
18,34.52,62.33,67.72
16,31.53,14.55,44.05
33,34.6,66.17,95.48
4,33.42,64.29,0.74
30,51.78,56.35,72.51
24,28.31,50.56,86.17
2,20.05,61.25,1.73
20,29.38,61.58,73.96
32,31.67,54.37,86.88
17,21.55,53.31,61.34
1,33.9,64.59,0.51
15,31.85,69.9,57.4
1,21.22,14.15,4.5
12,6.49,50.92,25.05
23,26.4,61.46,83.16
34,26.54,57.86,122.44
18,30.72,56.0,50.7
5,30.75,52.86,2.27
11,25.53,62.99,3.27
18,53.34,63.26,42.96
29,23.44,68.26,95.17
26,23.75,16.42,52.94
28,6.28,42.13,68.82
9,24.27,53.44,3.03
27,26.53,69.29,104.39
7,51.5,41.93,2.45
1,27.57,67.03,2.59
13,28.52,56.92,39.21
3,28.15,46.62,1.47
6,25.7,58.17,2.71
25,29.78,62.04,97.39
27,34.63,60.9,93.65
26,34.41,11.14,68.66
16,30.75,54.25,66.33
16,33.68,60.34,46.37
5,31.2,68.77,3.45
35,27.86,58.14,131.9
4,32.13,61.81,0.96
30,20.8,51.3,112.21
19,27.13,94.03,49.33
18,32.34,14.42,35.72
32,24.61,50.24,91.73
4,29.92,60.3,2.12
24,9.04,48.75,51.81
14,27.47,40.63,37.76
3,34.06,46.34,0.75
27,27.5,17.07,60.5
4,8.44,59.23,2.8
6,33.04,53.9,2.34
7,22.72,50.06,4.82
7,32.7,43.85,3.16
8,27.45,41.09,0.24
19,30.39,86.66,73.08
28,23.71,47.98,80.97
15,8.0,56.38,26.91
24,27.59,59.01,92.38
1,27.04,45.95,4.88
4,30.09,15.18,0.45
10,23.34,44.39,3.38
8,27.74,61.92,4.92
9,24.2,42.75,1.45
16,31.79,48.73,55.68
10,20.5,64.13,3.26
26,34.78,87.97,85.14
31,21.91,61.06,123.09
15,32.82,41.29,43.95
31,52.08,54.18,71.86
8,34.39,60.15,0.41
2,32.95,56.97,0.62
15,30.01,49.35,61.83
17,20.06,46.16,55.23
24,25.47,59.55,80.48
30,6.67,50.84,59.37
24,32.25,50.4,79.08
34,23.75,43.88,94.01
1,22.05,44.1,0.82
15,29.28,51.61,42.26
28,29.33,64.32,72.08
21,26.19,53.89,67.68
24,9.94,43.46,42.43
28,29.05,62.88,83.97
2,30.21,56.06,1.2
17,22.85,68.05,71.13
14,5.53,46.39,28.71
2,20.17,16.69,3.1
31,21.54,18.55,77.3
7,24.27,52.89,0.36
9,9.45,88.96,2.91
35,24.11,44.75,129.74
10,21.84,49.28,3.17
6,33.7,43.03,3.43
24,51.21,58.4,46.32
24,45.83,42.27,55.91
17,5.53,47.08,36.15
18,26.57,17.28,48.49
8,31.85,47.35,2.59
28,23.87,50.34,98.58
26,21.81,61.52,102.4
34,24.85,67.07,111.13
13,26.88,42.72,52.7
27,22.11,41.34,87.9
30,23.19,49.27,84.49
21,21.26,50.57,71.39
12,23.76,57.32,42.42
27,34.19,52.16,97.36
7,48.8,65.46,4.69
12,22.25,40.35,43.63
12,48.26,60.0,25.89
14,21.57,89.97,36.34
17,30.7,49.48,60.28
7,26.46,62.96,1.46
24,25.51,47.23,74.2
32,21.78,50.46,116.76
21,21.2,62.78,56.73
24,25.69,55.48,64.66
27,31.94,86.65,106.68
9,29.55,69.85,0.18
16,25.34,63.43,58.6
29,50.54,59.44,53.43
14,29.57,69.72,55.97
16,23.89,47.07,64.12
11,58.45560000000002,11.99,2.36
31,6.51,56.04,62.34
1,20.38,56.57,1.34
35,23.03,64.83,89.8
17,25.38,44.7,53.54
35,21.46,47.36,129.03
31,6.73,62.3,74.98
15,28.68,69.56,40.9
12,32.39,46.92,30.81
30,29.47,66.7,109.24
14,20.65,49.22,56.89
30,24.11,58.3,106.7
29,8.58,65.39,65.86
24,20.44,46.74,79.23
1,27.6,48.14,0.58
10,25.85,55.37,0.18
15,20.8,58.56,55.66
9,28.96,89.85,1.49
7,34.6,89.78,2.44
1,31.28,41.11,3.87
12,27.68,69.42,39.86
10,25.31,45.29,4.71
23,22.43,52.27,88.29
31,26.16,40.68,99.55
35,24.35,46.09,130.89
35,27.23,69.97,117.73
6,23.92,56.07,0.98
16,27.01,68.03,46.79
14,28.46,93.0,34.79
32,20.97,64.52,129.68
6,25.96,57.85,2.06
28,20.96,60.57,90.1
14,21.55,61.44,38.3
14,28.85,66.17,37.73
13,20.5,47.74,50.81
32,22.33,18.05,76.42
8,25.08,92.13,0.19
12,27.76,65.47,43.83
8,30.76,68.38,4.88
29,8.39,11.14,40.67
32,8.73,13.29,37.06
3,22.43,64.58,3.39
32,26.1,65.8,85.33
11,53.97,41.23,1.52
19,9.5,62.28,45.58
28,24.77,60.67,111.15
12,29.4,43.46,33.01
19,29.9,50.92,49.95
31,34.47,69.35,126.12
28,21.71,18.15,57.59
28,8.87,61.98,64.09
31,9.19,59.49,65.67
16,26.62,64.77,49.36
23,30.26,54.5,70.88
24,7.84,85.02,48.06
13,51.55,49.76,32.02
24,27.18,43.31,89.56
4,30.95,43.9,0.18
12,6.96,12.7,20.16
32,33.53,90.41,81.06
27,33.04,64.17,90.37
2,32.19,19.46,2.4
26,27.72,43.74,94.51
30,31.13,48.22,117.31
23,23.14,50.09,82.08
5,57.87,61.51,2.35
2,30.66,57.4,4.54
4,22.89,53.96,4.31
30,46.83,62.64,71.57
10,28.23,62.21,4.02
5,21.32,65.84,3.45
17,30.46,60.86,44.84
12,20.86,41.81,41.07
34,27.81,58.17,113.88
16,8.15,17.62,23.51
2,29.74,68.01,4.29
33,25.38,57.9,94.89
7,22.66,67.83,4.03
18,20.31,42.61,58.37
8,29.59,62.37,1.39
11,23.72,66.8,3.8
20,21.5,11.14,44.99
32,22.35,64.27,82.37
22,21.92,65.01,90.74
32,20.38,62.26,100.52
30,31.21,67.52,83.93
8,23.36,50.09,3.16
21,28.82,48.61,61.02
30,24.25,16.86,81.15
13,9.56,45.83,21.1
33,34.7,66.61,114.4
26,26.33,48.51,78.85
1,33.27,15.28,4.28
18,33.19,60.54,67.0
12,29.31,53.62,31.4
24,20.6,54.38,82.73
1,25.6,49.82,0.32
18,22.12,56.01,50.82
20,20.71,40.98,60.21
12,32.49,15.79,23.33
7,30.34,16.84,3.87
4,5.63,16.53,0.91
24,23.1,69.56,78.84
35,58.45560000000002,92.6,46.24
26,23.24,40.94,108.69
18,34.64,69.57,50.84
25,25.63,67.84,66.37
25,53.27,54.66,45.42
11,21.16,91.23,0.98
3,21.96,56.35,4.24
2,45.41,61.23,0.43
16,31.1,43.77,65.65
19,51.11,55.41,37.49
8,30.98,44.0,1.32
10,24.33,69.08,0.52
6,25.91,64.61,0.28
16,21.14,57.48,58.47
15,23.54,40.16,46.12
29,32.34,85.77,74.38
12,26.19,43.02,43.36
6,29.52,59.73,1.02
2,6.12,51.41,2.2
27,26.55,16.5,58.61
16,20.84,47.2,43.93
30,21.5,63.58,110.47
14,21.37,47.84,35.34
33,24.24,45.82,132.77120000000002
31,33.92,50.77,110.13
26,20.18,64.0,90.06
13,8.0,68.54,22.29
15,27.33,43.33,58.09
2,31.12,50.09,4.71
23,34.33,64.3,70.5
27,22.19,53.13,94.59
24,21.39,66.84,94.59
3,32.11,68.97,0.41
19,33.84,51.12,54.96
9,48.17,13.77,3.58
35,25.11,57.75,104.99
14,25.14,64.16,47.55
22,29.65,63.85,79.31
10,25.89,58.71,0.31
20,23.38,69.69,51.02
30,34.93,12.81,63.67
32,31.92,86.68,103.09
15,58.45560000000002,88.85,23.58
9,6.96,48.43,1.32
21,50.46,60.67,44.73
9,33.56,68.9,4.52
20,24.35,59.43,63.48
2,30.49,49.98,0.43
27,27.23,49.43,88.53
26,8.26,42.97,58.81
5,7.17,64.74,3.62
20,22.73,68.85,64.0
13,27.42,91.88,33.23
21,6.52,42.88,43.46
21,27.32,46.32,53.4
10,27.78,47.77,1.72
29,22.72,46.35,115.74
5,31.72,47.15,0.7
35,23.93,53.06,120.74
1,20.02,43.74,4.93
12,9.8,89.46,29.92
11,58.45560000000002,64.23,2.83
11,22.74,54.03,3.6
22,5.98,49.99,42.94
28,30.42,47.79,96.35
27,30.48,52.79,106.63
28,22.2,45.57,73.72
28,34.69,13.65,80.44
1,32.08,62.45,4.3
7,23.26,53.06,1.22
10,26.49,64.65,3.63
4,6.67,49.82,3.4
7,25.99,54.28,3.55
10,21.37,66.1,0.7
21,34.15,41.03,86.72
32,27.02,66.84,102.06
25,31.7,67.77,83.17
8,31.52,52.4,3.44
14,30.19,68.66,38.82
21,23.3,44.86,70.97
28,28.87,55.96,73.98
1,51.71,53.34,0.51
30,53.88,40.18,60.66
12,5.53,60.52,25.18
20,31.77,59.49,63.03
3,34.14,44.48,0.29
34,47.84,69.51,66.17
27,49.16,41.84,62.69
18,22.97,54.94,53.21
11,31.63,52.49,2.42
15,34.21,49.64,49.65
2,34.93,46.38,1.69
9,32.58,63.61,0.36
20,28.97,46.24,58.37
23,28.23,51.88,94.49
17,20.88,88.68,61.89
24,24.3,12.77,53.81
22,25.1,15.22,42.87
27,28.64,57.36,70.94
33,25.47,18.84,71.73
8,58.19,68.39,3.41
21,5.53,69.44,48.67
17,34.11,18.55,48.39
1,25.82,69.45,2.0
13,53.36,12.78,16.81
9,26.36,46.9,4.3
16,31.64,46.55,62.03
30,21.83,68.08,99.68
27,20.78,48.69,95.33
5,29.75,49.01,5.0
6,31.59,53.13,0.53
20,24.22,60.01,62.01
31,32.79,59.5,84.22
33,9.85,65.59,81.23
23,29.28,49.56,59.56
35,57.77,86.68,63.66
10,51.76,63.56,3.16
33,51.51,91.22,53.58
17,55.55,58.95,33.11
32,27.96,68.13,97.65
35,26.54,54.51,101.64
32,27.58,64.92,117.97
27,32.65,15.04,58.3
24,9.73,41.42,48.32
8,27.58,92.56,2.59
3,8.26,94.03,0.18
21,28.29,47.15,72.23
3,31.0,44.56,4.6
13,34.74,11.14,33.27
12,27.35,45.24,40.14
29,29.67,62.48,97.27
13,25.92,64.46,52.04
15,29.39,69.95,47.48
35,26.4,45.44,132.77120000000002
5,24.78,42.13,1.96
10,26.82,54.32,2.87
24,27.92,42.28,84.73
25,21.55,66.29,87.33
20,33.19,50.19,62.78
26,29.13,47.89,86.98
35,26.89,15.57,85.61
35,22.03,64.88,122.55
9,29.02,13.35,3.13
29,27.33,68.52,90.62
4,53.58,69.99,2.11
5,30.99,19.16,2.38
13,6.8,61.67,20.65
20,5.84,49.72,42.39
22,29.38,58.63,67.82
28,6.08,51.05,67.97
1,23.09,69.58,4.22
21,22.26,41.08,57.69
21,29.62,65.47,74.35
7,28.92,54.27,0.45
33,29.83,19.05,66.7
17,28.21,47.64,46.09
35,23.75,12.7,65.54
14,31.45,69.27,37.76
29,31.95,85.27,92.72
28,25.38,14.01,67.36
22,24.42,14.53,52.46
11,23.22,52.79,3.8
27,7.37,60.54,40.65
8,24.53,47.57,3.83
24,23.3,68.0,94.15
5,27.76,90.14,0.34
23,29.75,16.99,64.72
4,23.82,67.49,4.9
35,31.76,57.12,108.59
14,34.2,50.49,40.87
15,26.36,43.37,61.47
17,46.72,66.33,30.3
31,33.99,59.85,111.13
21,29.22,55.07,56.68
6,56.64,57.08,0.67
35,23.11,65.75,104.25
7,21.54,68.12,3.23
9,29.16,41.01,2.42
27,34.6,68.6,111.79
7,23.47,42.78,2.47
34,24.52,52.04,93.17
2,34.78,63.91,0.24
11,27.45,14.96,4.22
26,24.24,42.44,95.46
25,20.22,62.42,81.25
15,25.11,49.11,55.08
32,25.95,11.14,84.86
10,28.98,52.84,1.62
35,30.76,65.13,105.11
27,9.17,47.2,63.42
13,29.27,68.66,39.45
3,28.07,46.56,0.18
20,33.9,85.69,61.41
28,25.61,59.01,84.25
17,24.87,60.36,70.57
15,24.53,51.42,38.22
11,22.6,43.9,2.56
4,25.95,40.81,2.96
20,34.14,62.91,72.18
24,29.91,93.86,65.34
4,31.85,69.69,3.85
13,22.15,57.24,34.43
11,29.44,62.25,3.47
17,34.31,51.62,56.41
16,5.53,44.21,25.56
14,26.99,42.85,48.29
11,24.91,59.91,0.56
26,5.53,61.78,44.91
27,21.93,90.09,54.16
18,21.87,40.96,64.52
14,9.91,44.53,25.78
2,29.64,44.24,3.51
23,53.62,62.77,47.51
30,28.77,46.68,102.62
32,33.23,45.85,122.4
10,29.66,63.8,1.81
18,26.23,67.46,53.29
10,27.26,61.31,1.39
17,26.26,48.19,51.32
6,26.39,65.81,1.05
14,24.23,67.6,38.14
30,47.69,86.95,45.66
23,22.34,68.41,66.46
34,31.06,44.29,117.69
16,22.61,57.21,51.85
19,24.86,90.43,53.17
2,27.2,60.07,4.13
15,24.07,91.23,26.41
17,26.45,18.89,29.93
22,31.42,49.24,77.19
3,25.77,88.46,2.55
3,21.87,58.02,0.18
28,21.75,40.61,111.81
8,20.24,11.35,4.35
24,27.12,43.88,90.28
8,26.86,68.48,3.55
30,24.66,89.32,96.13
7,27.1,44.44,0.7
1,32.6,59.07,4.48
20,28.72,56.55,76.36
33,23.25,54.89,131.76
22,27.02,63.94,90.69
34,26.52,40.82,105.64
10,22.24,51.95,0.92
21,21.09,56.31,71.42
12,31.17,18.26,21.06
33,34.36,62.99,97.15
4,31.88,94.03,2.93
1,32.71,17.29,2.35
35,27.84,43.04,93.57
18,51.55,93.84,24.1
34,33.18,54.55,114.95
6,29.07,11.37,4.15
32,22.13,63.79,99.09
2,33.75,45.53,2.21
30,23.71,58.97,101.28
2,20.03,49.69,4.49
3,49.86,13.85,2.4
7,26.73,56.24,2.32
16,6.7,57.34,25.34
6,31.94,93.42,3.44
17,29.54,62.25,64.49
11,33.27,17.46,1.15
22,31.78,59.6,63.67
4,23.46,52.87,3.49
35,25.92,52.32,122.83
34,53.25,42.7,65.82
31,48.52,56.41,70.45
30,5.53,41.09,64.58
12,26.75,68.24,43.13
31,21.49,69.62,121.43
18,26.65,54.14,55.35
1,24.42,69.57,3.95
12,58.45560000000002,60.93,29.61
32,30.48,61.23,83.28
12,25.16,93.39,27.72
9,53.55,46.27,1.53
4,34.86,45.83,1.77
6,26.2,58.62,3.66
3,21.73,59.51,0.59
28,20.19,13.94,72.46
1,52.63,11.87,3.44
30,24.22,12.06,55.45
11,6.31,67.3,3.28
18,25.0,65.92,74.83
27,34.41,61.78,73.6
18,29.71,50.77,58.08
32,45.91,58.63,62.28
18,25.98,50.29,48.89
19,6.39,17.24,26.04
1,31.16,56.81,1.58
35,23.13,62.38,118.61
8,55.67,66.1,4.04
15,26.19,64.65,58.62
25,30.31,68.3,71.41
1,24.35,63.4,3.15
35,21.6,69.85,108.79
23,33.62,40.66,75.86
26,24.94,55.1,66.15
2,20.2,47.5,2.74
31,33.48,85.82,107.74
21,33.31,88.33,80.02
25,56.39,55.41,43.82
2,58.45560000000002,13.79,4.56
13,32.64,51.66,48.51
26,28.49,63.81,94.77
30,28.56,65.27,91.44
15,32.19,41.75,44.64
24,27.63,55.53,62.1
24,27.32,63.91,74.24
24,31.33,53.73,89.41
9,6.25,52.27,0.88
1,8.69,65.59,2.98
16,21.72,60.28,43.5
33,6.23,46.95,74.27
30,29.87,49.64,81.19
23,32.24,56.85,60.55
18,30.63,45.08,65.16
6,26.26,66.71,1.64
30,31.07,49.56,94.53
12,24.79,50.35,40.29
14,34.55,46.34,50.5
6,33.0,59.47,4.11
3,34.9,54.25,1.48
24,20.69,50.98,88.64
9,33.58,86.26,0.18
13,48.66,54.34,32.62
35,27.44,45.89,132.77120000000002
19,24.67,51.85,52.17
24,6.31,93.02,34.24
19,32.1,52.24,63.02
35,58.45560000000002,85.96,86.75
15,29.59,63.86,58.06
33,30.54,41.85,132.77120000000002
14,22.5,54.86,52.73
31,52.2,63.26,74.19
34,20.22,60.44,96.87
30,6.43,47.55,60.36
26,20.83,56.04,85.59
15,27.05,55.39,46.72
35,22.46,52.3,132.77120000000002
22,30.32,92.9,55.2
8,6.5,60.51,0.51
17,22.7,68.67,71.34
29,28.41,68.33,111.61
2,7.43,48.75,0.71
25,23.7,52.46,79.47
11,20.55,62.12,1.54
27,31.65,19.4,72.24
19,34.09,57.41,77.33
20,23.37,63.61,61.14
32,28.93,46.76,86.52
17,24.38,41.8,44.97
15,33.15,88.88,57.08
4,22.09,64.26,1.03
28,50.93,68.4,69.61
14,29.31,52.72,36.63
14,25.63,69.64,50.95
12,9.38,54.56,23.6
8,32.83,67.77,2.84
24,21.38,47.54,83.18
28,34.81,61.12,115.82
21,25.94,62.41,76.37
11,21.09,46.4,3.81
19,26.39,42.84,70.36
7,27.15,89.62,4.19
3,5.53,43.66,3.34
35,33.61,69.7,125.82
34,49.63,93.12,52.16
34,55.85,45.73,82.63
25,23.9,54.65,78.1
20,27.64,19.72,39.22
31,33.89,14.42,77.86
20,24.48,41.59,80.46
20,26.63,46.16,66.35
2,25.14,49.61,1.52
13,9.55,56.14,31.25
16,52.09,42.33,28.48
20,9.74,55.82,45.0
31,32.36,91.69,54.85
7,32.31,69.46,2.23
5,28.93,69.34,0.96
30,28.13,85.56,110.71
4,25.32,65.41,3.02
27,22.32,44.21,107.45
2,33.82,63.67,4.54
2,26.75,18.35,3.26
4,29.51,65.19,1.61
2,8.81,46.25,3.67
12,22.71,91.69,23.97
12,5.99,48.28,26.14
19,20.89,64.1,47.77
14,30.47,67.0,43.19
17,23.22,86.8,56.46
1,58.45560000000002,61.25,4.26
11,26.63,19.34,1.47
8,50.49,60.66,2.82
27,27.45,40.44,79.03
35,25.19,17.9,87.79
11,29.85,45.88,1.32
16,33.56,64.58,48.87
14,22.07,67.99,53.5
13,25.78,57.71,46.71
10,30.86,18.71,3.29
14,21.23,43.16,44.57
22,9.76,66.85,53.94
34,25.06,49.73,88.38
7,20.3,48.57,1.17
6,28.37,64.28,1.59
28,34.65,91.35,52.16
31,32.84,55.91,101.36
20,26.73,45.59,65.11
21,34.57,60.64,81.72
31,26.82,87.33,88.19
24,27.47,56.34,62.71
2,21.91,62.66,0.49
14,23.09,57.43,57.84
33,32.48,67.89,132.77120000000002
27,23.2,41.39,97.36
14,33.61,87.76,38.96
28,20.23,68.66,70.94
11,25.6,46.19,0.89
13,33.92,44.84,47.59
17,9.2,53.33,36.05
8,33.97,89.45,3.65
21,21.13,43.42,72.58
33,29.08,43.84,106.56
4,8.86,45.87,1.73
31,24.57,44.19,98.6
14,34.59,56.66,45.08
34,30.36,68.63,109.81
7,23.94,49.32,3.92
29,34.98,66.68,111.68
31,33.8,50.73,117.0
3,28.88,41.82,2.09
29,20.88,52.41,111.23
7,22.96,40.88,1.16
18,26.26,68.62,75.02
4,30.36,59.71,2.69
10,21.17,65.02,0.24
21,58.45560000000002,50.73,44.74
18,27.97,47.82,72.06
32,33.65,94.02,80.76
15,23.11,60.31,56.58
17,32.38,43.97,45.83
12,23.62,58.9,39.16
11,24.01,53.25,4.0
21,20.59,91.21,49.97
26,20.84,89.64,80.18
22,58.45560000000002,57.95,47.56
23,31.34,65.43,73.92
8,25.06,42.16,4.92
14,8.19,13.86,22.08
3,25.14,93.51,1.75
23,29.79,16.4,44.88
30,21.38,61.79,79.11
21,21.3,65.42,82.06
24,9.3,50.79,48.79
18,47.55,43.35,36.4
29,30.36,62.93,98.1
21,7.15,92.02,32.31
23,57.11,47.67,56.82
22,27.8,11.14,52.48
7,22.71,52.65,2.18
30,33.35,55.21,75.75
34,24.54,64.59,88.42
12,23.34,49.37,36.51
28,28.47,40.39,75.28
11,34.95,87.74,3.4
22,29.32,69.95,57.97
12,28.14,59.95,34.02
1,52.35,40.39,4.06
8,33.67,43.18,3.88
31,29.44,68.84,114.23
21,58.45560000000002,44.24,52.01
32,25.98,15.91,59.8
35,22.15,41.1,118.85
7,23.18,42.25,1.39
28,8.74,41.11,58.39
6,26.8,60.26,2.51
26,58.45560000000002,65.25,61.19
31,25.08,61.02,97.89
34,32.44,91.54,88.08
2,55.58,58.32,4.05
28,51.55,94.03,30.77
33,24.29,40.26,130.85
4,28.85,46.3,4.78
14,47.68,61.24,29.91
14,27.79,44.75,40.16
30,5.53,17.25,42.79
24,23.9,47.99,80.08
32,30.65,86.33,82.1
14,28.41,43.48,45.04
24,24.94,17.99,68.8
35,33.79,55.1,101.02
16,31.49,68.81,47.39
32,23.56,15.55,87.29
14,31.86,43.51,35.85
2,27.84,53.27,0.61
25,9.22,64.27,43.41
16,30.44,58.09,55.31
25,8.22,52.24,45.96
7,20.14,87.21,2.14
7,28.44,69.16,2.64
13,20.98,67.43,40.38
33,24.51,92.4,65.1
20,32.76,63.21,64.33
29,21.46,40.66,80.09
6,26.99,61.08,1.56
25,27.04,58.19,103.27
15,21.41,62.5,60.74
32,22.19,69.14,109.73
14,26.09,42.04,50.15
5,24.73,61.46,5.0
26,21.09,66.5,73.89
11,27.94,53.51,4.35
29,32.26,43.78,86.66
5,27.41,63.06,4.41
11,31.56,12.56,0.73
15,24.74,40.78,39.27
27,21.05,91.8,73.7
17,24.07,85.56,71.26
30,32.39,51.02,103.49
19,28.5,58.3,66.6
14,7.84,55.65,32.14
12,46.91,45.1,18.59
35,25.63,40.97,132.77120000000002
31,52.04,68.3,49.55
1,7.8,14.62,4.43
10,32.3,62.56,3.99
33,29.29,48.42,116.53
5,31.91,51.27,1.64
2,24.77,43.25,0.18
7,6.07,60.83,4.99
17,29.13,49.57,66.66
2,32.09,55.54,1.69
26,33.12,45.16,106.97
4,53.97,48.77,3.79
34,50.7,67.43,54.63
29,30.58,60.67,88.87
7,20.72,15.57,4.72
30,25.89,88.26,110.9
13,23.8,41.41,42.12
18,26.09,42.4,62.73
24,22.58,58.99,71.95
12,23.69,43.75,50.18
30,27.25,69.59,82.57
19,9.42,66.5,37.8
29,24.89,56.92,119.33
12,48.09,11.14,19.33
26,28.74,48.46,94.91
27,22.25,48.19,75.87
21,30.8,50.52,63.89
14,29.87,89.0,38.19
16,32.27,14.46,29.72
23,24.22,66.7,87.7
11,34.79,63.32,0.86
24,7.89,89.91,37.54
13,24.94,46.61,40.39
1,29.02,60.24,4.74
18,31.88,64.14,68.05
20,27.15,88.45,80.19
7,26.28,47.9,1.12
19,33.75,61.03,71.0
25,27.56,69.65,101.34
17,29.84,87.58,54.44
22,28.27,92.83,57.96
9,26.29,51.4,4.45
7,31.76,67.13,4.82
12,53.45,59.88,24.73
5,25.55,60.92,4.83
25,34.26,53.41,63.31
34,28.34,86.21,100.44
15,26.06,52.2,54.1
20,26.56,88.88,77.56
31,31.8,59.88,93.81
28,33.68,53.4,89.69
4,20.98,65.76,0.62
17,29.42,60.63,57.37
8,21.14,88.82,4.09
13,30.45,59.5,52.78
18,30.51,89.95,63.88
10,6.22,42.18,1.1
13,56.05,60.01,31.04
31,33.44,42.58,83.79
2,25.08,44.12,1.46
16,9.29,56.52,25.21
29,33.02,11.14,51.91
32,21.92,47.39,112.32
33,25.91,46.97,83.17
12,21.71,54.1,47.66
33,52.23,61.03,82.18
19,33.12,16.05,33.96
21,22.24,44.23,87.03
28,30.66,69.81,105.44
6,29.41,85.54,0.33
20,33.03,67.75,83.94
28,21.42,65.83,94.19
33,26.59,13.68,82.47
28,27.76,52.53,75.19
12,22.95,45.37,36.03
31,31.02,64.88,81.75
25,8.56,11.76,40.62
31,20.94,43.61,79.36
20,34.18,46.89,71.58
20,20.55,69.25,68.62
8,26.34,41.19,2.05
28,5.53,69.14,60.72
11,55.34,68.06,3.17
4,24.55,61.17,0.25
30,20.69,45.73,92.81
29,31.8,13.79,69.58
2,29.07,50.22,1.79
14,31.57,63.04,58.25
12,25.64,61.74,47.96
6,27.61,42.39,0.33
28,28.78,16.87,60.73
5,30.08,63.91,0.91
19,24.03,49.63,71.63
31,23.57,43.52,80.99
2,22.81,12.46,1.65
20,32.59,50.69,56.61
11,33.2,88.1,1.22
6,24.15,46.08,4.09
22,24.11,88.16,56.02
25,53.06,60.32,38.92
13,20.1,86.45,44.27
8,34.42,66.99,0.29
9,20.9,68.41,4.51
13,20.37,66.89,52.0
10,23.11,48.31,4.29
10,25.78,61.01,2.05
15,20.84,56.24,50.03
7,31.24,45.09,1.87
23,25.04,66.03,88.67
15,30.12,59.05,62.46
26,46.32,67.6,42.03
27,20.81,54.27,100.03
30,27.81,54.19,86.95
22,24.95,61.23,59.5
22,25.77,18.09,45.57
35,23.52,19.44,98.87
35,34.5,69.83,116.91
4,26.42,50.35,1.05
2,23.97,14.22,1.63
16,24.73,43.49,41.08
23,25.76,62.42,76.66
28,28.07,64.43,70.25
6,6.54,51.49,4.63
35,21.12,68.35,132.77120000000002
20,24.01,60.64,64.11
23,58.45560000000002,53.32,40.25
11,47.15,42.31,3.39
12,8.25,68.39,20.1
20,27.49,41.41,55.56
17,24.64,54.07,50.54
11,27.48,40.43,3.02
12,25.15,66.04,40.29
9,30.6,46.5,2.14
14,34.35,65.5,36.72
16,29.94,47.92,64.08
19,28.91,41.96,54.49
18,29.57,50.27,64.27
5,21.21,53.64,1.64
7,20.17,44.97,0.85
7,30.74,51.85,1.72
13,20.82,13.92,23.87
35,24.08,40.03,122.0
21,47.49,86.37,51.64
27,34.84,50.1,111.64
20,32.39,66.83,73.56
3,30.56,55.21,2.8
32,30.86,50.77,100.85
13,20.78,42.15,43.02
29,47.13,89.59,56.69
5,31.43,51.55,1.08
30,49.11,42.25,60.94
22,27.05,60.4,89.04
17,30.46,89.74,47.47
20,6.45,40.15,43.95
23,29.45,61.74,92.62
30,22.58,12.17,61.11
24,23.56,50.49,91.49
21,33.46,57.84,76.1
12,22.6,46.51,37.87
25,26.26,54.27,97.87
29,31.68,45.72,100.9
21,30.94,62.9,71.39
32,24.11,54.19,104.19
1,24.53,58.37,0.75
8,34.12,64.51,1.33
6,22.19,14.38,2.71
2,31.14,45.56,3.79
16,31.5,50.14,54.03
31,22.56,65.74,82.76
28,28.6,68.74,100.1
23,34.68,62.29,92.59
6,28.22,60.2,2.17
32,52.46,85.74,69.44
8,32.31,50.01,2.13
9,30.32,87.79,3.08
29,22.26,57.81,87.62
11,21.77,41.15,4.31
20,7.71,66.45,47.5
15,53.73,52.91,24.33
12,30.99,47.68,35.32
32,20.33,67.69,80.63
28,26.71,44.76,81.15
23,27.48,60.97,67.61
6,26.99,67.02,4.26
12,30.53,55.75,34.16
29,20.36,60.52,120.51
6,28.4,50.31,3.81
19,56.89,65.82,47.58
21,32.18,50.07,83.4
13,21.78,48.56,48.97
16,24.3,53.77,53.96
2,27.65,60.94,0.89
33,53.13,66.53,78.19
10,25.36,66.63,3.91
30,24.27,67.97,102.91
24,8.43,42.82,56.37
17,27.05,14.07,31.42
22,7.86,64.93,35.2
6,29.96,43.41,0.44
34,34.0,44.75,132.77120000000002
14,23.96,13.39,34.47
29,26.09,58.8,74.85
30,31.74,45.58,75.64
12,23.35,42.52,33.97
32,29.22,55.93,89.3
26,28.49,57.46,104.21
9,25.25,47.25,3.34
1,47.76,16.49,3.35
3,31.4,65.93,4.53
32,9.25,12.15,38.99
22,28.31,56.23,90.45
26,33.87,47.86,99.9
3,26.06,50.78,3.43
5,20.54,68.46,3.96
21,31.89,51.49,87.2
10,28.42,68.57,3.54
11,30.6,65.97,1.81
5,30.3,52.74,2.45
21,23.93,55.06,75.28
2,28.92,18.81,1.6
3,26.64,46.64,4.91
12,26.06,41.04,43.28
6,45.46,68.83,2.12
29,22.39,58.26,111.43
18,30.42,60.03,52.91
12,34.01,61.78,33.2
14,21.71,89.46,43.77
10,26.75,94.01,2.94
14,29.89,63.4,53.06
12,25.15,45.6,30.11
8,58.27,62.65,1.15
12,33.71,59.31,41.74
15,23.97,53.83,62.71
18,34.6,42.57,49.94
35,47.41,68.36,65.63
17,47.35,69.82,33.43
8,33.2,64.61,0.39
34,33.66,41.15,132.77120000000002
12,5.87,61.51,26.38
12,27.36,13.6,28.17
1,32.57,66.85,0.72
13,22.44,64.03,40.86
7,20.79,68.87,3.95
27,27.17,55.17,104.18
23,9.45,60.44,50.34
18,6.57,50.22,29.93
17,23.6,56.55,71.11
26,24.79,43.59,98.56
24,23.81,85.16,75.49
28,27.29,58.1,82.54
16,21.58,53.06,43.81
34,20.88,62.18,132.77120000000002
23,27.82,52.87,96.33
32,32.88,58.5,87.82
28,21.19,64.33,91.52
5,6.32,63.0,2.68
7,34.95,45.77,1.34
26,33.69,59.25,72.71
18,28.5,52.52,46.48
16,29.2,40.45,61.21
17,24.4,47.48,71.29
28,46.62,61.05,69.96
29,23.62,56.26,112.03
25,25.49,15.65,66.01
11,20.11,49.75,1.82
15,29.56,15.04,41.19
4,33.05,59.17,4.79
33,30.7,53.68,132.77120000000002
9,21.6,87.45,3.55
29,50.46,50.42,55.76
1,31.29,62.55,4.99
7,26.92,60.43,0.18
23,45.82,64.78,53.26
7,31.62,45.82,2.77
23,30.27,58.79,72.49
25,31.59,51.47,90.5
7,23.84,59.31,1.98
5,26.59,58.81,4.14
35,6.77,41.64,65.51
26,28.14,66.39,69.82
13,5.88,46.85,22.77
8,8.08,86.02,4.97
25,29.51,69.04,88.31
1,22.02,61.55,1.42
22,9.94,62.44,39.24
21,28.59,40.47,82.26
30,31.72,49.88,109.67
19,28.04,61.94,62.11
18,26.61,51.8,61.51
22,25.44,63.72,80.28
28,25.07,87.29,111.79
28,29.78,86.41,98.88
28,56.43,44.55,59.57
31,34.11,49.21,95.91
33,30.18,59.73,126.84
35,34.63,65.6,132.77120000000002
13,20.14,92.12,35.28
4,20.6,51.32,4.29
2,25.8,11.14,1.29
9,33.49,41.37,0.48
17,23.99,46.12,59.03
26,31.03,57.36,76.98
9,28.16,55.51,1.7
20,22.1,69.23,69.72
17,32.76,69.71,68.0
2,20.79,45.82,4.4
11,32.39,55.04,1.61
26,34.91,46.09,88.25
16,26.08,52.08,51.24
24,23.44,48.24,63.49
5,26.56,13.99,1.79
8,33.9,86.4,4.33
14,27.33,92.51,32.29
33,53.97,43.6,64.72
9,27.04,66.0,2.81
23,31.66,46.74,66.26
16,48.17,60.03,27.09
6,21.42,55.83,0.32
20,27.83,61.85,68.24
26,53.29,65.12,52.96
14,31.97,91.64,39.07
35,9.19,58.74,75.92
33,46.33,56.62,81.46
14,8.06,47.07,22.15
26,31.93,92.93,59.95
26,29.63,45.8,84.34
3,34.21,61.01,0.42
17,23.91,88.21,58.51
6,23.06,44.96,1.97
8,32.18,16.75,2.39
20,29.87,40.34,58.24
5,24.4,57.42,2.59
3,7.44,40.5,4.03
11,26.79,54.64,2.2
4,47.09,41.46,4.38
17,31.02,43.74,46.74
10,20.42,65.92,2.15
6,30.43,64.33,4.73
17,23.16,11.14,45.86
18,57.15,19.88,30.51
3,6.44,46.74,2.65
24,31.07,91.54,66.23
21,29.62,13.17,39.58
8,33.16,49.54,3.18
13,33.82,12.97,37.24
31,23.0,15.06,79.6
13,34.36,48.99,52.88
15,5.66,41.39,24.0
27,24.68,63.2,84.85
13,34.78,53.79,43.25
34,31.92,57.3,108.78
29,30.11,67.57,108.12
10,23.42,46.85,1.11
10,21.62,69.44,1.33
33,46.89,40.59,68.32
1,34.69,62.27,1.15
27,29.2,45.64,101.07
20,9.21,45.26,39.67
23,21.44,42.61,89.77
19,30.67,41.19,57.7
33,21.07,59.95,85.11
28,22.86,59.15,104.2
28,33.18,43.87,112.66
18,9.33,14.71,20.06
13,29.16,57.68,37.07
20,28.62,62.09,71.11
4,25.36,40.46,1.25
4,55.9,53.97,4.08
23,23.41,54.2,80.0
18,29.41,43.22,60.49
3,23.65,61.25,1.19
5,30.24,59.59,1.4
9,27.29,69.13,4.52
21,32.78,65.12,64.63
24,29.72,54.04,66.37
33,31.1,62.45,132.77120000000002
34,33.39,44.13,127.58
24,31.55,59.99,97.89
28,25.6,43.29,90.04
17,22.9,60.0,44.46
14,21.1,86.65,52.46
13,22.0,55.71,42.5
12,30.96,86.72,33.68
4,20.98,11.14,4.32
8,28.31,48.09,2.29
26,20.2,65.82,66.42
17,20.92,44.71,52.28
17,24.99,60.25,69.81
9,33.35,62.12,4.8
28,50.92,49.81,64.27
30,48.2,56.92,59.53
31,27.93,60.83,79.52
32,6.42,54.52,66.29
1,24.5,51.16,4.78
24,26.99,18.61,52.08
25,26.36,67.94,93.78
19,30.76,60.1,67.18
32,25.89,12.53,91.2
29,33.36,42.47,112.3
32,33.05,65.81,110.17
27,31.5,48.49,83.41
19,31.7,14.76,35.35
33,27.12,65.9,89.96
9,22.97,55.31,3.06
28,48.76,17.65,34.91
26,31.18,48.29,104.57
20,8.96,85.47,36.61
32,27.12,48.44,101.77
25,26.89,53.66,64.18
23,26.26,65.84,61.24
27,46.62,54.67,46.52
6,24.62,58.28,4.2
23,32.08,54.85,70.95
24,21.43,42.13,82.01
1,22.94,60.34,2.92
24,34.7,88.91,80.58
17,21.54,44.13,52.72
4,30.88,48.76,1.42
19,46.79,61.87,47.36
28,28.11,49.95,101.52
28,22.32,14.19,66.56
9,24.99,47.61,3.01
16,34.22,62.89,46.59
19,21.81,41.92,78.82
28,28.15,45.9,107.94
29,27.95,48.82,119.19
3,28.82,52.16,2.99
22,30.16,42.11,66.52
13,24.0,67.34,44.37
2,24.09,53.87,2.2
22,21.23,61.38,55.7
27,24.11,11.14,49.92
1,29.73,50.98,0.72
26,33.76,64.83,68.67
35,29.85,61.69,96.85
15,33.7,45.14,57.14
34,7.17,16.93,55.16
4,28.37,51.84,0.92
21,28.51,45.18,69.81
7,25.69,43.28,4.67
28,23.41,47.11,104.28
23,20.43,49.33,91.07
31,7.88,13.11,35.13
6,20.67,53.08,3.56
27,21.75,47.88,106.77
28,24.56,16.58,50.4
16,29.93,18.13,40.26
1,21.85,59.19,4.51
20,31.6,49.86,55.25
25,9.17,60.83,62.58
25,34.67,64.9,62.67
13,21.79,61.97,43.5
35,34.79,11.14,100.71
16,9.16,85.92,24.59
24,25.31,41.99,92.43
25,23.83,91.54,72.39
2,32.44,45.86,4.28
24,25.49,55.52,61.14
20,34.18,50.02,56.43
24,32.92,61.5,87.41
29,23.47,52.86,97.73
25,33.53,53.2,72.53
33,32.6,18.86,70.46
35,45.2,47.14,61.5
8,47.18,61.24,4.49
3,23.99,53.05,2.6
26,49.88,45.48,46.65
2,29.85,94.03,0.29
8,31.79,53.22,4.76
24,31.4,63.81,75.86
17,27.87,40.24,57.03
34,51.35,46.54,81.21
17,25.99,94.03,36.46
21,20.19,51.57,54.69
21,33.3,50.93,71.67
17,26.14,42.8,62.24
1,31.49,47.61,0.34
3,26.71,65.24,4.73
14,5.75,18.42,15.28
4,29.65,13.92,1.59
19,28.44,11.14,37.36
4,22.78,69.72,5.0
20,25.42,53.53,59.17
16,32.2,62.18,42.37
33,6.92,55.74,77.69
8,33.73,44.26,1.02
35,22.45,58.21,89.17
8,48.96,51.34,1.53
3,22.34,61.88,4.12
26,58.1,52.17,46.09
9,20.51,61.09,1.15
4,20.25,64.79,4.93
29,22.7,52.57,107.87
23,27.25,42.45,64.54
22,58.43,12.52,38.06
5,5.53,19.09,2.64
34,30.48,59.2,132.66
29,28.01,11.29,54.74
19,5.53,41.46,38.16
3,21.78,48.05,4.12
19,23.48,51.64,49.9
26,34.94,49.38,96.51
9,21.05,60.08,0.39
29,25.59,44.74,91.32
18,27.82,65.55,49.63
23,25.17,13.19,59.34
24,51.13,53.13,45.04
9,24.6,46.41,0.39
3,21.76,59.17,0.44
13,32.29,45.6,43.65
25,21.21,42.48,82.17
34,21.96,44.84,100.68
7,52.97,63.45,0.46
25,34.3,14.2,72.55
19,33.85,40.42,76.46
10,9.67,62.14,1.58
35,30.23,41.39,114.02
34,23.68,56.11,89.26
28,5.53,13.67,39.34
14,20.84,68.12,55.86
21,26.28,52.73,61.31
23,57.96,45.6,54.44
13,27.77,58.85,41.46
25,34.08,55.82,71.29
3,22.97,49.4,4.0
17,24.28,46.78,59.83
25,25.85,92.8,57.24
3,21.52,66.57,0.8
9,23.42,47.08,4.34
10,49.09,50.27,2.2
13,29.7,46.35,54.28
12,26.13,50.5,35.61
4,34.32,90.88,4.4
2,48.0,49.72,3.65
20,24.12,63.55,83.97
34,29.86,68.39,100.23
27,33.54,65.95,102.94
24,29.6,45.05,80.06
32,50.63,68.66,72.94
7,50.72,55.19,3.05
8,27.18,49.7,0.47
5,31.39,49.89,0.77
10,28.19,59.97,2.64
2,25.28,43.99,1.0
21,30.99,64.02,53.34
16,21.23,47.52,55.01
5,9.34,59.44,4.96
18,21.51,57.98,65.42
25,31.13,41.32,68.4
16,20.89,41.82,51.57
24,31.02,19.37,44.7
23,27.66,92.62,42.33
25,31.79,43.65,67.2
24,5.53,61.36,50.04
18,20.85,54.47,49.48
19,20.96,13.72,35.32
19,24.39,85.77,66.13
23,9.13,46.02,35.92
3,26.36,54.17,3.89
31,29.88,17.56,60.8
6,9.95,88.87,0.19
20,7.85,89.86,41.56
23,20.11,60.55,76.5
2,7.09,50.58,0.72
23,23.43,40.14,89.84
34,30.51,43.36,132.77120000000002
17,29.41,52.68,66.06
14,33.27,69.23,41.27
29,31.59,67.38,107.72
16,31.89,42.65,65.14
24,30.31,66.18,85.36
27,26.23,43.48,89.65
4,30.47,40.36,1.71
20,32.21,56.41,70.1
27,31.41,67.04,68.17
19,20.42,43.56,61.85
9,54.64,68.18,1.75
22,21.87,17.74,40.0
1,7.08,88.19,4.76
35,27.78,52.28,106.9
30,30.17,65.1,81.25
15,34.83,58.6,47.28
32,27.98,65.04,124.65
12,34.42,68.77,30.35
19,33.56,60.95,62.09
31,34.7,68.25,87.98
23,21.39,43.85,90.51
24,33.78,56.13,93.13
2,23.58,17.79,3.93
15,30.34,59.69,56.73
25,26.33,58.69,95.08
11,8.06,85.56,0.39
27,23.25,49.73,99.58
20,8.73,61.74,33.98
25,20.94,19.8,53.87
11,58.45560000000002,64.15,2.5
34,9.16,51.74,68.05
15,34.16,57.97,62.08
31,23.13,40.85,107.59
12,48.31,49.25,29.37
11,58.37,44.12,0.44
12,23.87,61.76,39.88
10,32.85,48.77,1.86
27,22.92,15.78,53.11
14,6.65,13.2,23.62
19,52.68,65.47,37.32
28,48.14,49.83,51.88
6,24.44,61.7,3.53
12,34.91,94.03,34.51
28,32.75,59.25,117.3
16,29.26,65.23,66.81
28,31.87,85.36,85.08
14,31.63,47.24,54.88
22,58.26,50.52,50.59
25,23.49,11.27,52.68
23,25.78,45.91,57.56
12,21.48,50.85,35.29
16,21.94,14.28,32.72
16,25.36,41.41,48.67
15,20.1,64.74,54.06
20,32.3,47.08,65.7
34,29.21,46.48,127.04
27,32.71,53.59,89.71
14,30.79,64.15,35.56
32,33.84,44.51,119.05
25,27.63,40.49,75.61
10,24.3,50.37,2.83
24,5.53,42.5,42.13
12,32.87,12.6,25.88
33,6.87,43.42,62.06
6,34.59,44.0,2.58
34,6.46,43.07,57.88
18,31.93,86.6,58.18
31,34.89,68.83,82.59
29,49.48,88.06,60.2
21,49.95,52.35,50.76
6,33.76,51.96,0.35
5,32.54,56.7,0.63
16,26.12,55.1,60.63
23,25.29,44.22,70.31
23,34.23,66.11,71.08
13,20.2,49.87,34.28
23,48.72,59.04,54.98
31,28.32,65.2,105.4
31,25.84,85.21,78.96
6,20.67,92.42,1.49
29,33.62,40.93,113.69
10,20.95,46.45,1.11
24,27.68,63.0,62.12
24,27.56,62.53,90.33
22,26.93,19.78,44.43
20,25.79,56.65,59.55
31,33.64,18.57,70.27
23,50.61,55.37,38.91
8,28.73,68.07,4.05
24,8.03,54.78,36.86
35,55.43,54.21,55.5
16,23.98,54.74,65.96
9,31.51,55.34,0.99
21,20.93,15.97,54.21
14,50.86,62.74,34.83
6,46.67,16.98,1.8
7,34.29,11.2,4.27
34,7.96,65.16,70.81
34,25.05,43.25,118.06
20,33.59,40.35,65.41
9,23.83,49.59,3.14
34,22.58,69.72,132.77120000000002
14,22.78,50.91,55.83
26,48.92,52.28,39.34
4,24.32,60.88,4.01
10,57.82,40.44,0.76
16,33.84,55.98,46.22
14,29.08,53.83,41.25
35,5.53,60.19,69.8
21,30.33,19.39,43.98
33,49.56,11.14,56.93
31,22.38,45.53,114.23
19,23.67,92.46,49.69
23,5.53,66.76,39.66
33,25.71,93.64,95.22
12,24.6,46.73,38.71
21,24.53,68.99,77.95
30,33.34,13.18,88.19
24,28.5,61.44,71.27
13,28.02,19.12,35.77
10,33.09,63.82,3.53
19,26.17,15.2,52.99
23,24.74,50.38,75.27
25,23.46,44.78,71.84
24,34.68,44.67,95.88
26,34.05,49.61,78.49
25,23.52,14.65,70.25
20,26.38,69.56,53.26
23,47.79,19.73,26.84
8,25.72,90.55,1.87
5,22.18,58.57,4.73
23,58.45560000000002,52.76,55.64
21,23.63,57.85,72.81
15,32.67,46.15,52.42
29,29.29,42.87,91.67
6,29.73,47.89,3.25
29,26.84,18.85,57.75
27,33.43,57.75,78.23
25,27.81,49.37,75.17
26,21.49,60.35,73.34
14,7.33,62.4,23.74
15,23.84,64.57,60.32
2,7.4,85.98,3.43
16,34.39,54.96,54.5
33,34.83,68.1,114.55
9,6.63,59.6,3.39
30,27.02,58.76,103.59
18,25.22,11.14,51.72
30,33.86,93.81,65.89
8,24.54,59.49,3.8
31,34.96,89.15,110.64
14,21.35,48.16,57.36
18,56.91,57.65,39.72
7,54.08,65.5,1.34
30,48.06,13.38,33.08
5,24.77,62.87,3.06
7,20.94,56.58,0.89
14,25.04,52.94,41.5
10,22.67,58.06,1.34
13,45.25,85.74,23.79
19,24.14,59.72,65.4
29,23.22,42.99,89.88
23,31.67,69.47,61.86
5,24.95,54.61,3.43
1,24.28,91.59,0.18
5,34.4,66.56,3.68
31,27.43,57.93,105.22
26,30.65,59.97,68.58
21,58.45560000000002,65.5,47.37
22,34.52,94.03,63.49
21,48.76,66.0,41.49
15,28.88,93.06,39.34
20,27.7,66.38,76.62
2,25.64,55.9,2.89
22,26.62,44.78,57.2
22,31.96,93.69,58.6
14,28.22,55.4,51.38
18,27.91,57.46,70.44
22,25.36,42.6,74.79
33,34.19,48.06,122.86
7,27.36,50.33,3.97
26,21.32,62.41,76.99
28,22.7,48.83,82.43
16,6.63,65.31,36.55
17,23.46,67.81,54.52
28,31.47,57.6,73.68
6,7.94,86.86,3.07
24,30.33,60.03,86.33
22,7.4,48.22,54.09
8,31.1,65.66,0.25
5,22.28,59.95,4.92
28,50.18,57.4,62.7
22,24.46,43.78,60.2
27,32.06,63.25,88.45
32,23.04,55.84,117.59
29,7.88,89.22,56.11
17,33.77,51.59,55.54
32,8.78,11.38,35.94
34,20.32,62.06,117.41
31,20.13,57.35,86.63
28,25.17,54.36,85.71
11,27.99,51.03,2.78
22,8.47,93.09,37.63
18,28.75,93.24,41.45
13,21.3,64.28,39.03
15,27.92,68.12,57.74
30,25.16,53.19,99.8
13,20.38,54.73,34.37
3,29.48,50.37,3.53
12,34.34,91.11,32.91
32,22.33,44.74,106.71
12,25.34,40.06,42.48
34,34.02,50.69,88.29
8,20.88,57.23,0.18
23,30.18,47.64,85.83
22,31.38,44.14,82.1
31,22.17,50.66,85.92
24,30.21,53.91,72.93
11,25.23,64.21,1.27
2,33.63,88.19,2.07
22,51.63,49.32,38.01
30,26.64,11.35,69.31
4,33.69,55.55,3.88
26,27.59,48.88,70.6
30,52.37,94.03,50.99
19,21.03,44.29,48.47
13,5.8,44.6,32.41
35,31.55,44.46,93.8
14,22.93,50.06,55.39
11,51.26,42.4,1.82
16,47.24,66.39,29.35
33,23.24,12.52,63.4
6,28.14,12.61,2.98
9,28.06,44.51,2.84
2,9.89,44.9,3.9
17,51.71,63.05,31.97
5,23.56,59.22,2.93
27,24.46,40.98,89.1
15,32.79,53.43,61.0
4,30.63,69.2,2.98
7,30.73,59.6,4.24
7,30.75,59.81,3.03
29,24.22,56.48,79.68
20,23.11,87.8,74.54
10,28.95,47.83,1.31
1,53.84,56.65,3.32
28,6.17,50.42,47.55
24,23.91,66.4,74.79
10,31.43,93.48,3.34
31,20.52,42.65,120.78
21,27.43,53.74,83.42
16,7.8,56.39,31.34
5,5.84,68.73,2.17
29,32.1,41.42,98.24
2,51.26,63.68,0.18
19,5.53,66.26,36.3
16,25.97,60.3,44.6
14,54.77,57.67,28.57
11,5.88,42.09,3.84
17,28.77,16.0,48.52
28,25.32,13.0,63.76
26,34.25,62.12,87.14
3,34.53,94.03,2.77
13,26.04,90.95,36.89
33,34.81,44.27,125.12
3,30.42,61.59,0.88
17,25.1,53.74,68.48
18,30.5,64.21,45.94
29,32.62,92.97,64.1
33,31.51,11.14,71.45
8,54.23,69.96,1.0
7,6.52,85.34,2.59
17,23.6,68.17,65.69
14,33.0,11.14,31.17
6,29.15,42.46,4.23
16,28.56,63.83,48.79
18,46.3,47.16,30.12
6,48.44,69.18,0.18
12,22.99,50.19,44.72
1,21.1,60.13,3.18
24,30.07,56.02,83.36
24,29.59,69.23,99.11
27,25.06,42.95,82.41
1,32.14,40.64,0.59
19,21.52,58.05,57.19
20,31.25,92.49,37.44
29,5.58,65.24,62.59
8,27.92,40.63,3.08
24,25.58,59.88,96.31
17,8.1,41.89,27.39
29,47.41,67.88,58.14
14,30.09,42.92,39.32
6,8.58,59.78,2.63
20,33.63,55.22,68.18
31,31.28,40.42,110.11
5,46.0,90.47,4.01
26,21.52,60.76,84.3
22,28.39,47.46,91.2
34,33.8,66.55,119.66
29,32.25,12.18,70.01
9,29.09,44.48,3.1
20,21.02,11.14,52.54
26,46.08,55.72,50.34
11,29.23,67.38,0.4
17,45.44,50.3,35.7
12,24.05,15.86,26.71
24,20.23,66.28,89.74
31,9.58,13.44,48.19
27,23.76,54.1,98.56
30,33.96,40.53,110.25
20,25.24,50.5,71.66
3,32.17,64.75,1.65
29,23.46,46.01,114.32
24,25.17,43.63,90.49
33,31.5,61.94,101.0
7,20.25,59.84,2.2
2,33.61,64.01,4.3
26,21.38,41.9,67.15
12,20.98,69.93,42.82
7,22.98,60.7,2.16
4,8.42,66.07,0.31
21,5.87,54.65,45.49
5,26.04,68.65,0.18
35,32.56,50.87,91.1
2,25.48,56.37,2.75
13,5.53,43.07,22.22
35,33.53,47.27,99.91
19,20.54,50.49,51.18
24,8.34,53.96,37.43
19,57.4,48.61,37.69
12,22.27,46.64,36.34
33,31.29,88.3,122.99
2,9.78,49.5,0.51
11,5.74,62.3,3.56
13,9.52,65.11,29.31
31,7.71,42.92,77.42
1,26.27,58.44,3.56
33,29.4,61.34,132.77120000000002
19,28.41,59.86,70.5
14,27.33,53.8,41.39
13,33.68,51.47,48.27
19,27.18,15.86,44.23
23,45.71,47.33,57.84
3,31.23,48.51,0.7
35,20.86,62.31,109.01
6,30.99,46.02,1.24
13,48.61,62.28,32.36
33,20.58,40.11,102.28
19,32.22,48.38,55.46
18,31.54,43.18,45.25
34,26.49,93.84,64.14
6,27.87,68.84,4.74
23,26.76,55.0,75.18
14,21.03,19.85,28.17
23,25.37,85.68,95.68
15,22.05,93.82,33.68
18,31.52,56.66,56.3
3,31.02,46.74,3.47
28,31.44,46.13,82.18
21,8.06,65.58,39.89
9,26.32,66.92,3.08
18,9.2,60.0,34.42
25,22.01,94.03,48.07
5,29.04,55.46,2.05
32,33.53,41.99,106.3
16,45.74,67.74,32.13
14,33.62,41.49,55.27
16,20.61,60.83,58.8
31,5.53,42.91,64.68
24,5.65,64.0,49.44
26,28.24,43.23,101.41
9,7.01,66.69,1.92
12,30.86,68.12,37.95
1,25.32,68.77,1.72
27,48.72,68.91,65.01
5,28.91,59.28,0.27
21,21.87,51.4,74.76
23,57.51,50.15,46.28
5,27.04,40.13,4.97
14,30.28,67.32,45.88
29,7.78,65.0,67.6
34,30.63,62.8,94.65
18,21.21,42.81,69.15
28,30.15,54.81,76.94
1,5.53,47.43,1.87
18,34.53,55.33,61.48
23,34.36,57.3,64.58
1,58.45560000000002,18.91,0.4
18,28.52,61.85,46.67
1,34.15,46.57,4.71
13,27.92,43.72,35.68
1,25.85,40.3,3.88
17,24.27,90.23,32.54
30,28.46,69.55,88.82
12,34.47,68.55,36.04
29,26.66,67.47,75.68
35,47.25,64.45,61.29
1,51.23,64.17,2.65
31,23.5,51.59,84.25
33,33.33,69.23,117.38
31,22.33,66.5,79.07
29,29.72,87.95,83.78
29,21.68,18.94,60.65
26,21.5,54.36,98.22
3,23.69,59.13,0.41
33,22.25,48.6,89.67
10,58.45560000000002,19.38,4.52
20,25.54,42.79,80.89
11,55.98,48.79,3.28
23,30.71,43.23,66.84
31,21.1,13.94,86.92
18,50.56,88.08,36.98
1,22.35,15.01,3.61
3,8.88,16.29,4.82
5,21.29,51.16,4.96
3,26.63,46.02,0.85
33,26.22,66.63,99.0
19,27.09,41.06,51.74
3,9.26,50.59,2.18
15,25.49,12.34,33.95
25,57.76,52.94,51.73
19,20.45,62.44,59.39
16,8.83,47.23,37.55
1,23.75,12.62,3.74
22,23.04,17.3,53.0
5,27.96,52.7,2.89
12,25.67,47.6,50.39
7,53.38,89.07,1.22
25,22.8,67.92,88.95
27,33.92,19.91,77.65
9,33.17,59.81,3.96
27,30.94,42.23,99.6
12,30.73,41.3,31.52
25,20.15,43.72,88.8
6,24.89,69.5,4.65
15,28.98,63.42,59.3
18,33.67,57.12,64.88
25,25.76,56.17,67.52
2,26.95,47.3,0.8
29,55.85,61.54,68.07
19,57.93,66.55,37.55
4,20.99,68.2,2.34
7,57.47,55.77,3.26
15,6.22,44.36,32.3
12,24.14,14.28,26.01
19,30.29,56.75,63.5
32,27.02,13.6,87.6
19,5.66,62.54,36.17
34,32.13,51.63,132.77120000000002
34,30.98,58.42,116.93
15,46.74,43.99,37.48
28,32.03,57.96,111.02
27,22.98,68.28,82.26
1,34.99,51.15,3.96
27,26.22,11.14,59.2
16,9.22,17.93,20.54
8,55.88,56.18,3.93
13,31.4,15.06,27.37
6,25.17,15.33,4.68
5,23.86,88.85,4.37
7,21.21,93.05,2.53
30,29.91,52.43,91.06
4,23.27,45.93,1.78
3,29.71,56.74,2.28
3,24.13,42.46,0.48
16,21.33,91.98,40.92
1,25.53,58.45,1.66
10,34.57,55.74,1.34
29,31.28,64.31,111.27
22,53.34,68.67,39.72
8,5.53,60.16,2.88
16,26.18,43.05,52.71
22,27.14,51.37,71.23
4,34.83,85.67,1.73
34,34.13,44.55,87.25
34,25.73,63.93,112.16
26,9.98,52.94,45.45
20,26.6,87.98,52.31
32,23.15,88.79,94.79
35,20.42,44.51,90.25
28,27.44,59.94,103.15
28,6.33,53.81,62.69
13,48.67,85.81,25.25
35,24.62,55.45,107.92
9,24.81,54.38,4.21
4,6.11,52.33,3.38
2,27.01,19.39,4.5
34,21.75,13.88,80.3
25,33.28,56.74,62.95
31,34.67,14.79,85.07
25,24.73,60.66,103.38
22,27.48,14.69,63.03
3,26.22,94.03,1.55
3,6.56,59.21,2.21
33,28.9,41.46,97.06
26,33.27,60.52,87.64
25,26.14,69.43,97.36
17,55.59,52.21,25.57
16,24.25,54.44,55.34
18,21.28,44.53,48.34
15,20.88,61.98,50.04
9,22.11,44.91,4.83
5,32.43,65.83,1.27
30,23.57,66.62,76.11
21,32.08,64.38,77.27
22,31.74,12.77,49.85
29,34.52,69.72,106.84
1,21.41,50.46,3.63
9,26.78,67.91,1.8
21,25.67,43.25,73.73
4,32.64,87.2,4.34
14,32.22,90.0,51.54
13,34.54,53.82,35.1
2,34.86,18.43,3.59
5,20.74,49.32,3.29
34,22.48,56.45,114.17
2,23.14,46.14,1.21
31,55.28,56.77,61.45
11,27.14,40.53,1.37
9,20.57,53.74,1.91
18,20.18,11.14,44.31
35,31.22,65.85,91.81
3,29.78,68.73,0.35
11,58.45560000000002,64.61,3.85
18,30.65,15.06,52.73
4,23.27,57.07,2.7
32,30.85,45.48,88.55
33,34.54,11.46,79.4
4,22.3,43.61,4.08
19,20.56,47.11,53.6
23,30.89,68.84,76.26
4,28.14,18.79,3.87
25,7.14,55.8,40.52
32,23.53,59.18,90.75
6,20.76,85.85,0.91
3,33.97,61.55,0.42
23,32.67,63.51,64.35
25,26.52,68.35,98.92
2,31.96,52.65,4.59
24,34.57,43.41,67.87
22,25.35,87.5,57.15
13,30.61,56.2,44.59
32,22.36,43.31,82.84
3,32.76,60.72,1.22
2,35.0,90.53,3.4
2,34.59,56.88,4.15
6,46.15,46.76,2.5
5,33.63,42.37,3.99
4,22.6,56.99,0.81
15,31.57,44.19,54.45
26,52.39,65.17,58.54
9,45.53,94.03,2.11
25,5.61,68.12,51.72
6,22.24,56.4,4.2
8,22.26,58.7,1.76
20,34.18,13.84,47.98
21,22.66,67.33,86.48
17,48.01,55.93,35.13
31,8.3,49.77,53.33
11,5.53,19.05,2.84
20,22.96,47.4,80.68
23,24.79,44.71,60.95
28,29.23,49.92,102.93
35,27.92,48.24,108.94
14,22.85,42.83,56.55
33,29.59,65.75,83.22
13,28.63,87.69,44.22
2,32.22,65.59,2.83
25,27.41,41.4,99.04
35,28.21,49.82,124.06
23,26.25,52.53,62.69
30,21.72,46.97,96.22
26,27.69,11.14,50.66
12,27.11,50.25,45.73
34,49.53,67.34,72.62
1,31.62,42.55,0.9
1,46.83,50.11,2.41
3,23.21,44.61,4.25
16,31.4,61.03,53.92
13,27.75,40.0,40.03
13,32.05,42.9,48.21
1,29.11,53.03,3.02
9,32.8,40.45,2.12
20,34.78,41.01,80.1
4,46.35,57.34,0.74
9,31.17,64.46,1.91
22,34.53,50.07,83.81
24,34.69,43.09,67.92
18,33.72,58.42,61.83
10,52.27,41.18,0.18
5,47.74,50.95,4.7
9,27.09,50.76,1.32
5,29.09,42.27,0.75
32,26.07,47.92,122.77
28,26.99,17.75,73.31
13,32.59,55.16,41.67
24,29.48,46.21,87.61
6,25.65,54.43,4.04
6,23.71,43.26,4.37
3,54.91,94.03,4.68
22,22.55,55.54,60.04
21,32.58,64.37,88.17
15,28.58,47.04,40.51
29,27.77,52.97,92.16
1,21.35,45.89,3.22
19,20.82,57.75,52.54
14,27.21,65.02,36.3
5,8.54,57.73,4.32
2,22.04,55.69,2.18
31,20.45,94.03,82.43
15,5.53,59.47,31.92
20,22.31,48.83,82.94
31,23.78,67.22,127.7
33,24.77,48.11,107.59
30,57.53,86.08,72.75
29,47.51,13.01,41.19
28,29.14,44.83,99.05
35,22.88,45.9,119.79
17,28.75,52.74,58.62
7,27.56,92.07,4.61
24,32.77,54.91,91.79
28,31.99,63.39,79.01
21,9.47,64.02,49.63
3,47.15,66.55,2.5
1,29.4,44.38,0.89
5,26.81,18.37,4.61
3,24.5,48.03,1.16
6,21.01,69.74,4.03
23,32.6,60.8,82.9
14,7.55,58.61,23.83
8,26.25,68.0,3.2
31,22.51,66.67,118.73
31,31.42,41.59,106.67
31,28.87,45.95,85.89
25,23.24,52.33,82.53
34,34.75,45.03,124.48
33,22.39,44.1,132.46
28,28.94,89.27,96.57
21,20.34,42.7,74.53
13,20.1,53.92,48.68
25,21.7,54.28,79.28
28,21.03,60.89,103.69
3,20.09,60.99,1.21
4,31.7,60.12,0.47
23,31.54,69.57,78.13
25,30.5,51.0,78.04
2,29.09,86.99,1.74
28,28.76,48.57,89.96
2,32.99,68.09,1.9
2,33.33,11.14,1.59
26,25.49,69.61,108.53
22,28.63,15.11,45.08
29,30.69,41.87,106.11
3,20.4,64.69,2.3
28,34.3,68.57,97.44
1,26.63,64.62,1.95
10,26.26,46.24,2.11
34,51.12,91.47,55.32
3,21.44,62.1,3.78
27,22.61,54.41,80.44
32,6.91,88.88,61.73
33,22.5,40.16,92.67
26,26.89,64.01,106.11
26,26.36,46.31,65.83
32,28.31,13.78,63.72
8,20.55,54.86,1.52
2,22.99,49.74,4.03
25,21.49,60.07,72.02
34,31.14,17.32,97.82
11,34.01,64.44,1.92
11,22.65,54.95,3.89
16,23.33,68.11,64.41
35,6.39,11.14,61.25
8,31.12,63.51,0.54
35,26.32,43.67,130.14
19,20.49,69.13,73.01
13,58.45560000000002,68.04,22.72
5,26.43,62.44,4.78
15,31.42,89.25,45.66
24,6.93,69.41,40.65
28,23.0,45.82,101.18
17,57.56,48.26,30.59
25,34.11,51.09,95.34
2,53.85,48.33,3.82
16,30.72,60.68,53.59
2,26.48,48.25,1.67
10,28.99,62.55,0.58
18,30.27,91.94,52.29
11,32.69,58.75,1.79
29,20.17,56.86,103.0
28,22.32,59.57,114.79
25,21.66,46.89,100.18
7,30.87,59.84,2.9
9,54.64,85.08,2.95
21,20.91,93.22,47.04
4,33.28,60.81,3.63
24,30.11,43.32,71.02
13,30.65,44.21,52.82
20,9.37,54.55,36.4
24,24.54,64.15,70.64
34,8.66,40.7,82.17
11,34.44,42.91,1.98
24,24.25,62.49,77.19
31,21.9,92.68,77.0
20,32.15,15.35,57.38
14,29.51,51.54,43.27
28,34.08,40.27,88.35
27,29.25,46.38,89.37
27,23.01,41.25,73.36
5,27.05,69.9,3.57
30,20.33,49.73,112.99
13,22.16,11.52,35.73
15,22.55,50.9,55.55
7,32.33,67.85,4.0
30,27.43,14.96,69.9
12,33.93,45.07,36.28
24,51.31,65.48,53.52
11,33.79,91.63,1.12
11,45.38,42.03,3.23
18,26.81,94.03,46.51
13,20.53,66.53,52.79
27,20.77,65.4,90.43
1,29.22,66.57,4.51
10,25.45,54.39,4.39
10,29.61,54.17,4.5
24,49.09,64.86,38.2
21,33.98,12.9,51.04
13,25.76,63.05,53.22
21,25.79,11.59,54.27
17,31.83,69.46,62.92
31,34.9,68.36,126.26
28,22.73,94.03,79.32
15,33.16,48.83,53.36
34,29.12,65.04,90.47
30,5.53,43.96,53.34
17,24.83,67.13,59.6
17,23.47,49.98,53.05
26,25.46,92.2,53.89
33,31.97,56.73,121.87
17,21.41,56.69,51.06
1,7.55,59.41,0.28
29,29.02,12.83,69.92
2,24.57,63.67,3.37
28,22.58,55.14,73.47
28,9.55,40.62,46.84
5,31.9,54.81,2.96
19,22.26,41.85,50.88
5,25.4,41.6,1.85
32,5.82,65.37,60.81
27,24.07,11.14,79.26
23,31.41,44.25,73.41
9,23.52,41.07,1.28
4,57.08,45.35,0.48
34,24.54,11.98,64.14
16,25.71,58.77,60.85
5,28.15,13.7,3.28
30,23.41,63.89,113.9
16,34.82,13.31,41.99
29,54.76,57.51,45.16
28,29.89,54.88,82.67
26,26.05,19.89,61.29
20,31.89,93.21,44.78
27,22.5,60.47,89.49
9,27.33,62.89,1.4
31,27.03,59.66,105.83
20,20.52,15.39,51.45
19,6.23,69.76,29.98
21,29.24,40.87,62.29
4,51.63,62.22,3.5
15,22.43,56.59,47.31
34,25.94,17.41,82.9
15,7.46,65.41,28.36
29,31.87,65.79,88.47
33,24.66,11.14,94.94
17,28.82,42.09,63.76
4,22.43,69.02,3.85
31,31.67,41.45,128.18
14,30.89,19.75,32.0
31,53.8,46.8,65.77
13,31.25,57.3,47.63
9,28.38,41.19,1.47
22,29.67,66.95,65.46
22,27.36,61.85,58.38
12,29.08,11.49,28.53
4,25.96,12.07,3.46
10,29.44,53.1,0.18
1,29.67,69.64,1.81
27,20.46,11.19,52.04
35,30.46,64.51,96.21
25,28.67,62.36,94.62
21,24.24,67.36,56.96
19,23.03,69.26,66.52
31,32.8,66.28,93.96
4,30.56,67.09,1.77
2,21.47,64.94,0.73
19,26.34,69.59,57.59
23,26.33,64.98,70.13
16,20.25,60.62,64.77
16,21.35,89.03,41.52
18,20.03,45.69,66.05
17,29.06,57.38,48.96
11,24.38,56.18,4.72
17,8.37,42.11,38.91
9,55.42,16.85,3.96
8,23.32,54.24,3.41
4,8.98,53.75,3.54
24,27.05,69.95,61.12
1,33.43,11.14,1.36
27,31.55,50.19,70.14
6,22.98,58.53,3.12
10,27.52,89.9,4.12
33,9.22,66.02,60.43
21,26.1,48.08,83.81
6,33.01,61.54,3.99
33,5.53,69.47,80.11
27,55.79,45.5,47.11
8,47.39,47.49,4.95
31,26.0,67.29,100.68
3,24.23,59.3,1.84
18,55.92,51.53,35.81
16,34.43,47.85,47.29
21,28.9,89.88,71.4
17,25.01,59.49,70.4
22,29.79,52.63,82.88
16,20.68,47.23,43.63
33,31.61,67.34,125.25
26,6.85,49.64,49.31
17,31.0,66.99,49.4
34,28.33,51.31,124.66
23,6.6,41.56,57.21
31,28.22,43.77,115.82
9,7.08,46.73,2.19
29,28.98,56.89,111.57
27,31.15,90.17,64.63
20,53.69,68.74,37.14
13,5.53,87.49,25.6
13,22.02,60.59,53.32
18,34.33,65.0,57.08
25,25.94,55.44,66.34
35,24.7,68.66,132.77120000000002
24,26.33,41.12,80.51
26,34.59,11.43,58.34
17,30.16,55.88,55.4
28,30.02,50.07,99.73
7,26.29,15.85,3.58
16,20.62,56.26,51.18
34,34.59,53.61,121.97
35,25.72,40.97,132.77120000000002
16,30.37,91.77,32.64
2,24.76,65.42,2.7
27,28.68,15.85,50.63
15,27.41,48.35,58.59
23,32.62,92.98,55.01
21,21.41,47.0,86.07
10,30.75,44.23,2.09
15,30.63,85.67,50.34
14,22.97,56.17,43.06
16,21.26,87.83,40.35
26,20.16,66.48,80.68
19,21.32,52.92,52.39
21,25.77,49.29,74.74
29,6.32,50.04,61.76
18,23.05,63.59,56.32
30,26.59,59.87,102.46
19,30.08,62.22,79.54
5,5.53,18.18,0.58
1,32.79,61.87,4.67
20,53.12,42.33,49.84
7,22.99,57.33,4.62
30,49.07,46.08,62.43
27,30.6,64.54,111.39
13,34.82,53.88,53.94
7,21.23,65.52,0.76
26,20.38,54.46,99.64
27,33.27,67.13,96.7
26,33.66,49.34,87.19
25,32.66,40.47,78.48
24,32.16,14.76,43.19
19,20.62,63.66,55.57
2,49.01,40.05,3.72
24,20.4,43.66,68.0
20,32.17,65.64,64.78
35,29.46,11.14,86.09
9,22.96,64.13,1.84
4,27.17,87.28,2.41
35,7.76,48.89,87.79
4,28.57,59.08,4.08
11,33.82,11.14,0.48
18,26.37,41.17,64.24
12,21.25,58.63,44.62
29,27.16,44.15,100.16
13,31.77,66.92,36.89
30,28.67,16.22,74.41
1,23.87,17.98,2.3
3,46.67,18.81,3.24
30,27.96,41.83,85.36
29,50.93,46.7,54.98
17,52.65,58.47,28.68
18,32.39,47.74,53.29
33,21.87,41.23,83.36
17,9.09,61.7,38.13
25,24.38,68.69,101.97
8,46.4,57.79,3.06
1,32.49,46.68,1.56
34,20.33,86.01,97.03
35,23.62,67.23,132.77120000000002
4,26.33,55.69,4.05
4,33.9,58.09,1.64
18,28.35,62.76,64.2
21,6.82,53.43,34.75
33,57.06,62.5,61.65
7,25.9,67.06,4.01
4,27.18,47.3,3.51
12,30.73,51.05,35.38
29,27.89,56.69,87.92
10,47.63,92.89,0.18
10,46.65,47.81,3.13
4,34.04,65.03,2.6
19,25.87,87.29,61.81
14,27.42,56.91,54.76
13,50.33,65.04,23.95
23,24.26,65.58,58.81
26,34.55,58.44,87.24
21,47.4,40.66,34.64
3,30.36,87.16,1.71
12,34.97,42.28,46.11
7,20.29,51.63,4.59
7,34.8,56.37,3.57
2,51.18,68.53,3.33
31,20.1,65.81,77.76
26,28.89,66.46,87.6
20,25.04,56.05,53.91
33,28.53,65.12,120.98
17,26.38,65.68,64.41
32,24.43,44.98,96.09
7,20.87,58.94,0.76
17,31.5,18.62,47.02
16,20.44,68.93,47.7
5,20.63,55.36,0.18
14,29.53,19.16,33.99
18,31.74,47.16,69.77
9,34.66,45.38,4.37
2,32.06,42.92,3.99
5,8.4,44.2,0.47
31,23.19,69.19,84.08
1,32.46,55.53,1.06
10,30.57,43.1,3.89
29,30.32,69.85,92.32
30,31.81,65.34,89.79
16,58.45560000000002,44.11,29.35
9,8.33,43.74,0.47
17,7.77,50.03,27.8
27,45.98,50.77,44.19
9,49.51,11.14,3.14
16,50.97,56.24,27.34
23,24.33,69.05,72.13
20,7.67,64.74,48.68
18,31.14,64.5,48.14
8,23.97,65.86,0.72
17,28.08,68.49,65.71
35,25.59,43.53,130.63
25,24.65,60.76,99.32
13,31.97,65.05,36.88
1,34.61,51.12,0.84
9,30.74,40.55,3.44
24,57.09,11.15,27.35
23,34.58,65.87,57.85
31,31.9,60.15,79.57
1,33.63,40.54,4.3
16,20.21,19.44,40.73
16,33.51,54.45,61.33
29,27.35,61.41,97.0
15,23.37,65.45,43.43
21,34.34,17.7,60.01
5,27.17,69.06,3.05
25,5.67,45.86,58.03
21,20.61,67.12,76.62
34,27.5,60.94,117.44
26,23.93,61.43,89.28
34,34.43,65.75,128.56
35,28.49,42.3,132.77120000000002
19,22.88,55.37,51.48
16,27.17,62.06,65.27
30,31.74,58.26,91.95
28,22.35,45.97,104.35
8,31.77,65.81,3.09
14,20.32,44.9,45.93
25,57.62,60.81,61.91
12,23.09,53.85,43.16
18,23.29,68.22,48.87
7,28.73,51.66,4.83
13,23.55,57.53,45.08
9,7.22,42.12,1.75
28,25.61,43.15,114.77
34,58.45560000000002,53.26,66.99
5,33.54,56.41,3.04
35,33.74,67.5,129.04
25,30.13,94.03,52.13
16,32.61,64.09,52.3
22,20.89,57.52,59.17
9,52.38,65.09,0.6
19,21.95,49.99,69.73
14,34.57,85.24,40.19
26,22.09,16.55,63.41
14,26.15,12.91,39.22
17,30.46,63.3,63.59
5,34.82,56.45,4.88
13,6.73,65.94,32.41
27,31.15,64.08,98.14
33,22.29,94.03,94.03
31,33.18,52.5,82.26
18,28.44,41.71,57.86
27,21.69,50.64,107.6
7,7.05,42.8,2.96
24,21.92,61.42,76.68
14,33.31,49.39,38.53
4,25.72,54.46,0.51
9,21.71,48.34,4.32
32,29.76,59.62,111.52
14,30.09,67.0,54.65
32,6.11,64.9,68.18
20,29.54,41.86,65.5
5,24.86,62.93,0.18
31,22.69,62.31,105.31
10,20.31,12.25,3.32
35,28.26,59.37,95.95
18,29.73,53.82,54.47
34,31.34,48.84,132.77120000000002
25,22.35,11.14,49.64
18,34.82,57.98,57.28
4,29.18,56.19,3.48
25,28.26,67.59,101.71
11,27.02,15.07,1.22
30,28.58,89.77,86.18
34,9.63,59.43,58.11
19,57.94,14.34,29.08
17,26.13,60.29,42.77
13,33.34,43.02,45.29
5,49.52,66.95,1.36
24,8.59,64.32,52.43
26,34.81,53.83,66.11
17,23.78,56.31,50.56
29,30.57,19.65,79.32
16,30.31,49.27,50.1
23,33.37,64.77,93.11
30,20.79,53.79,114.96
18,34.97,47.93,45.48
1,29.8,61.6,0.38
19,25.23,64.95,64.38
11,34.66,19.8,4.4
28,28.24,54.36,104.89
32,45.02,64.27,77.18
30,32.67,69.43,121.65
21,27.97,56.03,59.15
34,22.53,48.06,132.77120000000002
26,26.65,48.55,96.18
12,53.82,40.77,27.56
14,31.2,91.8,33.9
30,24.39,69.63,116.72
20,5.86,42.76,50.08
26,25.26,55.36,108.99
14,30.57,62.01,48.44
14,31.43,47.58,39.39
22,34.36,57.75,86.59
17,21.64,14.55,47.54
6,56.94,47.87,3.65
16,34.75,69.26,63.62
27,20.1,48.66,80.81
20,29.97,68.68,81.06
16,24.73,44.74,60.85
13,32.42,49.59,42.76
7,20.35,50.2,0.88
7,32.05,15.59,0.68
32,30.4,85.25,88.08
28,24.3,48.33,89.37
7,29.05,58.42,2.85
33,27.94,67.92,87.1
34,33.01,53.45,100.33
22,6.74,94.03,32.78
13,26.16,54.56,53.07
5,25.62,67.07,4.86
29,29.56,55.96,119.55
24,25.31,11.14,64.86
18,50.64,19.33,28.72
22,28.39,68.32,56.13
17,28.96,19.69,31.82
10,54.37,61.72,1.61
10,32.13,46.48,4.1
26,20.53,88.33,88.77
15,22.58,46.56,49.98
26,25.71,94.03,75.22
3,34.41,45.96,4.9
6,32.88,15.92,3.51
22,26.14,63.99,64.71
26,7.78,43.82,55.62
7,31.64,51.33,1.73
3,7.55,43.01,0.18
26,9.12,49.27,40.89
29,24.17,54.67,109.33
5,29.1,42.74,4.53
5,33.55,61.81,1.25
31,27.61,41.85,117.57
6,29.32,53.23,1.22
10,27.55,46.33,3.18
35,33.34,45.08,96.73
7,7.51,14.13,1.93
4,33.11,56.21,2.37
24,34.09,59.25,62.58
6,32.69,69.22,1.87
31,26.78,61.21,95.84
15,29.37,51.22,46.66
1,22.42,43.99,4.17
10,23.23,55.87,2.35
30,25.74,62.63,106.12
30,26.34,56.25,109.8
15,27.53,60.1,51.84
34,29.4,54.5,131.43
35,28.57,88.71,91.45
25,25.43,49.58,73.67
20,33.29,50.8,71.27
23,23.81,51.37,79.31
25,34.46,69.03,87.79
20,7.48,49.41,44.76
9,5.67,47.39,4.57
1,24.42,61.87,4.49
10,22.78,47.5,0.26
18,28.4,48.2,48.09
25,23.06,62.21,80.75
1,28.62,61.48,0.83
2,7.21,49.94,4.86
14,22.64,85.24,46.34
28,26.8,11.14,66.76
5,20.78,52.14,2.54
20,25.27,61.25,73.0
14,54.62,53.87,29.25
28,22.96,62.56,87.71
35,32.89,15.19,92.16
29,8.26,42.04,63.83
16,31.89,43.93,53.37
22,9.81,91.77,23.46
13,24.41,45.79,51.96
26,21.71,41.86,80.97
20,21.07,94.03,56.6
8,27.11,47.92,4.37
18,25.96,45.0,53.98
17,25.91,64.7,65.65
12,22.43,55.13,49.06
10,22.1,41.44,2.9
32,22.87,55.35,108.12
20,25.13,67.24,78.08
30,28.29,61.15,124.5
30,28.64,11.76,83.94
12,50.46,62.95,22.94
27,25.39,42.56,99.61
26,24.63,60.07,90.32
16,20.3,43.45,52.47
13,29.06,15.52,27.44
23,24.85,47.51,79.19
8,24.07,57.34,3.89
30,25.51,40.21,122.87
33,21.18,93.71,87.8
26,53.83,94.03,43.01
13,30.86,48.81,44.18
30,25.71,62.11,106.95
19,33.95,67.26,50.18
24,26.09,64.0,70.02
29,32.13,88.48,108.16
26,27.28,47.79,81.77
15,54.84,52.64,33.92
11,26.01,67.95,4.98
21,5.68,44.23,34.66
15,33.79,62.59,47.26
25,34.98,46.05,99.96
11,25.56,60.78,1.04
13,30.46,44.39,48.08
32,21.89,69.91,120.1
28,28.21,49.17,109.06
8,29.9,69.77,2.09
30,21.64,67.66,75.47
21,26.4,51.14,69.06
16,23.18,53.25,57.48
16,26.36,43.29,59.96
22,31.81,47.63,55.35
30,22.45,60.12,118.76
11,20.28,46.33,4.94
27,54.94,85.25,67.19
5,22.71,43.83,2.12
1,58.45560000000002,61.17,4.06
23,31.87,13.03,65.83
17,33.93,50.39,67.1
28,26.21,47.92,106.48
22,7.19,51.1,38.34
13,30.4,63.68,51.38
17,23.52,89.4,69.8
32,28.53,64.78,130.14
12,33.8,42.01,48.81
10,32.12,41.04,1.48
21,25.81,56.13,80.87
24,30.18,52.12,82.42
12,52.89,60.51,25.55
35,21.28,65.75,112.73
22,28.44,53.1,74.88
9,6.87,41.04,2.11
20,28.7,68.63,57.32
34,26.83,59.79,116.64
6,26.41,48.02,1.45
19,24.46,57.02,74.49
24,47.26,42.43,37.76
29,27.24,65.59,92.4
34,27.94,43.58,111.17
30,31.78,45.05,111.84
30,22.13,11.34,77.21
34,23.41,17.78,93.89
18,26.43,57.8,46.24
14,33.49,63.89,45.72
5,50.62,62.09,3.98
21,24.68,57.58,86.77
3,28.71,41.83,1.56
10,57.95,65.16,4.88
10,30.28,19.81,0.51
20,50.63,57.56,48.31
32,35.0,53.96,88.69
8,8.54,43.79,0.81
13,47.26,69.93,30.66
4,45.41,14.09,1.54
15,34.93,66.89,46.03
22,33.03,52.72,58.05
10,24.82,65.3,4.08
1,31.65,58.13,3.58
8,22.32,56.3,2.65
24,32.93,44.39,64.26
31,31.13,17.55,79.28
23,34.9,69.24,58.29
14,25.17,45.65,54.8
6,20.71,11.74,4.92
3,27.0,57.99,1.74
3,20.74,41.67,1.09
17,25.62,51.23,44.24
10,53.63,88.25,2.46
1,9.09,61.16,3.98
17,29.31,47.64,53.97
35,34.36,52.83,95.37
14,20.44,48.3,45.51
3,23.59,19.85,3.99
12,26.75,44.3,42.36
22,32.74,58.35,64.31
18,34.56,48.7,75.2
27,7.89,65.81,49.2
3,21.8,86.42,4.98
17,32.78,67.89,63.28
3,21.29,49.95,4.23
33,26.49,61.53,84.01
4,29.63,50.93,4.23
30,5.81,59.51,68.5
1,51.84,68.69,1.01
10,6.79,12.88,0.78
22,22.69,48.26,91.89
26,9.58,66.02,57.85
34,9.71,86.82,59.29
30,30.54,55.4,88.45
6,34.09,85.82,0.23
2,29.92,18.23,2.04
4,24.96,42.48,2.32
15,34.94,49.6,39.92
31,23.38,42.78,108.58
10,7.38,64.71,4.82
30,20.2,49.63,102.91
22,22.65,55.24,71.72
3,27.07,40.61,2.97
20,46.18,65.49,31.83
8,24.95,43.16,2.72
2,55.19,91.58,0.88
19,9.16,62.76,39.69
1,25.98,52.6,3.35
8,31.65,49.29,0.86
2,26.59,66.95,0.18
14,29.13,65.17,55.73
22,25.99,87.22,59.62
29,30.8,63.68,97.88
23,20.88,64.79,92.73
5,25.39,51.52,2.3
22,25.31,94.03,62.41
9,30.87,48.57,2.35
14,9.92,58.61,29.86
19,21.43,93.97,53.45
31,25.41,65.22,86.52
6,27.08,56.9,3.69
4,53.93,64.63,0.45
19,5.95,67.53,28.83
29,34.04,16.56,83.11
31,24.38,52.53,98.08
19,31.08,53.95,66.34
26,29.02,11.44,54.9
22,58.45560000000002,52.14,53.05
15,31.91,69.07,38.97
2,28.86,68.8,1.2
20,5.53,43.19,33.44
14,7.87,47.13,26.82
10,26.79,65.64,0.88
18,26.65,55.44,63.71
7,29.63,49.6,1.98
1,20.76,64.52,4.07
7,20.67,67.39,2.6
33,21.53,65.37,93.13
33,34.82,61.79,125.17
4,5.64,57.34,0.65
33,34.71,40.46,97.55
23,5.53,40.19,46.61
5,31.19,60.47,3.68
34,20.25,91.92,86.63
30,32.57,62.41,82.55
2,31.77,41.94,1.14
10,29.9,51.32,4.99
35,30.37,61.77,116.67
24,50.94,62.99,53.52
2,46.01,65.03,0.83
31,20.54,58.66,82.2
4,23.15,12.0,4.01
4,7.16,50.66,2.28
16,31.85,53.32,61.1
1,33.69,46.83,1.88
19,22.25,50.78,68.02
17,28.12,55.73,69.63
4,31.09,41.6,2.64
4,25.06,69.99,0.57
4,32.79,61.98,1.5
17,45.05,52.38,42.62
26,24.57,64.7,108.68
13,20.13,67.66,39.1
24,32.87,40.41,94.08
14,54.53,12.45,24.58
17,28.42,58.16,65.17
3,23.78,53.63,2.72
2,26.85,47.38,4.48
27,21.23,60.65,69.43
12,58.3,66.41,19.66
32,22.74,51.16,131.4
32,27.39,57.75,126.61
2,6.75,85.95,0.5
19,55.93,64.28,38.68
28,31.94,59.54,106.74
5,32.19,58.27,1.4
4,34.11,47.2,3.65
9,29.23,55.96,3.62
29,58.45560000000002,65.74,67.44
12,32.22,58.68,42.92
27,28.34,43.95,98.2
25,23.43,64.4,95.38
34,27.05,61.22,132.77120000000002
35,24.31,41.76,113.6
8,33.67,53.45,0.26
21,29.76,44.85,70.88
24,22.62,56.62,97.14
24,33.27,59.05,65.29
14,32.17,43.61,42.93
19,23.64,64.4,55.53
4,33.51,16.44,1.22
23,30.78,46.61,88.29
35,22.93,18.51,82.42
25,21.4,40.33,104.2
21,25.25,64.69,65.28
7,30.93,68.55,3.12
2,28.07,91.11,4.56
3,27.91,46.92,2.7
3,22.48,53.69,2.03
3,24.34,69.09,0.54
5,31.61,43.64,4.52
14,30.36,55.57,36.3
32,32.54,41.43,80.87
16,20.18,54.31,64.77
11,20.17,42.93,4.52
23,54.21,41.71,38.48
15,45.84,58.47,26.34
31,6.21,58.11,66.03
4,28.53,54.84,0.81
12,34.84,57.59,35.14
29,8.1,68.62,50.8
5,29.38,41.85,3.36
22,8.91,94.03,24.26
27,31.53,51.2,81.63
14,31.45,16.47,38.82
28,26.06,59.54,117.34
9,30.76,49.31,4.14
34,20.39,47.34,121.48
33,23.35,51.64,84.0
2,32.25,64.13,0.83
28,21.39,47.34,110.52
18,26.37,55.52,65.34
15,33.43,43.06,39.02
16,29.25,63.17,62.2
6,34.16,58.31,4.66
18,8.25,51.75,43.99
27,29.16,17.46,75.37
13,9.8,43.52,27.45
2,30.48,91.32,2.25
13,34.29,15.81,33.91
35,9.08,54.73,67.82
22,26.73,62.75,63.01
7,22.5,64.88,0.18
16,52.88,67.53,25.51
13,27.49,87.22,44.98
11,22.84,65.06,1.04
30,32.05,90.1,61.2
20,22.76,57.5,77.99
22,26.85,11.27,48.96
1,49.05,50.4,2.02
29,23.68,16.5,82.88
2,21.9,47.86,4.4
28,58.45560000000002,56.56,51.79
9,22.87,52.41,4.79
30,30.77,68.13,113.13
13,31.34,18.71,27.28
28,58.27,54.38,68.35
8,23.97,42.03,0.68
3,8.58,60.28,1.88
30,45.07,52.97,55.93
4,21.68,60.92,2.4
21,24.4,62.57,73.94
14,31.7,42.76,58.19
9,32.18,50.51,3.94
21,22.28,51.52,76.32
5,26.43,46.26,1.47
26,31.16,89.63,91.12
27,26.06,46.76,75.57
6,21.74,43.01,4.7
33,54.0,41.87,75.81
17,34.48,47.09,67.88
20,8.41,62.07,48.89
35,6.85,60.52,82.01
14,29.72,54.88,40.67
10,29.79,90.34,0.9
21,30.84,41.16,79.6
30,28.62,54.3,91.34
20,9.93,45.26,45.09
2,27.35,44.03,3.72
27,22.7,41.46,70.54
25,25.5,53.81,95.4
16,24.79,61.92,44.36
26,24.64,12.47,75.05
7,30.97,60.2,0.97
6,34.9,89.77,3.85
16,32.45,50.16,63.99
26,56.18,91.92,45.21
23,23.88,93.13,52.04
29,30.14,56.43,109.46
1,34.74,59.6,3.84
7,29.36,65.38,3.65
9,29.34,40.6,4.66
24,21.72,45.35,76.7
5,25.07,93.46,1.61
3,21.34,67.81,1.07
27,23.96,17.71,56.98
17,23.39,53.35,59.88
16,56.93,55.46,39.54
4,22.28,88.05,4.67
2,20.19,17.7,2.98
15,7.12,58.47,37.37
29,25.18,59.04,105.5
33,24.5,65.75,94.3
13,27.1,47.93,45.85
16,28.16,69.74,43.42
20,23.37,63.37,72.27
14,24.1,59.54,40.74
12,32.64,94.03,29.35
28,32.79,47.97,72.9
26,32.76,64.25,75.58
27,21.67,61.13,93.07
32,5.53,59.9,69.44
34,20.08,59.93,132.39
17,5.66,85.05,27.74
29,26.31,12.73,65.22
13,54.92,43.3,29.15
35,20.61,18.46,61.28
13,33.98,56.81,52.6
10,6.52,68.31,2.87
5,24.16,13.72,0.47
9,57.46,52.12,1.9
12,31.83,93.76,21.39
11,27.88,67.02,2.95
25,24.3,44.48,102.35
10,22.27,67.84,3.88
21,24.32,94.03,37.89
12,7.63,68.77,24.89
29,20.4,69.8,87.23
32,29.22,60.06,126.43
29,9.12,51.47,72.58
24,55.29,18.8,31.26
3,21.64,40.91,3.54
1,33.49,45.71,3.42
10,23.4,63.66,4.52
23,30.92,54.65,86.37
8,22.99,40.14,3.17
18,51.0,52.66,43.55
8,50.56,66.28,0.63
25,45.63,46.97,55.87
28,7.14,43.93,62.81
16,21.85,56.07,65.4
7,22.7,53.16,1.78
16,32.02,66.64,44.82
34,28.77,45.98,102.06
35,53.96,40.91,61.86
22,8.92,49.55,39.92
5,34.05,87.48,0.44
24,8.21,61.17,49.2
31,33.11,67.16,129.19
33,48.52,91.4,35.03
33,28.75,92.3,66.27
5,29.63,55.28,2.83
15,6.1,45.07,25.65
21,21.31,41.56,85.7
17,21.24,41.44,61.73
31,20.65,47.13,117.1
30,30.77,52.41,105.66
16,26.56,61.02,52.19
18,20.82,67.74,49.61
24,33.25,55.09,60.71
35,33.57,49.36,132.77120000000002
23,32.56,91.29,58.03
15,30.14,59.49,45.32
26,32.65,65.91,75.48
29,30.61,11.14,53.01
30,32.56,46.39,92.94
3,27.03,52.75,4.07
11,23.5,11.14,1.59
7,31.52,92.8,1.97
15,22.06,46.89,53.26
7,6.87,61.05,1.38
18,34.43,52.53,59.64
9,28.02,94.03,2.38
12,20.28,60.51,40.32
19,29.0,69.97,63.67
10,31.2,89.75,2.5
13,20.26,86.7,45.02
20,24.87,51.56,52.09
30,20.69,52.16,86.2
2,27.11,65.45,0.25
23,45.8,63.12,55.73
15,33.07,43.15,57.06
16,33.77,58.17,44.35
7,7.41,53.49,2.12
17,22.96,60.27,65.26
2,24.07,11.14,1.78
22,34.68,13.05,40.04
16,32.0,42.01,55.23
23,6.35,56.81,35.32
24,56.51,46.94,59.0
28,9.84,44.7,64.7
16,57.89,47.22,33.19
5,29.63,19.24,2.38
30,34.08,50.03,93.52
5,26.76,19.29,0.52
29,27.0,63.64,84.51
9,22.32,52.65,0.18
19,8.84,48.43,30.26
14,26.74,49.22,58.18
21,27.99,46.36,79.88
3,9.94,90.98,2.29
13,28.6,56.13,39.18
24,24.35,43.94,96.25
9,30.16,67.35,1.75
20,32.09,13.5,50.66
25,31.93,41.65,80.92
10,49.64,66.97,3.72
5,33.46,56.05,3.53
17,22.58,60.88,68.3
1,23.69,51.73,0.66
33,30.37,44.15,132.03
8,20.45,51.42,0.69
19,8.13,53.5,33.88
33,27.95,65.79,94.06
3,28.78,69.76,0.63
22,33.4,41.74,58.94
10,26.81,69.51,1.66
32,31.28,92.45,82.0
9,25.02,41.54,4.51
9,33.07,66.97,1.64
24,25.23,43.68,71.88
22,20.77,44.2,64.47
35,24.42,41.7,132.77120000000002
20,31.08,64.31,70.93
9,28.67,45.68,2.23
8,23.11,53.57,1.33
14,23.88,59.46,58.25
30,58.45560000000002,42.18,73.89
9,20.13,86.59,4.89
15,29.75,42.59,62.36
30,28.85,65.28,94.76
27,20.44,58.15,79.17
16,24.69,46.35,63.02
33,24.7,64.69,132.27
13,21.21,41.2,42.07
9,26.29,67.15,3.42
4,27.85,11.65,4.57
23,57.75,55.05,54.96
5,21.91,50.51,3.46
8,30.37,49.49,3.08
26,26.71,46.65,104.15
24,27.5,54.52,97.08
23,25.33,17.63,45.93
5,34.03,48.3,0.21
31,7.61,41.42,68.03
25,26.17,11.14,60.79
32,6.03,89.97,60.48
33,58.41,11.29,55.4
31,57.97,61.75,65.95
32,29.87,42.79,112.98
9,23.33,64.02,4.35
18,8.2,56.49,43.6
2,27.79,69.15,4.17
31,28.52,65.32,109.3
13,31.11,41.09,42.32
21,22.83,60.29,63.12
19,32.79,58.06,57.64
4,22.52,62.15,3.32
1,27.66,44.64,3.56
11,25.65,59.47,1.08
34,20.77,66.64,131.46
16,26.97,51.11,45.91
2,21.18,62.04,2.15
18,24.42,57.97,59.86
6,22.75,45.69,5.0
29,21.92,66.88,100.91
1,9.42,41.22,4.52
6,30.34,57.78,0.39
34,28.09,49.41,91.4
28,30.17,43.56,70.47
23,28.02,64.42,92.62
21,33.66,42.23,72.04
13,57.4,61.68,30.95
32,30.22,49.9,97.72
15,24.66,60.75,47.61
2,20.61,54.89,4.07
1,56.12,18.12,1.58
2,32.23,48.2,2.95
15,29.73,53.99,40.44
26,57.31,62.67,47.34
9,7.58,42.87,1.81
18,29.93,65.2,67.15
13,24.56,68.1,35.26
9,32.13,69.57,3.0
28,26.92,93.81,77.84
15,28.53,89.78,61.81
35,24.73,42.9,109.23
2,5.53,54.37,1.46
31,20.58,68.87,86.01
28,29.72,43.09,90.64
27,31.66,45.93,100.1
19,24.15,47.77,68.18
20,27.39,51.38,72.21
25,25.39,60.29,70.16
28,32.21,89.8,102.68
20,9.25,61.19,41.04
24,28.0,40.91,69.01
33,33.4,42.91,132.77120000000002
3,28.94,19.73,4.12
27,20.83,59.24,73.63
13,21.79,42.54,42.02
1,26.05,54.44,2.91
25,58.45560000000002,43.69,59.68
9,32.36,85.2,1.95
18,29.83,46.68,63.18
35,27.16,43.62,108.39
21,45.36,16.22,24.94
30,7.58,40.28,61.64
26,33.1,55.41,96.72
34,22.67,56.91,108.31
25,20.06,88.84,78.74
35,56.72,44.24,77.39
13,28.59,93.09,33.42
14,31.1,53.29,36.9
19,27.78,45.55,76.41
30,6.05,60.5,58.31
3,5.97,46.1,2.78
5,21.92,64.19,2.85
31,30.16,61.78,127.63
17,20.46,60.14,66.48
25,21.63,49.25,81.81
35,28.45,68.27,117.72
22,8.69,18.25,32.1
18,8.8,58.52,28.07
19,32.64,41.16,74.45
16,32.43,45.08,63.72
21,34.98,45.57,59.68
9,22.82,53.03,3.28
7,34.17,58.07,1.72
8,25.11,66.94,0.66
18,9.54,69.85,35.75
32,29.06,11.47,66.47
16,23.94,69.91,47.49
15,23.2,19.62,41.85
32,29.88,40.21,121.09
11,31.77,56.05,0.18
1,5.67,14.46,2.72
27,6.97,90.91,35.36
1,26.37,55.98,0.25
3,21.72,19.86,2.54
35,26.16,47.82,90.0
1,34.53,18.37,3.98
4,29.28,47.81,4.36
35,27.28,47.89,110.91
3,30.52,48.21,3.46
15,8.41,19.55,18.93
20,26.99,86.97,77.6
24,24.43,67.71,70.59
7,30.78,16.85,4.92
27,8.55,67.9,63.35
25,21.49,58.96,91.43
27,33.33,52.03,113.1
35,30.26,64.42,96.01
13,21.34,59.72,35.56
24,31.15,69.0,63.04
10,9.93,48.83,1.62
14,26.66,48.15,47.89
11,51.3,68.59,4.08
1,9.15,16.6,4.86
9,46.33,44.92,1.57
30,30.26,93.51,84.98
26,20.14,47.71,75.32
5,22.49,45.62,0.65
14,56.4,63.68,21.6
9,30.9,86.14,3.89
1,53.54,42.09,0.66
3,29.86,46.63,2.99
3,53.46,40.82,3.02
22,27.43,67.16,70.45
3,8.13,85.65,4.94
32,27.87,54.4,99.91
32,34.75,65.63,121.25
28,24.82,62.24,72.9
31,7.15,63.99,54.42
21,26.73,86.33,57.65
18,26.3,63.31,53.39
34,6.16,42.46,57.11
8,23.71,47.2,2.41
27,21.48,49.3,68.05
33,6.02,62.58,57.86
13,33.25,68.03,33.07
10,33.85,43.49,2.89
24,33.08,49.46,78.84
17,26.47,53.76,59.41
32,33.57,41.87,80.6
1,5.66,48.77,1.38
26,34.52,49.24,101.87
11,29.13,11.23,0.67
29,22.54,47.94,76.79
34,28.51,61.08,127.05
33,32.55,58.18,121.73
20,27.66,88.47,56.72
8,20.1,46.7,3.22
27,28.04,45.6,91.57
16,20.21,40.46,61.95
9,22.21,69.12,0.29
30,31.45,51.68,83.87
33,23.07,56.17,124.17
24,6.97,45.91,55.51
21,29.63,67.58,53.64
32,28.25,89.96,125.22
22,8.6,63.34,37.07
21,20.86,19.56,39.05
7,30.7,60.35,1.29
17,29.57,54.03,60.36
30,27.07,66.28,91.32
31,22.2,11.17,86.85
2,20.11,56.91,1.21
17,45.25,47.3,30.84
5,21.76,59.03,3.12
27,21.62,43.97,84.03
21,28.83,60.72,85.11
33,29.38,68.21,97.8
14,32.67,62.69,48.24
20,46.05,42.12,34.57
3,8.37,18.35,4.64
30,30.08,59.81,118.8
29,32.56,57.66,100.14
2,21.63,11.79,1.77
1,30.92,53.82,4.07
27,52.24,50.19,42.83
22,26.9,17.56,54.99
13,22.79,18.44,30.18
15,28.53,17.71,28.86
8,22.82,59.07,3.9
27,27.07,58.14,78.8
18,27.47,89.19,66.97
28,29.66,53.43,71.67
14,31.8,42.56,41.72
4,49.87,54.52,0.18
25,9.66,90.05,33.55
20,30.21,41.93,74.42
1,27.9,40.24,4.52
21,32.59,60.31,57.82
29,34.24,89.05,117.36
10,27.27,14.59,2.97
20,31.93,47.86,80.3
20,33.64,69.59,65.06
33,23.97,41.92,122.59
24,32.07,47.23,93.4
5,24.73,88.76,0.18
21,50.63,55.52,46.8
35,6.47,69.88,80.2
16,22.32,52.47,43.95
17,8.6,46.78,31.85
35,24.71,17.87,66.14
27,29.35,67.24,83.63
29,5.53,41.12,61.17
5,6.01,62.93,4.78
12,49.11,64.49,18.47
22,7.3,56.87,44.04
4,33.81,54.64,3.81
33,32.98,41.87,94.38
32,21.63,67.22,99.93
1,55.25,46.78,4.68
35,46.14,11.14,38.68
6,30.82,63.56,1.79
29,24.35,49.08,85.24
33,26.97,65.59,85.84
25,28.75,52.37,70.09
3,23.87,14.39,4.5
15,25.65,41.63,62.9
20,31.47,65.23,79.03
16,29.32,49.79,61.81
20,21.24,92.39,48.62
29,24.82,50.1,118.71
20,27.52,63.44,68.67
5,27.57,49.72,4.0
27,23.1,49.28,93.26
14,8.18,45.75,22.83
25,29.14,63.26,73.04
14,20.56,17.47,25.79
29,32.15,59.88,101.7
24,57.31,43.02,36.54
6,26.57,65.73,3.91
9,50.85,12.24,2.25
19,24.75,89.54,51.53
22,22.35,48.9,75.31
7,22.9,44.97,4.14
16,27.83,88.39,51.92
21,25.49,64.97,73.73
25,32.26,40.15,74.25
21,34.94,44.44,75.89
16,28.12,14.67,29.76
14,31.06,49.83,55.18
35,22.55,41.53,108.81
5,22.73,16.94,0.22
21,22.49,50.38,59.27
5,48.88,51.1,1.84
23,25.31,68.9,91.51
32,21.77,66.35,114.6
34,24.12,47.73,93.62
27,28.95,43.71,78.47
17,22.32,56.07,57.55
11,30.45,60.15,1.1
5,25.4,43.08,2.33
31,33.37,13.26,68.77
12,8.47,62.03,25.05
29,8.81,66.61,48.44
5,23.17,89.66,2.31
29,26.29,48.33,102.97
34,23.74,40.2,132.77120000000002
33,45.24,57.42,64.46
23,29.72,11.14,53.6
18,22.0,50.36,66.61
6,31.21,55.97,4.23
24,6.97,43.54,40.7
31,27.84,87.13,87.45
13,28.5,49.87,46.94
18,33.21,66.73,64.83
24,6.26,88.4,60.2
28,30.08,58.93,78.08
33,25.4,11.64,88.03
5,50.77,68.09,4.46
32,26.74,63.4,120.85
21,27.77,57.42,62.02
11,26.4,56.93,1.71
25,7.92,67.48,45.39
7,26.07,49.17,2.1
8,32.03,11.14,2.59
17,20.19,53.4,51.8
20,6.86,42.21,45.41
30,34.72,41.36,108.92
15,31.74,48.76,44.23
34,48.02,93.09,56.75
6,20.06,53.59,2.1
6,31.29,64.25,3.88
16,26.71,46.03,49.7
24,26.55,53.93,91.23
20,5.53,16.72,29.09
21,5.78,42.2,44.5
12,29.38,44.8,37.79
6,29.36,11.33,2.08
28,31.66,61.16,74.14
8,32.25,45.48,2.06
24,33.23,40.07,97.02
30,46.24,58.29,67.17
35,27.71,16.03,93.81
7,24.86,63.42,3.27
15,30.38,50.04,48.11
19,30.12,69.86,77.27
32,23.34,48.91,93.69
19,30.65,62.78,75.12
26,9.68,43.61,52.57
23,27.64,68.28,66.6
22,52.27,51.92,34.8
27,31.4,57.28,82.43
6,34.74,51.38,1.38
18,46.27,60.15,29.97
10,27.83,94.03,1.3
23,58.45560000000002,59.38,56.4
32,8.48,52.33,68.34
2,29.13,62.69,4.51
34,22.36,49.33,113.66
28,27.76,40.65,82.9
32,26.93,13.29,91.18
18,34.33,69.05,57.9
18,24.16,46.26,67.06
4,8.68,65.91,2.42
1,20.62,45.69,0.68
33,24.62,63.98,131.65
20,52.78,63.84,38.1
13,31.5,50.98,33.64
22,20.57,17.07,44.71
14,29.03,61.44,38.24
22,31.91,50.06,62.78
7,20.93,16.25,2.48
35,28.27,14.67,62.48
23,52.11,51.23,47.7
23,29.3,49.02,57.9
26,23.21,69.92,81.05
32,33.33,57.2,119.92
15,29.54,19.8,39.82
9,29.83,85.13,3.02
19,32.96,55.54,60.13
13,28.8,47.31,36.31
14,31.73,47.15,46.89
9,45.78,87.54,0.64
35,27.96,43.7,89.58
2,22.93,45.15,1.54
3,28.99,44.69,1.0
30,6.02,40.07,65.35
19,33.66,50.4,69.16
24,27.67,50.26,63.61
19,6.34,90.45,23.6
20,53.4,59.61,48.67
23,24.23,11.14,55.3
24,20.32,86.28,98.21
19,26.34,94.03,41.89
29,29.46,51.69,92.82
10,29.75,11.14,4.21
13,22.32,50.39,40.28
25,20.27,41.07,96.67
33,32.04,64.64,97.22
15,58.45560000000002,49.19,37.79
18,34.46,60.89,50.66
35,58.45560000000002,50.05,65.6
6,32.69,69.84,1.19
20,6.54,48.59,43.31
23,26.13,57.47,71.74
29,27.85,58.81,89.45
1,26.79,45.95,1.67
28,22.08,12.26,71.71
15,50.95,68.37,30.89
33,28.39,42.23,99.37
18,26.16,61.01,71.73
11,29.92,59.59,3.44
4,27.76,66.23,1.74
34,29.6,18.38,89.15
25,7.28,69.48,54.67
15,51.62,67.98,33.25
7,25.24,19.09,1.05
13,32.15,62.43,37.2
20,22.21,42.4,71.41
35,34.74,19.57,66.42
29,31.41,55.05,98.87
13,54.8,54.46,31.44
14,52.59,56.45,27.43
29,22.95,46.81,84.78
17,55.57,58.02,40.97
27,6.48,68.02,55.29
32,8.06,55.34,67.4
12,32.68,47.25,40.58
1,26.43,52.6,4.57
14,28.51,45.67,40.03
32,33.77,92.08,89.07
27,6.9,52.31,50.44
26,34.17,51.6,86.58
23,23.2,91.66,52.58
20,25.54,56.93,55.58
7,30.98,48.84,0.91
26,26.12,88.82,101.01
13,9.36,88.51,30.85
7,46.23,68.8,4.38
25,32.42,88.61,89.58
34,7.94,52.12,52.45
30,23.71,41.81,89.61
21,24.31,53.87,55.58
35,32.09,41.46,108.04
20,30.77,64.36,66.76
31,26.92,40.38,81.17
21,21.22,65.58,76.99
28,32.65,52.75,99.94
35,21.02,47.07,132.77120000000002
17,51.23,61.6,31.8
2,5.53,54.5,0.7
26,27.01,54.34,109.05
13,47.94,94.03,15.42
2,45.66,88.77,1.44
1,20.23,55.42,4.02
33,28.4,53.98,123.37
13,33.0,66.96,41.16
1,26.61,43.89,3.37
31,27.54,45.94,87.18
4,22.39,42.71,0.18
34,21.69,56.15,94.2
29,23.44,88.77,98.51
4,52.04,87.8,3.01
7,9.36,42.85,4.81
4,21.62,44.88,4.35
6,29.76,54.43,2.57
35,26.76,68.22,132.77120000000002
24,20.34,67.22,62.66
8,5.53,54.07,2.54
21,55.97,61.24,36.15
6,20.25,92.08,1.88
4,27.47,85.39,0.18
10,25.63,11.76,4.84
31,23.06,62.16,95.79
6,25.69,15.7,1.32
16,32.26,65.4,44.24
13,5.68,12.79,22.8
32,33.07,56.19,106.65
3,20.64,94.03,3.8
5,26.47,91.14,0.18
1,20.63,41.07,1.1
32,55.36,43.76,66.15
2,30.05,11.14,2.77
21,26.18,47.2,63.77
16,45.4,46.13,33.5
18,26.12,42.22,64.32
14,26.47,61.65,39.99
17,26.21,67.86,68.41
24,22.51,61.24,96.18
19,22.75,55.32,65.37
13,32.13,46.77,47.62
2,6.81,58.52,4.07
23,27.28,51.19,73.63
11,55.28,19.22,3.93
21,24.92,53.08,71.12
5,34.79,63.25,1.45
5,31.87,42.23,2.03
14,23.23,43.28,54.3
18,27.29,45.28,60.77
6,32.47,50.58,2.32
3,8.23,56.47,2.71
13,25.29,68.71,35.15
26,29.38,55.86,97.93
25,34.23,61.59,93.96
18,20.2,55.17,67.88
25,22.96,63.43,92.97
14,24.44,45.31,50.99
17,31.39,45.39,43.37
29,45.37,41.28,46.32
2,48.59,43.26,2.67
26,7.07,52.38,53.2
15,33.32,60.11,44.09
6,34.97,51.26,4.15
13,25.4,41.07,39.75
15,9.43,43.93,37.43
23,22.44,49.34,57.7
21,23.17,48.11,55.61
25,25.86,40.12,80.92
8,34.26,54.97,4.85
27,23.75,58.24,107.2
30,22.48,43.13,84.26
11,28.13,57.91,0.46
25,27.77,61.71,100.1
3,22.65,57.6,1.53
19,34.42,45.81,75.82
6,26.81,54.84,4.52
20,6.86,40.42,33.92
19,21.93,59.77,78.4
17,28.57,40.98,44.57
29,5.53,11.49,50.75
30,34.4,60.59,114.2
19,23.73,13.17,40.81
24,30.16,63.95,77.06
19,31.32,47.35,78.24
13,33.63,64.18,52.19
18,34.4,16.1,52.48
33,29.73,67.93,129.28
8,22.05,67.4,0.99
19,31.91,66.81,69.65
33,5.64,94.03,39.02
25,21.21,69.75,93.96
28,21.35,49.51,74.45
19,22.68,47.27,57.93
11,50.06,67.89,4.26
1,28.21,49.63,1.68
24,9.91,53.34,49.99
29,26.21,43.51,84.51
18,24.3,68.95,46.36
26,52.25,65.18,40.83
34,26.07,14.46,93.77
8,30.57,92.64,3.64
32,7.43,65.5,70.88
14,23.23,51.2,54.02
21,22.48,55.81,76.43
35,7.69,49.96,57.01
27,21.77,47.63,85.85
15,22.6,46.12,60.38
19,31.8,40.01,69.77
8,21.54,41.78,4.89
29,26.68,66.8,89.62
7,21.36,60.35,3.63
14,5.8,57.44,35.02
16,20.85,60.59,53.14
29,53.66,55.2,45.45
29,28.46,88.4,117.01
32,21.32,52.64,123.67
7,21.13,40.15,4.8
3,26.49,12.76,3.37
32,24.19,12.54,67.36
17,32.08,18.93,34.46
21,48.97,56.97,42.9
10,5.63,54.88,4.59
16,25.09,40.41,40.1
21,8.79,56.92,45.68
1,27.38,65.34,0.49
22,33.8,16.24,53.96
22,25.88,92.55,42.99
32,32.46,57.77,81.43
30,32.82,54.41,96.34
31,25.87,68.09,125.3
12,54.92,57.55,22.71
35,26.87,15.27,74.61
21,20.66,55.58,79.1
22,26.02,44.47,57.22
24,53.38,51.03,52.13
6,32.85,65.33,1.67
18,31.11,54.16,75.11
14,57.54,68.78,33.13
5,25.77,44.17,4.0
14,34.26,54.32,47.76
34,57.96,61.25,76.68
13,31.17,43.69,35.33
24,31.33,68.62,92.26
13,21.12,67.5,43.59
11,56.97,41.21,2.93
27,53.84,42.0,62.79
26,8.96,46.61,40.8
9,50.92,65.12,4.77
22,32.05,13.03,52.31
3,22.97,46.3,1.15
33,28.74,41.02,132.31
8,23.33,63.92,2.84
21,22.04,50.22,59.61
27,22.44,94.03,49.92
14,23.92,57.13,44.67
31,23.74,59.31,110.47
7,34.81,49.39,1.4
5,34.25,62.35,0.22
22,9.84,41.65,38.34
17,55.71,48.62,36.75
33,32.76,62.81,124.52
27,25.16,48.55,112.36
19,24.5,46.42,76.24
28,20.72,54.61,87.05
26,20.83,50.19,76.63
18,30.01,40.55,66.74
4,21.41,89.16,3.35
22,24.52,61.6,86.59
16,21.71,66.92,46.07
9,20.87,40.92,1.43
25,31.84,44.64,100.13
27,34.04,64.18,105.99
28,27.03,86.92,76.38
23,48.61,40.72,47.74
24,33.84,54.74,89.25
17,24.52,44.59,66.25
2,26.63,56.44,0.63
12,20.27,64.91,34.11
9,23.96,58.88,4.38
27,20.03,67.68,109.39
13,32.34,86.93,39.22
28,34.11,54.76,92.95
18,32.67,45.87,48.93
33,51.07,68.26,58.71
10,26.07,44.13,4.54
17,28.4,89.31,52.9
20,32.41,52.22,75.78
22,23.19,16.78,49.8
19,27.94,66.21,52.03
30,22.69,48.26,104.33
27,22.19,58.98,70.99
11,45.42,16.64,2.02
25,24.73,56.3,68.55
32,34.94,85.09,83.27
10,20.34,69.62,3.22
29,47.01,46.05,63.78
9,31.82,68.08,2.79
32,20.15,64.16,98.29
25,31.01,63.88,98.21
20,27.03,42.35,50.83
30,8.97,11.14,51.38
30,27.83,51.69,107.82
20,33.37,65.74,77.31
22,34.09,54.49,71.28
4,32.61,50.81,0.48
23,24.9,92.32,55.03
6,33.97,48.8,1.07
17,27.08,18.81,39.09
30,49.47,65.9,54.5
34,27.47,67.52,111.77
9,23.08,61.02,0.23
23,22.29,57.51,92.48
11,33.42,69.69,0.88
32,22.76,42.81,109.53
25,21.85,49.45,99.93
4,29.38,53.49,1.78
5,25.87,64.84,1.73
25,25.26,85.86,82.47
20,33.03,57.54,63.03
4,48.11,46.72,1.31
6,23.89,69.79,4.36
23,31.6,59.48,84.01
35,27.97,67.19,120.33
12,28.07,47.0,37.18
27,32.87,53.45,73.38
15,21.39,54.58,41.74
25,30.69,54.35,91.07
31,22.01,50.65,121.99
24,55.55,58.96,44.91
14,8.35,67.82,30.93
24,30.27,68.39,98.67
27,28.61,19.02,72.05
24,26.44,45.52,69.61
5,30.66,57.94,4.83
26,20.3,64.3,68.11
32,25.76,17.01,84.49
31,21.18,54.51,86.34
32,5.78,58.91,66.1
5,9.92,45.73,1.2
2,20.88,15.87,3.59
8,22.95,63.82,1.47
10,28.25,87.78,0.45
14,28.59,18.92,25.88
8,56.08,57.34,4.47
21,29.37,17.38,39.34
34,24.02,50.79,129.97
16,20.93,63.78,40.45
29,9.33,62.09,57.81
33,31.28,93.3,90.11
11,33.51,66.38,3.29
33,23.78,52.8,112.02
21,8.12,89.09,31.85
20,29.38,14.37,48.42
6,33.69,52.15,1.48
8,20.74,56.07,2.3
14,25.43,68.52,57.12
19,57.34,55.16,42.9
29,22.33,52.84,80.58
12,33.88,57.49,50.17
6,54.67,41.91,1.01
28,22.56,55.0,79.13
4,25.73,56.34,0.37
23,34.85,65.78,67.29
13,57.59,68.47,24.83
14,32.33,14.1,38.58
31,5.53,61.53,65.83
11,27.27,43.07,2.97
19,22.13,53.76,52.47
18,31.16,61.31,58.69
29,26.01,64.42,73.62
3,45.49,69.67,4.07
17,20.08,50.67,59.58
17,45.61,63.55,34.04
25,5.53,52.81,44.31
34,25.94,51.06,122.25
3,20.29,13.29,3.29
20,28.21,16.26,56.46
9,30.98,92.37,1.72
17,22.91,64.5,60.85
1,22.43,47.8,0.41
4,22.7,44.32,3.38
14,33.53,66.4,37.19
19,32.66,15.34,46.31
16,32.67,65.92,56.01
12,49.33,43.23,28.73
26,34.07,59.7,68.03
29,30.42,42.34,103.56
33,23.66,49.54,87.53
35,29.43,49.26,98.05
6,22.02,57.12,2.04
20,32.25,85.22,57.65
26,25.96,45.8,95.35
18,21.9,89.84,46.79
18,55.96,55.34,30.83
27,23.22,90.08,66.26
35,9.92,50.05,67.91
33,29.79,89.15,87.82
23,23.12,57.78,86.91
25,20.56,16.76,71.7
13,26.15,53.25,46.73
6,31.38,52.2,1.39
7,26.19,17.11,0.64
16,26.11,56.62,41.35
2,25.05,54.17,1.03
31,31.12,67.3,100.59
13,27.67,62.99,35.45
2,50.62,45.84,2.74
25,31.74,68.78,75.63
33,21.18,42.59,132.77120000000002
16,32.24,47.65,60.04
26,26.87,59.59,73.24
29,27.56,63.89,109.5
5,30.5,51.07,0.8
28,23.18,47.91,104.99
31,53.79,52.39,54.81
17,26.03,65.74,48.1
3,29.03,54.05,0.39
11,58.26,64.67,2.28
31,23.96,40.26,83.0
24,25.65,67.41,63.9
30,6.42,59.96,48.22
32,26.64,85.14,98.2
28,23.78,53.09,115.32
10,6.13,63.05,3.47
12,58.45560000000002,55.35,27.71
34,25.95,56.9,107.39
34,33.13,63.33,116.16
28,33.08,65.64,93.26
24,32.58,87.46,68.04
7,34.22,64.04,3.81
2,30.04,91.52,2.89
23,22.0,57.12,61.29
19,32.07,93.26,50.53
26,6.75,62.15,58.7
30,26.82,54.84,97.24
1,20.68,51.98,4.42
5,21.01,48.47,4.82
23,24.53,68.34,79.49
15,22.22,52.17,49.68
1,32.47,52.44,2.59
14,27.25,66.67,36.85
5,24.75,57.29,2.24
6,32.38,61.5,4.83
22,32.1,51.44,60.33
5,26.29,56.03,2.09
18,30.65,65.98,51.68
14,50.54,52.5,22.02
20,21.54,65.79,63.06
22,28.12,61.65,83.41
16,22.69,68.37,55.61
14,28.92,52.48,37.95
22,22.69,62.8,89.19
15,54.51,67.01,27.94
1,23.1,54.96,3.57
8,23.75,43.68,2.19
1,55.15,41.95,3.44
20,32.82,16.7,43.81
19,21.38,68.23,70.6
26,33.21,41.29,90.45
26,33.48,47.37,105.61
10,26.52,43.39,0.39
19,34.27,41.03,63.72
14,26.36,66.58,47.75
25,20.01,47.14,88.73
34,29.99,53.87,129.71
8,23.76,45.41,1.17
16,31.79,64.27,51.87
16,26.0,15.15,40.64
22,30.21,55.89,81.2
35,28.56,46.64,121.05
16,33.74,68.82,52.64
1,30.78,55.48,3.18
24,32.29,53.83,91.85
19,26.87,58.18,77.86
22,27.22,65.73,83.08
9,22.61,51.25,1.88
31,23.83,67.17,117.57
32,23.57,59.03,96.32
9,31.43,58.31,4.04
9,22.67,90.99,4.3
20,5.53,46.78,33.37
32,24.9,45.49,120.85
15,34.45,41.62,50.24
17,31.32,65.42,46.97
23,34.15,64.25,85.95
16,8.09,64.29,25.37
27,32.46,54.48,76.51
26,22.22,14.77,75.54
20,46.4,46.66,36.43
33,24.53,42.34,132.77120000000002
31,58.22,62.85,51.23
30,29.35,94.03,67.35
21,24.55,40.15,81.74
13,30.67,55.96,38.95
7,5.53,44.67,0.22
19,26.09,68.49,52.06
6,9.71,57.54,2.07
18,34.79,53.73,45.36
8,31.64,60.8,1.16
16,52.55,47.67,27.53
29,30.9,69.57,93.2
8,22.25,13.53,3.89
6,26.91,50.41,1.59
26,27.85,65.01,109.03
6,28.22,52.68,4.14
26,47.29,16.78,34.7
33,25.32,51.77,119.55
35,27.21,52.25,131.71
16,58.45560000000002,52.64,24.52
19,23.5,50.8,67.07
10,6.09,94.03,0.95
14,34.93,42.46,44.98
28,33.72,91.66,56.71
18,29.66,67.91,52.89
9,22.95,53.23,3.67
20,29.97,53.38,66.02
32,52.63,64.32,72.81
25,27.26,41.97,68.6
28,9.64,65.73,45.8
16,30.81,59.08,45.54
26,27.29,50.43,104.26
17,33.8,93.5,31.15
33,31.07,16.18,90.08
7,20.04,11.33,2.87
30,27.64,65.77,124.24
11,34.33,67.53,1.51
27,31.44,40.74,77.66
28,54.37,43.29,53.6
31,53.9,65.01,52.18
24,24.75,18.84,66.66
3,33.15,85.86,3.92
10,31.93,54.14,1.62
15,49.1,53.76,27.1
24,30.21,65.37,82.75
3,24.89,46.88,4.3
24,23.44,50.99,92.08
4,51.4,40.26,0.56
32,31.73,51.84,129.23
20,22.49,50.88,82.9
21,26.44,91.2,45.04
3,5.7,18.99,3.25
25,31.7,43.56,102.79
24,22.26,47.45,90.45
10,30.16,85.81,2.07
10,32.2,49.67,2.7
27,27.56,68.48,103.65
15,31.93,60.1,62.91
12,56.61,69.32,20.9
25,30.76,88.38,69.61
32,5.69,49.74,57.13
8,25.31,40.65,4.94
21,29.31,67.25,61.02
16,31.71,43.2,57.1
28,28.62,46.9,97.73
23,20.74,56.53,64.4
8,26.85,58.88,4.41
12,5.53,56.3,20.27
29,28.22,46.93,83.96
16,26.28,47.22,53.41
27,49.15,53.83,64.93
12,8.94,52.82,27.18
20,48.26,53.82,38.92
33,21.69,94.03,85.93
27,29.77,43.41,75.45
2,26.2,61.09,1.62
22,30.9,64.06,77.52
31,29.92,13.37,85.15
25,24.35,94.03,72.7
15,34.71,44.66,45.65
8,47.95,44.64,1.6
19,23.01,59.47,60.79
5,23.97,60.55,4.07
17,27.26,57.37,64.08
14,28.63,91.24,28.58
3,6.49,47.1,3.07
18,31.38,56.17,70.15
12,26.6,64.28,43.54
31,33.59,48.07,95.09
19,28.62,60.3,54.41
25,31.76,49.56,84.36
4,20.58,53.24,1.49
26,23.24,55.88,69.6
1,34.3,54.4,3.58
2,9.11,53.42,4.44
14,21.05,40.71,47.61
23,32.42,61.23,64.13
9,32.15,66.49,0.81
25,34.54,69.33,75.01
18,31.98,41.18,47.6
35,23.01,49.31,87.56
22,51.91,14.37,28.55
20,51.89,57.45,40.23
6,58.45560000000002,13.76,1.35
13,23.28,51.2,50.06
14,28.38,40.65,56.2
21,21.93,67.41,56.81
34,9.05,43.83,64.75
8,30.98,42.37,0.18
1,20.82,69.27,2.88
29,9.79,58.86,44.43
17,30.78,58.74,68.84
27,20.58,88.83,110.78
17,29.2,58.65,53.16
32,27.7,55.77,100.71
6,33.32,45.21,1.64
10,26.59,56.67,1.78
13,34.58,18.56,31.67
22,23.03,58.98,73.13
10,31.72,42.66,4.04
28,31.79,49.73,77.56
15,25.98,48.05,51.33
26,28.95,17.6,74.18
17,30.89,45.33,53.01
6,33.3,41.59,2.85
9,34.33,17.45,0.96
34,30.07,91.56,81.9
33,8.24,17.0,44.02
4,7.45,44.33,4.2
13,23.56,50.42,45.5
30,46.79,58.54,64.64
3,27.74,45.69,2.58
25,23.96,64.64,81.46
8,24.17,12.65,2.16
22,29.75,64.6,91.57
22,21.43,43.09,58.71
25,32.51,53.23,80.22
24,20.68,53.74,65.64
4,34.99,88.3,1.86
6,25.92,11.32,2.49
21,34.77,59.64,77.29
3,28.92,63.88,1.28
8,22.78,53.06,1.88
8,9.3,52.55,1.31
31,29.62,44.5,102.9
21,24.88,54.42,86.03
30,24.54,51.59,105.71
16,33.95,45.35,63.26
19,32.54,56.22,57.56
14,26.38,45.58,51.88
31,32.41,42.4,103.52
16,34.75,18.34,28.66
34,27.74,67.91,91.02
30,21.21,48.63,98.22
33,20.62,63.4,108.0
8,49.67,63.83,1.38
30,29.73,42.53,121.87
16,30.6,59.0,43.61
8,24.84,63.14,1.27
2,21.65,53.37,0.75
6,29.02,67.15,4.8
25,28.69,86.11,72.92
33,5.76,53.02,57.01
4,28.18,52.18,1.99
2,22.1,43.95,3.27
32,22.1,57.11,129.33
17,23.54,49.64,48.33
7,25.01,42.23,0.39
7,51.91,16.38,4.73
12,9.41,50.49,23.83
13,20.87,66.38,47.51
10,33.89,86.69,1.7
9,51.49,56.4,4.67
4,27.52,46.28,4.08
17,22.84,46.32,59.89
1,32.14,86.03,4.51
10,47.98,92.81,4.22
10,26.94,44.94,2.61
24,55.34,47.27,59.29
2,29.59,92.06,3.79
7,23.59,45.09,2.84
9,20.43,40.28,2.4
33,9.63,69.2,66.15
12,30.05,12.42,30.85
32,28.8,11.55,67.22
4,27.26,69.89,3.52
14,24.6,56.59,54.45
19,30.43,18.15,35.42
15,25.77,67.65,46.7
29,23.34,58.6,84.62
21,26.3,15.67,46.25
17,21.94,67.02,46.45
22,28.98,15.11,40.33
8,8.86,67.52,1.75
5,32.44,52.02,2.24
28,23.96,49.57,83.57
7,23.95,47.36,0.3
20,28.71,16.91,51.19
29,34.55,62.01,79.75
25,34.85,57.34,77.11
19,29.82,44.41,61.85
30,30.28,16.45,77.91
32,23.4,86.4,87.77
1,29.56,68.35,2.68
26,34.45,69.99,100.79
9,23.96,92.89,4.98
23,5.53,41.79,41.61
22,21.17,40.91,60.26
7,33.34,14.2,3.36
10,34.78,92.41,3.63
6,30.13,45.95,3.44
5,22.14,65.73,3.93
18,58.45560000000002,63.39,37.51
14,29.67,44.56,52.18
29,8.01,19.32,47.79
20,32.04,89.01,76.14
26,26.96,44.67,87.33
22,23.09,58.85,74.98
16,24.83,14.41,47.02
7,51.83,40.35,3.69
27,33.62,61.61,74.51
33,27.08,55.09,118.93
19,25.31,58.28,48.55
6,24.61,64.8,1.55
13,22.45,53.86,36.29
25,21.55,15.91,59.55
22,34.13,64.27,64.86
5,31.11,46.42,1.11
1,32.05,40.52,3.67
31,45.08,59.99,75.01
35,34.52,68.36,132.77120000000002
27,24.44,50.35,113.23
16,34.85,91.74,40.08
6,49.86,52.92,0.79
16,30.51,41.62,40.29
19,33.91,51.06,64.91
29,22.2,42.81,88.28
12,30.86,63.93,49.38
25,32.77,55.36,90.4
27,33.7,65.99,104.67
8,25.35,45.44,0.84
3,24.37,55.28,3.79
20,31.66,67.55,71.95
10,31.97,61.96,1.43
2,8.43,60.0,3.32
25,5.53,87.72,60.49
9,26.41,57.94,4.98
26,31.79,68.74,78.19
3,25.23,58.4,2.22
32,28.18,47.17,100.89
23,28.56,53.74,89.83
29,8.7,61.62,50.17
25,33.31,53.52,92.29
21,8.33,15.59,35.3
27,33.62,89.2,84.98
6,34.56,58.63,0.65
10,54.27,91.01,1.49
5,7.97,43.9,1.04
1,29.6,44.36,1.6
19,23.0,60.4,70.08
14,6.07,57.24,24.69
23,31.23,19.66,46.74
35,25.6,18.51,100.73
15,23.17,47.54,40.52
2,20.81,67.42,2.65
23,7.98,15.72,34.18
10,33.03,42.02,1.86
9,33.27,68.44,1.57
2,23.1,92.89,3.47
28,20.35,66.77,92.58
11,34.85,94.03,3.72
4,24.45,86.98,3.67
19,24.28,61.02,66.24
24,6.72,43.86,45.78
25,55.9,51.6,45.63
34,28.17,55.28,102.62
3,27.95,54.31,2.51
21,28.68,50.71,81.32
35,28.52,63.1,102.79
27,58.45560000000002,69.92,50.54
6,30.26,11.14,4.06
28,29.61,47.3,89.41
26,57.12,67.01,46.87
17,25.57,49.16,68.39
15,27.76,44.14,49.63
22,28.18,66.64,85.5
24,20.21,67.18,70.18
13,8.6,50.55,30.32
29,27.98,62.25,86.33
7,28.57,45.85,0.18
10,26.78,92.58,2.67
26,53.97,87.7,44.53
22,31.05,12.56,47.83
20,7.62,49.32,40.23
5,25.91,69.0,1.16
26,32.61,57.12,99.7
12,25.76,54.53,31.85
22,27.33,61.7,67.99
7,27.09,11.14,3.33
28,33.49,11.14,58.6
9,21.47,58.74,4.82
13,47.01,40.92,32.41
7,31.5,68.98,1.31
6,33.18,54.05,1.09
27,30.7,14.9,63.28
20,20.53,11.38,47.86
29,31.79,87.59,76.64
8,20.32,40.53,0.21
2,30.49,55.76,3.8
19,33.93,50.71,72.43
9,24.14,90.94,2.9
4,51.15,68.65,2.24
16,27.87,48.67,60.85
2,34.28,17.82,4.34
28,7.27,93.43,42.47
20,29.69,43.96,57.11
35,28.61,65.34,127.9
6,23.49,44.63,2.42
14,8.66,64.28,22.91
4,21.73,64.99,4.49
20,24.78,50.46,71.1
12,22.67,18.32,22.47
16,30.78,41.14,58.89
30,33.53,17.98,60.22
34,25.22,63.71,103.38
19,32.71,62.78,65.34
7,28.13,50.0,4.8
2,34.72,56.14,0.28
26,34.04,47.25,81.11
10,30.16,58.52,4.16
34,31.93,67.67,95.4
35,31.98,48.89,92.97
2,29.54,68.32,1.56
20,33.76,57.24,64.95
13,28.97,49.76,40.89
27,29.13,63.9,87.22
30,32.49,43.53,89.67
20,48.24,44.21,39.7
24,24.33,65.75,82.34
35,34.51,59.69,132.77120000000002
12,20.21,14.79,29.13
20,26.63,52.06,50.19
6,32.3,62.36,4.83
2,32.33,54.26,1.77
4,29.71,61.86,3.05
23,24.09,47.21,63.55
13,20.58,45.98,39.34
12,21.03,66.58,49.75
21,25.79,42.21,65.03
26,23.65,48.75,96.75
7,33.45,51.52,0.97
2,6.16,68.27,4.02
20,34.26,44.33,69.72
22,20.44,54.18,85.24
31,23.71,62.06,82.72
22,32.88,43.46,90.65
16,26.71,18.73,36.64
19,33.23,47.14,76.57
25,28.99,47.85,96.62
21,21.23,45.41,65.72
10,30.51,45.24,1.54
26,7.83,16.37,43.94
2,30.09,47.49,3.16
13,34.45,56.11,41.83
10,28.3,60.41,3.38
10,25.04,57.27,4.01
8,34.6,57.31,3.53
12,25.8,45.48,30.01
4,32.5,16.42,1.37
35,24.83,17.35,83.43
15,28.07,66.59,42.26
3,29.55,69.19,0.18
8,9.15,58.25,0.95
11,31.22,12.12,2.22
5,8.28,19.15,0.47
16,30.4,40.12,52.93
16,32.59,58.07,53.96
35,32.48,87.12,114.44
14,34.73,61.54,35.39
21,31.72,51.59,84.73
22,32.04,62.44,77.58
2,27.2,46.9,0.96
6,6.98,64.74,3.42
9,34.42,69.07,3.55
23,27.45,44.71,66.61
14,27.36,61.24,44.48
25,34.72,59.96,101.4
12,33.54,68.0,41.36
34,7.05,15.44,44.0
9,27.26,61.48,0.73
34,33.22,58.36,126.11
5,20.22,45.9,3.13
27,25.64,50.3,70.81
4,25.35,13.96,3.82
5,31.19,63.1,1.38
6,23.1,88.36,3.85
15,50.46,85.21,29.71
4,56.19,86.71,3.89
24,5.53,48.01,38.01
1,25.77,60.88,2.9
23,26.09,50.67,83.62
12,5.99,69.04,23.55
34,8.1,67.77,51.52
33,26.54,64.0,128.96
23,34.95,67.27,90.65
4,49.38,50.6,2.58
10,20.74,92.63,4.07
25,22.24,68.33,98.5
7,33.15,60.71,2.59
1,32.79,54.63,4.36
27,25.75,42.82,110.14
9,31.7,17.18,2.3
3,34.12,46.98,4.45
31,24.44,45.75,123.71
26,31.1,52.63,94.74
33,34.35,58.72,110.71
15,29.14,11.84,43.03
14,6.06,43.21,23.85
6,34.23,66.33,2.18
16,26.48,56.18,59.82
22,28.28,11.14,45.65
16,31.75,63.09,52.38
12,27.01,49.63,41.33
1,25.48,57.65,3.09
3,22.08,11.14,4.93
19,32.33,44.17,57.63
27,58.45560000000002,55.83,41.53
7,9.0,60.49,2.94
23,27.34,51.33,89.21
7,22.93,62.82,0.32
24,25.6,42.76,71.06
7,47.21,17.5,1.0
6,26.42,44.11,0.31
28,32.6,90.9,63.97
1,8.67,52.66,2.3
29,28.54,11.96,60.68
16,29.06,14.19,38.37
1,5.96,62.12,0.4
16,33.37,42.24,63.74
16,26.99,92.52,41.24
10,32.28,85.74,0.59
25,33.35,50.5,100.79
16,33.58,47.59,63.6
31,31.89,50.92,120.69
26,26.86,43.2,77.16
31,31.12,42.34,127.77
29,23.45,88.63,107.23
5,58.45560000000002,52.03,0.85
18,29.95,42.6,74.98
25,51.4,89.46,40.46
29,50.95,61.95,68.83
13,48.76,61.26,21.12
15,26.8,67.89,55.94
29,23.52,69.92,93.24
14,49.92,56.14,34.02
14,8.91,60.32,32.68
29,33.78,45.53,89.39
29,21.5,61.52,95.93
26,28.61,61.74,79.26
32,27.66,40.87,117.12
21,27.15,55.53,84.49
10,57.46,45.53,0.18
32,26.03,41.52,101.3
31,5.53,55.67,57.54
13,32.77,47.13,50.41
11,32.23,53.58,1.1
25,6.78,45.87,57.36
15,28.76,49.36,49.47
26,26.3,55.7,88.49
18,23.47,46.29,45.25
21,26.87,47.5,75.61
33,21.42,92.3,73.21
1,7.24,50.86,3.59
9,26.75,43.86,1.74
35,28.45,50.97,132.77120000000002
16,28.23,61.85,45.59
22,58.45560000000002,92.92,36.77
19,20.09,91.13,34.73
32,29.78,65.75,104.58
16,9.92,55.39,34.16
18,28.09,54.38,47.99
25,30.22,51.72,101.66
26,27.56,42.52,108.51
14,31.78,59.97,47.06
33,6.09,53.47,65.22
15,21.49,64.62,45.53
15,56.46,85.88,25.7
22,22.24,45.55,58.12
27,33.91,66.81,98.38
31,25.83,46.28,104.66
33,30.6,53.55,86.3
11,24.09,64.99,2.7
1,28.27,53.75,3.69
6,52.29,40.16,3.83
9,22.45,57.73,0.77
10,28.11,47.85,0.38
12,25.91,15.07,29.47
3,46.58,42.39,3.13
6,29.56,40.69,4.49
21,27.68,49.68,59.93
25,45.36,55.29,52.07
13,24.12,53.79,35.14
33,21.48,40.48,95.56
26,29.1,59.94,75.5
14,46.8,48.13,30.06
28,47.73,62.91,69.31
16,32.97,61.0,64.36
8,25.65,43.86,2.22
18,32.38,40.55,75.39
35,9.71,64.91,86.35
4,31.62,42.85,3.54
3,27.51,59.57,0.92
9,26.95,57.95,4.52
26,33.02,58.51,74.82
13,34.6,45.68,46.63
33,21.18,54.49,92.36
17,26.24,53.93,46.39
20,7.48,51.68,31.9
5,6.53,93.75,4.04
13,50.2,47.49,22.63
32,26.56,41.62,103.52
15,23.59,55.95,60.76
10,25.43,64.36,2.65
34,21.24,50.87,110.45
29,55.5,60.5,58.52
15,58.45560000000002,18.47,16.67
23,25.37,47.95,93.31
4,31.02,54.12,2.15
5,20.31,48.22,3.99
6,27.43,60.57,4.49
16,58.45560000000002,59.79,35.77
31,29.04,49.05,120.64
28,35.0,42.67,110.43
26,30.02,55.7,84.56
7,27.69,69.61,4.64
2,20.96,46.75,2.25
17,32.2,46.06,53.82
30,25.75,64.2,121.23
8,21.66,52.95,3.66
21,33.28,42.48,77.58
5,30.94,65.75,2.85
2,22.26,47.28,2.86
35,32.93,63.74,92.87
30,24.09,52.3,113.71
8,51.52,14.6,1.95
10,6.1,68.12,2.07
28,34.06,57.81,98.45
32,21.29,91.45,87.07
19,24.55,66.11,77.7
18,28.59,57.85,66.05
32,33.2,68.31,92.11
16,29.53,47.82,61.06
23,20.71,49.0,91.18
14,31.49,11.7,35.39
26,22.49,59.2,87.31
22,8.05,44.6,46.28
26,52.52,50.41,50.94
10,27.64,69.74,4.5
35,22.46,60.83,109.13
13,25.36,46.27,43.75
8,25.13,90.15,2.16
35,25.92,55.2,92.43
30,22.13,66.13,115.11
13,34.06,46.93,39.33
22,49.01,55.96,45.82
28,5.75,44.32,62.37
10,28.47,61.35,0.62
12,25.97,87.85,46.75
17,20.58,42.07,70.75
34,34.83,88.03,132.77120000000002
22,24.05,60.33,89.33
22,23.36,59.27,59.25
13,28.68,42.74,34.34
6,31.37,41.35,1.21
10,28.68,55.92,0.53
20,27.51,40.05,50.61
18,31.32,16.06,49.93
2,32.99,54.83,2.85
6,25.07,48.4,2.71
10,31.41,11.14,3.01
14,23.53,40.57,48.44
11,30.45,57.39,2.37
29,20.89,88.9,76.66
22,27.01,47.99,88.3
32,53.71,53.53,63.91
21,33.24,18.27,42.1
6,28.57,17.4,1.52
5,29.97,51.5,1.24
24,54.74,61.78,51.09
33,32.83,49.07,84.35
19,21.2,58.1,75.85
27,26.8,40.05,105.97
13,26.02,53.45,50.66
24,5.53,57.95,37.25
25,26.44,65.38,100.37
18,32.46,50.15,54.09
32,21.73,49.48,105.28
17,32.46,54.73,65.04
22,47.01,52.15,46.83
10,31.55,52.42,0.18
21,56.63,41.48,43.23
19,9.77,54.15,46.7
23,32.93,43.65,57.51
12,28.67,87.11,33.21
32,29.99,51.88,83.25
32,20.83,89.92,103.07
20,34.39,94.03,47.98
35,20.41,55.74,89.23
17,33.15,51.36,64.62
19,32.44,52.75,53.87
22,27.46,55.77,79.09
18,58.45560000000002,55.83,35.99
34,24.86,67.99,132.77120000000002
17,27.65,56.38,65.83
2,24.53,45.97,4.68
3,29.99,46.98,0.98
26,23.06,66.22,77.39
18,29.56,63.46,46.97
1,29.52,49.21,3.68
6,5.53,13.9,2.06
16,26.93,57.52,66.13
10,24.29,63.91,3.6
4,5.53,13.68,3.18
20,31.65,41.6,63.59
1,27.41,41.01,1.88
8,31.4,49.59,0.18
21,28.78,57.71,65.71
32,31.01,43.23,125.97
10,23.77,45.25,4.65
17,5.57,64.54,27.17
14,32.99,61.63,36.63
8,33.15,58.32,2.28
20,24.41,85.34,65.69
14,23.47,45.58,55.26
10,23.45,63.33,1.05
19,5.59,52.32,46.57
23,34.11,64.23,89.03
18,25.26,40.45,60.08
12,28.71,94.03,30.65
22,27.34,49.66,85.53
26,25.31,68.78,82.7
23,51.21,45.64,50.88
24,34.99,59.77,78.4
1,7.0,48.59,2.36
23,9.32,66.62,43.13
16,22.74,16.85,35.5
23,31.77,17.28,66.55
21,8.74,56.18,48.03
26,33.43,59.85,103.56
8,24.85,47.83,3.85
10,29.46,61.57,3.21
30,32.87,45.47,102.8
12,29.7,18.96,22.63
33,28.42,42.43,111.93
35,29.07,65.56,128.93
19,27.89,14.25,43.51
24,47.06,50.11,46.05
3,25.17,68.63,4.6
34,22.63,46.18,132.77120000000002
21,54.67,61.54,33.85
4,20.55,44.37,3.63
16,22.68,41.2,44.84
14,55.69,47.3,26.43
34,32.93,93.45,79.19
25,22.29,43.18,72.96
9,56.42,49.3,2.57
6,28.74,52.27,4.74
13,6.37,60.96,26.83
35,24.61,44.62,97.12
18,30.41,56.6,50.44
32,7.79,58.88,79.56
29,29.03,87.82,96.79
25,58.42,46.46,48.0
17,32.68,59.86,70.41
31,8.11,44.71,48.56
17,24.64,50.82,61.86
28,33.81,68.34,92.35
34,53.83,56.38,75.8
25,34.39,52.42,79.61
18,34.96,46.18,46.08
4,47.99,12.33,2.3
27,8.13,52.53,58.42
10,20.96,41.92,2.11
19,30.02,63.63,64.39
35,29.42,46.8,127.69
32,6.16,90.95,47.77
15,20.89,16.37,37.89
18,27.85,46.86,75.58
22,34.57,61.31,62.68
17,31.52,92.89,43.78
8,24.83,11.14,2.05
34,20.68,62.62,113.52
9,30.09,53.27,4.88
31,30.88,16.5,60.74
34,6.15,42.93,66.85
7,7.55,50.06,3.73
16,30.22,58.15,54.49
18,28.78,53.32,67.66
17,30.16,57.08,44.71
3,48.45,45.68,0.45
7,20.15,54.16,1.62
32,24.56,41.26,81.94
8,26.54,89.42,3.66
12,22.38,42.22,37.58
17,21.52,43.73,49.18
18,23.72,87.73,61.97
18,26.57,60.06,68.53
31,29.72,61.18,91.11
18,21.62,67.83,49.33
3,7.04,68.95,2.17
25,27.9,67.65,94.09
25,32.43,69.44,102.09
9,29.87,15.04,1.17
30,6.76,41.89,53.71
15,26.32,46.82,57.79
30,5.53,67.1,62.3
15,26.5,69.18,50.88
9,29.79,56.55,1.59
35,29.4,65.24,118.48
23,30.08,59.45,66.83
25,26.77,94.03,44.75
26,45.69,91.39,27.38
3,5.53,56.16,2.01
2,22.49,63.42,0.18
28,55.86,41.53,44.19
9,29.29,56.21,1.18
22,46.67,69.99,54.73
7,25.19,57.74,4.37
24,30.29,14.87,65.5
7,23.27,59.96,3.68
23,28.21,69.45,81.53
11,8.5,54.87,1.97
25,55.24,69.43,60.41
21,33.25,44.27,73.19
29,9.2,46.1,49.79
18,31.72,50.72,46.64
33,57.8,68.15,62.0
20,21.1,89.17,79.24
10,30.74,16.92,3.04
30,23.64,63.48,103.61
8,29.08,41.72,2.19
10,23.0,51.03,1.01
10,20.04,67.3,0.76
8,25.52,66.4,4.5
19,25.68,65.51,58.58
21,25.65,40.99,54.98
20,57.47,55.07,41.02
14,22.35,54.13,38.82
13,21.98,51.54,41.92
35,32.99,48.49,109.53
6,29.53,69.11,1.05
3,31.2,46.38,4.2
5,27.57,68.08,3.37
13,32.17,86.12,40.86
6,31.43,42.95,0.18
31,9.76,86.11,58.86
7,33.91,59.46,3.84
21,30.91,61.52,68.41
23,9.35,85.22,54.1
35,33.47,86.32,114.89
22,34.81,15.39,51.32
6,25.97,41.42,3.95
26,32.0,68.85,67.79
8,31.79,93.84,2.1
34,27.21,42.12,128.87
24,29.41,62.86,71.44
10,31.44,57.7,2.43
25,34.87,15.66,50.12
13,26.02,53.12,48.58
29,34.04,67.47,118.89
33,57.36,61.66,77.65
8,6.26,54.03,2.47
6,24.92,18.49,3.92
14,25.77,52.88,39.23
27,23.47,63.4,95.46
19,23.27,44.83,77.06
22,31.97,48.98,80.4
1,20.1,40.19,2.53
11,6.43,51.9,3.9
14,24.2,61.43,39.64
22,56.74,43.79,35.67
5,21.94,67.66,4.35
8,27.69,51.35,4.12
3,32.46,46.87,4.4
23,26.89,67.01,85.91
24,29.46,12.18,62.04
3,28.35,66.56,1.45
8,23.68,48.95,0.18
23,27.19,54.92,69.48
11,5.76,47.83,3.05
26,31.41,43.57,65.95
31,21.88,54.21,89.44
32,25.2,67.13,98.68
10,22.11,43.87,2.01
29,32.55,40.6,88.26
25,31.47,57.89,70.26
5,21.26,41.46,4.65
12,30.04,41.59,44.95
17,25.84,55.39,68.22
24,7.1,55.64,50.05
7,26.04,59.79,3.26
20,34.82,18.64,46.73
12,29.32,54.92,48.91
2,8.36,51.49,3.76
17,5.53,57.26,33.92
9,23.1,45.67,1.46
18,24.61,69.56,73.82
13,32.77,11.62,31.46
25,21.71,12.85,48.02
3,32.25,56.98,4.95
4,27.57,41.0,4.27
9,22.0,64.72,1.83
12,29.87,44.6,41.43
17,20.61,63.71,67.76
28,32.76,46.05,74.86
34,25.94,43.97,105.51
4,31.27,16.37,1.88
12,7.54,50.08,25.36
2,20.35,17.93,1.38
8,32.91,92.47,0.63
25,5.53,41.33,52.99
28,32.32,94.03,65.99
16,25.9,55.73,40.28
25,31.2,52.52,84.02
22,30.68,54.24,86.95
11,56.84,57.0,0.86
16,21.45,66.02,52.95
15,31.48,86.51,58.69
4,34.55,57.9,0.65
30,25.85,55.5,88.5
11,33.0,53.65,4.72
11,5.79,53.65,2.87
18,29.57,85.12,49.56
24,25.37,67.2,96.71
18,20.88,47.72,52.69
24,33.46,53.61,94.65
2,28.8,93.13,3.87
3,9.8,60.21,0.5
7,25.77,57.17,0.45
26,25.64,46.2,108.0
17,24.92,15.95,30.39
29,28.2,65.35,88.29
2,6.43,66.83,0.32
14,30.5,41.07,48.47
12,9.37,16.47,12.84
35,28.27,91.19,86.68
26,20.55,61.93,103.9
27,5.71,42.05,50.81
9,28.61,59.84,3.08
25,20.21,41.14,79.24
25,20.7,56.58,85.11
24,5.56,61.18,53.8
24,33.85,45.01,69.61
23,29.37,40.09,66.47
9,34.74,14.16,1.66
16,34.18,58.16,60.31
3,58.45560000000002,19.43,1.69
11,6.89,55.66,1.95
6,27.67,48.4,4.78
15,6.6,93.44,20.44
33,30.09,51.52,101.07
7,22.37,61.06,2.79
18,7.44,47.55,28.09
22,20.67,49.96,61.4
17,32.93,68.84,64.43
13,24.38,48.2,48.72
11,55.73,60.54,3.92
4,32.45,46.55,2.47
25,8.19,68.43,52.01
24,22.53,54.93,89.13
3,23.62,44.03,4.14
29,30.02,13.55,66.29
8,27.81,65.42,4.76
3,8.27,44.44,0.83
28,24.48,68.18,77.71
9,27.89,85.58,4.62
12,28.94,51.51,30.41
16,31.34,44.69,57.72
35,52.47,61.42,69.01
16,29.67,56.39,59.4
10,29.41,59.07,1.94
10,29.19,52.02,4.78
14,29.13,67.51,55.25
30,31.28,63.63,89.22
7,58.45560000000002,53.26,2.32
17,25.61,92.52,42.88
7,34.11,52.72,0.67
23,25.75,16.01,60.56
13,21.43,55.07,33.06
6,7.71,51.5,3.05
17,30.97,49.52,54.44
28,6.22,91.2,48.05
12,7.39,93.98,13.95
23,24.25,55.41,57.93
24,7.52,67.2,36.34
29,21.33,88.24,117.96
25,33.89,18.87,54.78
32,7.23,16.91,52.53
11,30.16,67.43,3.78
10,9.19,59.31,3.27
3,32.29,93.65,4.84
18,25.6,65.75,71.99
35,22.9,55.93,125.76
28,5.53,68.48,51.4
18,29.33,93.9,42.53
1,24.68,60.6,0.39
16,29.0,69.6,46.75
15,34.21,58.69,45.19
27,31.85,57.51,86.54
22,24.17,16.98,59.62
25,28.53,44.89,103.2
35,51.73,65.8,54.03
22,28.19,11.33,62.99
27,26.57,60.64,95.09
18,47.98,11.14,21.16
13,29.54,68.83,40.0
8,20.82,60.54,3.62
21,34.83,51.21,78.37
1,47.19,89.03,2.25
21,27.0,63.82,57.54
26,23.6,40.73,85.91
5,30.03,48.89,3.28
5,24.78,69.73,1.22
32,34.5,60.62,125.17
14,29.23,54.3,37.4
8,20.45,43.32,4.82
9,24.33,45.77,3.61
4,34.38,63.9,4.62
20,33.14,49.4,70.75
25,27.28,56.92,86.27
6,21.19,51.23,4.41
28,58.45560000000002,52.33,51.7
21,8.83,56.02,40.93
31,22.68,53.91,122.53
7,6.56,65.8,3.63
10,30.44,59.57,1.69
10,26.33,60.49,1.76
13,26.77,16.24,33.35
11,26.63,88.19,3.55
4,25.05,56.02,0.18
15,30.66,42.49,48.6
20,29.64,69.41,70.94
26,30.95,41.18,103.02
17,34.01,56.66,70.02
8,23.08,57.17,4.4
7,58.45560000000002,64.79,2.69
9,28.12,43.6,0.79
19,33.4,67.66,72.81
9,24.35,62.75,2.55
14,5.85,53.04,34.16
26,20.71,14.54,57.7
15,30.63,68.6,62.85
24,32.73,66.55,88.73
18,24.21,49.16,49.63
31,32.12,44.57,113.28
14,30.59,59.78,45.87
4,24.86,51.83,2.65
16,27.06,47.82,50.78
13,20.96,63.97,34.51
3,24.4,61.7,3.83
23,23.2,56.69,77.59
3,32.82,44.28,4.51
11,24.82,52.1,1.8
5,27.97,53.76,4.06
19,29.47,56.18,77.45
26,27.65,64.56,71.62
21,21.58,59.28,76.36
28,32.1,62.86,101.69
21,23.74,87.83,60.63
4,34.36,50.25,1.78
5,31.19,19.29,2.4
16,20.92,65.83,43.53
26,33.54,59.19,82.74
13,22.66,51.15,46.8
3,31.99,43.77,0.18
4,30.16,54.7,2.12
11,21.82,43.77,1.77
18,32.24,61.69,66.94
26,30.45,52.26,72.72
33,23.97,45.27,82.76
28,9.31,13.42,45.32
23,23.71,63.52,89.48
30,26.09,14.72,60.72
14,24.63,51.14,51.29
30,31.2,69.3,100.38
3,29.28,40.33,0.18
28,29.06,54.22,98.15
35,29.72,56.99,103.24
26,21.63,40.5,84.6
30,24.73,55.12,105.62
30,23.18,47.96,125.22
4,29.98,43.51,3.55
22,27.58,68.28,56.84
15,34.52,51.18,55.9
31,47.23,54.72,61.7
29,22.73,46.16,111.08
4,23.66,13.32,2.37
31,29.36,41.83,121.33
11,31.49,50.94,3.0
30,30.88,56.18,89.42
4,7.91,41.31,3.49
21,26.8,43.28,53.39
19,21.82,58.4,58.05
14,25.02,15.52,36.55
11,25.09,61.98,4.54
6,49.13,48.05,3.77
14,52.77,46.59,21.75
29,30.05,49.98,116.6
10,27.92,51.93,4.07
25,23.79,68.5,73.56
27,21.5,41.98,90.84
28,23.25,58.8,85.98
23,30.21,53.57,68.37
7,27.89,92.75,2.17
9,26.02,40.56,2.23
21,29.26,54.23,68.65
25,28.44,60.07,94.31
2,29.77,14.72,2.63
16,31.52,52.71,53.04
31,28.53,88.14,86.29
19,57.61,69.87,38.43
3,50.43,54.99,3.66
14,58.45560000000002,59.92,23.5
18,27.58,66.2,69.89
32,58.45560000000002,63.83,59.24
21,54.76,63.07,47.13
7,25.59,45.14,3.71
23,32.75,61.12,77.9
23,6.96,57.62,38.42
25,22.38,59.55,87.59
10,32.48,63.77,5.0
12,32.92,42.61,35.22
13,25.52,48.43,39.67
31,30.05,57.97,89.24
31,26.1,52.87,92.52
20,20.81,54.12,63.31
3,22.49,43.93,3.32
8,58.45560000000002,48.8,3.63
29,23.29,57.61,113.97
5,25.95,50.17,0.68
33,32.22,48.05,97.66
16,27.16,41.59,59.18
20,29.75,19.7,41.28
12,28.21,65.67,40.41
24,28.21,57.15,68.2
18,22.03,13.9,42.3
20,29.9,46.19,54.33
8,27.52,47.62,3.12
24,33.81,65.6,69.18
24,24.39,65.11,60.18
15,26.27,14.02,34.68
24,24.12,59.06,82.25
6,58.45560000000002,65.02,2.24
19,48.02,67.09,39.69
32,29.78,66.03,95.99
29,27.89,47.32,78.82
21,31.36,64.28,60.38
3,25.24,65.57,2.57
9,25.79,46.68,3.52
5,29.65,47.7,4.79
14,23.82,51.22,45.26
4,30.12,17.18,0.29
11,31.95,52.13,4.87
19,28.35,60.26,50.85
16,25.11,55.8,53.7
14,27.97,48.44,53.15
7,22.94,58.2,3.45
9,24.05,65.02,1.8
22,32.89,67.31,85.01
18,24.12,63.64,45.8
33,34.38,45.93,111.64
4,8.51,41.22,2.67
18,29.59,49.48,56.28
9,20.32,67.95,2.65
3,47.43,44.71,3.72
23,22.13,52.01,82.87
30,52.5,67.9,56.3
24,30.62,63.68,66.34
25,21.2,55.44,82.5
14,25.78,69.3,42.13
35,20.1,42.17,132.77120000000002
14,21.81,49.28,55.3
12,34.69,43.44,44.71
34,46.04,62.9,53.24
20,32.22,56.19,55.46
32,34.61,69.53,97.04
35,24.9,46.94,87.67
31,28.4,54.96,90.82
11,33.14,59.46,4.45
29,25.79,44.24,78.75
26,51.05,42.46,48.33
30,48.89,41.79,62.21
8,31.19,54.82,4.72
24,26.88,59.04,90.09
31,33.6,48.54,79.6
24,28.07,57.93,76.49
29,27.8,47.51,73.06
30,32.93,45.75,87.95
7,9.47,19.76,2.29
29,5.53,61.94,71.16
7,47.85,59.1,2.2
21,22.92,66.76,54.45
8,33.0,62.58,4.91
14,32.25,46.66,53.08
17,24.99,56.1,51.88
14,32.23,44.37,36.86
25,6.92,66.68,37.57
9,33.67,88.29,4.26
18,33.87,54.44,61.64
26,20.76,58.03,99.1
21,22.36,61.95,55.46
11,20.54,57.01,2.36
27,26.32,92.42,66.51
11,34.27,53.98,2.23
6,7.54,45.51,0.87
3,30.98,58.49,0.2
26,30.33,61.98,94.27
20,24.18,51.11,75.43
25,22.54,48.25,72.66
32,32.42,67.21,81.99
9,48.77,18.19,2.64
5,27.23,44.02,3.23
17,21.88,65.33,43.1
35,34.38,56.35,127.95
22,52.83,52.18,43.89
21,23.32,51.88,75.19
10,22.26,40.55,2.27
22,22.45,42.79,75.35
28,27.86,11.65,60.97
3,28.97,66.02,1.32
12,26.45,65.94,37.54
16,34.26,88.82,59.19
33,26.99,55.58,125.09
8,33.94,85.27,1.6
31,31.28,58.33,110.74
25,28.87,42.72,89.53
22,28.22,19.03,52.67
2,58.45560000000002,56.92,1.71
19,28.09,66.05,59.55
12,30.55,48.64,43.5
10,47.23,52.48,4.79
28,8.92,63.58,47.38
12,20.37,64.81,33.35
6,48.36,63.91,2.89
33,32.44,40.17,124.9
11,27.04,89.12,1.2
4,29.58,41.43,1.6
33,6.78,58.85,54.07
24,32.04,44.87,61.75
5,27.17,44.21,3.15
23,58.45560000000002,41.94,54.85
10,21.49,53.67,3.22
6,27.63,54.69,2.35
29,20.78,68.82,99.6
30,24.67,13.75,81.25
17,33.72,63.63,50.35
8,24.08,41.46,0.45
32,20.94,40.22,90.03
34,25.49,59.87,132.24
16,28.16,61.6,47.12
4,33.07,60.61,1.1
20,9.67,50.6,40.86
21,28.66,47.13,68.8
28,30.93,66.8,97.92
4,22.84,19.57,1.15
30,9.48,53.02,63.81
23,28.54,46.76,60.1
5,58.45560000000002,68.78,2.38
25,23.16,53.4,64.99
21,28.33,90.5,50.88
26,34.28,62.47,73.4
18,28.04,40.9,56.11
3,8.59,91.78,2.68
18,56.66,50.12,36.27
14,8.45,64.3,26.13
2,56.72,46.37,3.46
19,21.45,61.16,66.11
17,27.5,53.08,46.62
7,32.89,56.78,0.18
30,25.32,85.64,75.47
31,31.51,14.03,59.51
21,28.07,47.47,79.9
3,29.31,92.02,4.15
12,27.28,47.52,42.98
32,7.36,63.23,48.15
10,28.58,62.1,2.66
12,32.14,56.89,40.99
22,54.72,50.33,38.22
17,29.6,48.41,54.13
12,8.54,58.59,24.7
26,34.47,53.24,98.54
23,6.6,62.44,46.26
18,34.95,13.11,39.24
24,58.45560000000002,52.92,59.88
25,8.02,65.99,55.84
34,58.45560000000002,46.61,73.09
26,30.41,91.37,66.67
26,32.16,94.03,49.36
32,24.22,53.61,119.2
29,24.61,51.74,107.79
26,22.36,48.48,66.92
27,50.34,58.31,67.55
29,22.6,50.32,96.34
12,50.52,44.22,27.46
31,31.43,47.67,103.68
21,5.68,45.3,39.86
32,56.01,69.31,79.25
25,31.72,42.55,94.87
29,22.92,69.46,93.03
23,28.19,15.04,67.55
33,50.11,66.64,52.06
25,30.04,11.39,45.72
23,27.45,20.0,60.97
13,8.64,50.09,19.63
2,21.42,11.14,1.45
22,23.34,63.58,79.25
8,20.5,41.53,2.09
32,31.07,15.32,62.56
30,20.27,41.47,86.45
4,7.62,93.93,4.9
5,57.77,42.67,0.18
28,20.41,87.63,76.3
9,31.1,53.36,2.47
31,32.51,86.65,98.37
35,6.52,44.8,75.4
24,23.31,94.03,49.1
11,27.88,59.07,4.11
9,24.11,42.37,2.57
19,23.4,44.85,48.98
17,24.74,41.81,69.02
21,28.41,63.36,77.78
26,21.26,40.47,93.4
29,33.12,94.01,82.42
2,50.12,64.46,1.51
16,23.73,42.02,64.27
18,20.02,16.88,50.51
25,22.32,17.39,56.59
3,9.51,67.71,2.16
35,32.18,66.99,100.28
23,25.47,86.63,92.91
27,31.95,59.15,109.12
21,25.22,45.23,79.36
7,32.72,65.57,2.47
14,27.07,55.89,44.25
10,26.88,15.49,4.85
7,33.18,52.39,2.98
13,20.03,57.55,52.92
15,28.06,55.32,43.39
14,31.47,67.7,45.1
3,6.36,41.71,1.1
32,30.21,59.12,113.39
28,27.12,51.59,105.74
16,34.81,18.41,46.83
21,22.23,16.6,50.81
31,34.25,62.79,122.64
6,52.45,43.31,2.1
25,9.44,42.29,46.08
20,23.45,47.7,64.69
26,29.48,62.53,75.89
17,28.54,51.92,44.33
28,20.45,57.55,99.26
22,34.61,87.76,65.31
3,22.28,54.94,3.38
14,23.17,53.72,42.47
29,20.12,41.41,120.46
30,7.32,17.16,50.43
3,22.44,92.67,1.33
3,24.96,93.57,2.06
31,22.26,45.68,78.54
1,30.42,68.58,4.4
21,33.71,68.56,82.99
9,27.89,61.75,0.42
28,53.63,57.7,60.0
30,31.71,41.71,124.5
20,34.94,50.77,70.23
7,22.95,65.2,4.57
25,31.75,40.55,67.29
9,49.53,42.03,4.4
7,27.97,57.47,4.99
4,22.72,42.44,1.56
12,24.35,55.48,32.62
25,32.41,69.68,93.05
30,21.86,63.99,86.33
35,34.33,40.17,93.04
10,32.56,51.37,0.85
6,23.39,66.99,1.61
14,24.34,53.52,54.71
28,25.5,54.14,108.21
20,25.8,55.77,60.92
4,9.57,67.12,2.31
32,25.08,11.14,74.49
15,22.74,51.1,40.6
17,34.2,65.29,64.8
10,5.53,48.76,1.36
22,25.88,68.23,78.27
19,32.01,48.75,60.68
34,25.87,43.1,132.77120000000002
23,34.37,65.99,58.87
22,30.38,60.05,81.03
6,25.76,50.74,2.75
23,27.03,45.54,73.31
19,32.26,18.23,42.08
22,48.1,69.31,35.6
23,30.29,65.51,93.66
10,30.73,47.05,4.16
16,29.39,60.23,52.53
21,24.93,59.32,69.99
34,23.79,52.9,129.04
12,31.57,43.08,33.4
1,54.43,46.96,0.67
27,20.26,40.97,104.11
32,33.17,93.9,69.49
34,54.79,63.32,84.98
3,30.22,86.14,3.85
21,26.88,13.09,52.76
1,27.42,12.29,3.15
21,33.04,43.78,66.6
4,31.11,69.98,4.27
12,51.26,42.3,19.62
19,29.59,92.01,36.16
21,25.04,57.57,67.63
22,20.8,42.22,88.84
25,31.4,92.87,66.88
16,29.47,55.32,42.47
5,29.34,65.23,4.47
28,20.27,45.58,84.41
15,58.45560000000002,45.55,30.35
12,24.53,51.26,43.07
1,6.41,45.46,0.18
2,32.68,45.11,2.65
30,33.83,17.43,75.9
5,34.43,55.58,4.71
3,30.0,65.59,2.49
5,26.18,48.17,2.84
17,22.31,44.16,55.59
19,29.93,41.25,68.31
31,31.86,51.7,86.79
24,33.39,12.4,53.35
25,26.59,19.03,50.93
26,21.01,59.96,89.16
28,22.74,41.56,94.01
35,23.84,52.06,115.36
25,27.59,12.16,62.72
19,32.62,67.57,72.58
12,31.21,55.59,47.13
10,27.46,60.86,0.21
32,29.24,89.65,89.46
35,26.94,58.9,107.14
13,8.82,58.89,20.45
35,20.45,50.64,126.81
16,50.79,56.13,32.7
35,24.74,54.28,101.9
1,20.21,48.11,4.05
23,7.39,43.07,45.67
3,26.65,87.94,3.56
28,27.06,52.46,104.19
32,27.99,66.8,117.62
32,34.41,46.35,100.76
10,28.45,64.98,1.66
35,33.67,94.03,76.18
13,46.6,18.57,21.29
1,21.05,40.36,4.49
25,26.54,50.83,82.79
34,33.97,67.18,125.65
21,28.23,59.1,59.94
28,7.0,66.91,56.82
21,20.41,56.99,85.21
13,24.61,16.08,30.84
15,27.24,65.79,44.82
19,46.98,60.28,39.8
20,31.72,41.45,72.09
31,20.49,62.87,124.36
22,34.04,57.8,67.92
6,28.75,15.31,1.44
27,23.98,42.26,98.91
34,20.96,58.95,94.23
21,28.87,68.26,78.32
23,27.81,55.08,66.98
35,32.87,67.36,103.93
25,31.28,59.88,79.57
26,27.18,19.38,74.91
3,48.41,40.39,2.68
13,24.88,87.8,47.58
14,28.14,61.76,55.05
28,47.62,62.71,59.09
21,52.97,61.19,34.94
18,22.14,19.91,33.11
2,32.85,44.23,1.03
14,22.34,63.26,39.54
9,33.43,18.87,1.43
4,32.1,40.5,1.24
32,27.28,55.39,80.6
34,8.96,11.36,58.61
20,21.89,57.7,81.63
22,28.31,62.78,81.25
8,31.59,49.87,2.49
3,32.57,56.67,4.21
13,34.71,56.09,47.74
4,29.13,66.49,2.38
23,29.16,69.6,71.29
14,8.55,49.48,26.14
33,23.58,61.81,117.13
15,27.76,94.03,27.22
25,28.82,51.44,100.83
32,5.71,60.09,59.57
25,28.36,17.17,64.13
34,32.84,64.71,132.77120000000002
17,25.65,69.48,45.44
32,33.91,62.27,129.36
28,24.09,64.07,77.37
18,33.68,59.26,63.48
14,34.61,44.99,46.39
20,26.56,49.92,76.41
2,28.04,67.15,2.65
12,6.39,64.62,24.44
23,22.55,66.53,76.77
24,26.85,50.95,99.48
4,25.45,54.44,4.37
2,30.55,41.97,1.42
19,30.51,63.69,79.31
13,21.17,62.59,40.42
30,29.23,65.64,123.13
12,31.27,51.02,48.83
26,27.29,55.39,96.56
15,21.12,16.22,35.66
10,28.99,45.97,3.42
19,34.23,41.24,74.64
21,31.29,87.93,85.28
16,46.29,42.35,30.68
35,28.67,87.56,123.25
12,6.3,12.5,16.07
4,20.72,89.5,2.26
5,9.75,55.76,2.55
3,22.98,51.01,0.29
24,45.91,57.43,37.84
23,5.6,51.55,36.44
9,8.91,11.56,0.18
14,25.43,68.29,51.69
13,28.66,15.5,33.45
10,33.7,40.06,3.6
5,32.43,42.07,1.81
5,28.8,43.43,0.33
5,23.63,65.74,0.18
29,32.57,49.29,95.93
33,20.63,41.97,109.15
23,31.45,60.22,58.61
5,29.36,52.26,4.76
32,26.91,52.93,93.78
10,24.88,49.41,2.07
35,30.9,13.32,102.73
30,27.47,92.94,77.08
22,20.73,69.21,78.44
10,32.8,68.68,4.7
12,31.02,40.82,44.96
24,24.82,41.26,70.21
33,20.47,40.49,118.91
28,33.09,63.0,79.06
30,28.12,65.19,81.98
7,48.56,68.71,2.11
29,23.86,48.37,103.49
9,29.45,69.67,1.6
32,56.96,57.36,60.58
33,7.14,88.89,70.02
23,26.45,64.27,88.52
14,32.24,54.05,47.74
8,6.4,51.44,0.65
22,28.18,41.55,88.66
10,26.42,63.3,0.89
1,5.74,57.91,2.38
31,34.73,67.82,89.65
7,22.57,49.76,4.48
6,57.69,90.83,4.42
26,29.03,50.79,92.36
16,22.72,54.19,45.66
10,33.3,11.48,2.77
18,47.75,62.71,36.77
3,34.64,57.48,2.02
24,23.5,43.86,94.62
27,28.25,45.24,73.75
9,23.7,45.48,1.25
21,20.64,13.34,47.87
8,22.19,50.38,2.25
16,23.09,52.9,54.75
2,29.15,60.43,4.47
21,27.76,56.37,69.3
13,46.36,89.59,25.77
31,7.71,43.85,70.1
14,23.66,44.36,39.14
4,34.43,44.56,4.3
28,20.36,67.75,78.41
27,25.39,43.05,99.85
7,57.67,40.04,2.91
8,28.36,65.75,4.14
30,25.28,50.63,107.72
34,56.45,68.78,84.65
7,47.71,64.8,3.65
2,25.03,15.52,3.17
34,6.91,48.92,53.29
3,22.91,61.71,0.42
23,31.57,69.97,91.76
34,7.51,63.45,59.69
4,31.71,57.2,1.42
14,27.25,49.55,58.55
21,30.71,60.29,66.75
22,31.77,66.87,55.32
8,29.04,69.4,1.47
32,25.31,58.66,97.13
1,30.27,44.19,1.99
23,31.44,94.03,64.41
29,55.33,63.0,63.51
7,23.37,45.97,1.8
25,30.61,58.25,84.34
21,31.38,11.44,61.42
2,31.91,43.19,2.71
17,28.95,63.88,52.76
14,25.58,41.0,44.71
22,27.66,59.79,73.45
14,20.51,52.1,48.34
8,23.21,88.69,2.07
23,51.49,62.84,37.19
30,28.96,47.08,120.23
15,58.45560000000002,66.17,35.1
3,5.53,68.94,2.9
21,9.93,88.36,41.08
1,30.27,50.48,3.29
14,22.76,54.92,56.65
30,26.29,52.78,118.0
25,22.89,50.3,63.21
24,25.98,60.49,74.67
21,20.86,53.4,69.85
22,27.67,65.75,81.51
33,23.39,90.82,74.15
5,6.14,56.23,1.22
33,34.8,65.88,113.84
23,26.58,15.61,50.23
13,9.67,67.7,20.32
1,47.54,60.27,5.0
19,26.4,46.88,77.88
22,8.74,43.88,36.73
22,25.68,48.09,73.14
28,28.24,56.83,71.77
10,30.13,40.89,1.82
17,20.62,50.85,56.74
30,7.07,93.6,52.88
1,34.56,60.6,0.99
18,22.94,53.5,45.45
29,23.71,85.83,106.23
22,56.96,45.27,41.43
14,23.42,43.93,47.81
26,33.92,12.36,56.78
15,29.67,63.42,41.5
34,22.56,53.37,128.29
21,33.52,68.81,85.82
6,30.06,45.75,3.21
10,26.47,17.94,4.63
21,23.82,60.22,56.38
25,6.52,92.62,41.04
11,29.9,16.54,3.04
10,25.65,41.1,4.38
13,29.31,49.11,42.13
5,33.74,56.65,3.73
9,29.86,41.69,2.3
28,53.57,93.14,33.02
34,26.37,44.59,88.27
15,32.12,43.95,47.97
14,29.79,54.3,41.5
5,51.15,60.59,2.19
25,32.29,48.83,74.78
35,22.1,91.84,92.45
8,25.61,60.84,1.52
26,9.15,55.94,56.73
18,58.36,67.6,28.4
7,33.55,57.73,4.5
2,27.56,88.75,4.55
26,9.22,55.36,59.21
30,21.09,57.1,123.45
33,21.53,46.64,83.39
15,27.86,50.77,61.76
30,20.41,41.9,118.02
33,27.81,54.47,107.24
16,48.98,63.7,28.29
35,29.08,53.15,132.77120000000002
33,27.35,64.17,130.18
18,27.31,52.53,62.09
18,31.01,66.48,47.66
23,32.58,66.64,63.67
22,27.74,47.27,81.07
33,30.4,50.42,116.26
3,54.73,12.62,4.85
2,34.64,62.54,1.8
12,28.95,40.8,33.29
5,9.34,47.94,4.69
27,22.03,92.27,73.63
1,23.15,67.56,0.56
28,31.2,63.98,76.87
25,24.48,56.96,74.77
16,32.72,61.07,48.28
2,21.9,61.98,1.95
3,58.45560000000002,44.75,0.8
18,55.27,49.98,27.86
3,26.56,11.73,1.19
1,25.96,66.55,4.92
22,33.07,56.64,63.18
9,24.03,49.83,0.18
18,23.12,59.51,54.0
30,29.85,64.95,111.51
24,52.45,49.54,52.3
30,30.74,61.07,87.3
34,26.24,56.77,132.77120000000002
12,51.61,63.11,25.98
18,20.7,57.32,59.15
10,33.47,67.57,4.28
5,6.4,46.7,2.69
30,33.68,11.51,60.46
22,26.38,51.02,92.06
4,23.34,50.63,4.24
3,34.15,45.76,1.65
6,29.79,69.16,0.23
8,23.99,63.17,0.23
5,20.21,66.19,1.49
22,49.17,11.24,38.24
2,45.23,52.45,1.11
24,23.72,65.73,68.35
24,25.27,53.3,77.43
7,25.68,68.72,0.86
20,23.22,46.13,57.93
15,5.53,52.93,32.62
20,25.29,62.69,67.71
13,20.49,47.49,54.0
7,23.25,11.14,3.44
31,9.91,63.85,72.13
34,29.28,40.55,105.75
13,20.57,63.23,45.75
34,58.01,18.44,45.05
21,22.06,42.35,54.81
26,30.47,41.82,76.92
35,26.5,51.31,107.59
19,29.63,88.29,58.75
9,32.81,13.11,2.22
18,22.36,40.43,59.28
2,55.21,62.99,1.24
7,24.49,68.85,2.53
23,24.57,13.75,43.11
24,21.12,61.39,80.69
26,23.01,51.76,96.54
22,9.29,16.83,34.66
25,48.24,40.51,50.04
24,20.82,11.14,52.54
19,7.71,86.7,42.44
4,33.84,64.33,2.83
27,23.45,48.21,86.27
33,8.45,52.68,54.83
15,20.64,53.4,56.86
13,25.91,54.54,50.73
15,28.12,41.71,57.6
31,30.12,56.57,86.73
33,5.53,94.03,55.85
13,53.85,93.34,20.61
20,31.22,45.71,61.06
26,25.11,91.89,52.92
8,34.86,11.14,0.89
34,5.53,13.97,57.72
17,7.99,93.28,21.58
16,22.95,61.13,47.28
23,33.14,15.37,65.1
10,33.49,62.36,2.99
2,26.17,55.84,0.89
34,27.26,69.55,113.58
6,33.2,60.65,3.83
24,34.12,42.94,99.69
1,32.25,40.86,4.49
16,29.88,68.83,62.3
25,21.4,63.82,104.98
7,28.28,89.98,2.29
32,34.16,62.42,95.89
14,58.15,53.05,26.17
19,7.33,55.94,47.61
10,29.53,57.62,3.39
28,27.8,46.07,71.92
17,5.53,43.15,33.55
16,32.16,66.18,56.47
33,34.15,60.46,111.83
13,22.78,62.9,39.12
6,33.46,63.19,3.45
6,30.82,49.27,3.23
16,25.82,11.14,46.85
15,5.83,61.25,33.9
5,26.19,42.95,2.7
22,20.12,42.26,84.85
6,28.89,64.77,2.29
28,27.05,65.36,74.43
35,52.11,93.3,47.93
15,7.28,48.7,34.9
30,26.31,18.33,66.47
21,25.28,61.7,84.45
18,24.9,47.05,54.51
30,23.04,69.89,95.57
18,30.14,45.94,55.79
32,25.19,56.26,115.86
2,26.71,86.52,2.4
9,29.32,58.45,1.78
10,23.06,47.18,2.47
27,24.26,64.35,99.38
13,33.64,47.21,37.94
28,9.63,50.09,59.79
1,25.46,18.73,4.86
15,31.45,55.99,59.52
29,31.63,12.8,66.96
32,28.98,54.1,118.32
34,29.49,69.57,114.17
14,34.49,68.66,52.85
8,57.82,52.74,4.61
12,8.97,44.89,25.89
23,52.36,92.95,26.81
25,26.0,49.46,90.74
9,22.35,55.38,0.51
3,52.7,44.33,2.29
22,49.39,49.65,36.78
4,31.51,52.7,2.37
2,22.14,67.87,2.85
2,33.29,91.89,0.83
15,27.46,53.95,47.47
26,9.72,42.57,39.4
13,57.7,42.48,20.16
9,6.51,41.67,2.12
4,29.12,60.81,0.36
2,20.46,56.46,3.84
33,23.32,13.05,83.45
20,32.87,55.53,81.25
7,27.7,57.04,2.65
21,55.12,55.0,35.65
26,34.85,62.31,104.75
35,23.09,15.07,71.68
21,34.8,19.34,40.61
3,32.3,64.57,3.66
33,25.59,50.93,84.19
4,20.72,40.38,3.76
5,30.64,57.17,1.09
8,22.25,93.7,3.18
4,55.26,47.68,4.53
35,28.44,42.41,115.77
1,33.96,52.3,3.15
12,24.87,57.45,46.1
24,29.95,49.94,71.17
19,23.96,41.99,50.71
29,32.32,42.9,119.06
30,27.51,11.8,74.77
25,33.74,46.44,66.14
33,6.33,86.67,69.57
2,28.05,67.46,2.03
28,20.63,52.48,82.1
4,46.88,54.23,2.9
14,22.83,54.73,41.11
31,9.01,49.04,63.79
32,7.05,53.75,68.56
11,25.39,42.87,3.53
33,33.34,62.55,113.59
12,20.85,68.18,42.34
25,30.41,13.91,55.67
34,24.61,69.71,99.56
3,24.24,16.03,2.68
15,30.9,53.16,46.7
30,9.08,67.5,74.2
26,34.82,45.67,65.39
24,27.67,88.45,70.8
2,31.26,48.49,0.3
1,29.71,59.25,2.24
3,48.24,88.24,2.43
4,24.94,69.78,1.04
15,29.64,53.83,55.42
33,30.24,47.32,97.26
10,32.44,68.26,2.91
13,21.46,52.61,39.58
1,21.23,62.57,2.38
24,28.89,54.6,78.35
2,22.92,91.37,3.14
30,21.24,52.92,100.98
30,22.89,51.03,112.65
14,34.96,86.87,49.63
17,31.2,58.37,58.38
25,55.87,54.36,49.61
15,33.35,60.83,41.75
35,33.17,19.83,92.11
14,32.71,46.07,55.74
11,8.84,43.74,4.86
11,5.53,85.08,0.46
7,33.57,44.26,0.99
10,26.11,43.84,1.48
35,9.73,40.41,82.93
34,25.07,62.76,99.14
3,29.56,46.7,4.87
22,52.21,19.28,26.92
18,6.07,48.52,40.73
15,9.45,51.97,27.7
11,29.11,51.46,1.03
16,31.41,47.79,43.05
6,29.16,11.68,4.92
30,30.52,45.77,118.58
17,27.79,16.66,33.23
2,28.7,51.65,4.2
10,33.57,52.31,3.44
18,21.8,44.01,60.42
21,32.15,94.03,53.46
8,21.63,45.73,0.95
18,23.48,15.97,46.14
31,24.0,46.84,113.9
33,23.88,68.92,131.41
31,20.6,45.02,86.36
18,27.73,51.53,74.87
17,25.77,47.41,47.94
25,7.59,48.08,58.84
28,31.6,54.09,107.34
25,24.67,57.36,81.38
19,23.58,51.59,76.8
9,27.45,58.26,3.55
6,8.7,67.77,3.43
33,28.92,58.27,111.13
24,48.48,52.14,53.93
2,28.86,43.05,4.97
7,9.78,52.76,1.29
1,22.94,48.42,0.38
6,32.24,19.82,4.81
11,45.83,52.18,1.91
7,32.4,55.63,1.13
10,24.86,62.84,0.26
13,31.49,54.98,54.32
14,21.67,65.71,48.28
29,21.01,50.88,103.08
23,31.72,57.97,79.79
11,24.8,59.11,0.18
29,7.63,54.81,45.14
17,22.93,45.07,64.83
33,34.03,11.14,59.91
6,20.18,56.3,3.8
13,27.7,59.26,34.14
3,32.03,52.02,0.53
19,31.42,55.43,70.42
24,27.34,48.7,63.9
23,9.62,94.03,36.16
33,21.12,43.89,117.92
20,27.65,63.58,68.28
24,33.78,49.9,61.5
13,32.9,49.79,47.39
23,32.1,68.38,83.25
14,22.23,50.36,44.98
23,34.43,55.18,62.16
18,22.6,65.51,74.73
27,21.74,88.51,75.6
35,27.41,69.34,95.72
21,32.18,66.74,66.92
12,8.76,56.7,26.83
7,31.58,42.32,0.65
7,34.64,94.03,4.52
34,31.75,58.94,93.16
30,27.96,48.4,115.75
32,34.64,68.19,97.18
8,51.04,17.81,4.47
5,21.91,12.98,2.61
1,28.05,60.57,1.81
2,26.27,61.66,0.75
6,24.27,44.37,2.77
5,25.85,15.15,2.59
11,25.66,69.37,1.25
30,32.52,50.28,113.83
20,20.3,88.28,50.89
14,33.74,64.93,35.01
14,26.1,55.74,40.82
13,30.08,51.63,53.34
31,27.55,55.41,86.32
6,5.53,55.76,4.17
17,30.48,69.59,49.46
35,27.04,44.87,93.58
28,31.59,42.49,84.35
14,23.93,53.48,54.9
14,28.19,16.78,25.5
20,5.76,59.54,36.57
34,28.35,92.0,83.19
10,57.92,42.88,0.3
3,21.34,91.89,1.48
5,29.16,40.93,1.72
19,27.89,15.88,35.55
8,22.23,47.05,1.86
31,26.52,42.85,114.64
27,29.59,56.87,95.34
16,54.01,50.18,26.38
9,20.31,53.81,4.03
8,7.95,59.74,2.99
2,57.88,15.17,2.12
20,30.9,19.97,52.59
6,34.25,88.09,3.5
24,31.68,56.27,68.46
24,7.83,17.97,27.68
18,33.09,44.4,48.69
35,24.68,57.32,110.98
8,34.44,18.94,4.18
18,9.57,67.14,43.79
32,28.95,47.08,92.37
9,21.03,47.85,4.45
24,8.48,62.79,38.89
6,23.52,11.14,3.96
33,52.47,89.26,67.62
28,6.61,12.0,48.21
15,31.02,41.29,61.14
35,54.73,45.17,53.89
12,21.06,12.26,33.62
21,24.57,48.71,79.17
28,20.57,93.99,63.72
15,20.51,63.23,44.85
17,26.37,91.41,37.67
35,25.2,69.68,95.62
23,31.35,17.34,43.31
6,26.83,11.14,1.97
29,34.06,11.5,61.07
20,28.59,62.72,83.82
10,20.14,68.25,2.31
22,20.05,68.3,64.5
22,29.72,55.47,63.69
17,33.82,42.96,49.87
34,23.11,60.45,132.77120000000002
1,34.84,64.39,0.24
27,34.08,16.73,52.06
15,9.67,88.04,33.55
12,23.64,45.65,39.56
18,20.38,58.44,72.6
3,21.85,51.99,4.11
29,6.95,59.29,47.25
5,22.21,44.57,4.85
29,32.29,45.16,100.73
34,5.87,41.49,67.48
26,29.91,68.22,108.62
16,24.43,45.96,48.33
24,51.92,58.25,59.04
2,33.32,13.23,2.95
8,9.97,14.94,0.82
17,29.32,67.4,43.2
27,30.52,48.29,87.57
20,34.92,63.33,72.22
29,24.51,69.86,92.55
27,9.15,88.22,40.73
23,31.99,41.21,79.18
21,5.53,55.71,46.45
17,31.78,40.04,45.64
12,24.86,87.78,42.96
12,24.85,48.48,48.97
23,28.94,45.91,80.74
10,6.98,56.79,2.34
12,23.35,41.94,34.41
35,54.03,53.16,75.48
33,27.66,53.24,128.26
15,25.55,57.81,43.02
6,27.46,45.73,0.48
23,31.53,48.38,91.9
30,28.48,66.65,76.36
19,26.35,40.05,67.69
7,9.19,46.12,1.49
20,28.99,60.14,65.45
11,26.8,51.86,0.66
17,23.38,57.87,69.25
29,29.34,55.24,84.62
2,32.7,15.8,0.21
5,6.85,68.53,2.1
28,32.04,43.55,115.93
31,31.6,46.52,123.57
8,24.56,50.6,1.41
29,57.87,17.17,48.79
17,24.8,45.0,67.17
22,34.7,68.94,89.93
12,23.97,46.88,40.62
22,8.99,53.04,42.66
20,27.71,69.88,70.47
31,21.84,60.42,85.83
31,27.77,69.18,96.2
5,27.27,49.51,0.24
21,27.3,63.34,86.38
18,20.03,69.12,70.01
18,22.02,52.11,61.52
18,26.51,53.29,58.97
24,21.12,58.0,95.36
2,27.46,67.96,2.52
30,30.63,44.88,102.35
13,29.07,68.78,42.74
29,8.21,45.3,55.07
24,32.0,47.23,87.36
8,28.04,92.93,1.1
32,22.94,11.6,65.76
22,26.45,12.6,53.44
10,34.24,48.94,2.4
17,21.31,43.44,50.05
7,30.4,15.38,2.22
2,47.29,54.13,1.53
17,33.17,58.31,46.71
14,9.57,45.32,28.0
21,30.27,64.76,71.45
3,25.03,58.65,3.41
29,50.09,61.65,50.25
28,33.87,47.8,90.56
32,24.39,57.83,97.76
27,32.93,63.79,74.1
21,30.91,68.45,64.05
29,34.38,87.73,100.08
10,32.81,53.63,2.94
24,31.56,12.07,64.87
6,7.92,16.59,4.08
4,24.97,59.85,3.13
14,34.57,49.13,41.18
34,20.2,61.64,106.13
31,24.76,62.66,91.01
18,21.14,54.57,46.38
35,30.85,18.7,95.1
29,31.21,48.6,93.33
12,29.58,66.79,50.36
3,26.47,68.42,2.16
20,28.54,42.08,64.76
2,33.84,41.79,1.34
16,7.15,55.77,35.7
24,20.68,67.11,95.22
17,34.15,65.43,66.31
28,33.91,91.47,69.38
9,7.8,46.3,4.31
26,26.6,68.28,92.82
1,21.86,88.95,3.0
5,31.17,47.28,3.62
26,22.11,60.74,78.85
4,22.97,47.46,4.14
32,22.74,50.73,132.77120000000002
35,20.18,46.22,112.64
14,31.6,48.8,42.71
33,27.44,46.1,83.57
17,24.97,54.86,50.03
33,28.79,47.95,132.77120000000002
8,8.48,41.67,3.47
1,30.52,69.39,4.57
19,45.11,47.57,47.5
9,20.79,42.34,0.18
32,22.68,45.66,104.74
1,8.52,49.91,2.05
19,24.77,91.0,50.53
13,20.59,43.21,41.22
22,30.48,85.58,71.63
20,25.56,46.38,55.64
17,27.53,56.86,66.79
8,34.12,90.98,4.93
5,21.67,58.44,4.87
12,27.96,56.82,33.18
26,28.95,68.19,92.47
28,54.78,53.22,63.7
8,27.34,50.67,2.83
19,24.83,43.48,54.68
22,25.49,68.41,72.36
27,32.59,69.56,92.23
8,31.78,51.17,0.72
25,27.38,55.2,96.58
20,21.7,52.14,50.34
12,34.24,18.98,33.69
31,31.91,16.28,60.51
19,22.82,88.89,72.81
32,26.75,51.66,127.34
28,24.03,51.96,99.13
12,34.66,46.3,39.95
10,8.07,59.34,3.49
25,33.66,43.64,63.39
20,28.49,44.2,75.62
27,6.42,12.86,43.03
5,34.66,53.15,3.99
12,32.44,42.99,32.33
22,25.1,42.23,55.12
15,20.02,85.67,62.95
31,26.58,13.57,72.34
35,20.11,91.08,92.15
23,26.28,41.47,76.83
27,32.37,51.78,87.73
29,34.5,68.48,93.85
27,7.11,40.18,62.69
22,28.98,68.5,85.76
28,23.95,55.67,88.85
5,24.98,46.79,4.09
13,31.82,19.95,24.37
19,20.4,46.71,53.3
2,33.61,40.91,4.86
19,22.96,40.5,67.14
24,30.95,88.36,81.95
30,21.03,42.34,109.32
9,34.49,69.88,0.18
10,28.8,56.35,2.98
33,49.52,50.06,81.11
16,27.51,44.95,42.4
10,26.58,19.26,1.62
20,23.56,59.05,57.29
12,21.38,67.27,43.9
6,29.18,56.64,1.7
30,25.1,50.45,82.74
2,22.18,57.92,2.67
25,33.72,87.75,65.81
9,25.43,52.12,1.84
35,26.71,62.1,132.77120000000002
10,30.05,52.1,0.71
20,5.53,56.07,45.96
22,24.52,63.82,78.8
19,32.34,68.18,78.46
20,20.67,65.37,82.11
20,29.89,69.07,76.46
16,23.09,19.01,35.22
9,34.68,44.5,2.31
27,25.32,51.15,68.4
1,26.72,60.3,4.51
31,24.1,50.19,124.17
16,28.46,45.19,48.58
6,30.93,57.9,1.83
33,29.7,49.18,105.72
31,8.13,42.8,60.38
4,27.1,43.49,2.9
20,20.57,46.71,77.49
16,7.18,61.9,25.54
10,22.93,45.58,3.15
3,6.74,45.74,0.52
33,32.32,94.03,64.78
16,9.98,56.85,36.01
24,32.07,40.96,87.52
22,5.62,16.77,35.77
16,34.59,92.02,29.89
23,50.72,51.75,53.93
23,33.65,48.6,90.57
3,23.58,62.83,2.84
33,22.97,55.25,85.04
33,8.24,65.8,50.62
34,25.61,54.17,98.04
9,34.16,48.01,4.83
5,30.77,85.44,2.22
3,5.53,66.08,4.7
25,28.72,16.61,65.91
13,46.11,59.11,25.39
8,48.17,48.16,0.71
6,25.54,48.46,0.18
26,24.19,68.33,78.32
23,9.74,57.32,37.69
29,27.95,45.97,96.19
13,21.75,94.03,36.38
23,48.48,42.95,48.45
33,20.32,44.03,114.59
7,24.87,67.35,1.28
13,23.08,61.08,53.9
20,26.98,60.7,83.45
35,27.2,93.67,92.91
11,51.68,91.67,2.07
35,30.86,64.8,110.0
2,8.37,50.01,4.47
31,25.99,54.16,104.86
1,24.69,43.08,3.9
33,31.76,93.23,64.82
14,8.86,68.12,32.16
15,29.33,50.11,47.47
7,26.97,17.03,2.68
6,47.46,59.18,0.18
7,30.96,63.83,4.08
33,8.46,42.19,53.36
3,24.81,52.27,3.82
30,27.65,91.24,65.5
9,30.91,50.91,1.04
1,20.37,40.57,4.87
18,32.85,66.33,51.29
28,27.53,57.5,90.69
6,23.66,67.85,0.18
11,28.65,19.41,4.39
10,22.71,66.32,0.71
34,54.5,56.98,65.1
25,25.37,56.04,64.17
14,46.58,53.86,21.66
29,8.16,59.83,61.18
20,53.09,47.38,37.99
28,21.59,68.85,73.91
10,32.3,63.11,2.93
34,26.4,11.14,71.13
35,48.34,18.08,39.1
28,6.59,68.41,55.81
27,22.07,40.31,91.28
35,28.15,61.38,90.09
21,22.39,47.41,64.85
8,23.17,68.9,1.29
6,23.34,14.17,1.4
5,7.0,63.86,1.14
29,27.43,44.35,86.72
33,7.81,65.74,54.3
29,20.3,46.31,116.99
34,25.5,11.14,79.78
15,26.85,14.14,30.59
30,57.51,66.64,65.54
24,53.39,57.32,39.81
11,34.95,64.1,3.85
22,34.36,89.59,72.76
11,9.79,19.89,2.67
26,24.39,15.68,58.83
28,29.83,46.32,72.18
27,34.17,68.9,87.5
26,23.25,52.71,72.63
5,33.76,60.88,3.55
7,34.97,60.51,0.53
23,9.43,89.34,46.26
14,27.63,59.98,45.13
20,25.29,87.44,70.45
5,48.26,67.44,4.41
20,31.89,60.93,55.64
11,58.22,11.3,2.59
26,20.72,51.36,73.46
4,32.6,64.53,3.4
22,9.76,85.88,35.53
3,22.77,50.0,3.8
32,51.68,91.25,42.65
28,23.29,62.21,102.67
12,29.72,16.73,28.93
21,33.11,51.94,69.74
20,46.81,54.94,43.1
1,32.94,12.86,1.84
5,50.88,56.63,0.18
7,46.48,15.38,0.34
7,20.19,40.68,1.45
32,27.98,45.62,122.75
28,27.89,40.89,78.46
8,27.23,58.25,1.05
26,25.08,69.26,78.96
35,34.97,56.6,132.77120000000002
10,8.97,61.66,0.24
28,26.23,42.37,78.41
21,21.26,46.85,72.68
4,22.57,11.14,4.82
24,26.01,49.68,68.02
2,29.27,43.68,0.49
24,26.18,65.46,84.6
26,23.79,55.74,94.74
25,6.62,56.54,52.52
9,30.71,47.17,3.44
4,20.63,49.03,3.18
22,22.33,64.18,56.56
32,34.64,68.39,89.99
3,29.86,41.71,2.77
1,25.52,56.82,3.09
18,55.08,60.58,31.54
14,26.57,54.53,51.71
1,30.37,91.73,3.5
8,29.35,54.15,4.74
7,51.26,62.64,0.47
30,26.78,56.47,78.53
8,51.98,69.5,1.09
30,6.16,48.85,62.55
3,22.36,46.28,2.44
23,33.1,69.74,93.48
10,30.75,59.44,2.44
33,25.68,48.67,99.25
13,28.26,94.03,37.63
34,58.25,63.0,57.51
18,8.51,56.59,41.3
26,47.58,51.27,55.56
15,32.84,45.87,61.24
34,31.3,40.23,119.01
26,29.58,63.23,77.49
21,6.91,64.21,50.03
19,50.06,54.14,41.07
28,28.76,16.5,64.37
4,32.15,60.92,2.85
12,24.36,49.73,36.61
26,31.59,14.42,74.6
2,47.5,41.9,4.12
24,57.28,62.37,48.3
9,24.45,92.68,2.69
14,32.01,88.57,42.77
5,21.81,52.84,4.1
32,34.33,42.96,132.77120000000002
32,30.84,65.83,130.68
3,26.76,64.26,1.82
31,32.9,44.3,94.32
12,25.07,94.03,22.47
14,23.26,42.73,49.31
3,33.11,64.72,4.04
23,21.57,63.47,90.84
6,31.12,58.86,2.6
27,23.79,56.74,87.44
4,32.51,11.14,0.26
34,23.53,11.3,87.56
34,25.36,49.18,114.56
20,27.89,60.14,60.65
26,34.03,14.92,67.67
34,25.48,44.02,132.77120000000002
4,20.62,55.26,0.65
3,5.91,55.66,4.07
20,21.15,62.01,67.13
12,9.34,63.03,24.17
5,22.88,42.15,0.34
31,21.13,53.69,97.06
2,54.8,69.17,3.8
22,8.28,44.72,52.31
9,28.02,92.75,3.25
21,31.0,63.76,72.2
1,28.56,44.43,0.44
4,34.51,43.09,4.55
10,6.72,61.49,2.87
1,26.78,88.1,2.24
9,47.32,49.32,4.32
3,32.85,68.07,0.56
16,24.67,57.78,59.07
21,58.45560000000002,55.59,45.09
11,27.44,53.22,4.07
35,25.21,47.01,131.47
16,50.6,54.76,37.73
29,33.98,52.52,100.02
23,21.41,46.8,83.12
27,27.72,58.68,88.91
32,27.91,93.32,90.09
27,24.11,69.13,109.23
4,8.18,56.41,3.21
33,56.17,61.47,69.08
31,24.49,52.94,93.98
25,33.12,54.05,75.69
13,24.41,67.25,38.9
33,20.6,44.14,97.76
14,22.02,67.75,55.28
10,33.96,52.93,4.23
32,34.62,57.25,111.6
29,30.05,59.76,88.32
33,7.28,56.82,65.78
25,22.2,87.18,66.44
25,21.91,49.97,65.76
29,25.96,50.48,96.36
6,9.89,45.7,1.44
21,48.24,40.99,37.31
3,8.46,42.27,4.24
6,25.24,59.24,2.34
17,29.72,48.15,44.59
16,7.34,57.39,31.05
14,24.56,42.64,39.7
19,6.54,89.27,42.61
20,24.62,44.28,59.07
2,22.54,56.07,0.95
3,27.2,50.25,0.82
13,30.21,67.84,35.18
20,5.92,85.75,38.03
19,26.81,43.63,51.3
12,20.53,50.7,44.03
31,54.65,58.23,77.85
34,31.23,66.48,94.93
24,33.66,64.01,61.42
19,29.19,51.09,50.35
10,34.32,64.21,0.71
32,20.19,49.7,94.56
26,27.33,42.31,66.1
30,27.88,42.62,124.63
33,28.73,18.14,86.38
10,29.02,61.2,2.04
10,20.96,14.22,2.15
26,56.79,51.11,43.11
7,34.73,62.34,2.44
20,20.88,53.12,61.36
13,51.93,40.88,23.95
17,28.99,88.21,59.79
16,27.15,14.09,40.94
33,5.83,65.31,60.35
1,34.34,48.84,1.74
25,31.39,46.37,69.07
6,34.52,68.21,2.36
18,30.99,59.87,67.81
7,34.21,60.25,3.03
7,23.29,44.01,3.54
31,22.38,67.5,115.18
24,22.71,48.65,82.62
6,8.05,47.8,4.28
4,25.82,49.84,0.41
27,46.93,46.9,59.99
31,31.23,85.09,124.5
1,27.32,62.9,0.78
8,8.69,40.29,4.95
19,32.79,54.73,67.6
33,27.59,59.83,109.71
11,28.41,89.38,1.54
2,29.29,18.48,0.18
20,28.05,17.42,52.35
14,23.19,57.87,37.73
15,22.69,53.25,48.75
22,31.54,64.37,87.09
21,22.27,12.26,48.04
17,29.17,42.83,47.32
21,21.63,55.4,60.97
1,34.04,54.33,3.05
21,7.92,66.13,47.62
27,51.98,60.85,44.13
21,23.68,48.83,65.61
6,24.54,64.72,1.23
21,21.86,48.91,72.41
8,34.76,40.66,1.62
35,20.77,69.57,132.77120000000002
19,30.46,60.25,59.18
14,23.84,52.53,55.43
30,31.72,61.16,111.75
17,23.05,62.53,67.86
15,56.94,51.94,24.13
10,30.18,63.7,3.74
14,7.68,59.18,22.72
19,7.19,91.72,30.99
19,25.39,66.68,77.77
30,32.17,51.55,77.08
22,31.59,93.19,48.1
27,25.71,62.4,106.07
13,34.43,51.31,45.22
27,21.18,44.91,102.56
3,26.55,48.59,3.8
12,55.3,48.65,22.09
13,27.99,54.77,45.32
1,34.82,12.53,2.1
31,22.17,44.4,95.3
26,27.85,41.12,87.93
14,22.66,54.15,53.3
18,33.25,62.65,72.65
24,32.47,48.21,88.06
9,56.69,17.41,2.52
7,27.34,69.82,1.79
15,7.41,68.34,23.54
19,34.24,91.48,49.71
27,27.85,16.02,51.59
17,29.54,68.21,50.96
11,33.67,55.95,0.69
35,26.29,51.74,125.1
16,30.95,44.7,41.8
4,30.23,58.78,0.37
34,21.82,58.83,94.34
21,30.64,46.18,70.54
26,30.25,64.02,68.45
12,28.46,66.51,39.6
6,51.38,16.56,3.06
17,51.98,56.97,39.32
28,26.78,51.31,88.17
33,34.13,51.74,132.77120000000002
19,31.53,57.26,56.67
3,26.41,63.63,1.15
25,20.07,43.05,79.85
23,31.23,51.49,75.36
2,22.23,40.67,2.71
25,20.84,49.92,92.11
23,22.52,56.95,70.66
28,56.38,45.32,69.48
32,26.63,54.18,124.34
32,31.66,60.66,84.43
27,7.96,45.35,56.19
6,27.4,61.65,2.22
2,30.01,58.82,3.11
29,51.3,68.29,68.59
35,58.13,60.42,82.16
5,34.35,65.37,2.35
28,5.69,65.99,70.04
29,51.21,40.25,58.37
32,5.87,63.12,61.26
34,24.85,57.32,86.75
29,27.08,68.93,106.29
8,34.53,50.55,2.89
15,25.56,66.43,61.51
4,29.65,40.91,4.85
34,31.99,65.08,95.67
21,23.67,11.26,56.8
24,25.62,40.25,98.97
24,46.42,60.44,48.18
7,27.94,61.68,3.7
33,20.56,89.22,95.19
26,8.31,59.17,41.31
2,32.85,69.16,2.83
19,34.05,40.57,54.93
13,32.59,50.47,36.35
3,27.12,92.43,3.38
33,26.45,45.38,132.77120000000002
32,34.04,56.27,113.13
15,28.54,19.17,40.31
30,29.38,64.49,111.06
16,29.25,41.25,65.97
31,33.96,45.41,121.98
34,32.27,69.33,107.06
24,27.36,42.06,82.0
26,28.83,50.42,91.02
25,31.37,46.28,81.13
8,52.98,53.82,3.08
30,27.46,57.45,115.88
25,23.9,66.5,85.79
26,55.53,64.48,49.79
11,21.02,46.01,3.62
13,32.26,51.28,45.18
35,48.77,69.71,66.46
15,22.35,61.04,59.92
9,5.84,53.17,3.9
9,26.1,60.08,2.25
26,31.46,48.45,71.99
22,22.84,53.17,60.51
23,6.86,15.65,26.67
7,58.25,41.04,3.88
13,32.1,62.32,52.82
31,30.03,43.67,100.83
34,31.39,50.68,93.03
2,20.73,49.04,3.72
29,33.63,58.17,79.25
4,6.12,48.01,1.77
19,32.6,45.63,56.1
18,31.12,51.83,56.02
16,20.69,86.11,59.25
4,30.05,42.32,1.64
33,28.06,66.63,132.77120000000002
28,33.38,17.47,55.82
10,45.84,63.59,4.25
27,29.09,57.03,90.9
17,55.15,40.13,26.61
19,32.78,66.39,79.0
14,21.71,42.59,55.24
10,20.04,59.11,0.47
24,26.93,92.48,64.13
33,21.2,45.69,132.77120000000002
27,24.62,50.92,96.51
29,29.23,50.13,121.09
28,20.32,53.89,83.21
33,31.59,49.15,113.23
20,33.43,54.78,59.49
15,29.58,65.07,51.59
7,33.1,63.98,0.25
1,33.82,58.48,2.25
11,22.35,60.5,2.46
1,8.55,15.21,0.62
19,23.08,87.96,74.63
27,30.06,52.51,91.32
26,34.54,45.1,78.36
21,28.9,56.48,71.67
18,26.92,64.26,53.02
8,25.88,14.41,3.49
5,24.01,45.95,0.35
32,34.23,48.44,112.73
19,32.51,92.21,48.39
12,33.02,13.59,35.14
19,27.8,54.18,49.63
24,29.88,40.42,73.26
9,22.68,11.14,0.94
17,55.76,63.29,30.01
24,31.62,40.09,97.96
11,33.93,58.89,0.9
2,20.58,44.36,3.09
6,24.23,60.94,4.58
3,31.87,68.05,1.3
4,50.22,69.02,1.06
33,53.65,48.28,65.63
25,58.45560000000002,53.41,49.36
10,23.25,51.18,4.4
28,52.1,66.15,63.71
18,9.05,53.03,32.83
17,29.92,11.4,38.26
24,23.26,67.68,99.06
9,27.04,52.68,2.34
12,24.89,61.46,35.23
6,33.38,66.25,4.2
19,33.12,55.95,75.1
31,20.64,85.25,98.81
12,26.77,46.3,30.63
34,28.12,65.51,132.77120000000002
10,21.87,59.54,3.64
5,22.55,52.25,1.16
20,33.02,52.06,72.08
5,48.18,46.31,0.91
3,23.08,50.27,2.37
17,50.55,56.65,27.02
11,28.47,40.37,0.4
12,48.88,88.85,19.57
24,45.64,12.92,32.34
6,23.01,49.07,3.53
5,28.17,52.91,3.21
6,21.36,48.31,1.67
18,20.19,43.64,63.0
29,28.09,63.9,115.09
27,27.39,51.86,84.44
6,30.16,59.85,1.1
5,20.1,66.16,0.5
8,21.06,53.79,2.82
25,23.03,44.42,96.92
35,27.94,68.65,132.77120000000002
32,29.88,65.07,113.27
29,26.13,50.94,103.87
13,26.34,68.24,50.06
31,58.45560000000002,55.53,53.46
13,21.32,67.67,51.63
31,24.05,13.64,80.23
14,24.97,51.85,35.29
4,53.74,60.15,4.44
18,58.45560000000002,85.42,31.33
8,51.33,93.2,3.64
12,23.06,69.77,34.11
33,26.4,87.2,119.93
32,7.87,44.57,66.16
21,32.96,94.03,37.15
16,32.78,45.11,49.28
7,29.44,49.95,3.78
23,31.68,43.23,94.76
34,29.47,49.48,93.4
9,23.05,61.51,4.88
17,28.87,61.15,45.09
5,24.96,51.38,2.26
2,26.2,14.39,4.98
27,31.9,60.63,80.86
21,9.86,49.81,51.06
7,6.55,87.36,4.55
18,29.41,12.72,35.93
6,22.11,63.21,1.52
26,28.32,66.47,68.45
3,27.37,57.17,1.96
5,21.16,14.59,3.63
34,32.75,47.95,92.85
23,23.06,42.64,95.07
11,26.01,12.0,3.84
25,27.39,13.22,62.5
5,32.39,54.08,2.54
23,25.58,44.47,81.54
13,30.41,11.14,34.58
24,8.09,90.89,28.65
18,33.97,85.38,46.01
25,22.55,88.58,87.03
16,33.87,12.2,40.78
3,49.7,94.03,4.5
1,20.7,64.22,3.29
31,32.89,68.62,122.53
27,30.66,65.67,100.74
1,20.36,59.24,3.39
34,27.27,42.07,105.16
14,34.86,68.43,46.59
17,6.63,87.72,40.45
24,9.2,48.02,42.9
16,50.26,50.98,29.23
30,30.78,90.89,77.32
5,26.9,54.51,4.93
8,54.56,50.61,1.06
29,34.8,42.49,92.23
4,31.53,69.93,1.45
31,58.45560000000002,43.77,47.92
15,45.84,42.49,35.28
5,23.73,42.16,0.26
18,32.66,64.63,50.97
4,30.38,55.59,2.14
18,31.92,46.72,67.19
8,34.75,43.49,4.44
27,5.53,64.42,54.2
27,33.28,41.52,111.16
31,27.84,42.22,87.55
13,25.25,55.48,48.46
16,20.63,18.09,28.56
25,23.71,67.17,100.87
1,24.34,43.46,2.43
4,33.2,42.67,2.63
27,6.61,47.7,56.06
13,23.53,66.28,35.27
7,20.48,94.03,0.52
29,24.51,48.27,106.42
20,28.21,55.16,60.16
14,6.55,41.46,23.1
27,29.15,45.34,70.3
3,30.46,58.49,4.14
4,30.25,47.79,4.5
34,23.6,11.14,82.92
21,20.11,68.3,60.76
1,24.82,51.82,0.97
14,21.88,43.09,37.12
31,34.99,57.49,95.21
13,34.55,44.6,53.16
20,8.14,92.57,22.66
17,24.06,58.07,44.29
15,22.03,42.23,38.22
1,27.22,43.84,3.96
15,22.67,59.16,49.4
31,20.94,64.06,78.87
23,27.53,50.21,79.86
28,22.89,63.52,80.26
31,55.69,68.26,57.16
9,29.0,86.55,3.48
21,5.53,44.59,43.74
15,24.99,62.22,60.42
5,32.3,50.24,1.47
1,25.59,54.46,2.82
35,9.43,90.98,45.33
32,34.83,59.83,91.29
1,20.61,19.29,4.58
11,27.87,57.43,4.46
25,23.0,46.5,85.16
22,33.94,86.78,63.65
4,30.81,44.51,3.48
16,48.6,48.55,27.69
28,25.56,43.62,108.54
10,7.41,17.62,4.54
3,47.61,88.16,3.98
10,23.16,40.96,3.15
14,23.21,49.34,45.37
15,33.23,50.12,41.29
31,27.61,54.3,91.74
14,22.88,54.02,44.52
32,24.99,47.75,87.34
5,26.22,47.05,4.85
8,31.94,46.66,2.72
7,27.63,49.79,0.68
28,21.33,45.28,110.87
18,20.79,48.88,67.09
20,20.46,45.32,61.74
6,23.41,64.47,3.96
5,51.24,49.37,0.85
33,33.86,11.14,87.36
26,32.86,49.15,68.48
12,49.16,90.5,21.0
3,5.6,65.65,3.47
30,20.02,42.14,80.32
24,52.2,65.19,44.79
17,20.55,13.0,47.72
34,25.05,94.03,82.67
27,27.19,61.0,81.77
33,29.9,56.99,122.18
20,25.56,59.2,58.64
8,24.68,85.27,0.53
32,22.1,47.48,128.64
6,31.16,47.49,4.47
11,9.55,49.68,2.18
1,20.2,52.64,1.56
13,5.53,44.19,28.91
5,23.3,56.14,0.76
17,26.78,67.15,46.74
35,21.31,63.55,109.35
21,50.76,52.91,40.08
26,55.6,52.55,45.13
16,28.97,49.51,53.04
4,25.61,52.5,3.25
14,27.25,90.74,25.36
29,29.64,17.4,67.02
21,27.95,56.38,68.72
12,7.8,47.51,25.4
11,29.65,68.08,2.79
7,24.0,67.96,2.82
8,23.65,60.17,3.94
25,33.04,60.12,65.78
6,33.2,50.29,0.34
24,29.82,68.35,97.33
34,33.97,59.99,124.41
12,34.24,40.45,42.32
1,20.7,40.77,0.42
30,29.46,42.01,115.45
23,21.5,45.25,82.45
20,21.54,52.05,83.7
9,22.41,45.25,0.36
19,20.07,42.86,74.15
35,33.6,40.58,103.46
21,50.88,57.54,46.31
28,55.54,52.6,63.04
35,26.5,87.1,132.77120000000002
31,31.04,12.66,72.72
4,20.28,57.75,3.05
20,26.64,56.18,66.32
15,58.29,19.14,25.68
12,22.9,65.22,31.24
8,22.21,49.74,4.87
2,21.8,54.71,2.34
10,21.8,47.91,0.95
29,31.48,48.09,79.72
32,34.61,42.2,103.75
13,33.34,40.17,37.13
18,28.14,51.64,52.43
23,32.97,47.73,77.7
20,30.15,52.01,81.05
16,33.95,49.16,51.48
