steps,voltage_mV,pressure,temperature_C,humidity_percent,hour,minute
1,74.7,20,21.53,61.96,13,44
2,0.22,2,22.98,50.09,13,44
4,26.14,17,45.71,93.76,13,44
4,68.89,31,26.54,13.36,13,44
6,56.64,15,25.29,45.89,13,44
5,59.98,20,27.21,56.33,13,44
9,98.12,26,25.19,43.04,13,44
8,54.03,18,24.51,59.77,13,44
11,74.59,27,21.88,46.46,13,44
10,43.66,17,30.61,49.95,13,44
13,79.01,31,30.72,85.77,13,44
13,2.62,2,27.15,67.28,13,44
13,80.43,32,26.46,65.96,13,44
16,82.02,27,29.48,56.97,13,44
17,56.59,15,21.44,41.42,13,44
17,36.93,14,22.53,61.31,13,44
17,3.88,6,26.51,64.44,13,44
17,126.97,31,25.26,41.19,13,44
19,0.93,7,32.71,41.63,13,44
19,3.66,2,22.56,61.87,13,44
23,2.25,5,23.67,61.51,13,44
21,39.23,14,20.69,56.96,13,44
25,57.46,15,25.29,57.56,13,44
26,2.55,9,5.53,65.43,13,44
25,3.76,9,20.69,50.67,13,44
28,4.57,4,30.11,44.73,13,44
27,3.05,11,27.62,42.11,13,44
27,3.46,4,31.06,63.96,13,44
28,23.87,13,57.34,68.25,13,44
32,35.46,13,33.92,89.08,13,44
30,0.67,11,26.76,50.86,13,44
33,99.54,28,34.1,61.59,13,44
32,120.71,31,24.93,66.21,13,44
33,33.99,15,58.45560000000002,67.68,13,44
36,65.11,22,27.16,56.75,13,44
38,30.22,12,29.91,46.5,13,44
38,53.73,15,25.51,41.51,13,44
37,81.32,20,31.12,51.91,13,44
40,80.51,28,34.75,66.9,13,44
39,98.97,28,20.62,48.52,13,44
40,120.77,34,20.29,54.19,13,44
44,92.09,28,33.99,65.5,13,44
44,3.52,3,27.63,43.04,13,44
46,39.52,12,25.65,89.07,13,44
45,3.1,2,30.95,59.44,13,44
45,45.22,17,22.63,62.9,13,44
48,70.15,21,30.79,54.83,13,44
47,32.14,15,22.36,19.07,13,44
49,71.04,29,6.67,45.48,13,44
52,30.76,12,31.72,58.63,13,44
51,43.51,15,30.53,45.28,13,44
53,0.59,2,27.51,64.7,13,44
52,4.44,1,30.93,60.22,13,44
53,69.03,17,26.48,55.36,13,44
54,0.74,4,27.0,48.65,13,44
56,87.83,24,20.63,42.56,13,44
58,94.66,26,26.25,52.89,13,44
57,38.54,25,8.35,14.67,13,45
60,46.91,13,32.43,65.07,13,45
62,3.33,8,20.32,47.79,13,45
61,60.07,31,8.51,51.01,13,45
63,54.48,18,23.76,69.38,13,45
64,128.52,32,25.74,63.21,13,45
66,132.77120000000002,35,25.25,56.2,13,45
67,60.94,35,5.88,14.97,13,45
65,1.68,9,30.0,62.58,13,45
66,1.61,8,26.87,56.1,13,45
69,17.18,15,54.51,19.39,13,45
69,1.01,11,33.69,67.37,13,45
71,63.21,20,34.63,54.65,13,45
72,51.88,25,8.4,67.06,13,45
72,61.37,34,46.76,53.3,13,45
72,82.75,31,28.84,65.1,13,45
74,56.53,20,26.28,66.94,13,45
74,2.68,4,28.0,93.39,13,45
78,82.54,21,31.61,69.09,13,45
79,3.47,4,20.36,50.35,13,45
80,79.83,23,26.73,61.14,13,45
78,4.28,1,33.11,68.05,13,45
82,112.38,31,30.6,52.83,13,45
81,30.0,12,25.67,62.75,13,45
82,123.84,33,31.82,67.73,13,45
85,126.76,35,20.17,62.91,13,45
86,49.28,13,24.43,56.24,13,45
84,132.77120000000002,34,29.8,53.0,13,45
87,53.52,24,53.92,52.66,13,45
86,100.43,31,32.04,55.94,13,45
87,75.25,27,34.99,94.03,13,45
91,1.37,10,23.38,61.74,13,45
91,101.02,26,22.54,48.44,13,45
92,47.92,13,20.06,51.24,13,45
91,125.19,32,31.85,58.48,13,45
93,111.22,27,20.6,45.12,13,45
94,40.56,13,31.59,52.97,13,45
95,65.05,21,20.69,43.88,13,45
96,41.58,22,8.88,41.54,13,45
98,0.84,4,29.68,86.91,13,45
100,80.51,34,34.67,15.61,13,45
101,78.49,21,28.9,87.66,13,45
101,92.57,29,29.84,44.03,13,45
101,76.9,19,28.26,52.92,13,45
102,97.42,31,30.25,67.76,13,45
104,4.39,8,31.34,44.72,13,45
105,0.56,7,28.89,58.52,13,45
107,1.07,1,22.69,50.17,13,45
106,97.81,29,32.37,60.73,13,45
107,41.57,16,21.76,14.33,13,45
110,97.78,25,29.84,51.19,13,45
110,76.83,31,8.8,44.83,13,45
112,59.52,27,20.8,14.55,13,45
110,20.78,13,7.4,63.91,13,45
113,111.17,30,34.22,69.9,13,45
114,61.44,22,20.26,12.31,13,45
113,65.53,28,29.55,16.26,13,45
117,39.44,12,27.14,60.97,13,45
115,24.59,15,45.57,17.07,13,45
117,4.29,5,45.09,47.96,13,45
117,77.25,22,25.84,47.34,13,46
120,63.91,19,27.52,42.27,13,46
122,3.44,2,23.01,57.45,13,46
120,69.66,30,6.82,41.62,13,46
121,57.79,22,32.99,19.82,13,46
122,53.42,14,33.09,47.91,13,46
124,83.04,29,22.15,44.07,13,46
125,4.43,9,9.15,53.65,13,46
128,2.65,2,24.77,46.62,13,46
128,3.41,9,31.95,63.85,13,46
130,27.0,15,58.45560000000002,41.17,13,46
129,0.7,9,25.61,13.39,13,46
132,19.84,17,50.51,13.86,13,46
133,35.04,14,34.29,14.53,13,46
131,2.35,11,29.05,40.95,13,46
135,74.17,18,28.77,54.52,13,46
133,2.2,4,23.5,60.87,13,46
136,36.25,27,50.01,19.08,13,46
138,59.6,18,28.38,43.04,13,46
139,50.85,22,28.26,15.2,13,46
137,111.26,35,24.89,59.09,13,46
140,90.85,33,26.13,51.25,13,46
139,107.99,30,21.26,60.35,13,46
141,2.5,11,51.48,61.01,13,46
141,0.24,5,31.11,42.5,13,46
145,77.5,19,33.36,65.39,13,46
145,3.22,9,31.19,89.79,13,46
144,105.68,27,34.33,54.0,13,46
145,132.77120000000002,34,30.58,49.0,13,46
149,49.46,31,48.1,66.49,13,46
149,97.26,26,22.5,61.42,13,46
149,2.96,2,50.5,53.52,13,46
151,36.51,15,5.53,44.33,13,46
150,65.43,30,22.83,94.03,13,46
151,3.57,7,34.99,44.52,13,46
154,0.3,2,32.71,90.64,13,46
154,4.23,3,27.65,42.72,13,46
155,42.92,14,24.63,57.56,13,46
156,49.44,12,20.74,46.33,13,46
156,0.18,3,33.87,63.57,13,46
160,84.33,29,22.83,47.63,13,46
158,71.0,33,30.21,11.14,13,46
159,4.48,8,26.17,44.89,13,46
162,0.88,11,9.09,66.65,13,46
162,52.88,15,31.36,61.27,13,46
164,107.88,32,20.85,51.56,13,46
164,21.72,12,47.45,64.77,13,46
165,132.77120000000002,35,29.62,51.17,13,46
168,39.78,19,32.82,12.53,13,46
169,4.15,6,7.02,41.1,13,46
169,3.45,6,33.84,60.12,13,46
168,50.9,18,26.33,11.84,13,46
170,72.26,29,27.47,94.03,13,46
173,44.65,20,8.65,62.61,13,46
171,3.49,11,9.1,42.58,13,46
175,49.9,18,33.33,52.34,13,46
175,59.44,31,20.75,15.38,13,46
175,80.53,25,21.58,53.8,13,46
175,65.55,20,23.38,85.17,13,46
178,30.26,12,31.85,51.59,13,46
177,92.89,27,34.21,45.81,13,47
180,47.93,12,33.02,47.39,13,47
180,1.27,7,21.16,58.38,13,47
183,1.63,11,24.65,62.08,13,47
182,0.21,1,53.4,69.49,13,47
182,57.05,21,23.91,87.23,13,47
186,79.95,22,20.53,42.81,13,47
186,103.24,26,34.5,53.73,13,47
185,70.61,24,32.72,41.73,13,47
188,72.07,27,26.83,42.23,13,47
188,0.33,3,33.77,87.93,13,47
191,65.63,27,9.04,53.81,13,47
189,108.68,34,28.03,69.36,13,47
191,114.66,30,32.28,54.86,13,47
191,55.3,27,51.26,44.78,13,47
194,95.46,35,31.97,13.92,13,47
196,0.59,2,30.92,11.36,13,47
196,52.49,15,26.34,64.82,13,47
196,1.19,4,26.24,47.52,13,47
199,44.61,16,30.83,16.86,13,47
197,0.18,9,29.4,69.87,13,47
198,21.82,15,52.36,11.14,13,47
199,57.56,18,28.19,47.67,13,47
201,67.12,17,31.02,68.82,13,47
204,50.23,17,21.85,62.02,13,47
202,73.85,26,30.53,56.82,13,47
205,1.7,1,20.11,56.78,13,47
204,3.35,10,25.87,42.28,13,47
208,87.19,29,28.11,40.37,13,47
206,4.46,5,29.42,40.07,13,47
208,4.87,9,34.98,57.1,13,47
208,117.3,35,27.8,56.92,13,47
209,132.77120000000002,33,28.09,88.39,13,47
211,54.4,20,24.93,63.18,13,47
211,41.36,16,24.17,52.69,13,47
213,70.12,18,32.87,67.28,13,47
214,72.01,22,27.93,50.85,13,47
214,1.78,1,24.71,61.04,13,47
218,29.97,12,29.25,94.03,13,47
216,4.79,5,7.79,53.21,13,47
220,93.7,33,34.71,66.67,13,47
218,0.18,2,30.85,59.53,13,47
219,0.3,1,47.57,60.42,13,47
221,1.98,1,7.85,51.74,13,47
221,2.5,10,26.08,12.18,13,47
222,66.17,24,34.08,40.17,13,47
225,62.71,26,6.54,45.4,13,47
226,73.11,24,27.93,44.02,13,47
225,45.37,28,6.53,61.41,13,47
227,55.65,19,33.78,65.65,13,47
230,40.2,20,53.82,69.74,13,47
230,56.87,16,32.97,50.71,13,47
229,0.92,9,45.36,67.71,13,47
231,31.59,16,26.12,91.03,13,47
233,94.9,35,29.77,44.64,13,47
235,1.11,4,20.92,11.14,13,47
236,84.65,32,25.04,11.14,13,47
237,104.26,28,26.2,47.09,13,47
237,85.2,33,20.58,57.6,13,47
239,49.54,20,47.54,51.1,13,47
239,82.02,31,34.19,58.44,13,48
238,87.62,22,26.98,58.5,13,48
242,35.42,14,22.64,53.77,13,48
240,35.2,17,47.89,69.06,13,48
241,109.45,28,31.14,45.82,13,48
244,28.2,15,53.4,44.15,13,48
246,1.35,3,52.49,11.14,13,48
246,1.68,2,32.99,43.53,13,48
247,26.21,17,6.59,68.3,13,48
246,127.59,32,33.7,43.46,13,48
248,1.34,8,32.02,85.38,13,48
249,2.2,5,9.73,61.67,13,48
250,45.4,16,29.53,11.14,13,48
250,0.99,11,28.53,59.96,13,48
252,102.82,31,20.13,68.97,13,48
252,46.29,13,30.49,62.0,13,48
253,29.31,14,54.81,63.58,13,48
257,0.84,6,50.13,56.95,13,48
258,76.17,24,24.44,51.6,13,48
258,2.31,1,24.02,48.06,13,48
260,0.63,2,5.53,54.01,13,48
261,77.93,19,27.23,59.1,13,48
260,104.08,32,20.37,55.18,13,48
263,82.82,34,50.8,42.42,13,48
262,43.4,15,34.6,91.06,13,48
264,67.42,35,8.74,68.65,13,48
265,62.75,23,26.95,69.93,13,48
265,2.7,4,21.98,58.42,13,48
268,35.3,14,32.79,65.9,13,48
269,3.04,4,25.25,67.72,13,48
269,59.92,23,21.86,44.09,13,48
271,62.81,29,53.14,65.38,13,48
269,96.86,35,34.8,62.41,13,48
270,0.81,6,20.05,60.91,13,48
273,55.51,16,29.92,56.49,13,48
272,38.55,22,5.53,16.65,13,48
273,67.81,28,53.08,54.77,13,48
275,4.47,9,34.31,69.99,13,48
275,33.59,15,30.89,15.33,13,48
279,3.86,7,27.64,60.69,13,48
277,132.77120000000002,34,20.36,56.06,13,48
281,102.97,30,34.54,42.52,13,48
282,0.5,10,24.68,52.09,13,48
283,1.71,11,47.23,44.71,13,48
282,4.04,2,28.45,44.97,13,48
282,0.9,9,53.65,41.23,13,48
286,79.92,20,33.53,67.83,13,48
287,33.62,14,5.53,68.19,13,48
286,42.9,17,32.15,60.91,13,48
289,4.61,5,47.82,65.9,13,48
289,54.37,14,29.19,43.0,13,48
289,3.18,1,31.89,94.03,13,48
289,3.82,5,27.64,69.0,13,48
292,46.45,16,30.13,11.64,13,48
294,2.98,8,54.79,59.09,13,48
293,3.38,5,21.83,43.91,13,48
296,1.76,9,26.08,44.87,13,48
296,64.55,20,20.42,59.65,13,48
298,88.63,28,28.56,53.25,13,48
299,112.98,28,25.6,46.16,13,48
297,82.78,28,28.11,61.4,13,49
298,3.45,9,7.32,12.28,13,49
302,19.48,13,7.78,17.68,13,49
303,63.84,26,5.54,46.74,13,49
301,2.84,7,22.96,66.92,13,49
302,96.73,30,33.74,43.51,13,49
305,4.56,9,24.08,59.77,13,49
305,106.64,34,29.64,55.71,13,49
305,95.22,35,30.8,60.63,13,49
308,52.55,14,25.78,59.53,13,49
307,58.22,28,8.54,64.48,13,49
310,115.77,34,34.83,56.16,13,49
311,93.78,30,23.32,67.11,13,49
313,0.22,7,25.26,41.07,13,49
311,120.89,31,32.62,41.47,13,49
314,1.5,7,27.32,40.61,13,49
313,70.26,28,26.62,94.03,13,49
315,3.44,1,23.9,64.55,13,49
315,57.13,18,24.49,52.05,13,49
316,2.44,5,32.15,40.76,13,49
319,46.38,19,8.07,41.51,13,49
318,45.25,17,22.15,42.92,13,49
322,81.94,22,26.08,85.1,13,49
320,4.45,2,20.84,13.36,13,49
324,51.0,19,28.11,11.17,13,49
323,72.08,21,22.4,46.6,13,49
325,78.41,19,34.92,51.75,13,49
325,54.63,29,25.08,18.14,13,49
325,2.36,5,24.05,61.44,13,49
327,85.86,24,20.41,64.02,13,49
328,3.28,5,34.91,66.1,13,49
329,55.21,30,20.85,92.48,13,49
332,54.25,17,27.27,60.38,13,49
332,46.13,21,5.53,55.19,13,49
331,4.2,5,20.98,54.56,13,49
335,1.72,2,26.76,46.79,13,49
333,123.78,33,34.25,56.65,13,49
337,91.1,32,30.58,40.53,13,49
337,71.92,24,20.81,66.25,13,49
336,74.57,34,5.53,53.81,13,49
339,1.91,6,29.53,63.04,13,49
340,44.92,12,30.31,86.87,13,49
342,36.45,17,21.74,90.53,13,49
341,25.05,20,8.94,92.13,13,49
344,59.78,21,25.2,50.64,13,49
345,4.95,2,26.85,44.85,13,49
345,40.19,26,9.51,18.31,13,49
346,110.72,31,23.5,42.29,13,49
347,90.64,22,32.8,85.18,13,49
346,130.94,34,23.42,66.38,13,49
347,121.58,31,20.15,69.56,13,49
349,47.09,21,9.93,64.91,13,49
349,40.2,15,29.96,91.46,13,49
351,39.89,24,5.79,60.48,13,49
353,92.72,24,24.47,43.99,13,49
353,128.47,34,26.77,51.98,13,49
353,4.67,5,30.6,13.85,13,49
355,65.58,22,22.55,61.86,13,49
357,88.34,27,29.22,85.07,13,49
356,4.01,10,33.87,63.52,13,49
359,50.58,31,46.92,40.56,13,50
358,41.0,25,45.37,58.47,13,50
360,4.12,1,34.19,14.16,13,50
361,42.27,12,26.78,85.59,13,50
362,128.26,31,34.58,43.6,13,50
362,95.69,32,30.73,63.99,13,50
366,1.75,11,29.0,63.54,13,50
366,35.55,14,30.73,18.88,13,50
368,37.51,23,57.31,59.66,13,50
366,4.57,8,29.57,48.38,13,50
370,70.3,21,22.5,67.59,13,50
368,0.43,11,29.22,45.35,13,50
371,61.65,27,32.64,93.45,13,50
372,46.9,18,31.82,49.74,13,50
373,28.24,17,9.04,18.21,13,50
372,51.64,18,31.82,42.14,13,50
375,33.1,12,32.65,59.46,13,50
377,63.19,24,33.9,17.72,13,50
378,3.77,6,27.07,47.59,13,50
376,47.77,15,33.98,46.36,13,50
378,18.17,12,8.46,56.48,13,50
380,58.88,27,22.1,18.42,13,50
381,4.39,10,22.3,54.35,13,50
380,47.49,17,23.14,48.94,13,50
381,66.84,30,53.71,85.32,13,50
385,0.63,8,34.52,42.37,13,50
384,104.95,35,32.02,53.73,13,50
384,2.06,9,33.16,47.02,13,50
388,59.44,27,5.89,45.51,13,50
389,94.99,29,24.15,43.32,13,50
387,0.54,9,26.83,48.83,13,50
390,79.93,27,23.36,48.94,13,50
390,2.5,3,26.32,45.45,13,50
392,87.43,29,29.56,41.06,13,50
392,130.1,32,20.44,55.03,13,50
392,3.42,4,20.52,13.81,13,50
396,1.59,11,26.17,64.02,13,50
396,34.04,28,45.64,19.56,13,50
398,38.86,14,22.99,16.44,13,50
399,53.52,14,32.09,53.7,13,50
399,4.27,7,28.93,14.94,13,50
399,119.05,29,25.75,50.58,13,50
399,1.95,2,20.17,57.51,13,50
401,3.54,9,26.17,42.08,13,50
404,95.83,35,29.34,94.03,13,50
404,4.19,4,7.53,90.77,13,50
403,3.04,3,21.27,62.55,13,50
405,70.41,17,25.93,85.95,13,50
405,48.88,17,26.73,69.1,13,50
409,2.94,7,7.22,42.24,13,50
409,76.65,22,26.02,85.23,13,50
411,46.62,15,32.15,55.46,13,50
409,109.65,27,22.46,67.71,13,50
413,38.54,14,22.54,55.3,13,50
412,64.57,29,6.34,55.65,13,50
413,49.51,25,26.91,11.35,13,50
416,25.52,14,20.74,91.87,13,50
414,56.04,21,21.17,60.93,13,50
417,82.6,26,30.18,43.61,13,50
416,31.79,20,8.52,45.48,13,50
417,95.06,35,21.82,63.16,13,51
418,90.83,22,26.34,68.61,13,51
422,72.52,24,30.58,52.63,13,51
421,68.83,18,33.97,52.8,13,51
422,120.81,31,32.6,60.58,13,51
424,101.7,31,29.18,65.38,13,51
423,93.42,32,33.73,66.33,13,51
427,69.23,26,34.79,67.57,13,51
428,81.46,35,22.16,14.86,13,51
427,97.99,34,28.79,64.26,13,51
428,107.56,31,24.06,64.66,13,51
431,65.15,17,34.64,51.28,13,51
431,50.08,20,7.5,69.08,13,51
433,100.57,26,27.6,69.59,13,51
432,100.61,33,22.07,41.91,13,51
435,3.63,4,21.55,40.21,13,51
436,77.38,28,23.61,56.1,13,51
435,51.45,14,29.81,64.61,13,51
438,1.2,5,50.61,58.74,13,51
436,40.27,16,6.69,45.91,13,51
440,85.9,24,32.26,48.76,13,51
441,93.26,29,20.13,42.2,13,51
439,64.73,26,28.26,16.55,13,51
442,63.64,23,25.39,69.8,13,51
442,45.34,27,54.19,42.27,13,51
445,1.16,9,34.33,89.38,13,51
443,3.49,5,30.05,59.1,13,51
447,61.7,23,22.73,94.03,13,51
446,3.07,8,51.99,12.35,13,51
447,1.62,8,32.16,55.22,13,51
450,4.57,5,29.69,55.79,13,51
450,3.65,6,30.03,12.45,13,51
452,2.35,9,21.27,66.78,13,51
453,62.62,18,23.82,41.37,13,51
453,66.84,26,25.33,61.11,13,51
455,21.31,17,56.88,12.84,13,51
456,87.83,25,28.44,56.29,13,51
455,131.56,32,30.68,45.05,13,51
457,97.5,30,31.53,68.97,13,51
457,103.52,26,33.2,63.34,13,51
459,52.17,15,26.35,62.39,13,51
460,2.1,6,29.0,91.63,13,51
462,80.92,28,25.61,66.94,13,51
461,54.05,24,53.78,55.75,13,51
463,91.83,28,24.71,41.52,13,51
465,73.86,19,27.03,58.2,13,51
463,47.34,26,50.59,69.05,13,51
466,98.16,32,28.3,42.97,13,51
468,52.94,21,27.38,44.75,13,51
466,2.06,1,34.65,49.7,13,51
468,54.54,19,29.17,68.59,13,51
468,74.64,21,25.74,49.85,13,51
472,26.51,15,25.35,17.04,13,51
472,3.41,1,22.25,42.92,13,51
471,3.12,7,22.26,54.86,13,51
474,60.66,32,33.33,12.24,13,51
475,63.49,20,31.33,57.21,13,51
477,55.37,31,9.23,61.98,13,51
477,72.41,28,24.4,46.25,13,51
477,23.31,12,34.74,92.05,13,51
479,58.82,30,9.15,40.44,13,52
478,67.83,23,29.22,43.5,13,52
479,48.77,30,50.61,64.39,13,52
483,51.82,14,21.31,50.17,13,52
484,26.53,15,48.15,68.01,13,52
482,54.51,28,28.59,17.84,13,52
485,0.2,7,50.7,53.57,13,52
487,30.86,20,52.16,54.13,13,52
486,0.2,10,29.02,19.22,13,52
489,80.8,35,29.05,11.68,13,52
490,23.98,13,33.72,17.48,13,52
491,45.17,20,58.45560000000002,57.71,13,52
491,93.75,23,29.93,41.22,13,52
493,67.36,35,46.31,56.62,13,52
494,83.74,24,25.31,50.3,13,52
493,70.52,25,31.26,69.69,13,52
495,52.54,34,53.13,43.87,13,52
495,56.47,21,33.23,53.43,13,52
498,2.31,5,26.9,62.43,13,52
497,67.03,26,32.72,60.31,13,52
500,65.14,22,33.87,69.52,13,52
501,73.92,33,20.09,11.4,13,52
501,60.75,19,26.93,49.99,13,52
502,4.86,2,24.67,60.27,13,52
504,98.08,25,30.27,53.67,13,52
502,2.88,6,32.34,57.95,13,52
504,2.42,7,26.41,44.66,13,52
505,34.0,13,28.69,85.8,13,52
505,40.24,16,31.59,94.02,13,52
506,1.39,6,29.74,49.93,13,52
508,85.26,23,28.06,50.91,13,52
511,43.11,16,21.5,58.78,13,52
512,3.66,10,30.94,63.48,13,52
511,60.74,16,32.1,54.95,13,52
511,108.51,28,29.83,66.46,13,52
512,46.26,24,21.05,94.03,13,52
514,90.9,27,22.29,49.92,13,52
515,2.03,3,20.15,68.49,13,52
518,99.69,29,33.51,87.49,13,52
517,4.83,9,9.53,68.11,13,52
519,127.11,34,25.81,41.92,13,52
518,120.21,34,25.74,67.91,13,52
521,87.59,35,28.53,66.1,13,52
522,36.02,13,34.84,43.08,13,52
522,2.06,1,34.78,40.08,13,52
524,4.86,10,27.48,16.6,13,52
526,27.92,17,49.76,19.23,13,52
524,29.19,12,53.19,43.35,13,52
527,32.86,12,32.99,42.71,13,52
527,81.42,31,31.91,14.62,13,52
530,43.93,28,8.91,50.94,13,52
531,0.61,5,33.35,62.49,13,52
530,4.04,4,31.69,58.29,13,52
531,34.89,15,24.6,91.51,13,52
532,63.13,26,58.45560000000002,40.74,13,52
532,0.72,1,27.17,47.72,13,52
536,67.2,26,29.01,15.02,13,52
537,28.43,13,55.22,58.82,13,52
537,124.97,34,29.99,86.09,13,52
538,3.59,8,31.67,68.67,13,52
539,59.27,18,26.4,45.63,13,53
539,103.19,30,34.75,46.26,13,53
539,111.02,32,32.69,56.58,13,53
543,55.03,16,20.27,45.72,13,53
541,3.99,1,22.54,11.51,13,53
543,70.08,21,27.84,45.61,13,53
546,55.44,18,25.59,46.07,13,53
545,48.37,23,31.97,13.11,13,53
546,48.84,25,20.68,90.82,13,53
546,52.33,20,30.23,61.01,13,53
548,38.81,16,8.85,67.12,13,53
550,72.71,18,30.19,52.61,13,53
550,0.25,8,33.13,65.25,13,53
553,54.87,25,52.5,57.6,13,53
552,99.81,29,30.89,66.33,13,53
555,101.42,29,32.14,88.49,13,53
555,2.06,9,27.75,57.7,13,53
555,66.86,25,33.0,44.76,13,53
556,130.03,31,31.93,48.62,13,53
556,70.32,17,26.56,47.59,13,53
558,4.65,11,58.45560000000002,44.27,13,53
560,107.14,28,23.12,45.19,13,53
561,51.91,22,9.26,45.38,13,53
562,2.43,8,28.05,63.53,13,53
563,4.9,3,25.56,44.87,13,53
562,2.93,6,24.4,68.38,13,53
565,100.83,34,34.89,47.8,13,53
567,50.92,30,52.49,67.17,13,53
566,4.05,5,33.55,51.42,13,53
567,65.05,26,24.29,50.49,13,53
567,71.59,25,33.62,45.06,13,53
568,2.45,11,21.94,60.52,13,53
569,35.26,12,25.86,94.01,13,53
570,48.26,20,47.43,68.21,13,53
574,3.44,3,34.71,42.86,13,53
573,79.72,31,28.14,11.14,13,53
574,36.37,16,23.13,14.72,13,53
575,70.97,17,32.62,55.9,13,53
577,45.1,14,22.86,44.3,13,53
579,3.69,9,23.85,11.14,13,53
578,41.45,12,29.48,65.62,13,53
579,61.31,18,21.68,62.63,13,53
580,39.53,13,31.5,50.88,13,53
583,38.02,13,33.76,44.8,13,53
584,59.32,19,26.14,67.44,13,53
584,98.86,33,29.09,60.9,13,53
584,51.31,13,30.87,60.16,13,53
585,65.19,30,29.36,93.49,13,53
585,48.27,16,32.56,63.78,13,53
588,23.49,12,52.48,65.01,13,53
589,4.65,11,28.77,60.29,13,53
589,74.56,27,30.54,56.22,13,53
592,27.03,17,56.32,56.33,13,53
592,51.3,14,27.09,41.28,13,53
593,55.4,16,26.49,66.22,13,53
595,132.77120000000002,35,32.38,46.1,13,53
596,93.79,24,29.69,68.26,13,53
596,52.96,25,48.11,56.11,13,53
595,82.38,23,28.89,48.61,13,53
599,45.5,28,5.53,53.92,13,53
600,50.89,29,5.53,57.72,13,54
598,0.54,10,20.99,52.86,13,54
602,3.56,3,21.16,66.23,13,54
602,50.12,28,30.15,11.14,13,54
604,0.22,1,33.88,40.29,13,54
603,4.76,10,28.15,42.64,13,54
605,47.62,21,58.45560000000002,55.29,13,54
607,69.83,18,22.72,52.38,13,54
605,130.15,34,25.85,58.55,13,54
609,0.27,7,26.27,52.29,13,54
609,25.49,12,58.02,48.96,13,54
608,65.73,17,21.71,55.29,13,54
610,45.32,13,21.95,42.73,13,54
613,88.51,24,29.47,47.43,13,54
612,29.99,17,26.92,91.54,13,54
613,66.49,32,5.72,41.4,13,54
615,66.33,28,28.9,17.1,13,54
617,100.94,27,31.48,44.59,13,54
616,37.32,21,8.45,59.82,13,54
619,4.84,9,58.45560000000002,49.58,13,54
620,69.35,21,34.71,69.39,13,54
621,2.69,4,34.85,65.0,13,54
622,43.52,24,26.41,11.14,13,54
623,4.05,4,52.12,50.03,13,54
624,5.0,7,32.05,87.22,13,54
625,106.32,31,24.94,63.28,13,54
626,112.77,29,24.71,89.54,13,54
627,52.72,20,22.46,69.39,13,54
626,1.78,1,6.87,47.7,13,54
629,69.31,21,20.7,62.48,13,54
630,3.6,4,45.24,88.82,13,54
629,46.65,16,25.39,61.94,13,54
630,57.58,22,29.32,61.43,13,54
631,44.02,15,23.67,53.25,13,54
631,58.44,30,53.08,65.81,13,54
634,3.53,7,31.78,61.73,13,54
635,45.57,24,23.03,15.95,13,54
635,3.16,7,53.8,92.37,13,54
638,85.93,30,20.19,85.81,13,54
639,4.59,6,46.32,65.0,13,54
638,48.78,23,50.54,47.67,13,54
639,64.13,21,33.19,49.67,13,54
641,1.2,3,50.3,50.17,13,54
642,49.73,28,53.73,65.93,13,54
642,83.28,27,27.75,63.95,13,54
642,105.76,27,32.48,55.52,13,54
644,79.55,23,33.76,42.7,13,54
645,47.44,15,20.11,60.36,13,54
647,2.09,5,26.74,40.92,13,54
647,29.64,23,6.88,11.79,13,54
649,69.51,30,21.5,14.8,13,54
648,4.52,11,29.18,94.03,13,54
652,65.64,16,30.95,62.77,13,54
650,4.0,10,27.12,45.99,13,54
652,98.95,25,21.07,63.31,13,54
654,108.79,30,33.94,69.56,13,54
654,39.99,22,7.87,41.65,13,54
654,2.63,5,21.49,11.14,13,54
655,81.58,23,31.8,65.38,13,54
656,91.69,22,30.49,40.48,13,54
658,45.4,20,31.36,92.9,13,55
658,1.35,9,29.98,68.95,13,55
662,30.14,26,5.53,13.92,13,55
662,45.83,24,6.49,42.5,13,55
664,57.23,27,54.42,64.37,13,55
663,20.49,15,5.84,14.43,13,55
663,2.4,8,23.76,49.01,13,55
666,30.0,17,21.74,17.1,13,55
665,73.72,33,5.81,47.66,13,55
667,3.3,2,46.12,69.59,13,55
670,63.83,17,23.71,56.21,13,55
670,1.94,6,20.74,86.86,13,55
671,3.18,4,32.06,47.93,13,55
673,74.82,33,7.07,65.67,13,55
672,3.52,3,29.06,69.98,13,55
675,112.25,28,31.54,69.22,13,55
673,2.33,6,29.9,68.33,13,55
676,0.39,2,25.53,47.54,13,55
678,92.99,27,22.83,42.52,13,55
676,0.42,4,26.72,50.33,13,55
677,125.9,34,22.24,66.03,13,55
679,96.46,26,26.72,57.12,13,55
679,132.77120000000002,35,31.1,66.73,13,55
680,96.04,28,25.95,46.68,13,55
682,59.31,21,29.74,45.31,13,55
685,129.05,32,29.54,57.4,13,55
686,36.61,16,21.69,17.91,13,55
684,45.47,19,5.53,64.9,13,55
688,0.69,6,29.47,64.04,13,55
686,85.15,35,29.38,12.21,13,55
688,61.05,15,28.52,60.85,13,55
688,83.25,30,25.9,85.5,13,55
689,92.91,26,23.75,66.05,13,55
690,2.97,1,34.4,50.93,13,55
694,46.67,30,7.71,67.5,13,55
695,1.06,6,54.43,50.76,13,55
696,75.31,30,26.64,64.45,13,55
695,81.4,31,25.23,45.24,13,55
697,1.19,8,27.28,51.52,13,55
698,80.39,22,33.84,42.61,13,55
699,78.02,22,26.56,43.06,13,55
700,1.1,3,24.02,40.14,13,55
701,88.82,26,34.46,86.84,13,55
702,3.22,6,20.02,42.91,13,55
704,97.85,24,25.6,45.24,13,55
705,70.91,31,5.53,53.62,13,55
706,73.91,22,23.38,69.38,13,55
704,1.92,4,29.04,14.36,13,55
707,40.5,12,31.75,62.81,13,55
709,24.59,12,9.09,40.14,13,55
710,79.36,28,22.84,62.47,13,55
711,4.47,1,5.53,66.7,13,55
710,115.85,32,31.16,48.17,13,55
711,1.36,11,33.43,86.87,13,55
711,45.06,15,32.02,85.52,13,55
714,1.17,5,52.88,51.23,13,55
715,94.02,31,24.79,44.26,13,55
716,4.59,1,28.72,68.32,13,55
716,1.22,9,21.09,50.66,13,55
717,49.89,21,54.5,87.95,13,55
720,119.66,35,26.76,60.63,13,56
718,70.49,21,29.39,52.36,13,56
722,62.04,35,58.45560000000002,63.74,13,56
721,67.04,16,33.57,50.97,13,56
723,25.76,15,49.33,13.69,13,56
724,46.22,13,32.94,50.51,13,56
725,63.18,25,34.4,62.83,13,56
724,44.59,14,33.41,40.82,13,56
728,31.2,12,33.72,65.25,13,56
728,4.59,9,23.08,42.23,13,56
730,2.36,9,31.93,67.24,13,56
731,92.98,34,23.75,11.14,13,56
731,44.58,12,24.49,58.54,13,56
731,103.95,33,21.66,51.3,13,56
733,27.33,12,29.82,93.55,13,56
734,41.03,12,33.8,52.53,13,56
733,60.41,24,20.57,63.51,13,56
737,44.55,20,9.03,56.16,13,56
737,125.28,34,30.1,62.97,13,56
739,48.21,30,49.15,43.25,13,56
740,19.79,12,53.06,86.89,13,56
741,103.59,33,34.43,63.49,13,56
741,4.58,2,26.47,45.15,13,56
743,109.73,33,28.15,86.06,13,56
744,66.23,22,34.11,53.88,13,56
744,1.45,3,28.56,49.66,13,56
746,2.01,10,24.39,68.69,13,56
744,64.24,16,25.83,50.78,13,56
745,53.39,14,21.07,60.1,13,56
747,0.36,7,27.29,57.29,13,56
749,53.21,22,48.45,50.98,13,56
749,58.99,17,33.94,69.78,13,56
752,64.38,17,27.86,60.83,13,56
753,50.54,32,58.45560000000002,67.09,13,56
753,38.32,14,22.95,40.81,13,56
755,84.24,24,32.61,66.0,13,56
753,39.78,25,58.45560000000002,14.11,13,56
755,24.19,12,58.45560000000002,85.49,13,56
757,2.47,4,22.24,66.65,13,56
756,69.69,27,26.55,18.98,13,56
757,49.1,12,25.04,51.58,13,56
760,57.72,15,26.94,48.98,13,56
761,24.56,14,58.45560000000002,18.23,13,56
763,80.68,30,33.73,45.19,13,56
763,69.11,25,31.22,61.86,13,56
764,122.01,30,28.12,51.22,13,56
765,110.22,31,31.38,62.33,13,56
767,99.23,33,32.87,53.51,13,56
768,47.73,17,29.63,50.86,13,56
766,3.99,4,24.9,41.17,13,56
768,56.22,20,23.38,49.8,13,56
768,2.92,1,30.81,51.95,13,56
772,2.91,6,31.37,68.5,13,56
771,56.05,22,20.15,61.13,13,56
772,80.83,22,33.77,43.0,13,56
775,42.38,18,8.4,64.99,13,56
774,58.19,15,26.18,55.07,13,56
776,2.79,1,25.09,60.28,13,56
775,49.62,19,25.55,57.63,13,56
778,51.91,20,31.04,69.94,13,56
779,64.64,24,25.63,51.89,13,57
779,2.1,10,28.52,89.87,13,57
781,36.72,23,9.95,60.55,13,57
783,120.27,32,30.04,47.24,13,57
781,3.28,3,34.6,62.62,13,57
785,97.26,32,27.43,53.66,13,57
786,67.6,21,31.6,86.11,13,57
785,64.05,31,7.76,41.61,13,57
788,59.4,17,34.29,44.36,13,57
789,26.78,19,56.18,13.24,13,57
788,4.28,8,30.67,51.39,13,57
788,2.82,3,21.67,68.28,13,57
792,65.16,26,7.11,61.08,13,57
792,80.39,29,25.21,64.43,13,57
791,25.8,12,5.82,40.34,13,57
795,25.28,19,8.98,92.22,13,57
794,78.44,23,20.42,58.06,13,57
797,29.63,28,48.14,93.14,13,57
795,131.26,35,33.66,44.09,13,57
797,50.56,16,21.08,68.2,13,57
798,98.72,27,33.51,48.08,13,57
800,72.29,22,29.39,48.83,13,57
801,68.89,22,23.47,45.04,13,57
803,3.99,4,32.22,40.11,13,57
804,93.55,34,32.31,47.02,13,57
804,37.82,18,58.45560000000002,43.36,13,57
806,65.62,28,31.86,19.2,13,57
806,0.37,11,20.66,48.72,13,57
807,2.72,3,26.7,47.4,13,57
806,91.69,25,33.33,88.11,13,57
808,4.14,7,31.1,68.02,13,57
808,67.9,25,21.24,12.64,13,57
811,2.05,3,27.14,62.28,13,57
813,38.49,17,47.13,40.81,13,57
814,42.82,13,32.3,48.6,13,57
814,72.9,18,24.1,56.16,13,57
813,43.76,28,6.65,42.49,13,57
815,2.92,6,25.14,50.94,13,57
817,68.6,27,30.81,61.46,13,57
819,71.84,34,9.12,61.83,13,57
819,4.32,5,29.64,62.84,13,57
821,86.83,27,23.08,68.88,13,57
822,97.4,25,24.51,52.36,13,57
823,2.85,2,45.79,59.22,13,57
822,74.25,29,21.03,60.51,13,57
823,80.59,33,28.51,17.87,13,57
826,50.35,20,51.09,40.48,13,57
827,49.43,16,34.25,59.26,13,57
827,85.23,35,34.67,16.45,13,57
827,30.47,13,21.34,18.86,13,57
828,63.35,17,30.78,46.88,13,57
829,37.81,24,46.43,49.0,13,57
830,3.78,5,29.79,44.25,13,57
832,4.93,5,34.9,18.44,13,57
832,28.6,18,8.48,44.71,13,57
833,28.25,16,53.27,61.26,13,57
835,42.76,13,30.53,66.89,13,57
836,81.24,30,31.86,51.92,13,57
837,4.57,7,27.77,69.38,13,57
837,1.64,3,31.93,52.32,13,57
839,2.68,11,24.9,51.34,13,58
839,83.87,32,25.55,42.49,13,58
839,78.98,24,27.64,56.37,13,58
842,88.47,27,28.55,49.76,13,58
841,129.11,33,34.0,63.38,13,58
842,31.59,18,9.71,47.23,13,58
846,128.64,31,32.69,54.96,13,58
845,69.03,23,27.16,66.47,13,58
848,50.96,30,8.86,86.19,13,58
848,53.6,35,49.78,94.03,13,58
848,4.55,4,53.14,90.99,13,58
848,40.53,12,27.98,54.65,13,58
852,3.63,5,21.06,12.79,13,58
852,3.29,8,33.98,94.03,13,58
851,49.7,13,34.81,55.15,13,58
852,54.34,24,8.4,59.16,13,58
853,114.11,32,32.43,53.18,13,58
855,80.72,26,29.19,49.75,13,58
855,1.44,3,22.86,49.79,13,58
859,19.24,12,6.1,53.16,13,58
858,3.74,2,26.38,65.95,13,58
860,80.39,34,20.6,18.67,13,58
859,4.85,7,20.76,11.14,13,58
860,93.07,29,20.12,47.81,13,58
864,47.76,16,34.91,57.89,13,58
863,43.84,15,27.96,43.46,13,58
866,0.44,11,31.51,58.17,13,58
865,54.01,22,5.72,49.33,13,58
866,52.44,17,34.37,68.03,13,58
867,48.5,13,31.48,50.29,13,58
870,30.61,12,24.96,43.73,13,58
870,83.5,23,28.06,55.16,13,58
870,82.26,24,21.79,42.22,13,58
872,123.32,32,20.48,51.38,13,58
873,59.7,19,32.09,55.93,13,58
873,46.02,13,32.81,59.72,13,58
874,44.91,12,25.76,42.32,13,58
876,59.02,31,55.72,64.22,13,58
877,3.59,5,34.1,52.89,13,58
878,43.26,23,57.74,66.9,13,58
878,4.45,10,34.52,43.96,13,58
879,33.13,12,27.0,46.29,13,58
880,62.26,23,26.3,62.1,13,58
882,3.61,11,7.79,49.49,13,58
884,73.87,20,32.21,62.57,13,58
882,29.13,15,27.09,90.16,13,58
885,85.96,30,29.25,46.11,13,58
887,2.56,4,21.63,88.27,13,58
888,86.72,34,32.51,68.91,13,58
887,63.68,25,27.18,47.74,13,58
888,58.83,29,51.43,56.16,13,58
889,65.67,24,32.07,87.64,13,58
892,130.12,32,28.3,53.94,13,58
891,33.63,16,57.22,42.88,13,58
891,1.03,6,24.62,59.27,13,58
893,86.03,21,24.26,60.96,13,58
895,101.79,32,26.65,63.94,13,58
895,74.91,26,27.64,14.19,13,58
897,110.84,32,34.54,64.9,13,58
899,65.19,26,34.53,19.86,13,58
898,94.12,24,20.21,85.3,13,59
901,92.09,32,34.91,57.3,13,59
900,0.26,6,26.88,64.41,13,59
900,2.18,11,25.15,86.89,13,59
901,106.58,34,29.46,42.71,13,59
902,41.3,12,30.08,66.75,13,59
905,52.71,27,34.13,13.42,13,59
907,45.64,17,22.48,62.37,13,59
908,102.57,34,29.73,69.62,13,59
907,77.59,22,33.19,58.86,13,59
910,55.33,31,47.35,62.66,13,59
910,1.54,4,22.33,57.06,13,59
912,4.89,11,26.79,69.97,13,59
912,34.42,12,30.79,60.75,13,59
914,0.24,8,27.44,90.35,13,59
912,3.94,7,33.99,48.82,13,59
914,130.27,34,23.94,66.55,13,59
916,43.91,20,57.69,44.23,13,59
918,73.91,18,26.77,54.03,13,59
917,122.96,30,20.92,66.43,13,59
920,85.59,30,24.72,47.44,13,59
920,36.8,13,21.1,58.71,13,59
919,59.8,25,46.66,54.5,13,59
923,55.38,28,7.28,40.9,13,59
923,0.36,6,34.71,45.53,13,59
923,35.05,12,27.46,64.03,13,59
923,35.74,33,53.63,19.89,13,59
927,48.11,17,24.65,54.06,13,59
926,29.47,16,21.86,94.03,13,59
929,66.17,25,33.75,56.97,13,59
930,0.95,11,27.69,52.84,13,59
930,0.18,2,25.26,64.13,13,59
931,4.57,9,21.28,64.95,13,59
930,0.41,6,33.66,89.62,13,59
932,48.12,16,30.67,57.48,13,59
933,54.67,21,28.76,66.29,13,59
933,82.83,31,31.34,53.15,13,59
936,132.77120000000002,34,22.02,68.72,13,59
937,36.41,19,8.89,67.21,13,59
937,74.28,26,24.54,58.39,13,59
940,38.86,12,30.69,69.85,13,59
938,56.2,25,9.25,47.23,13,59
939,41.97,13,33.58,85.15,13,59
942,4.68,5,27.5,60.48,13,59
944,0.3,9,25.72,58.95,13,59
944,40.45,23,49.41,53.51,13,59
945,34.69,12,26.5,43.99,13,59
945,0.18,10,25.04,64.14,13,59
948,1.94,11,32.84,44.75,13,59
949,70.37,25,32.18,52.36,13,59
949,3.38,11,26.64,93.6,13,59
948,65.37,22,33.27,89.92,13,59
950,1.3,5,27.4,19.74,13,59
950,70.79,27,30.15,94.03,13,59
954,28.97,13,7.05,58.65,13,59
952,62.01,22,26.81,64.19,13,59
953,76.41,31,20.29,92.17,13,59
955,100.27,24,20.05,44.14,13,59
957,35.29,13,20.91,17.21,13,59
957,2.78,9,28.37,46.12,13,59
959,4.37,11,30.89,60.58,14,0
961,2.92,7,26.45,41.1,14,0
960,38.71,14,32.49,66.93,14,0
963,81.95,20,24.23,44.18,14,0
963,2.65,10,32.24,68.5,14,0
962,4.29,1,49.7,42.74,14,0
966,2.99,1,32.57,40.37,14,0
964,31.47,13,54.04,69.65,14,0
967,84.8,30,24.16,64.09,14,0
968,38.25,12,20.26,55.84,14,0
968,4.67,11,30.33,51.79,14,0
968,59.24,27,32.95,17.21,14,0
972,47.76,20,54.31,47.37,14,0
971,3.49,10,33.56,91.94,14,0
971,34.91,18,25.03,93.44,14,0
974,3.95,6,6.1,16.59,14,0
976,32.45,12,28.27,64.85,14,0
976,92.75,32,25.53,41.76,14,0
975,49.76,19,32.83,56.76,14,0
976,132.77120000000002,35,34.38,57.02,14,0
977,23.83,13,26.33,90.5,14,0
981,47.59,18,25.9,51.16,14,0
982,116.05,31,25.42,42.24,14,0
980,4.49,3,34.18,52.44,14,0
983,42.18,28,8.94,65.04,14,0
984,43.56,23,5.53,41.62,14,0
985,34.59,15,48.31,52.4,14,0
985,3.38,5,33.36,62.18,14,0
988,87.84,23,34.12,43.99,14,0
987,2.18,10,8.42,11.45,14,0
988,2.64,7,23.73,85.47,14,0
991,45.11,15,25.77,55.9,14,0
991,43.52,15,27.19,56.28,14,0
990,106.01,26,23.45,63.61,14,0
991,0.97,5,24.4,49.09,14,0
992,91.41,31,30.8,40.95,14,0
995,51.76,23,6.93,46.86,14,0
995,100.97,31,27.37,58.74,14,0
995,56.89,22,20.14,57.46,14,0
998,1.6,4,23.0,45.2,14,0
999,45.63,13,20.92,57.71,14,0
1001,37.25,17,7.94,49.57,14,0
1002,4.72,9,26.54,59.2,14,0
1002,87.16,26,22.61,48.36,14,0
1001,119.25,31,22.36,58.95,14,0
1003,4.94,7,34.62,53.49,14,0
1005,36.27,20,49.71,50.48,14,0
1007,2.98,7,55.37,47.53,14,0
1007,80.76,35,48.21,63.38,14,0
1009,88.71,24,23.61,88.22,14,0
1009,28.48,15,57.09,43.86,14,0
1011,73.03,30,6.56,69.57,14,0
1010,57.42,25,8.34,40.87,14,0
1010,50.99,13,26.31,52.43,14,0
1011,3.38,6,52.4,54.66,14,0
1014,46.67,18,31.55,47.19,14,0
1013,1.76,3,26.73,50.85,14,0
1016,49.98,17,20.05,54.31,14,0
1018,97.83,28,32.92,47.69,14,0
1018,42.79,23,8.06,40.95,14,0
1019,19.13,16,9.58,15.99,14,1
1021,73.18,24,24.07,44.71,14,1
1021,4.55,11,30.13,65.95,14,1
1022,63.94,18,22.08,57.42,14,1
1023,68.52,22,26.2,44.39,14,1
1022,49.2,24,8.66,48.26,14,1
1025,0.47,6,23.94,66.2,14,1
1026,3.14,10,27.5,56.27,14,1
1027,33.61,12,26.37,85.23,14,1
1028,22.95,13,9.1,43.82,14,1
1027,46.67,16,24.38,50.91,14,1
1030,123.97,32,23.22,47.04,14,1
1030,39.96,13,22.67,47.99,14,1
1032,56.75,31,34.28,91.3,14,1
1032,35.62,13,26.33,60.49,14,1
1034,40.59,22,5.53,43.9,14,1
1036,4.51,6,26.5,69.71,14,1
1037,44.03,15,28.58,14.88,14,1
1036,87.55,30,22.13,43.06,14,1
1037,4.93,7,34.11,61.24,14,1
1038,87.51,28,30.01,88.69,14,1
1041,55.3,30,7.12,44.91,14,1
1040,57.56,24,9.67,60.94,14,1
1042,90.13,28,24.5,43.05,14,1
1042,0.8,3,21.83,53.18,14,1
1045,78.58,27,34.39,52.93,14,1
1045,4.25,1,31.56,47.71,14,1
1046,4.36,9,27.98,63.39,14,1
1048,53.73,15,25.64,87.99,14,1
1047,2.35,3,20.02,44.51,14,1
1049,50.25,21,47.72,40.68,14,1
1051,104.2,33,33.9,68.62,14,1
1050,58.06,14,28.0,52.8,14,1
1052,67.9,26,26.56,65.94,14,1
1051,67.54,22,22.21,43.78,14,1
1053,55.23,15,20.64,43.71,14,1
1054,95.23,34,32.12,16.8,14,1
1055,2.93,6,22.72,51.42,14,1
1058,102.81,33,32.44,59.83,14,1
1057,3.81,5,21.74,42.76,14,1
1058,45.25,28,53.47,66.58,14,1
1060,2.28,7,21.49,16.95,14,1
1061,51.95,18,33.83,60.48,14,1
1063,3.71,10,27.39,64.11,14,1
1062,92.22,34,22.35,57.39,14,1
1063,90.33,24,21.38,51.21,14,1
1064,83.79,22,30.88,66.58,14,1
1065,32.27,28,50.87,90.02,14,1
1068,0.95,5,27.78,63.86,14,1
1069,101.78,30,22.98,67.04,14,1
1070,77.86,25,23.98,66.12,14,1
1069,56.91,14,27.93,46.08,14,1
1070,102.09,27,26.23,66.79,14,1
1073,56.62,18,21.35,65.59,14,1
1074,0.71,10,22.1,64.04,14,1
1072,66.79,31,5.77,43.96,14,1
1076,2.02,7,34.44,92.17,14,1
1075,1.03,3,8.17,11.14,14,1
1075,113.38,30,25.89,59.4,14,1
1076,45.98,17,33.18,11.14,14,1
1077,85.06,31,32.78,46.97,14,2
1078,77.52,21,34.3,66.44,14,2
1082,0.67,3,23.72,49.6,14,2
1080,23.41,19,6.46,91.34,14,2
1081,77.57,27,24.18,61.23,14,2
1083,3.2,6,27.16,66.81,14,2
1085,55.11,19,22.67,94.03,14,2
1087,1.49,8,27.18,53.25,14,2
1087,1.98,5,31.69,45.37,14,2
1087,47.54,13,29.55,85.21,14,2
1089,62.13,22,33.66,64.09,14,2
1088,106.19,34,29.9,57.03,14,2
1090,104.95,35,25.47,51.38,14,2
1090,86.87,32,20.65,11.14,14,2
1092,87.13,29,26.67,67.13,14,2
1095,102.51,32,22.92,56.23,14,2
1094,91.15,27,27.83,57.32,14,2
1096,1.72,3,21.74,69.41,14,2
1098,27.33,15,56.54,64.62,14,2
1097,121.2,32,30.76,69.2,14,2
1098,79.27,35,8.12,63.01,14,2
1100,50.59,16,25.5,86.84,14,2
1099,97.46,31,29.62,49.9,14,2
1101,65.97,34,47.68,69.93,14,2
1104,2.09,2,28.76,52.46,14,2
1105,0.25,11,55.92,67.59,14,2
1105,37.75,14,28.27,41.34,14,2
1106,55.9,20,34.95,11.14,14,2
1106,3.23,2,33.89,40.59,14,2
1108,33.85,17,9.88,67.91,14,2
1107,44.94,33,9.38,93.28,14,2
1111,95.41,23,28.72,57.67,14,2
1112,60.54,23,20.11,66.01,14,2
1111,2.7,6,21.58,41.41,14,2
1113,117.4,32,26.16,56.91,14,2
1113,4.87,2,26.19,42.07,14,2
1116,67.79,29,25.94,17.62,14,2
1115,107.87,28,23.23,56.18,14,2
1117,0.25,8,33.98,43.36,14,2
1119,41.44,17,27.94,90.16,14,2
1118,68.15,22,26.48,69.91,14,2
1118,40.44,17,57.64,57.57,14,2
1119,0.68,6,26.58,66.31,14,2
1122,35.88,13,23.93,43.7,14,2
1124,3.42,7,29.29,59.68,14,2
1123,0.68,3,27.33,54.04,14,2
1123,46.55,23,9.08,53.07,14,2
1124,48.27,30,46.81,54.88,14,2
1127,92.55,24,28.19,54.7,14,2
1127,64.41,22,23.63,55.61,14,2
1127,43.24,13,21.73,45.4,14,2
1129,39.53,19,56.63,59.66,14,2
1131,2.49,6,20.23,50.24,14,2
1133,60.95,24,21.25,59.13,14,2
1132,1.8,10,31.49,46.44,14,2
1135,87.44,23,26.57,41.19,14,2
1136,90.44,26,26.26,57.53,14,2
1137,19.44,13,6.05,11.14,14,2
1135,123.58,34,29.11,62.57,14,2
1138,92.39,27,21.84,88.94,14,2
1140,82.44,21,34.31,64.34,14,3
1138,42.53,17,25.77,49.26,14,3
1140,0.66,7,6.36,61.52,14,3
1143,0.71,10,5.87,48.64,14,3
1141,66.5,24,29.22,65.83,14,3
1145,1.79,7,49.22,63.94,14,3
1143,0.64,6,30.72,52.05,14,3
1145,69.69,29,52.27,62.12,14,3
1146,2.93,11,30.5,40.15,14,3
1149,116.82,33,27.48,49.29,14,3
1148,33.2,16,27.51,15.85,14,3
1149,122.76,34,20.01,40.36,14,3
1149,51.21,16,28.11,47.9,14,3
1152,88.53,23,26.21,61.2,14,3
1153,59.87,26,5.53,48.38,14,3
1154,62.7,16,28.11,43.29,14,3
1156,57.73,28,26.06,93.74,14,3
1157,50.19,18,21.91,17.06,14,3
1156,33.56,21,55.25,55.0,14,3
1158,100.18,28,32.37,48.72,14,3
1160,60.44,24,23.41,40.25,14,3
1161,1.19,11,28.39,57.4,14,3
1162,54.67,19,24.24,52.35,14,3
1161,60.28,21,29.4,57.37,14,3
1162,0.23,11,34.13,50.09,14,3
1165,62.94,15,21.7,63.29,14,3
1165,44.43,12,33.96,48.36,14,3
1167,63.8,25,33.9,69.92,14,3
1165,27.51,18,48.77,54.64,14,3
1166,111.93,29,23.55,48.99,14,3
1170,0.44,8,26.16,45.25,14,3
1171,1.09,8,33.61,69.19,14,3
1172,0.98,5,22.65,87.29,14,3
1171,82.5,32,25.44,55.17,14,3
1173,2.15,2,28.05,94.03,14,3
1175,4.52,11,23.69,44.47,14,3
1173,107.17,31,20.38,66.62,14,3
1175,132.77120000000002,33,20.16,66.14,14,3
1175,67.73,17,29.97,67.92,14,3
1178,57.55,29,9.37,46.75,14,3
1177,0.4,8,31.21,41.6,14,3
1181,110.56,32,31.87,51.19,14,3
1182,0.18,3,31.5,41.94,14,3
1182,32.88,12,24.84,19.41,14,3
1183,1.01,2,5.9,46.81,14,3
1184,79.52,29,21.72,49.44,14,3
1183,56.41,15,27.98,59.86,14,3
1186,2.49,5,30.93,56.73,14,3
1187,46.06,30,51.82,63.37,14,3
1187,61.0,27,29.52,16.17,14,3
1188,1.91,9,30.15,43.51,14,3
1189,87.29,28,33.72,68.56,14,3
1190,62.57,20,29.49,87.27,14,3
1190,82.2,23,20.67,61.37,14,3
1194,107.8,26,24.42,48.46,14,3
1195,2.07,1,33.71,55.67,14,3
1195,2.17,6,30.05,57.25,14,3
1195,4.44,8,24.17,94.03,14,3
1197,3.24,6,30.86,64.92,14,3
1198,80.25,31,22.23,51.11,14,3
1199,26.62,12,58.3,56.21,14,4
1200,3.63,6,32.33,49.35,14,4
1199,132.77120000000002,34,34.38,61.86,14,4
1203,88.72,34,21.04,59.79,14,4
1203,78.43,22,33.07,64.21,14,4
1205,46.22,17,27.17,51.24,14,4
1204,24.19,16,6.44,16.26,14,4
1206,54.45,14,32.62,65.51,14,4
1208,93.93,32,25.55,66.06,14,4
1209,98.69,29,20.22,69.67,14,4
1208,64.66,17,22.49,45.41,14,4
1211,73.31,25,24.86,40.64,14,4
1210,4.14,7,30.58,43.74,14,4
1211,79.85,25,26.81,66.52,14,4
1212,0.47,4,45.72,57.29,14,4
1214,71.54,18,33.29,47.71,14,4
1213,1.26,5,29.71,57.32,14,4
1215,95.16,28,27.33,53.4,14,4
1216,2.63,3,22.34,57.35,14,4
1218,77.68,21,32.26,62.24,14,4
1219,48.11,15,22.8,55.55,14,4
1218,67.51,25,27.2,47.25,14,4
1219,65.86,18,27.48,43.92,14,4
1220,55.39,20,27.47,59.87,14,4
1224,50.96,18,33.14,94.03,14,4
1223,0.18,1,25.65,51.17,14,4
1226,4.55,2,26.05,57.31,14,4
1227,3.15,7,53.26,46.14,14,4
1227,53.66,25,28.5,14.67,14,4
1226,78.52,31,32.34,56.88,14,4
1229,107.12,30,33.03,54.05,14,4
1231,102.14,30,27.67,43.17,14,4
1232,55.28,19,23.65,63.22,14,4
1233,53.79,21,34.92,43.05,14,4
1231,128.43,31,26.85,69.11,14,4
1235,29.74,12,52.44,66.93,14,4
1235,25.67,15,5.88,54.21,14,4
1234,69.53,22,30.88,57.12,14,4
1238,2.16,1,33.27,58.76,14,4
1238,3.5,10,34.21,57.48,14,4
1238,1.27,11,33.52,45.73,14,4
1239,31.38,16,49.06,64.64,14,4
1242,44.64,12,22.57,41.5,14,4
1242,60.01,21,20.08,48.38,14,4
1242,64.69,22,29.6,62.16,14,4
1245,0.55,2,21.91,46.24,14,4
1245,66.13,18,30.8,51.51,14,4
1244,81.74,29,22.12,87.67,14,4
1247,1.6,10,45.21,62.29,14,4
1248,29.67,20,53.35,19.22,14,4
1249,59.82,25,30.66,16.49,14,4
1250,4.38,3,23.06,47.59,14,4
1251,25.1,14,6.51,41.37,14,4
1250,90.76,29,34.14,89.59,14,4
1254,38.8,14,24.82,41.06,14,4
1253,3.93,8,28.41,67.54,14,4
1254,82.67,20,20.78,69.48,14,4
1254,76.87,25,20.65,49.57,14,4
1257,2.59,2,32.76,43.0,14,4
1256,0.95,1,26.6,42.67,14,4
1258,32.63,15,7.65,59.54,14,5
1260,88.06,26,28.45,50.77,14,5
1261,2.36,4,27.73,88.75,14,5
1261,45.94,23,8.98,46.51,14,5
1263,0.74,6,21.01,56.35,14,5
1263,1.78,11,28.36,53.64,14,5
1266,45.94,28,51.22,90.74,14,5
1266,60.61,17,32.54,56.69,14,5
1267,54.84,16,29.45,66.7,14,5
1266,2.87,2,23.67,66.23,14,5
1268,1.91,7,21.38,51.78,14,5
1269,59.86,29,27.58,11.14,14,5
1270,4.19,11,22.77,59.39,14,5
1272,53.52,14,27.04,44.34,14,5
1274,88.57,23,29.75,62.68,14,5
1275,36.54,15,7.47,58.41,14,5
1273,52.99,21,27.81,69.75,14,5
1275,1.81,1,30.63,44.38,14,5
1277,88.3,26,27.58,50.62,14,5
1277,125.03,30,21.8,85.87,14,5
1278,132.77120000000002,35,29.74,40.36,14,5
1279,4.38,11,32.69,44.95,14,5
1281,38.53,15,21.56,59.75,14,5
1280,115.27,31,26.4,53.64,14,5
1282,54.77,30,20.09,13.16,14,5
1282,73.16,30,22.77,19.11,14,5
1283,1.78,7,22.36,88.89,14,5
1285,22.19,12,9.27,57.68,14,5
1287,82.62,31,21.88,87.3,14,5
1289,65.49,30,25.78,11.14,14,5
1288,50.67,30,52.8,53.29,14,5
1291,0.89,3,28.95,15.6,14,5
1292,4.98,11,27.02,87.23,14,5
1290,26.09,12,5.53,60.46,14,5
1291,60.66,26,20.4,17.47,14,5
1295,0.26,7,29.8,45.41,14,5
1296,77.36,29,26.76,68.77,14,5
1295,2.16,10,28.82,49.62,14,5
1297,42.82,13,20.61,64.16,14,5
1297,2.5,8,48.25,40.98,14,5
1297,32.63,12,29.61,48.01,14,5
1301,3.91,11,25.04,68.55,14,5
1302,61.39,35,7.21,55.53,14,5
1301,72.27,18,26.45,62.88,14,5
1304,51.03,22,8.6,41.79,14,5
1304,57.45,31,50.02,42.35,14,5
1305,65.98,22,26.91,41.66,14,5
1306,54.64,25,7.03,46.25,14,5
1305,0.23,5,30.95,45.58,14,5
1307,3.29,8,23.05,67.31,14,5
1308,64.71,22,33.31,57.46,14,5
1311,52.7,27,34.78,94.03,14,5
1311,66.69,20,30.7,47.65,14,5
1310,64.87,30,50.25,44.2,14,5
1312,0.79,2,22.8,13.93,14,5
1314,49.93,13,27.96,69.23,14,5
1314,53.85,13,20.02,68.53,14,5
1315,115.74,34,34.45,52.86,14,5
1317,0.18,2,34.03,89.01,14,5
1317,34.14,12,34.53,54.99,14,5
1317,65.39,23,32.46,67.59,14,6
1318,38.8,21,45.45,48.45,14,6
1322,0.58,5,33.59,58.31,14,6
1321,46.06,21,52.85,87.14,14,6
1323,4.05,7,25.71,50.36,14,6
1322,2.12,11,8.02,62.49,14,6
1325,0.18,7,30.88,17.59,14,6
1325,0.31,9,33.36,11.14,14,6
1326,98.11,26,20.71,57.52,14,6
1327,132.77120000000002,35,33.49,53.94,14,6
1328,110.53,31,26.79,58.97,14,6
1331,82.96,24,26.33,66.21,14,6
1329,63.04,21,30.2,69.62,14,6
1330,79.55,34,31.06,94.03,14,6
1331,4.45,1,22.64,92.34,14,6
1332,58.43,20,24.8,62.99,14,6
1335,38.74,13,32.72,40.17,14,6
1336,23.43,15,53.94,60.81,14,6
1336,73.94,28,20.88,64.17,14,6
1339,50.24,20,54.59,49.96,14,6
1338,51.64,22,56.83,69.4,14,6
1338,58.03,20,34.06,65.08,14,6
1339,0.82,4,25.97,58.16,14,6
1341,58.93,28,20.78,92.54,14,6
1341,64.95,24,33.26,52.54,14,6
1343,4.09,4,24.76,69.82,14,6
1343,70.67,17,20.66,67.11,14,6
1345,0.21,4,24.19,44.88,14,6
1347,0.65,7,33.91,69.19,14,6
1346,0.53,7,24.86,69.54,14,6
1348,2.1,2,32.48,69.72,14,6
1350,28.08,13,24.29,16.67,14,6
1350,4.44,8,7.45,61.97,14,6
1352,100.34,27,27.13,58.49,14,6
1353,0.4,2,30.86,42.01,14,6
1355,100.16,25,21.27,43.53,14,6
1354,3.91,10,30.07,63.81,14,6
1355,100.11,24,20.72,62.33,14,6
1357,63.17,29,45.57,68.95,14,6
1356,81.28,26,28.1,88.86,14,6
1358,60.8,23,21.7,44.31,14,6
1358,38.55,15,27.76,52.91,14,6
1361,59.57,16,20.6,68.56,14,6
1362,35.83,14,20.26,63.78,14,6
1361,45.44,26,9.76,57.41,14,6
1365,2.98,1,33.87,50.73,14,6
1365,0.73,3,30.01,58.56,14,6
1366,60.44,22,33.46,57.8,14,6
1367,58.97,16,32.76,61.01,14,6
1366,43.88,20,27.86,91.34,14,6
1367,51.84,19,26.51,65.94,14,6
1371,87.23,28,27.91,86.5,14,6
1371,49.14,18,20.55,60.53,14,6
1373,53.29,18,32.11,51.89,14,6
1372,1.07,6,24.23,88.96,14,6
1374,77.32,23,22.71,54.75,14,6
1376,108.52,30,21.49,86.56,14,6
1375,40.87,15,32.25,57.5,14,6
1376,2.42,1,26.18,56.2,14,6
1378,64.71,17,25.24,60.19,14,6
1378,1.16,7,30.27,61.91,14,7
1378,53.44,23,52.31,63.19,14,7
1380,84.37,21,34.02,43.88,14,7
1382,69.38,20,21.0,45.04,14,7
1383,45.34,16,25.39,18.62,14,7
1383,89.51,27,27.06,63.39,14,7
1385,51.55,14,32.37,45.92,14,7
1385,130.37,33,21.66,57.15,14,7
1385,0.72,5,5.53,59.49,14,7
1389,66.97,19,34.11,63.83,14,7
1387,53.84,33,5.72,66.02,14,7
1388,42.39,18,6.21,54.13,14,7
1391,70.92,23,26.57,54.75,14,7
1391,70.7,20,33.47,51.97,14,7
1391,105.23,30,24.51,69.01,14,7
1395,42.79,14,21.36,67.99,14,7
1393,49.83,12,31.63,60.12,14,7
1394,39.53,20,6.44,61.51,14,7
1395,62.79,20,20.67,60.67,14,7
1398,127.67,35,24.06,63.44,14,7
1399,4.91,7,29.8,58.63,14,7
1398,63.46,18,30.93,89.29,14,7
1400,2.66,4,26.09,69.0,14,7
1403,70.64,24,27.91,57.85,14,7
1402,3.77,4,28.06,57.71,14,7
1404,28.29,14,26.13,16.49,14,7
1406,98.2,33,22.15,47.53,14,7
1407,38.27,19,26.89,92.22,14,7
1407,25.98,15,45.58,19.76,14,7
1408,3.33,1,29.27,17.71,14,7
1408,53.51,15,34.92,56.37,14,7
1409,91.29,33,21.66,43.67,14,7
1411,91.91,22,21.36,50.61,14,7
1410,99.95,26,34.04,45.81,14,7
1414,89.62,27,32.24,46.9,14,7
1414,82.58,23,22.52,88.36,14,7
1415,52.21,22,5.53,55.53,14,7
1414,41.62,14,32.35,47.29,14,7
1417,34.95,17,54.23,48.9,14,7
1416,83.68,27,28.72,44.64,14,7
1420,39.51,12,32.83,56.13,14,7
1419,3.64,3,24.23,66.46,14,7
1421,132.77120000000002,35,20.17,53.53,14,7
1420,73.63,26,26.92,50.29,14,7
1422,2.34,1,25.33,50.07,14,7
1423,44.54,24,46.94,67.54,14,7
1425,70.82,18,26.58,49.57,14,7
1426,116.03,30,21.53,62.44,14,7
1425,45.14,14,26.22,51.44,14,7
1428,67.66,18,20.81,55.01,14,7
1427,78.79,22,28.07,41.39,14,7
1428,54.11,15,33.62,52.38,14,7
1429,0.23,11,22.89,86.53,14,7
1433,4.64,10,31.07,49.19,14,7
1432,0.87,8,21.84,61.41,14,7
1432,58.53,14,30.38,40.44,14,7
1435,58.66,32,30.83,13.65,14,7
1435,57.02,20,26.62,88.42,14,7
1436,0.57,1,29.67,18.92,14,7
1437,68.46,35,29.27,11.38,14,7
1439,0.78,5,5.53,64.3,14,8
1440,4.73,8,22.25,67.58,14,8
1441,83.31,27,24.92,50.29,14,8
1441,54.1,13,25.9,60.95,14,8
1442,47.72,17,31.05,54.88,14,8
1445,24.01,14,46.21,44.02,14,8
1445,1.91,11,24.42,68.36,14,8
1446,117.04,33,32.48,86.71,14,8
1446,35.87,19,9.85,42.33,14,8
1449,120.0,32,22.73,57.48,14,8
1449,64.97,35,24.76,11.5,14,8
1451,41.11,16,27.6,86.62,14,8
1452,55.14,14,20.32,65.93,14,8
1453,36.23,14,21.52,52.43,14,8
1451,1.77,8,20.92,46.71,14,8
1452,4.58,8,5.96,47.48,14,8
1456,4.24,6,31.01,50.88,14,8
1456,0.63,2,27.57,59.87,14,8
1455,32.57,13,58.45560000000002,61.82,14,8
1459,61.89,22,27.25,60.79,14,8
1459,0.18,1,31.29,58.14,14,8
1460,85.69,29,29.31,61.35,14,8
1461,65.84,21,23.98,60.45,14,8
1462,50.05,15,23.18,60.73,14,8
1462,83.41,32,27.31,67.55,14,8
1462,2.36,7,22.14,49.39,14,8
1465,131.21,35,25.69,53.86,14,8
1464,36.63,12,23.77,45.54,14,8
1468,3.58,7,20.53,50.6,14,8
1468,59.39,20,27.38,48.18,14,8
1469,21.76,20,58.45560000000002,94.03,14,8
1471,90.54,24,27.71,44.45,14,8
1472,2.07,1,33.4,64.03,14,8
1471,0.98,3,34.22,69.63,14,8
1471,83.39,20,32.49,85.71,14,8
1474,99.77,32,30.37,60.12,14,8
1476,96.4,30,24.0,54.86,14,8
1476,2.55,3,21.53,85.76,14,8
1477,132.77120000000002,32,22.44,50.38,14,8
1476,96.56,27,29.77,86.59,14,8
1477,84.94,33,27.14,17.74,14,8
1480,79.92,23,33.05,51.19,14,8
1479,69.92,20,24.24,60.02,14,8
1481,55.37,23,54.16,57.24,14,8
1484,93.52,26,24.56,86.4,14,8
1482,80.8,35,52.17,50.27,14,8
1485,83.21,20,25.45,58.89,14,8
1485,39.05,18,7.62,53.49,14,8
1485,73.48,22,25.61,65.94,14,8
1487,50.48,20,34.42,67.69,14,8
1489,46.28,20,23.27,12.13,14,8
1490,72.92,22,26.35,58.88,14,8
1490,1.59,8,6.28,55.99,14,8
1490,110.28,29,22.87,56.32,14,8
1492,36.77,15,50.36,59.13,14,8
1495,83.22,26,21.79,60.62,14,8
1493,91.96,22,23.87,88.44,14,8
1496,4.62,1,28.52,90.34,14,8
1498,108.98,27,23.08,59.04,14,8
1499,86.69,26,25.76,52.57,14,8
1500,52.11,18,28.34,65.74,14,9
1500,85.02,32,30.58,64.42,14,9
1502,117.81,30,25.8,69.28,14,9
1500,56.56,15,34.57,55.53,14,9
1501,4.74,11,34.75,66.57,14,9
1505,53.12,15,23.7,44.55,14,9
1504,3.56,4,32.53,59.82,14,9
1505,59.44,23,30.86,15.37,14,9
1507,63.71,24,24.02,41.68,14,9
1507,42.48,16,21.08,42.53,14,9
1510,36.34,17,7.78,53.25,14,9
1508,65.75,20,29.85,65.22,14,9
1509,37.89,18,9.1,55.03,14,9
1511,40.91,16,25.09,66.6,14,9
1514,1.17,11,27.79,50.25,14,9
1514,73.33,27,20.13,47.16,14,9
1516,51.03,24,21.73,15.85,14,9
1515,46.2,21,7.56,49.93,14,9
1517,3.58,6,21.41,66.5,14,9
1519,86.02,34,26.01,52.97,14,9
1517,57.63,34,9.18,46.02,14,9
1520,3.41,2,28.82,50.67,14,9
1521,1.61,5,23.33,13.41,14,9
1522,1.61,11,7.79,51.41,14,9
1522,0.96,2,28.65,94.03,14,9
1525,0.72,4,24.94,52.41,14,9
1524,83.62,23,24.9,41.81,14,9
1526,2.5,11,24.27,88.68,14,9
1526,1.4,2,30.06,55.34,14,9
1529,0.62,9,55.23,63.81,14,9
1529,60.46,15,30.74,42.39,14,9
1528,4.8,9,24.16,52.44,14,9
1530,36.56,15,53.33,45.49,14,9
1533,0.4,5,29.91,52.38,14,9
1534,2.42,6,32.7,52.51,14,9
1532,57.7,32,23.78,11.7,14,9
1534,3.94,7,26.11,41.02,14,9
1535,1.76,4,28.96,50.21,14,9
1538,60.66,22,29.92,61.39,14,9
1539,78.34,25,20.72,63.82,14,9
1538,81.48,34,29.72,93.4,14,9
1541,4.1,9,22.41,62.63,14,9
1540,58.25,25,32.08,18.77,14,9
1540,32.22,12,21.72,68.8,14,9
1544,0.26,2,23.35,58.73,14,9
1542,55.32,14,32.16,44.59,14,9
1546,3.86,1,31.25,54.42,14,9
1547,106.08,27,27.47,68.83,14,9
1545,105.35,30,31.53,43.32,14,9
1549,4.14,6,26.15,68.54,14,9
1550,1.38,3,31.36,52.18,14,9
1549,0.27,11,24.29,15.48,14,9
1549,52.24,19,22.73,88.78,14,9
1553,50.66,22,8.1,63.82,14,9
1552,3.22,11,7.82,56.23,14,9
1555,57.42,20,22.3,16.18,14,9
1553,93.45,24,27.8,44.57,14,9
1556,2.13,10,32.31,54.45,14,9
1555,35.11,13,26.03,60.64,14,9
1557,1.04,4,25.91,56.18,14,9
1558,67.25,18,23.77,48.52,14,10
1560,2.06,4,5.53,57.82,14,10
1560,117.87,30,31.86,48.15,14,10
1563,0.18,3,51.72,61.18,14,10
1561,46.61,23,27.14,19.08,14,10
1563,64.31,25,26.36,94.0,14,10
1564,4.54,11,8.98,19.42,14,10
1566,36.56,18,57.61,53.91,14,10
1567,111.1,29,25.6,59.43,14,10
1566,96.28,25,30.07,51.93,14,10
1570,57.93,24,53.53,62.08,14,10
1571,111.57,28,33.4,68.51,14,10
1570,65.56,21,33.4,67.77,14,10
1570,123.3,30,32.19,85.35,14,10
1573,4.95,7,29.52,57.27,14,10
1572,122.04,35,24.87,55.67,14,10
1573,0.93,11,9.36,57.53,14,10
1575,95.27,31,22.96,52.06,14,10
1576,45.56,16,27.41,48.85,14,10
1576,32.65,16,5.82,68.56,14,10
1577,56.7,15,25.6,40.96,14,10
1580,82.76,28,24.46,68.65,14,10
1581,62.96,35,7.39,55.5,14,10
1581,76.87,21,21.35,45.87,14,10
1582,39.67,16,22.6,93.53,14,10
1582,108.99,33,32.77,46.31,14,10
1583,37.35,14,27.19,59.87,14,10
1585,61.85,25,52.89,50.31,14,10
1587,46.1,13,22.06,69.81,14,10
1588,2.14,2,32.55,92.92,14,10
1587,0.86,11,20.54,16.01,14,10
1589,125.05,30,33.63,42.17,14,10
1590,62.64,17,31.79,64.9,14,10
1592,0.68,3,34.17,69.14,14,10
1593,74.91,34,50.42,41.27,14,10
1594,35.67,13,23.98,68.02,14,10
1595,2.27,6,34.88,88.65,14,10
1596,30.12,18,7.0,45.06,14,10
1597,61.84,16,29.76,49.37,14,10
1596,108.38,28,33.27,54.39,14,10
1600,44.07,13,22.76,51.82,14,10
1599,59.69,18,31.8,69.24,14,10
1601,25.63,12,23.41,19.62,14,10
1600,46.68,16,34.18,46.2,14,10
1602,82.42,23,23.17,53.56,14,10
1605,83.9,31,23.02,66.6,14,10
1603,59.63,24,52.14,55.5,14,10
1604,4.81,1,32.97,60.52,14,10
1607,0.93,11,21.34,17.53,14,10
1609,0.18,9,26.74,45.32,14,10
1610,57.06,23,23.82,93.37,14,10
1609,1.46,9,34.55,91.98,14,10
1609,59.27,26,27.19,11.14,14,10
1613,0.96,10,22.36,91.4,14,10
1613,54.04,16,24.94,62.99,14,10
1615,99.57,32,30.8,87.0,14,10
1615,2.81,3,23.88,47.11,14,10
1614,2.33,11,6.47,51.8,14,10
1616,49.32,26,8.57,65.39,14,10
1616,70.66,19,23.54,45.02,14,10
1620,2.46,1,9.1,86.18,14,11
1618,61.27,15,23.55,57.41,14,11
1620,84.74,21,22.01,57.65,14,11
1622,44.25,13,33.91,56.1,14,11
1624,74.77,28,26.56,66.0,14,11
1622,64.06,19,23.29,48.42,14,11
1625,25.54,14,6.88,40.25,14,11
1624,38.51,17,24.34,17.68,14,11
1627,24.55,12,25.44,11.74,14,11
1627,74.58,28,27.75,62.63,14,11
1627,72.14,35,22.22,17.08,14,11
1630,4.92,9,21.05,88.69,14,11
1631,90.92,28,24.21,45.97,14,11
1630,2.9,9,31.16,63.66,14,11
1634,19.97,13,46.7,12.78,14,11
1635,124.68,32,33.45,46.24,14,11
1635,85.85,30,33.76,94.03,14,11
1635,2.51,1,27.27,54.59,14,11
1637,3.61,3,27.81,43.77,14,11
1639,105.83,28,23.26,63.83,14,11
1638,73.85,18,22.24,86.84,14,11
1638,0.54,10,20.51,65.92,14,11
1639,37.05,17,45.2,47.86,14,11
1640,80.77,24,33.5,47.3,14,11
1643,1.25,1,26.98,11.62,14,11
1643,80.89,35,5.65,51.28,14,11
1644,56.65,21,23.81,59.51,14,11
1644,56.03,33,7.86,53.16,14,11
1647,22.68,14,6.61,18.62,14,11
1647,85.92,26,30.05,64.17,14,11
1650,4.91,7,30.11,46.78,14,11
1649,37.05,17,53.45,56.87,14,11
1651,49.97,13,24.14,66.07,14,11
1652,44.36,24,54.02,58.71,14,11
1651,128.6,31,28.41,87.48,14,11
1655,73.36,30,55.41,59.82,14,11
1656,132.77120000000002,35,21.04,52.8,14,11
1657,3.49,6,28.94,11.14,14,11
1656,64.94,16,29.19,40.94,14,11
1656,0.18,9,21.31,64.49,14,11
1659,30.92,16,6.42,57.06,14,11
1658,40.12,13,23.41,59.54,14,11
1659,82.56,22,33.85,65.97,14,11
1663,129.23,34,21.49,42.33,14,11
1662,0.18,9,32.34,87.44,14,11
1665,36.76,21,52.16,68.41,14,11
1665,50.42,18,23.34,46.03,14,11
1666,103.76,34,31.03,42.92,14,11
1668,1.02,3,7.85,56.58,14,11
1666,26.65,15,45.67,64.49,14,11
1670,3.86,8,34.54,45.31,14,11
1671,77.1,21,31.89,69.17,14,11
1672,36.09,28,6.74,19.75,14,11
1672,45.02,25,25.64,18.53,14,11
1671,40.56,15,26.62,64.51,14,11
1675,1.53,10,50.01,61.18,14,11
1674,33.19,13,32.3,46.75,14,11
1675,4.18,2,9.4,43.37,14,11
1675,2.73,3,22.5,57.03,14,11
1679,41.02,12,22.67,56.45,14,11
1677,75.13,26,30.72,53.64,14,12
1681,49.12,15,30.73,62.16,14,12
1682,1.59,3,21.68,68.85,14,12
1682,45.06,15,23.22,68.08,14,12
1682,112.8,32,23.87,56.01,14,12
1683,0.21,1,30.45,87.15,14,12
1684,56.84,24,26.79,14.84,14,12
1686,62.33,23,29.68,49.85,14,12
1685,1.65,7,29.66,54.62,14,12
1686,42.99,15,21.35,11.16,14,12
1688,104.46,27,26.71,87.96,14,12
1688,2.41,11,9.23,88.44,14,12
1691,66.58,35,21.63,17.29,14,12
1690,3.04,2,33.57,89.85,14,12
1694,1.25,9,33.97,55.92,14,12
1695,91.76,25,31.66,69.16,14,12
1693,55.18,15,29.38,69.09,14,12
1694,132.77120000000002,35,28.54,49.58,14,12
1698,45.63,26,49.08,55.71,14,12
1699,97.95,28,33.55,66.17,14,12
1698,71.7,33,54.34,55.26,14,12
1701,4.96,1,28.39,13.98,14,12
1702,0.24,3,26.46,55.18,14,12
1703,84.07,28,27.25,45.92,14,12
1704,33.76,13,29.0,57.58,14,12
1704,0.21,4,53.38,43.07,14,12
1703,0.47,1,6.88,68.84,14,12
1707,49.5,22,45.58,57.77,14,12
1706,73.92,21,24.44,60.1,14,12
1708,46.08,13,20.17,47.93,14,12
1709,61.37,20,21.7,58.12,14,12
1708,2.56,10,20.82,66.34,14,12
1709,41.15,16,29.41,12.07,14,12
1710,64.18,25,28.59,58.41,14,12
1713,41.79,15,20.82,55.76,14,12
1712,83.7,28,23.15,51.85,14,12
1716,47.55,14,26.68,66.27,14,12
1714,2.65,3,34.92,50.84,14,12
1716,4.43,6,30.85,66.51,14,12
1717,130.7,32,25.11,63.71,14,12
1719,79.51,24,21.13,62.69,14,12
1720,67.76,30,5.78,40.39,14,12
1721,95.85,33,33.85,49.74,14,12
1722,2.37,10,33.12,65.84,14,12
1721,57.63,34,56.81,54.76,14,12
1724,0.18,6,31.76,86.73,14,12
1723,1.18,6,22.04,68.53,14,12
1726,81.77,34,8.44,49.14,14,12
1726,67.0,33,6.97,63.42,14,12
1726,80.15,20,27.41,85.17,14,12
1729,42.48,21,54.3,41.48,14,12
1729,53.49,21,25.72,42.38,14,12
1730,80.28,24,24.63,50.72,14,12
1731,64.54,35,25.39,93.0,14,12
1734,48.43,22,23.62,15.95,14,12
1732,103.81,35,30.2,67.02,14,12
1736,53.67,15,29.34,61.96,14,12
1736,3.1,6,23.5,46.74,14,12
1736,24.97,23,46.46,11.4,14,12
1738,51.35,19,30.49,61.46,14,12
1737,45.53,23,48.65,63.09,14,13
1739,1.0,1,24.94,12.13,14,13
1740,36.2,22,46.56,68.85,14,13
1740,0.92,9,30.74,89.28,14,13
1744,4.97,1,45.45,67.83,14,13
1743,55.88,19,23.49,67.61,14,13
1746,40.71,34,7.01,17.32,14,13
1744,2.66,6,29.15,67.59,14,13
1747,66.7,32,25.02,15.13,14,13
1747,56.51,14,24.02,49.53,14,13
1747,108.16,34,33.23,52.46,14,13
1748,1.4,11,30.7,46.37,14,13
1752,26.84,12,34.53,16.36,14,13
1751,3.91,5,23.8,63.32,14,13
1754,52.24,32,52.02,64.25,14,13
1754,1.83,4,34.33,53.73,14,13
1755,44.61,17,27.13,69.31,14,13
1754,88.36,23,20.54,61.87,14,13
1757,1.38,9,23.24,55.16,14,13
1759,46.19,13,23.96,58.25,14,13
1759,31.5,12,33.27,66.42,14,13
1761,80.65,28,33.39,13.72,14,13
1760,115.95,31,31.14,69.71,14,13
1762,2.8,9,27.12,69.37,14,13
1761,1.86,9,21.44,67.48,14,13
1762,59.67,20,34.13,59.32,14,13
1766,58.85,17,30.39,43.58,14,13
1766,65.56,20,21.14,52.1,14,13
1767,0.29,3,24.43,52.79,14,13
1766,2.47,10,50.15,43.51,14,13
1770,58.95,15,28.42,41.14,14,13
1770,49.12,13,22.07,67.81,14,13
1771,29.62,13,47.6,55.11,14,13
1770,70.28,34,7.26,62.28,14,13
1772,57.3,17,32.94,51.38,14,13
1772,87.77,33,27.38,45.25,14,13
1775,88.11,28,31.68,48.37,14,13
1774,61.02,16,24.37,53.3,14,13
1777,132.77120000000002,35,21.02,56.02,14,13
1777,68.44,30,49.98,47.5,14,13
1780,78.31,20,24.38,66.99,14,13
1780,23.42,13,46.56,58.56,14,13
1781,82.44,29,22.88,60.94,14,13
1783,2.63,6,49.84,63.73,14,13
1783,34.64,12,26.26,63.67,14,13
1784,1.17,7,25.95,11.14,14,13
1786,42.88,23,58.45560000000002,54.74,14,13
1785,1.75,8,32.23,61.29,14,13
1787,38.89,12,33.95,54.28,14,13
1789,49.11,28,56.85,69.31,14,13
1788,30.99,16,55.55,53.03,14,13
1790,0.18,1,32.41,40.56,14,13
1791,59.86,16,25.91,58.4,14,13
1793,90.51,27,33.28,46.05,14,13
1793,75.93,32,20.92,13.18,14,13
1793,56.75,16,23.18,63.94,14,13
1793,60.57,20,27.65,60.54,14,13
1796,2.47,4,27.29,19.31,14,13
1798,55.0,21,23.7,67.6,14,13
1799,47.64,13,26.77,45.56,14,13
1797,47.88,15,21.93,63.72,14,14
1801,73.99,23,24.1,86.4,14,14
1799,104.29,27,33.58,49.54,14,14
1801,71.73,30,54.62,48.24,14,14
1802,1.36,6,54.59,40.89,14,14
1804,26.55,12,26.32,93.89,14,14
1804,62.07,17,33.3,85.22,14,14
1805,132.77120000000002,34,28.37,68.12,14,14
1808,89.81,30,34.49,59.06,14,14
1808,3.19,8,22.1,12.85,14,14
1809,1.77,5,27.56,64.09,14,14
1810,3.35,4,27.5,58.83,14,14
1810,38.32,12,25.43,49.4,14,14
1812,129.32,32,23.43,41.24,14,14
1813,2.21,7,50.42,53.98,14,14
1812,1.41,9,33.48,94.03,14,14
1816,0.79,11,9.12,19.3,14,14
1814,75.66,22,31.2,87.29,14,14
1816,1.48,8,28.16,59.0,14,14
1817,91.49,34,24.41,47.7,14,14
1820,107.69,35,34.13,64.12,14,14
1819,1.18,6,22.94,55.25,14,14
1820,37.58,14,27.31,85.08,14,14
1822,21.91,13,46.16,61.62,14,14
1821,117.34,34,32.57,59.27,14,14
1824,43.37,17,33.96,63.6,14,14
1823,63.31,16,31.41,65.7,14,14
1826,0.67,6,23.22,63.5,14,14
1826,2.09,10,21.03,52.82,14,14
1826,4.19,10,9.36,50.6,14,14
1830,1.59,3,21.42,93.65,14,14
1828,0.77,4,29.67,63.39,14,14
1831,77.22,22,24.71,53.28,14,14
1832,4.11,6,22.18,43.21,14,14
1834,115.74,35,24.09,63.83,14,14
1834,86.12,34,31.01,44.3,14,14
1833,127.03,31,24.32,51.61,14,14
1837,0.73,4,22.24,49.04,14,14
1837,66.28,23,22.31,49.86,14,14
1838,60.13,26,7.16,47.89,14,14
1837,60.73,27,26.81,12.08,14,14
1841,32.83,14,57.87,43.19,14,14
1842,35.98,18,5.53,47.03,14,14
1840,49.0,17,29.88,47.11,14,14
1843,52.78,20,28.07,65.35,14,14
1843,78.66,24,22.58,45.76,14,14
1844,59.58,15,23.97,41.54,14,14
1844,75.35,22,26.47,45.52,14,14
1845,0.95,3,21.01,59.92,14,14
1849,22.61,14,5.74,15.0,14,14
1849,106.57,30,26.6,58.35,14,14
1850,45.64,16,30.07,61.71,14,14
1852,105.45,28,25.27,54.18,14,14
1850,2.19,4,32.55,57.92,14,14
1851,40.12,17,48.97,68.72,14,14
1852,2.35,7,53.17,42.01,14,14
1854,99.01,33,33.76,67.6,14,14
1857,108.0,32,25.99,51.36,14,14
1858,2.59,11,5.53,46.27,14,14
1856,0.8,9,28.82,59.25,14,14
1859,58.86,28,7.93,61.95,14,15
1859,31.26,16,33.08,91.92,14,15
1861,107.59,35,22.47,87.04,14,15
1862,79.78,29,23.98,91.7,14,15
1862,85.55,32,34.09,60.25,14,15
1862,4.13,5,20.49,41.03,14,15
1864,4.13,7,26.02,63.93,14,15
1865,3.41,4,28.38,44.62,14,15
1865,71.45,21,24.78,69.96,14,15
1867,1.94,10,9.8,48.04,14,15
1867,103.43,29,27.32,63.87,14,15
1868,0.2,8,30.17,57.12,14,15
1872,123.41,31,24.2,67.04,14,15
1873,108.94,35,34.59,62.55,14,15
1874,124.67,32,21.58,69.53,14,15
1874,117.04,29,32.48,50.55,14,15
1874,38.39,19,58.45560000000002,40.27,14,15
1876,1.36,8,45.83,88.85,14,15
1878,2.0,1,24.94,56.58,14,15
1877,68.79,18,21.28,57.53,14,15
1877,77.25,21,21.85,62.32,14,15
1878,125.33,32,28.82,62.03,14,15
1882,53.74,14,21.47,66.9,14,15
1882,47.24,20,29.43,17.28,14,15
1883,1.34,2,50.33,50.0,14,15
1884,3.33,11,34.53,54.67,14,15
1885,74.86,26,33.62,61.85,14,15
1884,1.66,10,8.34,92.34,14,15
1887,51.79,17,25.92,50.0,14,15
1886,43.63,24,31.03,16.76,14,15
1888,33.89,13,30.82,46.37,14,15
1891,81.24,30,24.31,55.85,14,15
1890,121.24,34,22.63,61.31,14,15
1890,58.23,19,20.09,50.43,14,15
1894,124.87,30,24.29,46.91,14,15
1892,46.55,16,26.12,68.42,14,15
1895,2.4,5,24.76,50.12,14,15
1894,90.18,31,21.0,92.06,14,15
1895,31.87,12,32.42,40.25,14,15
1898,82.57,27,34.34,43.86,14,15
1897,109.32,34,23.93,53.04,14,15
1901,91.85,24,34.41,48.94,14,15
1901,100.89,35,31.1,54.56,14,15
1903,4.39,9,21.98,49.48,14,15
1901,0.18,9,31.43,59.31,14,15
1904,51.43,13,20.06,40.25,14,15
1905,33.85,16,48.49,40.74,14,15
1905,70.2,17,29.25,47.94,14,15
1905,23.59,14,5.53,64.06,14,15
1908,4.64,1,22.59,62.42,14,15
1910,76.79,19,27.1,55.89,14,15
1911,115.75,28,29.72,47.64,14,15
1912,67.31,25,22.25,41.34,14,15
1913,0.56,9,30.24,16.92,14,15
1912,31.72,14,8.2,43.7,14,15
1914,47.35,15,24.03,54.72,14,15
1914,3.24,10,21.95,40.03,14,15
1917,3.11,2,29.78,59.15,14,15
1915,63.91,22,21.66,69.76,14,15
1919,24.02,13,9.52,62.33,14,15
1919,62.33,15,34.76,40.28,14,16
1918,4.07,9,30.62,40.15,14,16
1920,44.17,15,27.38,47.91,14,16
1921,5.0,10,31.73,58.42,14,16
1922,57.52,19,27.52,47.89,14,16
1923,80.3,35,26.46,18.38,14,16
1926,105.24,27,22.73,85.23,14,16
1927,56.44,19,24.44,51.93,14,16
1926,0.43,10,25.4,69.33,14,16
1929,3.41,10,54.28,44.82,14,16
1927,3.35,10,52.84,92.63,14,16
1928,3.32,2,22.54,59.51,14,16
1930,1.75,5,31.46,13.49,14,16
1933,51.59,27,55.18,86.86,14,16
1934,73.11,21,30.8,54.55,14,16
1934,54.21,26,50.88,62.56,14,16
1936,0.18,2,26.7,68.16,14,16
1937,80.67,22,31.87,52.62,14,16
1938,3.47,8,7.01,64.22,14,16
1936,114.39,29,33.81,59.64,14,16
1938,72.7,29,28.97,48.87,14,16
1939,103.35,32,28.67,87.42,14,16
1941,94.89,35,24.46,65.85,14,16
1943,83.01,20,27.85,50.87,14,16
1942,3.05,5,22.41,45.46,14,16
1945,1.03,4,22.5,43.79,14,16
1946,44.17,13,28.22,56.29,14,16
1944,77.81,21,20.94,54.63,14,16
1945,4.24,6,22.83,48.65,14,16
1949,0.69,6,20.97,55.35,14,16
1948,29.78,17,6.99,51.95,14,16
1948,0.62,6,27.3,68.46,14,16
1949,4.0,10,34.02,61.98,14,16
1953,61.09,21,33.6,45.77,14,16
1952,102.33,32,25.0,51.82,14,16
1953,96.98,35,33.13,13.62,14,16
1956,2.9,10,21.41,85.05,14,16
1955,0.83,1,28.33,56.45,14,16
1955,90.2,23,26.75,54.26,14,16
1956,90.8,24,20.81,50.64,14,16
1958,21.14,13,56.2,41.28,14,16
1960,3.25,5,30.83,63.64,14,16
1959,73.02,24,23.15,49.73,14,16
1961,66.32,19,23.51,66.73,14,16
1963,52.72,14,27.71,44.32,14,16
1962,1.37,3,24.55,63.77,14,16
1966,3.5,5,31.72,47.98,14,16
1965,70.59,23,34.23,54.59,14,16
1967,64.5,20,24.54,59.41,14,16
1967,92.39,25,22.95,54.05,14,16
1969,83.56,21,29.2,45.93,14,16
1968,43.33,16,30.44,67.31,14,16
1971,24.79,14,8.23,40.37,14,16
1973,4.07,10,26.18,41.87,14,16
1971,45.27,21,5.53,47.38,14,16
1973,40.83,28,51.07,13.0,14,16
1974,56.68,16,30.04,66.79,14,16
1974,82.36,26,27.24,69.17,14,16
1978,2.45,2,27.49,52.56,14,16
1977,64.29,34,8.77,46.88,14,16
1977,51.21,13,23.71,89.92,14,17
1981,84.12,33,20.19,56.29,14,17
1980,50.49,32,6.07,45.2,14,17
1981,4.3,9,26.08,56.09,14,17
1983,96.71,27,27.33,58.82,14,17
1984,47.95,17,29.91,87.1,14,17
1986,90.55,25,32.38,44.14,14,17
1986,39.42,18,20.1,14.35,14,17
1985,0.8,10,8.56,54.16,14,17
1986,75.5,32,20.06,11.14,14,17
1988,74.32,25,27.16,55.16,14,17
1990,2.88,11,24.09,68.56,14,17
1992,1.79,10,28.43,57.15,14,17
1990,3.8,4,29.13,11.58,14,17
1991,98.19,30,23.21,68.88,14,17
1994,132.77120000000002,32,25.57,41.42,14,17
1996,3.89,10,34.46,94.03,14,17
1997,3.62,1,21.97,19.97,14,17
1998,2.09,5,31.8,65.5,14,17
1997,1.31,11,31.87,67.29,14,17
1999,111.49,30,20.15,85.73,14,17
1998,29.87,16,20.39,93.87,14,17
2001,4.38,5,26.2,68.65,14,17
2001,3.72,6,20.41,42.59,14,17
2001,39.5,19,52.17,41.22,14,17
2004,3.02,4,20.93,49.38,14,17
2006,69.88,33,6.74,47.44,14,17
2007,47.63,19,22.9,11.14,14,17
2006,50.86,22,55.01,86.84,14,17
2007,0.21,7,21.53,67.52,14,17
2008,93.09,34,23.29,40.98,14,17
2011,88.51,28,26.21,45.63,14,17
2009,41.89,13,24.46,54.84,14,17
2010,69.64,28,6.6,45.97,14,17
2011,56.11,31,9.2,61.85,14,17
2013,32.87,12,23.26,42.49,14,17
2014,80.63,34,7.98,60.25,14,17
2014,127.47,33,21.61,44.11,14,17
2016,32.32,15,58.08,69.64,14,17
2019,48.9,27,8.21,50.43,14,17
2018,70.61,27,21.78,49.82,14,17
2021,49.76,14,23.78,62.27,14,17
2021,2.05,3,28.02,17.05,14,17
2021,3.29,8,33.19,44.58,14,17
2022,52.62,16,24.34,41.51,14,17
2023,2.84,8,6.83,64.65,14,17
2025,48.86,12,23.74,40.5,14,17
2024,92.08,34,20.98,40.31,14,17
2025,105.41,35,29.45,66.0,14,17
2029,0.35,9,51.12,18.45,14,17
2029,108.2,34,27.39,51.22,14,17
2030,59.87,22,32.71,57.01,14,17
2031,0.32,9,29.31,68.34,14,17
2032,59.13,21,25.93,16.37,14,17
2032,32.55,12,32.0,45.34,14,17
2034,4.82,1,29.99,46.66,14,17
2036,4.47,1,7.63,51.1,14,17
2034,55.48,23,7.95,61.82,14,17
2035,55.41,33,47.38,46.16,14,17
2038,43.83,15,26.38,51.76,14,17
2039,86.5,28,31.49,45.03,14,18
2039,1.06,1,26.77,52.88,14,18
2040,132.77120000000002,35,29.05,52.8,14,18
2041,0.66,3,26.95,61.32,14,18
2044,61.32,30,28.71,11.28,14,18
2042,3.08,9,9.2,50.28,14,18
2046,39.93,17,9.41,58.65,14,18
2046,42.62,17,21.01,41.07,14,18
2048,37.25,15,52.38,45.26,14,18
2048,3.36,4,28.69,40.66,14,18
2047,0.18,7,31.62,46.19,14,18
2048,1.45,11,32.79,43.53,14,18
2051,109.42,28,22.83,46.97,14,18
2052,39.84,13,27.92,40.03,14,18
2051,45.99,30,48.21,40.69,14,18
2055,1.75,10,21.65,42.62,14,18
2053,71.54,25,33.29,48.19,14,18
2057,52.11,29,32.49,90.44,14,18
2056,59.67,32,25.35,17.36,14,18
2057,3.69,10,30.74,19.1,14,18
2058,37.33,21,5.53,58.35,14,18
2059,2.71,1,28.79,11.14,14,18
2059,4.73,8,30.73,53.24,14,18
2063,46.22,27,8.38,62.16,14,18
2063,54.31,21,23.23,63.45,14,18
2063,73.45,18,26.67,51.5,14,18
2065,110.75,30,34.28,41.45,14,18
2065,50.98,31,54.39,92.61,14,18
2066,81.74,23,20.92,49.56,14,18
2066,1.34,4,27.43,62.21,14,18
2069,110.52,30,31.43,43.52,14,18
2069,3.54,2,9.86,14.68,14,18
2071,0.72,8,50.49,94.03,14,18
2070,75.53,29,20.3,53.78,14,18
2073,61.39,23,25.66,51.85,14,18
2072,61.92,26,28.85,13.09,14,18
2075,84.48,23,25.86,87.64,14,18
2076,2.77,9,9.88,51.9,14,18
2075,86.6,29,30.22,53.79,14,18
2078,70.86,17,31.6,47.93,14,18
2079,52.14,23,6.9,62.52,14,18
2080,110.84,30,23.48,86.86,14,18
2081,1.63,11,23.9,49.68,14,18
2081,66.35,29,9.41,59.31,14,18
2083,76.68,25,28.76,65.17,14,18
2083,3.6,6,28.19,67.23,14,18
2086,51.6,34,7.96,92.21,14,18
2086,49.89,30,50.77,51.77,14,18
2087,110.27,33,32.27,63.35,14,18
2086,0.39,1,30.11,55.84,14,18
2090,58.3,33,56.93,87.19,14,18
2089,4.37,5,34.13,43.42,14,18
2090,49.62,19,24.21,59.78,14,18
2090,4.33,4,58.22,91.07,14,18
2094,43.35,19,33.37,14.21,14,18
2092,4.5,7,25.81,44.79,14,18
2093,62.42,24,27.84,49.97,14,18
2097,71.3,24,22.87,57.11,14,18
2095,74.82,25,25.21,48.46,14,18
2096,87.58,26,23.39,61.57,14,18
2100,63.29,24,24.98,48.6,14,19
2100,56.33,15,27.5,53.82,14,19
2102,46.35,16,27.86,59.31,14,19
2101,55.71,26,9.13,50.76,14,19
2104,60.78,30,25.45,11.14,14,19
2104,0.18,10,31.22,62.5,14,19
2104,29.41,14,30.65,18.05,14,19
2106,41.94,25,51.44,67.52,14,19
2106,100.2,24,26.98,88.19,14,19
2107,89.75,22,20.17,61.74,14,19
2109,53.68,21,29.42,93.88,14,19
2110,21.16,16,47.75,93.18,14,19
2112,44.85,18,46.01,65.6,14,19
2112,2.32,8,31.22,51.63,14,19
2113,73.1,33,27.21,16.72,14,19
2115,108.25,34,22.9,63.33,14,19
2115,69.15,22,31.05,64.69,14,19
2115,1.62,11,32.6,51.87,14,19
2116,76.19,29,20.58,91.48,14,19
2116,4.19,3,28.08,54.63,14,19
2117,1.67,6,22.36,89.95,14,19
2121,2.13,1,28.0,61.57,14,19
2122,42.9,17,27.64,53.75,14,19
2121,87.8,21,30.82,52.23,14,19
2124,1.03,8,27.58,48.47,14,19
2125,1.42,6,23.3,57.23,14,19
2126,4.79,11,28.42,11.42,14,19
2124,2.46,7,7.14,63.83,14,19
2126,88.65,25,30.11,54.67,14,19
2126,4.7,5,24.81,47.95,14,19
2130,76.65,26,28.6,63.58,14,19
2128,0.69,3,20.47,56.3,14,19
2131,2.91,7,8.46,40.75,14,19
2132,1.47,10,34.98,65.88,14,19
2132,98.91,27,28.49,43.22,14,19
2133,33.84,13,27.43,94.03,14,19
2133,75.85,28,27.88,63.92,14,19
2136,45.05,17,25.58,60.33,14,19
2137,4.07,3,30.1,48.91,14,19
2138,66.7,30,53.73,65.03,14,19
2140,45.07,14,25.74,49.77,14,19
2139,71.67,21,22.03,52.09,14,19
2141,77.07,21,30.49,58.3,14,19
2141,119.24,31,23.65,64.01,14,19
2141,39.58,25,5.6,41.29,14,19
2143,1.77,1,29.77,94.03,14,19
2143,66.82,28,9.88,46.99,14,19
2144,4.38,11,21.43,58.09,14,19
2146,1.43,1,28.22,55.75,14,19
2149,44.85,16,21.27,42.85,14,19
2150,55.34,33,58.45560000000002,63.64,14,19
2151,96.54,26,24.81,62.77,14,19
2149,1.41,6,30.13,48.52,14,19
2150,82.71,20,24.15,41.42,14,19
2153,68.01,22,25.22,46.35,14,19
2155,24.17,16,5.53,52.32,14,19
2156,111.32,27,27.02,40.41,14,19
2156,73.66,19,25.75,55.24,14,19
2157,132.77120000000002,35,21.73,65.04,14,19
2159,66.99,23,34.61,93.25,14,19
2160,89.26,28,27.36,57.06,14,20
2161,60.68,15,21.57,68.86,14,20
2161,51.39,15,25.36,54.1,14,20
2160,3.64,3,22.71,56.97,14,20
2164,85.42,30,27.99,53.77,14,20
2163,77.51,20,22.9,88.78,14,20
2163,41.32,13,31.18,60.07,14,20
2164,68.63,20,32.54,66.31,14,20
2165,4.24,3,25.19,92.9,14,20
2167,68.05,24,25.25,65.71,14,20
2170,0.51,5,22.52,49.39,14,20
2170,43.16,19,58.05,61.28,14,20
2169,67.3,25,33.89,45.11,14,20
2171,77.63,26,25.57,89.87,14,20
2173,119.59,34,22.65,48.71,14,20
2173,91.45,24,22.36,68.35,14,20
2174,2.83,11,25.95,68.7,14,20
2176,1.6,4,20.71,63.9,14,20
2175,45.97,28,55.39,17.84,14,20
2178,88.92,23,33.36,57.35,14,20
2177,0.88,10,30.43,40.95,14,20
2179,76.87,22,31.54,41.6,14,20
2182,125.17,31,33.89,40.42,14,20
2183,28.1,14,33.66,91.92,14,20
2184,37.0,18,25.08,15.44,14,20
2185,85.08,31,32.86,52.07,14,20
2183,79.76,28,23.22,62.69,14,20
2187,2.21,10,23.18,61.16,14,20
2187,55.97,23,24.5,19.03,14,20
2189,29.61,12,21.8,18.55,14,20
2189,39.29,20,8.38,57.83,14,20
2189,27.5,16,54.91,11.14,14,20
2191,70.53,27,24.64,68.7,14,20
2191,71.73,20,33.39,49.35,14,20
2193,86.89,24,27.14,49.96,14,20
2193,38.45,17,9.99,47.84,14,20
2195,62.54,23,20.81,44.29,14,20
2196,3.62,7,21.38,64.73,14,20
2197,4.05,10,23.4,92.24,14,20
2197,96.14,24,30.02,59.25,14,20
2198,107.1,33,24.11,68.75,14,20
2200,26.62,14,49.85,51.92,14,20
2199,81.77,32,23.95,53.74,14,20
2202,52.7,13,32.63,42.44,14,20
2201,2.29,10,31.54,66.26,14,20
2204,0.63,9,24.45,41.22,14,20
2204,22.17,12,27.48,15.2,14,20
2205,41.81,22,9.32,57.09,14,20
2207,2.56,5,28.33,48.3,14,20
2207,2.64,2,33.19,65.48,14,20
2209,3.59,8,27.97,42.41,14,20
2208,46.28,14,29.08,68.62,14,20
2209,41.71,14,32.85,50.56,14,20
2212,95.38,28,33.58,51.84,14,20
2214,58.84,21,21.26,44.96,14,20
2212,4.05,4,8.09,69.85,14,20
2215,48.93,18,23.4,45.05,14,20
2215,84.32,31,34.79,53.62,14,20
2215,0.84,7,22.65,47.55,14,20
2217,99.17,26,28.52,49.65,14,20
2218,33.85,15,23.76,16.21,14,21
2218,4.57,7,32.32,42.72,14,21
2219,44.01,13,25.03,68.78,14,21
2220,3.94,10,33.46,14.02,14,21
2222,0.18,10,21.63,55.67,14,21
2222,112.41,30,23.78,59.12,14,21
2225,82.78,26,20.55,41.84,14,21
2225,94.22,26,33.89,63.82,14,21
2226,57.61,27,9.67,48.85,14,21
2227,18.16,17,52.8,12.48,14,21
2229,1.06,3,5.53,58.09,14,21
2228,88.9,27,22.0,68.27,14,21
2229,94.34,25,29.98,67.48,14,21
2231,52.41,30,5.53,85.33,14,21
2234,74.8,19,32.22,47.72,14,21
2234,56.37,32,8.39,16.3,14,21
2236,36.93,20,8.75,48.73,14,21
2236,112.36,27,25.02,67.74,14,21
2237,95.28,23,27.96,58.6,14,21
2236,43.46,12,29.96,50.11,14,21
2240,108.37,32,28.62,46.11,14,21
2238,104.08,29,26.63,44.2,14,21
2241,2.76,6,5.57,42.33,14,21
2242,96.91,24,27.5,43.71,14,21
2242,29.71,13,7.24,66.11,14,21
2243,2.39,6,20.03,59.84,14,21
2245,89.12,22,28.81,64.13,14,21
2245,0.19,8,58.45560000000002,12.94,14,21
2245,107.44,32,21.8,54.45,14,21
2246,1.24,1,21.13,55.91,14,21
2250,15.57,12,5.53,90.63,14,21
2251,91.38,24,31.43,41.46,14,21
2251,88.8,31,25.55,66.6,14,21
2252,69.46,27,26.84,62.43,14,21
2252,0.35,11,34.6,69.65,14,21
2252,76.72,32,24.99,93.9,14,21
2256,132.77120000000002,34,21.65,89.4,14,21
2257,41.43,13,27.68,61.89,14,21
2255,2.39,4,32.99,89.91,14,21
2257,70.81,17,22.9,42.45,14,21
2258,46.14,27,56.6,15.1,14,21
2260,44.8,13,22.93,88.91,14,21
2259,68.29,17,34.6,67.83,14,21
2260,1.85,10,5.53,54.15,14,21
2262,110.13,29,28.59,88.93,14,21
2262,90.59,22,21.76,61.89,14,21
2265,87.54,27,32.44,66.76,14,21
2265,58.09,28,6.25,52.7,14,21
2268,2.83,8,22.26,61.98,14,21
2269,86.74,27,28.54,63.09,14,21
2269,2.44,5,29.89,48.84,14,21
2268,101.58,28,30.12,53.83,14,21
2271,47.58,13,22.39,88.08,14,21
2271,40.4,12,33.23,56.84,14,21
2274,1.26,10,28.26,16.87,14,21
2274,2.4,8,33.26,59.36,14,21
2274,3.34,3,28.92,46.3,14,21
2277,2.38,8,24.0,87.94,14,21
2278,2.67,2,30.61,40.25,14,21
2279,36.55,14,30.94,47.04,14,21
2277,46.63,14,25.46,41.64,14,22
2280,0.75,4,33.18,62.01,14,22
2282,2.82,4,29.0,87.04,14,22
2281,1.25,4,54.11,86.6,14,22
2281,88.31,35,25.96,44.79,14,22
2283,1.5,7,31.01,52.7,14,22
2283,3.51,4,21.36,12.89,14,22
2285,2.16,9,58.45560000000002,62.99,14,22
2285,47.88,18,29.9,13.46,14,22
2289,36.19,21,58.45560000000002,48.45,14,22
2290,1.99,7,5.53,50.97,14,22
2290,1.98,9,5.84,67.25,14,22
2289,3.97,6,20.34,92.29,14,22
2292,36.07,29,51.23,90.69,14,22
2291,61.28,33,50.5,40.05,14,22
2292,18.94,12,9.55,47.94,14,22
2295,84.62,23,24.87,45.37,14,22
2295,72.37,28,34.29,50.52,14,22
2298,57.8,25,47.28,44.33,14,22
2298,54.0,33,51.25,48.37,14,22
2298,2.74,9,29.33,11.14,14,22
2299,44.41,24,8.85,47.6,14,22
2300,66.63,20,33.76,63.54,14,22
2303,47.68,12,34.34,52.03,14,22
2304,4.76,8,31.29,63.28,14,22
2303,91.15,31,28.16,67.87,14,22
2303,52.78,18,29.62,69.86,14,22
2306,60.52,20,33.52,53.58,14,22
2306,35.03,21,54.75,90.05,14,22
2309,71.03,18,22.1,62.96,14,22
2310,2.52,8,26.04,63.3,14,22
2311,2.56,6,22.26,47.03,14,22
2312,1.18,10,34.25,47.33,14,22
2312,0.18,9,22.18,94.03,14,22
2313,1.92,6,49.06,47.71,14,22
2314,3.78,3,33.28,65.24,14,22
2314,0.9,7,31.72,68.01,14,22
2316,0.18,11,34.35,41.76,14,22
2318,50.06,13,21.24,65.3,14,22
2316,70.2,24,25.44,48.52,14,22
2319,61.44,23,28.7,11.24,14,22
2321,100.91,26,22.0,46.77,14,22
2320,3.06,4,29.1,48.42,14,22
2320,35.71,18,5.53,87.39,14,22
2321,50.8,18,23.09,48.42,14,22
2323,47.04,18,22.92,11.14,14,22
2323,1.87,3,21.2,65.02,14,22
2327,63.96,16,20.16,47.18,14,22
2325,90.25,28,23.33,50.7,14,22
2327,31.6,19,9.78,55.51,14,22
2330,127.7,33,28.95,54.58,14,22
2328,35.5,21,9.37,11.68,14,22
2330,70.8,35,33.82,15.58,14,22
2330,0.71,3,6.0,62.94,14,22
2333,126.62,31,23.67,64.85,14,22
2334,91.3,26,33.59,62.31,14,22
2333,72.94,18,27.44,66.16,14,22
2336,1.02,4,27.21,50.96,14,22
2336,1.13,5,31.73,46.93,14,22
2337,3.19,4,30.6,47.03,14,22
2338,1.71,2,32.32,43.59,14,23
2339,64.32,19,22.37,68.96,14,23
2340,2.79,8,26.3,61.61,14,23
2342,95.74,23,34.03,64.88,14,23
2341,132.77120000000002,35,21.99,64.44,14,23
2343,0.21,2,27.05,13.29,14,23
2343,63.31,20,23.79,44.32,14,23
2344,75.14,27,28.08,63.29,14,23
2347,4.47,5,22.91,44.89,14,23
2349,53.25,19,22.81,53.07,14,23
2347,42.67,16,28.76,40.45,14,23
2350,45.61,22,6.56,60.27,14,23
2351,33.26,15,5.75,87.69,14,23
2353,2.84,9,22.19,69.8,14,23
2352,1.35,1,32.27,65.69,14,23
2354,52.71,30,56.53,50.65,14,23
2353,2.06,3,50.74,56.22,14,23
2357,3.56,10,27.61,87.25,14,23
2358,1.35,8,54.63,67.56,14,23
2357,48.12,22,5.53,44.67,14,23
2360,2.94,6,34.17,61.6,14,23
2358,2.19,5,23.88,43.29,14,23
2360,46.55,20,55.96,68.26,14,23
2362,48.18,14,31.54,45.02,14,23
2363,33.53,17,7.31,43.09,14,23
2363,1.88,2,27.9,17.3,14,23
2364,63.4,23,20.91,11.14,14,23
2364,45.2,15,27.83,68.03,14,23
2368,86.01,23,28.36,65.93,14,23
2367,94.55,27,27.91,59.15,14,23
2370,102.76,33,23.69,69.24,14,23
2368,103.74,27,31.62,69.99,14,23
2371,89.61,35,25.94,91.12,14,23
2371,86.74,21,32.0,56.39,14,23
2371,83.82,24,22.69,55.98,14,23
2375,44.37,23,24.32,92.73,14,23
2373,75.14,25,29.71,65.4,14,23
2374,100.25,31,24.03,46.4,14,23
2377,4.78,2,32.97,61.12,14,23
2378,99.63,29,25.02,41.96,14,23
2379,40.16,14,29.49,54.35,14,23
2378,74.7,29,33.12,51.41,14,23
2380,104.99,31,32.54,68.74,14,23
2382,58.63,17,26.36,61.08,14,23
2384,112.07,35,25.53,67.73,14,23
2383,77.71,22,27.35,56.66,14,23
2383,120.24,30,21.38,59.67,14,23
2385,112.05,33,31.68,48.88,14,23
2387,45.18,32,7.03,13.28,14,23
2387,0.65,8,26.04,63.7,14,23
2387,131.92,35,23.3,42.63,14,23
2389,70.96,19,29.2,43.2,14,23
2390,49.76,18,25.88,15.56,14,23
2393,46.04,20,26.98,18.86,14,23
2394,69.91,25,22.45,91.87,14,23
2395,68.94,23,23.7,58.57,14,23
2395,3.79,5,25.57,87.18,14,23
2394,49.74,15,29.65,44.08,14,23
2395,43.87,13,27.55,45.06,14,23
2399,41.24,14,33.86,53.19,14,23
2397,53.9,25,33.18,18.07,14,24
2399,68.35,26,33.65,68.07,14,24
2400,57.44,21,22.79,50.51,14,24
2401,38.51,15,22.53,60.17,14,24
2402,0.83,8,21.6,52.51,14,24
2405,98.54,28,26.37,48.09,14,24
2405,45.84,12,32.12,45.61,14,24
2404,37.5,13,34.28,15.37,14,24
2406,88.27,31,33.86,19.76,14,24
2409,3.94,4,22.2,89.23,14,24
2408,52.25,13,30.66,64.68,14,24
2408,3.63,9,24.92,40.07,14,24
2410,89.56,29,30.52,64.58,14,24
2412,89.29,32,29.16,49.86,14,24
2412,4.41,8,23.28,88.56,14,24
2415,92.45,26,27.66,62.76,14,24
2415,32.07,14,6.88,69.24,14,24
2414,100.72,31,21.64,48.49,14,24
2418,1.13,4,27.42,13.55,14,24
2419,56.25,26,45.65,47.03,14,24
2418,83.5,27,21.41,68.12,14,24
2418,2.26,2,24.56,50.52,14,24
2421,56.32,15,29.95,66.12,14,24
2422,43.97,14,25.17,52.04,14,24
2422,50.34,20,22.36,55.08,14,24
2422,39.78,18,5.53,65.67,14,24
2423,82.06,23,31.64,65.65,14,24
2425,99.86,34,34.71,43.22,14,24
2428,87.88,22,27.81,41.86,14,24
2426,56.98,17,22.86,48.76,14,24
2428,2.75,11,29.77,51.94,14,24
2429,4.17,4,31.51,51.16,14,24
2430,88.14,22,25.0,58.45,14,24
2433,3.73,1,21.05,94.03,14,24
2433,0.58,7,25.57,59.3,14,24
2434,97.71,27,25.69,45.54,14,24
2434,2.57,9,23.77,47.48,14,24
2437,68.96,23,32.36,53.27,14,24
2436,3.17,9,28.68,68.92,14,24
2437,44.23,30,6.83,93.91,14,24
2437,52.6,32,7.3,47.43,14,24
2441,33.03,13,22.83,54.68,14,24
2440,47.58,21,33.95,14.25,14,24
2442,2.89,7,31.33,17.82,14,24
2442,23.95,13,26.77,93.59,14,24
2442,60.67,28,24.65,16.52,14,24
2443,2.24,10,6.61,94.03,14,24
2445,49.33,29,48.21,18.94,14,24
2445,59.47,25,52.39,48.14,14,24
2447,16.39,15,7.46,14.01,14,24
2448,1.74,10,21.4,66.63,14,24
2451,111.97,27,28.36,63.51,14,24
2450,47.09,16,24.95,59.53,14,24
2450,109.33,28,24.88,50.25,14,24
2453,73.15,30,5.8,61.77,14,24
2452,2.18,7,29.71,53.88,14,24
2454,61.53,31,33.46,14.04,14,24
2457,2.95,3,33.23,11.14,14,24
2456,3.25,3,21.39,65.55,14,24
2459,42.23,19,7.79,52.83,14,24
2457,3.45,2,24.05,42.78,14,25
2459,37.57,15,33.83,85.39,14,25
2460,33.27,13,26.27,62.34,14,25
2463,2.72,10,20.5,50.96,14,25
2461,4.47,1,7.0,69.46,14,25
2464,2.02,8,26.15,94.03,14,25
2464,38.14,24,6.3,61.39,14,25
2466,32.58,15,32.5,11.26,14,25
2468,101.28,27,27.89,43.12,14,25
2467,32.08,19,56.02,91.53,14,25
2467,90.11,28,24.46,47.94,14,25
2471,3.8,5,50.95,59.14,14,25
2471,3.88,5,9.36,19.09,14,25
2472,96.53,34,31.04,40.79,14,25
2471,28.25,15,47.92,59.13,14,25
2472,132.77120000000002,34,33.84,43.13,14,25
2473,1.78,8,27.82,57.63,14,25
2474,1.31,5,21.89,55.08,14,25
2477,2.24,4,30.61,43.08,14,25
2477,0.86,3,30.77,18.45,14,25
2477,1.94,5,32.9,17.04,14,25
2480,115.51,31,29.43,52.16,14,25
2481,126.83,33,30.47,62.49,14,25
2480,80.86,34,9.11,46.62,14,25
2481,89.58,31,32.95,68.81,14,25
2483,40.82,17,28.74,13.43,14,25
2483,56.86,24,58.45560000000002,68.32,14,25
2485,3.3,2,26.04,52.94,14,25
2485,40.6,12,32.29,54.55,14,25
2487,50.66,14,29.84,40.73,14,25
2488,65.21,23,20.18,57.76,14,25
2489,73.15,20,30.08,54.52,14,25
2492,122.73,34,33.19,54.3,14,25
2490,42.94,26,7.72,41.98,14,25
2492,95.75,29,25.06,66.45,14,25
2492,32.0,19,6.03,43.43,14,25
2494,62.56,27,5.53,66.11,14,25
2494,0.76,9,24.62,93.03,14,25
2498,62.46,31,6.9,69.26,14,25
2496,114.48,30,21.92,51.17,14,25
2498,56.67,29,47.12,54.93,14,25
2498,87.4,33,24.93,63.3,14,25
2500,2.69,9,28.72,42.36,14,25
2502,58.53,16,21.49,58.93,14,25
2504,55.24,25,51.57,53.18,14,25
2505,55.24,17,32.46,53.52,14,25
2504,132.77120000000002,34,26.31,53.9,14,25
2504,38.14,21,9.8,45.48,14,25
2505,85.63,28,22.49,61.78,14,25
2507,4.8,2,33.24,65.6,14,25
2507,44.51,19,46.6,68.7,14,25
2511,73.73,19,28.01,85.55,14,25
2509,4.11,3,27.81,50.45,14,25
2512,54.1,17,32.92,48.69,14,25
2514,43.28,33,8.22,19.25,14,25
2514,71.69,27,34.67,12.64,14,25
2513,98.86,26,28.77,44.84,14,25
2515,87.34,24,21.67,66.87,14,25
2518,75.6,27,23.21,65.57,14,25
2516,53.05,21,24.33,55.25,14,25
2519,77.39,30,24.23,63.6,14,26
2520,92.52,34,32.4,41.32,14,26
2519,42.76,17,5.53,63.59,14,26
2523,99.72,34,33.95,68.05,14,26
2523,121.02,30,34.48,48.16,14,26
2525,35.61,12,26.13,87.3,14,26
2525,1.81,10,21.94,54.83,14,26
2526,90.51,23,31.02,59.75,14,26
2527,39.79,13,21.04,59.15,14,26
2526,73.49,29,23.45,65.01,14,26
2529,25.84,13,8.2,56.5,14,26
2529,83.33,31,30.73,41.37,14,26
2530,85.39,29,25.94,66.16,14,26
2532,87.07,29,25.95,85.9,14,26
2531,73.77,23,26.7,53.58,14,26
2533,49.18,22,8.61,62.75,14,26
2535,95.28,25,28.33,48.71,14,26
2535,87.36,32,21.09,14.26,14,26
2537,47.48,24,54.02,43.12,14,26
2539,33.36,22,54.58,63.99,14,26
2540,45.52,13,33.49,63.54,14,26
2541,4.37,2,24.83,59.09,14,26
2539,65.59,34,55.78,48.5,14,26
2540,1.0,5,21.68,56.6,14,26
2542,2.63,6,29.45,44.59,14,26
2544,42.62,17,9.12,61.43,14,26
2546,72.9,31,25.38,13.85,14,26
2547,3.75,2,28.25,54.92,14,26
2547,102.6,33,25.09,62.07,14,26
2549,2.36,7,52.43,60.48,14,26
2549,96.27,23,25.77,48.56,14,26
2548,28.59,14,9.85,56.37,14,26
2552,87.31,23,32.95,62.28,14,26
2552,92.41,29,25.51,42.08,14,26
2554,39.59,32,45.15,91.42,14,26
2552,120.66,32,24.34,61.2,14,26
2555,68.16,25,27.12,50.49,14,26
2556,54.99,26,5.53,87.78,14,26
2557,42.43,21,5.7,64.26,14,26
2557,26.92,17,9.17,19.99,14,26
2558,60.32,19,26.89,42.75,14,26
2559,2.76,3,28.23,14.13,14,26
2559,52.49,15,33.83,41.91,14,26
2561,48.74,15,27.04,59.93,14,26
2564,102.82,27,27.84,55.44,14,26
2564,65.16,25,33.93,46.97,14,26
2564,58.72,14,33.66,42.35,14,26
2564,131.72,32,22.78,64.84,14,26
2568,1.85,1,33.17,44.2,14,26
2567,2.92,9,30.94,53.14,14,26
2570,2.52,6,22.65,52.52,14,26
2570,54.91,16,33.42,43.38,14,26
2571,49.92,16,23.11,44.53,14,26
2573,3.51,1,25.35,42.76,14,26
2574,0.18,9,23.03,87.82,14,26
2574,73.35,24,34.92,48.96,14,26
2574,67.0,17,31.52,57.02,14,26
2575,43.12,15,26.16,50.25,14,26
2576,93.71,33,25.1,69.02,14,26
2578,2.89,5,29.52,40.11,14,26
2579,101.14,30,31.78,61.99,14,27
2579,99.29,30,26.32,69.71,14,27
2582,1.26,4,21.6,41.68,14,27
2583,32.04,16,58.45560000000002,58.88,14,27
2581,0.85,11,27.98,56.66,14,27
2584,110.53,34,29.43,41.16,14,27
2583,50.61,27,20.55,91.36,14,27
2585,62.42,22,20.15,65.46,14,27
2588,4.38,8,33.88,88.95,14,27
2588,2.82,5,58.45560000000002,94.03,14,27
2589,4.11,5,51.19,66.38,14,27
2589,71.87,23,26.4,55.98,14,27
2590,76.19,21,33.29,48.2,14,27
2592,40.53,13,24.86,44.69,14,27
2593,118.84,32,21.06,60.4,14,27
2592,3.41,5,30.62,68.1,14,27
2595,63.76,34,5.95,66.89,14,27
2595,73.74,22,30.02,60.5,14,27
2596,48.57,27,9.21,53.02,14,27
2597,87.66,33,27.43,51.56,14,27
2599,35.56,15,53.75,61.03,14,27
2601,2.74,2,27.54,66.12,14,27
2600,68.28,27,29.47,65.73,14,27
2601,77.47,24,20.6,45.63,14,27
2603,42.2,12,33.33,45.85,14,27
2604,2.13,5,54.35,68.44,14,27
2605,69.56,18,21.16,48.48,14,27
2607,2.93,10,34.54,56.5,14,27
2607,75.86,29,21.26,15.89,14,27
2608,41.38,21,9.61,46.94,14,27
2608,3.08,1,6.98,90.76,14,27
2609,4.88,8,28.73,92.08,14,27
2611,34.43,14,30.96,13.9,14,27
2611,100.08,33,28.67,56.36,14,27
2611,70.13,24,25.71,57.08,14,27
2613,1.13,9,21.8,54.62,14,27
2614,3.61,9,24.11,60.32,14,27
2615,59.88,16,25.78,40.77,14,27
2618,31.85,18,28.66,15.82,14,27
2616,51.41,24,21.85,16.6,14,27
2617,54.54,16,33.92,44.91,14,27
2619,4.32,8,24.93,16.84,14,27
2619,111.32,33,28.3,49.36,14,27
2621,57.47,18,29.26,61.63,14,27
2622,86.63,33,23.9,46.95,14,27
2623,1.22,11,32.75,46.68,14,27
2624,61.12,22,27.23,61.16,14,27
2624,85.37,31,23.39,66.53,14,27
2627,117.99,35,20.81,63.07,14,27
2629,60.64,20,27.41,61.29,14,27
2628,2.88,9,32.92,15.81,14,27
2628,86.64,22,20.96,47.78,14,27
2632,4.63,1,25.64,48.8,14,27
2633,82.32,31,32.13,85.07,14,27
2634,37.67,19,26.35,11.46,14,27
2635,2.99,9,24.94,18.88,14,27
2633,109.65,27,32.33,42.73,14,27
2635,3.77,5,29.34,54.8,14,27
2638,93.06,28,27.93,51.89,14,27
2639,54.67,18,28.02,55.66,14,27
2639,40.51,19,7.17,53.36,14,28
2640,1.84,4,24.98,47.5,14,28
2641,24.21,12,51.42,61.8,14,28
2643,0.96,2,30.83,88.45,14,28
2644,74.52,22,23.32,67.23,14,28
2642,34.44,26,53.73,93.48,14,28
2646,85.73,28,27.23,54.0,14,28
2644,48.36,31,8.86,43.62,14,28
2646,47.3,14,21.91,48.5,14,28
2646,45.58,12,20.26,56.35,14,28
2647,48.55,32,51.6,44.2,14,28
2649,3.06,2,31.15,48.01,14,28
2651,48.85,25,50.31,63.5,14,28
2652,103.26,28,22.44,62.98,14,28
2653,130.83,32,23.89,42.28,14,28
2653,31.07,12,34.96,58.81,14,28
2655,49.41,13,29.14,57.5,14,28
2657,42.54,17,21.92,53.88,14,28
2656,3.89,2,27.36,66.65,14,28
2656,0.77,9,34.52,47.0,14,28
2658,102.03,26,24.06,44.22,14,28
2659,57.76,14,23.0,50.78,14,28
2660,71.47,22,34.95,59.99,14,28
2663,0.18,10,22.62,94.03,14,28
2664,0.61,7,22.31,65.23,14,28
2662,61.63,27,8.79,57.63,14,28
2666,3.3,9,29.9,94.01,14,28
2664,60.17,18,22.95,58.7,14,28
2666,66.39,25,27.5,44.14,14,28
2668,2.16,3,26.63,53.06,14,28
2670,3.44,6,58.45560000000002,68.31,14,28
2669,1.68,7,47.34,59.61,14,28
2672,103.79,28,23.32,68.89,14,28
2672,2.67,5,30.96,54.7,14,28
2671,3.37,5,7.62,47.63,14,28
2675,79.87,29,34.87,67.54,14,28
2673,49.66,30,7.54,64.92,14,28
2674,1.12,11,28.88,51.66,14,28
2678,81.8,29,34.36,65.48,14,28
2676,4.63,2,32.03,59.24,14,28
2679,86.67,28,24.95,66.6,14,28
2681,33.22,20,57.22,62.57,14,28
2679,3.53,11,28.74,58.46,14,28
2681,0.2,1,24.06,44.3,14,28
2683,87.01,35,48.87,67.91,14,28
2684,108.75,26,31.55,53.15,14,28
2686,45.22,20,55.41,67.35,14,28
2684,50.23,14,25.67,64.94,14,28
2687,74.48,22,20.07,68.0,14,28
2689,96.47,30,34.31,65.04,14,28
2690,34.31,15,26.94,18.77,14,28
2690,30.88,13,33.14,19.76,14,28
2691,49.72,15,26.51,63.46,14,28
2690,93.67,25,33.05,59.71,14,28
2691,63.77,28,8.38,54.45,14,28
2694,114.22,35,26.59,63.1,14,28
2696,36.0,13,30.54,53.3,14,28
2695,53.97,16,21.77,56.68,14,28
2698,48.68,17,28.27,11.89,14,28
2697,3.29,4,54.79,69.68,14,28
2698,46.42,23,8.38,64.93,14,29
2698,2.53,11,27.62,62.51,14,29
2702,31.66,20,46.21,42.07,14,29
2702,58.79,14,24.92,51.65,14,29
2703,45.43,24,24.0,11.82,14,29
2702,95.6,32,27.63,53.68,14,29
2704,63.72,18,23.26,57.07,14,29
2705,3.7,1,33.63,64.17,14,29
2706,31.67,12,28.66,65.14,14,29
2707,2.49,2,26.59,52.95,14,29
2708,63.9,34,56.94,57.32,14,29
2708,78.7,22,24.63,49.14,14,29
2712,84.26,22,28.57,61.75,14,29
2711,100.53,27,29.48,41.76,14,29
2713,56.93,25,7.16,45.88,14,29
2714,26.68,16,9.31,43.07,14,29
2715,0.18,6,58.45560000000002,85.47,14,29
2714,1.07,10,34.52,53.93,14,29
2718,60.15,18,27.59,67.93,14,29
2719,110.2,32,21.24,40.29,14,29
2719,33.62,22,9.09,53.13,14,29
2721,0.36,1,21.49,53.58,14,29
2721,108.01,27,23.45,41.29,14,29
2723,2.57,5,31.49,43.35,14,29
2721,87.23,21,30.36,58.56,14,29
2722,1.12,7,30.03,92.29,14,29
2725,3.06,8,31.55,11.69,14,29
2726,3.99,4,53.26,58.16,14,29
2725,95.12,27,31.15,49.81,14,29
2726,42.07,15,33.5,68.42,14,29
2730,72.38,18,29.14,49.75,14,29
2728,113.02,35,34.52,65.21,14,29
2731,103.76,30,24.36,43.52,14,29
2730,56.56,16,34.33,48.97,14,29
2734,3.98,9,8.31,66.51,14,29
2733,78.65,26,27.81,43.35,14,29
2734,48.9,19,26.76,92.61,14,29
2737,3.94,5,28.25,67.64,14,29
2735,115.0,33,23.6,66.74,14,29
2736,99.6,30,28.34,54.5,14,29
2740,2.98,4,58.45560000000002,65.83,14,29
2738,2.52,7,46.9,61.18,14,29
2742,41.69,26,50.38,67.61,14,29
2741,44.0,17,34.77,93.77,14,29
2743,100.19,25,26.33,40.95,14,29
2744,26.21,13,6.28,44.36,14,29
2745,52.92,13,21.24,56.06,14,29
2746,52.79,25,7.17,41.6,14,29
2747,78.38,28,20.84,59.13,14,29
2748,87.89,21,30.12,41.49,14,29
2749,3.66,1,34.87,69.56,14,29
2748,47.29,14,33.71,48.3,14,29
2749,1.66,5,28.53,58.3,14,29
2751,57.92,18,26.15,54.45,14,29
2751,64.37,23,24.57,69.78,14,29
2754,102.78,28,23.98,56.94,14,29
2753,66.91,25,34.69,57.71,14,29
2756,66.02,21,23.11,42.0,14,29
2756,132.77120000000002,34,24.83,59.78,14,29
2757,89.76,35,33.25,42.45,14,29
2760,19.07,16,7.62,94.03,14,30
2759,125.43,33,29.58,61.33,14,30
2759,84.85,27,32.39,69.57,14,30
2762,4.56,8,26.72,64.39,14,30
2764,2.76,8,34.01,56.16,14,30
2764,0.18,6,34.26,49.53,14,30
2764,39.44,12,23.85,64.26,14,30
2764,2.01,1,21.87,67.59,14,30
2765,4.83,5,24.06,50.7,14,30
2768,91.87,34,22.68,90.33,14,30
2768,49.4,20,30.03,15.48,14,30
2769,83.07,30,20.33,44.86,14,30
2769,68.43,32,23.39,14.9,14,30
2773,83.45,27,27.92,65.6,14,30
2771,110.56,33,29.11,69.38,14,30
2772,2.1,11,33.6,42.49,14,30
2776,1.09,3,25.29,93.89,14,30
2776,74.48,19,29.58,59.61,14,30
2775,63.09,23,21.87,61.42,14,30
2776,2.82,7,33.85,58.71,14,30
2779,78.07,24,31.06,42.11,14,30
2779,47.89,14,23.62,68.76,14,30
2779,113.17,28,31.67,58.53,14,30
2780,67.97,17,23.03,40.88,14,30
2784,98.42,27,26.09,60.43,14,30
2782,3.68,2,20.32,43.25,14,30
2785,80.2,27,26.78,85.71,14,30
2787,4.57,5,32.82,65.71,14,30
2785,93.26,29,32.22,49.62,14,30
2788,32.42,21,57.12,45.22,14,30
2787,106.68,28,25.54,41.58,14,30
2789,33.67,13,34.48,44.11,14,30
2790,16.76,15,6.08,90.35,14,30
2790,63.34,27,57.57,49.22,14,30
2791,0.18,2,29.23,59.95,14,30
2794,0.51,10,32.0,93.49,14,30
2793,94.72,35,20.05,65.98,14,30
2795,4.2,5,24.11,65.86,14,30
2795,101.19,26,24.84,69.28,14,30
2798,77.33,28,33.44,58.64,14,30
2800,54.65,28,30.78,19.06,14,30
2799,4.9,6,8.7,57.68,14,30
2801,48.23,12,23.1,50.54,14,30
2802,2.91,8,31.45,67.22,14,30
2802,132.77120000000002,33,34.62,65.05,14,30
2803,93.04,26,30.0,42.52,14,30
2803,67.7,23,31.23,48.4,14,30
2804,108.14,35,28.32,42.78,14,30
2805,48.81,19,34.46,40.45,14,30
2806,78.66,32,7.04,50.57,14,30
2808,75.62,34,22.39,13.69,14,30
2809,42.43,16,21.6,69.82,14,30
2809,62.23,23,31.01,11.14,14,30
2810,43.44,16,28.38,61.57,14,30
2812,2.48,5,28.3,55.27,14,30
2815,4.66,11,8.36,50.85,14,30
2816,62.85,18,34.49,61.37,14,30
2815,90.97,33,27.19,58.02,14,30
2817,0.48,7,52.62,62.14,14,30
2817,84.21,32,24.1,51.8,14,30
2820,31.37,13,20.99,90.04,14,31
2818,96.1,27,21.19,45.87,14,31
2819,65.56,20,27.43,62.84,14,31
2821,50.71,27,53.59,64.18,14,31
2821,80.15,26,22.07,67.8,14,31
2823,72.11,19,27.7,68.58,14,31
2826,86.66,24,32.51,66.07,14,31
2824,3.6,3,27.22,12.42,14,31
2827,2.58,2,22.41,56.07,14,31
2826,64.24,35,8.08,69.84,14,31
2828,69.55,29,34.25,15.75,14,31
2829,0.77,6,23.7,47.59,14,31
2831,94.56,30,29.93,65.95,14,31
2830,2.91,7,29.96,63.98,14,31
2834,54.86,15,28.64,62.78,14,31
2832,0.2,4,22.62,45.95,14,31
2835,63.51,21,26.08,47.12,14,31
2835,50.93,13,34.59,58.22,14,31
2835,56.7,20,30.15,54.88,14,31
2836,86.73,31,24.11,56.48,14,31
2839,63.28,16,23.19,51.78,14,31
2840,4.46,11,25.42,16.06,14,31
2841,78.73,31,32.97,45.64,14,31
2840,36.15,16,31.46,12.2,14,31
2841,41.96,28,46.39,14.02,14,31
2844,4.31,2,28.69,61.05,14,31
2846,0.51,4,24.49,44.05,14,31
2846,87.67,25,33.05,42.11,14,31
2847,55.9,29,21.87,11.9,14,31
2849,92.45,24,27.35,41.81,14,31
2848,46.69,14,24.06,69.79,14,31
2848,1.44,4,32.97,53.06,14,31
2849,0.87,10,32.4,67.41,14,31
2851,49.17,12,23.51,51.67,14,31
2852,2.86,10,34.68,52.91,14,31
2855,71.97,25,25.99,65.55,14,31
2854,73.3,33,32.73,12.54,14,31
2854,82.04,27,33.0,86.69,14,31
2858,0.85,10,25.1,55.35,14,31
2856,0.18,5,31.44,51.5,14,31
2860,55.25,19,22.13,12.35,14,31
2859,44.0,12,34.82,66.9,14,31
2860,4.73,3,57.78,16.62,14,31
2860,4.05,3,34.81,63.81,14,31
2861,29.91,16,57.17,68.28,14,31
2865,101.61,27,25.83,66.41,14,31
2866,37.54,21,21.04,14.45,14,31
2864,100.62,27,21.28,49.47,14,31
2865,1.42,3,25.31,55.36,14,31
2869,77.5,27,28.65,65.98,14,31
2869,90.2,24,27.38,69.34,14,31
2868,54.31,20,33.53,59.16,14,31
2869,31.77,17,57.11,44.67,14,31
2872,57.43,22,28.46,57.12,14,31
2874,36.11,20,24.73,14.15,14,31
2873,87.53,35,24.59,16.44,14,31
2876,63.87,26,58.45560000000002,47.13,14,31
2874,124.48,34,25.14,88.31,14,31
2878,0.92,10,23.85,51.83,14,31
2876,1.39,11,21.71,62.39,14,31
2878,88.6,24,34.3,57.18,14,32
2881,40.28,21,55.81,61.44,14,32
2881,33.79,14,34.4,90.43,14,32
2883,0.32,5,25.28,60.81,14,32
2884,3.06,4,26.9,45.39,14,32
2885,66.17,30,56.86,58.43,14,32
2883,45.73,16,25.47,55.08,14,32
2884,50.7,18,28.42,19.4,14,32
2888,117.77,32,21.01,44.87,14,32
2888,118.64,31,28.8,40.02,14,32
2888,90.2,33,33.78,11.14,14,32
2889,0.18,11,27.74,86.3,14,32
2891,3.65,1,24.3,40.59,14,32
2892,1.62,6,25.88,18.31,14,32
2891,4.04,11,22.51,93.81,14,32
2892,1.22,7,27.81,46.42,14,32
2894,1.7,8,30.26,19.26,14,32
2894,34.37,14,6.44,86.42,14,32
2896,62.58,29,46.22,40.55,14,32
2898,130.03,32,24.13,45.49,14,32
2898,115.73,32,32.48,69.95,14,32
2900,2.54,10,6.02,52.74,14,32
2900,3.01,8,53.21,92.87,14,32
2901,91.06,24,20.05,50.28,14,32
2901,1.35,2,21.57,94.03,14,32
2905,116.58,34,27.19,63.87,14,32
2904,4.43,10,31.24,40.65,14,32
2905,66.94,17,21.99,54.47,14,32
2906,71.4,22,23.47,41.42,14,32
2908,57.16,28,28.47,19.59,14,32
2908,52.74,30,25.73,11.14,14,32
2909,69.99,23,21.77,58.29,14,32
2912,91.86,28,21.09,56.5,14,32
2912,39.74,22,5.65,41.99,14,32
2911,48.73,29,47.51,56.97,14,32
2913,0.7,5,33.2,17.53,14,32
2913,103.33,33,28.29,51.82,14,32
2917,0.46,8,25.12,15.17,14,32
2915,47.24,23,28.46,19.14,14,32
2917,71.26,27,31.24,55.55,14,32
2920,38.41,19,8.69,65.97,14,32
2918,46.41,15,25.55,59.79,14,32
2920,35.27,19,27.75,93.24,14,32
2923,38.13,14,33.63,17.11,14,32
2921,46.81,30,7.26,19.89,14,32
2922,1.15,8,9.24,50.96,14,32
2923,132.77120000000002,34,34.14,62.54,14,32
2926,55.18,22,22.63,50.45,14,32
2928,128.71,31,21.04,66.68,14,32
2927,0.49,2,29.21,11.14,14,32
2930,0.83,2,31.55,16.71,14,32
2928,25.77,15,6.1,50.57,14,32
2930,93.19,31,20.47,50.83,14,32
2931,32.07,12,23.21,57.0,14,32
2932,3.02,8,21.37,68.04,14,32
2933,3.18,1,33.19,49.41,14,32
2936,46.73,15,25.55,41.89,14,32
2934,54.61,16,31.36,63.41,14,32
2937,65.19,16,29.19,86.67,14,32
2937,128.08,33,32.95,86.2,14,32
2937,58.69,18,21.94,69.45,14,33
2941,2.68,10,33.25,41.66,14,33
2939,44.85,12,30.23,53.84,14,33
2943,3.74,10,28.62,51.38,14,33
2944,51.03,33,7.84,45.81,14,33
2942,81.08,29,34.69,86.29,14,33
2945,110.41,28,29.44,66.44,14,33
2947,0.18,8,34.9,46.59,14,33
2947,87.8,32,22.97,48.5,14,33
2948,119.4,34,23.81,42.42,14,33
2950,44.05,25,48.3,50.78,14,33
2951,42.47,16,22.71,62.9,14,33
2949,35.11,24,47.08,92.01,14,33
2950,62.41,24,27.63,44.5,14,33
2954,91.38,33,30.85,69.93,14,33
2954,60.73,16,30.42,67.1,14,33
2955,19.21,16,58.45560000000002,17.59,14,33
2955,78.07,28,30.28,92.19,14,33
2955,45.66,14,33.12,52.14,14,33
2956,4.64,7,33.74,53.38,14,33
2958,55.64,15,31.15,58.81,14,33
2959,57.89,31,57.38,43.97,14,33
2959,4.6,1,28.12,40.26,14,33
2963,85.77,31,33.89,65.73,14,33
2961,51.2,22,31.06,91.1,14,33
2963,40.24,16,31.98,94.03,14,33
2964,57.81,14,28.4,69.0,14,33
2965,1.3,6,34.12,40.85,14,33
2966,50.64,16,26.24,57.95,14,33
2968,0.68,7,32.06,69.08,14,33
2967,0.33,4,25.42,17.72,14,33
2970,61.56,32,23.41,11.14,14,33
2970,83.53,22,34.73,87.97,14,33
2972,59.15,33,8.99,66.22,14,33
2973,50.39,19,24.35,17.3,14,33
2972,91.77,29,29.81,57.45,14,33
2976,0.44,7,25.97,17.98,14,33
2975,0.63,7,58.45560000000002,19.23,14,33
2976,94.12,25,34.97,57.02,14,33
2977,53.75,15,21.82,57.66,14,33
2978,34.39,18,54.5,59.32,14,33
2978,58.14,14,28.19,55.42,14,33
2979,71.12,25,34.88,43.53,14,33
2983,50.09,20,28.92,65.97,14,33
2982,70.91,26,28.1,65.55,14,33
2983,56.63,26,46.06,58.07,14,33
2984,132.77120000000002,34,26.75,47.01,14,33
2986,4.3,11,52.79,12.94,14,33
2986,81.87,33,47.46,51.11,14,33
2989,2.04,8,20.25,65.95,14,33
2987,4.59,9,28.71,50.15,14,33
2988,65.49,16,22.67,43.63,14,33
2992,76.49,22,22.83,40.0,14,33
2990,80.51,28,21.74,12.48,14,33
2991,60.25,17,27.27,42.42,14,33
2994,130.98,35,24.5,53.77,14,33
2995,104.86,29,21.78,62.42,14,33
2994,71.08,21,32.76,66.67,14,33
2998,1.24,1,28.67,86.08,14,33
2996,55.96,30,6.08,66.42,14,33
3000,0.64,5,24.67,61.0,14,34
2998,110.73,33,25.6,55.97,14,34
3002,47.96,15,31.29,53.95,14,34
3000,0.18,6,56.39,19.65,14,34
3003,1.71,3,32.94,69.57,14,34
3004,94.89,25,24.81,69.73,14,34
3004,2.11,2,31.82,69.34,14,34
3006,90.08,26,20.02,46.83,14,34
3005,39.76,20,25.69,19.17,14,34
3007,41.38,14,27.98,51.29,14,34
3007,92.27,24,23.66,57.97,14,34
3008,36.12,21,8.68,67.61,14,34
3009,68.29,22,28.04,52.91,14,34
3013,4.78,3,27.53,41.16,14,34
3011,4.29,8,23.1,63.29,14,34
3012,2.4,5,7.41,54.11,14,34
3016,71.18,23,20.71,59.78,14,34
3017,76.05,26,28.84,61.64,14,34
3015,61.53,33,7.85,63.69,14,34
3018,3.77,2,27.77,53.18,14,34
3020,16.1,14,56.26,92.76,14,34
3018,63.7,20,29.7,61.29,14,34
3019,76.95,20,31.12,41.9,14,34
3022,105.03,29,22.63,56.11,14,34
3024,67.81,22,22.41,43.76,14,34
3023,0.21,9,33.0,61.02,14,34
3024,73.28,22,28.81,56.05,14,34
3026,16.54,15,6.67,91.12,14,34
3026,1.22,7,23.79,53.77,14,34
3026,0.63,5,21.5,55.33,14,34
3030,46.99,14,22.45,41.94,14,34
3028,56.7,18,34.35,67.32,14,34
3029,88.72,35,27.29,57.43,14,34
3032,4.19,1,30.61,57.23,14,34
3033,44.33,31,55.96,93.65,14,34
3032,130.08,34,33.91,53.17,14,34
3034,131.48,35,29.21,46.76,14,34
3035,66.66,22,30.45,63.97,14,34
3038,1.27,4,29.64,59.96,14,34
3038,95.96,23,29.9,52.36,14,34
3039,122.07,32,27.26,66.09,14,34
3039,62.88,25,5.53,63.36,14,34
3041,66.54,26,33.76,47.4,14,34
3043,57.83,22,26.92,58.94,14,34
3041,82.3,29,20.17,66.81,14,34
3044,49.36,31,8.29,48.65,14,34
3046,70.13,23,29.32,87.86,14,34
3047,3.88,11,53.6,60.84,14,34
3048,1.85,1,29.64,45.29,14,34
3046,66.23,30,56.3,58.8,14,34
3049,127.35,32,26.3,64.44,14,34
3049,75.0,25,31.26,54.37,14,34
3051,2.15,10,8.73,50.2,14,34
3051,33.55,30,54.52,11.69,14,34
3054,115.96,31,34.21,57.6,14,34
3055,52.04,27,7.12,56.18,14,34
3055,55.41,18,22.61,68.7,14,34
3055,57.0,18,32.63,46.83,14,34
3056,4.74,7,23.12,48.99,14,34
3058,33.08,17,54.98,45.76,14,34
3059,38.63,21,58.45560000000002,41.42,14,35
3060,129.97,31,30.44,68.08,14,35
3062,41.02,16,22.54,11.61,14,35
3061,4.6,1,22.34,62.47,14,35
3062,40.67,17,30.84,12.26,14,35
3063,58.63,22,31.52,14.89,14,35
3065,42.94,20,9.78,44.57,14,35
3065,0.6,10,25.0,47.81,14,35
3065,3.89,11,22.46,56.52,14,35
3068,27.35,14,5.6,48.68,14,35
3069,3.71,6,31.79,67.57,14,35
3070,66.81,20,27.16,51.83,14,35
3071,48.42,19,23.71,67.55,14,35
3073,127.39,34,24.83,67.75,14,35
3072,1.83,9,22.21,51.77,14,35
3075,68.43,21,34.73,56.39,14,35
3075,83.7,23,27.85,59.34,14,35
3075,66.69,21,26.56,42.01,14,35
3075,35.86,13,21.77,85.48,14,35
3079,66.11,25,33.79,54.44,14,35
3079,3.84,8,6.58,67.75,14,35
3080,48.07,18,29.87,46.96,14,35
3080,2.83,5,28.82,58.94,14,35
3083,4.99,2,28.34,48.5,14,35
3083,118.34,34,33.5,51.09,14,35
3084,100.48,27,26.71,42.76,14,35
3086,79.32,28,29.86,43.58,14,35
3086,97.45,26,21.97,40.23,14,35
3088,4.92,3,32.32,54.49,14,35
3089,80.95,28,20.91,50.29,14,35
3087,2.27,1,34.51,64.56,14,35
3088,3.8,6,27.9,13.26,14,35
3090,69.49,17,28.35,57.8,14,35
3090,31.39,12,31.31,61.75,14,35
3091,3.36,3,22.08,56.58,14,35
3095,64.38,19,29.04,65.17,14,35
3093,47.78,30,48.59,66.11,14,35
3095,35.9,14,31.72,92.46,14,35
3096,4.72,10,28.3,42.91,14,35
3099,57.03,14,22.37,46.53,14,35
3098,132.77120000000002,33,34.27,52.14,14,35
3099,75.28,30,20.32,57.67,14,35
3101,2.57,5,33.73,51.53,14,35
3101,74.87,31,31.61,15.73,14,35
3103,43.5,20,8.42,68.98,14,35
3104,0.92,2,9.57,18.34,14,35
3104,4.84,7,27.94,46.68,14,35
3106,118.5,33,20.85,56.59,14,35
3107,1.21,7,8.77,50.73,14,35
3107,55.9,14,34.97,42.13,14,35
3108,0.18,2,33.28,93.14,14,35
3109,86.48,34,24.57,52.75,14,35
3111,0.86,10,32.17,43.5,14,35
3112,0.98,4,33.13,43.46,14,35
3114,37.37,12,30.87,58.66,14,35
3113,49.37,19,29.81,52.52,14,35
3114,77.41,20,21.4,61.2,14,35
3117,4.32,1,31.44,61.5,14,35
3116,1.01,4,21.09,69.68,14,35
3117,86.26,25,28.75,50.21,14,35
3119,4.93,1,55.14,65.93,14,36
3120,70.55,30,34.78,94.03,14,36
3121,79.43,26,26.49,43.15,14,36
3123,56.9,21,33.93,69.03,14,36
3124,93.72,35,33.87,14.71,14,36
3122,4.57,1,30.58,17.76,14,36
3123,80.44,20,25.82,53.83,14,36
3124,83.81,29,23.0,54.84,14,36
3126,69.9,18,30.11,88.27,14,36
3127,51.0,15,34.21,45.3,14,36
3128,131.34,32,22.73,88.02,14,36
3130,61.18,17,22.9,64.95,14,36
3129,49.87,25,7.46,63.28,14,36
3131,20.78,18,5.53,14.46,14,36
3131,45.57,20,30.82,19.52,14,36
3132,1.65,11,34.96,12.83,14,36
3133,112.11,27,27.62,61.79,14,36
3135,46.29,13,26.23,87.29,14,36
3136,123.46,34,24.71,86.44,14,36
3139,66.74,25,34.45,91.9,14,36
3138,118.67,29,23.97,67.84,14,36
3141,117.43,30,34.8,49.42,14,36
3140,47.23,18,31.56,51.32,14,36
3141,1.64,3,20.73,47.29,14,36
3142,59.54,25,25.34,13.93,14,36
3142,47.95,23,50.52,89.44,14,36
3144,66.56,17,23.71,54.35,14,36
3144,41.28,22,49.02,44.29,14,36
3148,0.47,10,21.32,51.01,14,36
3146,52.61,15,21.65,46.19,14,36
3149,130.45,32,30.99,62.18,14,36
3151,1.38,6,24.83,61.14,14,36
3149,76.82,19,23.67,47.48,14,36
3151,1.04,5,32.76,88.55,14,36
3153,26.25,13,46.24,57.25,14,36
3153,82.14,29,25.73,57.66,14,36
3155,82.62,29,30.87,65.66,14,36
3154,51.99,18,34.6,64.14,14,36
3157,86.3,26,26.76,58.41,14,36
3156,51.46,19,24.69,43.74,14,36
3157,76.4,31,5.53,61.73,14,36
3158,48.13,13,32.87,55.92,14,36
3161,73.85,34,7.15,54.47,14,36
3160,3.28,1,34.33,11.42,14,36
3161,2.5,6,23.79,42.41,14,36
3164,1.53,3,31.39,59.33,14,36
3164,115.33,30,20.64,42.39,14,36
3166,79.09,29,30.05,49.11,14,36
3168,104.9,32,30.46,65.45,14,36
3169,2.19,3,6.69,50.64,14,36
3170,29.46,25,51.48,11.83,14,36
3169,2.72,5,30.91,41.76,14,36
3170,50.3,20,26.83,17.1,14,36
3172,96.34,24,26.47,64.01,14,36
3171,132.77120000000002,34,33.35,69.13,14,36
3174,112.86,28,23.3,54.44,14,36
3174,26.71,15,24.09,17.09,14,36
3175,74.21,28,34.78,58.36,14,36
3178,1.63,4,24.58,57.71,14,36
3177,39.61,21,22.59,91.85,14,36
3179,108.79,27,22.93,43.75,14,37
3179,0.7,4,58.45560000000002,61.02,14,37
3180,57.11,23,9.77,48.45,14,37
3183,3.93,11,22.18,49.92,14,37
3184,54.03,16,27.56,43.52,14,37
3184,4.84,11,33.68,63.32,14,37
3185,47.72,19,47.53,64.53,14,37
3186,45.2,14,21.32,69.08,14,37
3188,3.73,8,23.42,65.37,14,37
3189,64.87,23,27.56,49.09,14,37
3187,57.13,15,25.63,46.8,14,37
3190,2.54,11,25.58,50.02,14,37
3189,125.69,33,29.29,43.35,14,37
3191,53.45,18,21.19,63.41,14,37
3191,80.96,22,34.95,50.04,14,37
3194,19.72,13,49.29,69.9,14,37
3193,1.43,7,26.33,55.85,14,37
3194,49.95,13,30.17,44.54,14,37
3197,102.89,32,25.85,62.08,14,37
3199,0.18,7,21.35,62.94,14,37
3197,36.72,14,32.87,60.94,14,37
3199,4.46,8,32.93,51.29,14,37
3201,124.98,33,22.12,53.23,14,37
3202,75.92,26,32.5,18.78,14,37
3201,4.97,1,26.22,43.66,14,37
3202,33.62,20,9.59,53.73,14,37
3203,106.6,28,21.99,59.64,14,37
3204,85.52,34,51.37,40.94,14,37
3206,31.06,12,29.98,69.02,14,37
3206,2.44,6,27.26,51.82,14,37
3209,41.02,16,28.3,48.15,14,37
3211,87.45,24,24.64,63.89,14,37
3212,69.65,20,29.21,52.55,14,37
3210,42.59,15,34.58,11.14,14,37
3214,118.81,34,30.49,66.76,14,37
3214,1.0,4,25.23,69.7,14,37
3214,46.12,14,33.95,60.8,14,37
3217,82.77,31,34.98,46.83,14,37
3215,1.55,1,58.44,66.58,14,37
3218,116.9,31,27.54,48.17,14,37
3219,24.51,18,57.1,11.14,14,37
3219,91.97,32,34.07,11.58,14,37
3220,107.46,29,21.08,87.61,14,37
3220,64.62,34,9.76,46.08,14,37
3224,49.22,25,22.1,15.04,14,37
3225,4.67,3,27.12,47.53,14,37
3224,44.95,12,33.61,54.62,14,37
3224,79.6,30,22.3,43.16,14,37
3226,113.37,35,26.42,47.46,14,37
3226,54.44,16,30.74,41.84,14,37
3229,69.67,33,50.41,57.48,14,37
3228,104.38,26,25.9,64.66,14,37
3229,85.6,27,21.16,54.55,14,37
3230,45.66,16,29.8,94.03,14,37
3234,52.41,15,33.68,52.27,14,37
3233,107.42,31,31.73,64.3,14,37
3233,80.01,32,21.55,92.89,14,37
3234,123.14,33,32.93,50.35,14,37
3236,48.95,31,54.69,63.08,14,37
3237,2.57,11,29.79,57.08,14,37
3237,0.3,8,6.23,43.52,14,38
3240,1.4,1,23.02,68.87,14,38
3240,32.91,13,30.44,19.44,14,38
3241,64.85,19,33.19,61.1,14,38
3243,65.69,24,21.1,41.61,14,38
3242,57.56,22,23.54,54.91,14,38
3243,1.5,11,24.34,46.45,14,38
3245,109.89,32,26.65,47.59,14,38
3248,64.44,24,33.86,61.99,14,38
3247,72.43,31,20.08,13.79,14,38
3250,128.54,32,26.16,64.91,14,38
3248,118.86,34,26.33,66.92,14,38
3249,46.84,25,55.74,60.92,14,38
3250,73.59,25,23.39,53.59,14,38
3252,58.56,18,25.88,49.13,14,38
3253,78.71,30,23.63,49.81,14,38
3253,4.33,3,30.04,64.72,14,38
3255,39.02,21,30.26,17.25,14,38
3256,33.83,15,20.92,15.22,14,38
3259,72.08,33,5.53,40.64,14,38
3259,96.21,31,23.65,54.37,14,38
3261,77.33,19,28.64,47.43,14,38
3262,53.88,18,25.84,60.49,14,38
3263,68.45,27,32.02,14.41,14,38
3263,40.81,12,25.35,60.34,14,38
3263,39.76,31,8.31,94.03,14,38
3263,1.14,1,7.57,12.77,14,38
3267,78.31,24,34.54,50.63,14,38
3267,71.91,18,33.13,66.74,14,38
3266,94.82,31,33.83,58.28,14,38
3267,89.98,26,33.54,57.33,14,38
3268,43.67,15,34.02,65.25,14,38
3269,34.58,13,21.4,60.51,14,38
3270,63.66,24,31.99,63.76,14,38
3272,25.83,16,52.84,89.74,14,38
3275,36.38,15,7.32,68.7,14,38
3275,39.53,17,22.13,13.65,14,38
3276,2.04,1,30.39,65.55,14,38
3276,3.38,7,5.7,87.53,14,38
3278,50.63,19,20.86,88.57,14,38
3278,23.97,17,7.45,93.49,14,38
3278,49.96,13,23.53,50.55,14,38
3280,44.04,21,46.23,59.61,14,38
3281,2.69,9,8.21,54.73,14,38
3282,2.55,6,21.15,59.94,14,38
3283,33.61,32,7.58,94.03,14,38
3285,36.73,13,24.04,67.16,14,38
3286,36.92,17,9.69,49.19,14,38
3285,4.15,8,21.23,48.74,14,38
3287,82.84,31,33.7,62.36,14,38
3287,2.44,1,34.28,14.93,14,38
3291,2.55,4,32.51,54.94,14,38
3292,123.37,31,27.19,58.3,14,38
3290,74.56,32,6.07,46.08,14,38
3291,97.02,31,23.65,56.15,14,38
3295,3.52,9,20.84,65.33,14,38
3296,82.28,22,23.25,64.79,14,38
3295,125.3,30,24.27,63.16,14,38
3297,4.86,11,21.35,65.7,14,38
3299,1.67,4,29.06,40.57,14,38
3297,50.97,22,28.91,90.07,14,39
3300,77.99,30,29.56,57.93,14,39
3300,1.55,3,31.32,50.46,14,39
3301,37.66,16,58.41,61.75,14,39
3304,72.53,18,27.79,60.6,14,39
3303,4.8,5,7.36,44.56,14,39
3304,40.8,19,47.38,55.37,14,39
3305,73.91,22,28.0,41.2,14,39
3308,50.79,28,7.66,49.14,14,39
3306,49.59,22,8.28,52.44,14,39
3310,0.18,3,22.44,46.84,14,39
3310,46.88,15,28.02,44.42,14,39
3310,56.71,15,31.03,57.43,14,39
3313,94.16,26,25.29,63.91,14,39
3312,91.11,35,30.42,45.95,14,39
3312,30.14,19,5.53,11.14,14,39
3315,56.98,26,22.55,92.93,14,39
3317,68.6,17,27.99,48.79,14,39
3317,31.85,30,7.63,11.14,14,39
3317,40.81,12,30.84,66.19,14,39
3319,3.35,2,32.0,90.56,14,39
3321,3.93,1,8.61,11.14,14,39
3320,2.28,11,33.24,41.34,14,39
3323,64.86,22,24.1,89.73,14,39
3322,46.53,32,52.75,91.13,14,39
3325,80.41,21,21.07,64.13,14,39
3323,0.18,7,23.77,47.7,14,39
3324,59.66,23,31.14,50.22,14,39
3325,3.5,8,34.21,47.02,14,39
3329,33.46,29,7.05,12.26,14,39
3329,64.86,17,20.4,67.47,14,39
3330,40.81,15,21.46,53.03,14,39
3330,51.14,30,49.42,19.25,14,39
3332,55.49,15,30.35,58.03,14,39
3334,0.3,6,6.76,53.65,14,39
3332,113.95,32,24.1,45.36,14,39
3333,96.42,24,28.8,88.92,14,39
3334,4.32,1,24.63,55.49,14,39
3338,4.0,1,26.93,85.03,14,39
3337,62.44,17,26.7,61.05,14,39
3337,2.52,10,33.69,46.04,14,39
3341,67.07,19,31.5,57.94,14,39
3341,75.1,19,25.81,52.44,14,39
3341,60.2,30,32.62,18.19,14,39
3342,64.34,25,24.02,46.88,14,39
3342,36.74,15,8.82,44.35,14,39
3346,46.82,12,27.76,45.13,14,39
3347,41.48,19,58.45560000000002,46.17,14,39
3346,61.2,24,29.49,41.84,14,39
3347,4.39,6,32.06,12.42,14,39
3349,94.7,26,31.35,65.62,14,39
3348,39.92,14,26.24,59.96,14,39
3352,3.69,3,28.02,46.67,14,39
3351,63.74,19,25.17,67.72,14,39
3354,28.0,16,21.0,19.72,14,39
3355,92.49,34,21.76,63.19,14,39
3356,121.25,33,28.11,68.32,14,39
3355,48.86,16,28.14,55.03,14,39
3357,28.74,12,46.65,89.06,14,39
3356,0.51,7,28.09,62.29,14,39
3357,75.8,19,30.71,41.42,14,40
3358,99.04,35,21.68,56.76,14,40
3361,53.93,17,25.15,60.66,14,40
3362,66.52,31,50.14,54.44,14,40
3364,51.53,20,26.46,52.17,14,40
3362,3.98,5,54.31,64.8,14,40
3364,79.99,26,27.07,61.93,14,40
3364,112.24,31,30.11,62.55,14,40
3366,23.87,19,57.44,18.17,14,40
3369,95.29,27,27.49,68.93,14,40
3368,96.96,27,28.02,62.92,14,40
3370,1.11,6,20.84,61.58,14,40
3370,76.84,21,24.4,69.42,14,40
3372,47.23,24,32.02,14.55,14,40
3374,42.49,12,34.3,61.7,14,40
3375,91.91,26,29.04,61.59,14,40
3376,101.0,28,26.26,68.03,14,40
3374,38.85,15,31.1,88.46,14,40
3378,2.64,3,28.62,47.44,14,40
3377,28.44,13,22.93,19.0,14,40
3379,55.2,20,28.99,59.21,14,40
3379,0.22,10,20.45,40.05,14,40
3381,123.9,34,26.96,43.07,14,40
3380,102.18,33,29.43,61.65,14,40
3383,69.04,33,31.62,11.35,14,40
3382,86.61,24,27.54,54.06,14,40
3384,122.11,35,26.24,47.59,14,40
3386,92.06,31,20.12,87.46,14,40
3387,70.52,27,29.15,44.73,14,40
3388,74.15,20,28.73,63.68,14,40
3390,58.48,18,26.79,54.07,14,40
3390,45.89,12,21.61,55.64,14,40
3390,73.21,31,49.94,52.95,14,40
3393,46.49,18,33.66,68.06,14,40
3393,35.79,17,52.04,89.24,14,40
3393,58.63,23,24.07,11.29,14,40
3395,4.7,3,20.28,64.56,14,40
3394,53.88,14,20.61,55.21,14,40
3398,4.9,10,26.33,66.61,14,40
3399,3.63,5,24.94,49.02,14,40
3399,56.59,27,6.56,61.32,14,40
3399,72.59,22,25.89,68.22,14,40
3401,2.82,7,34.38,65.75,14,40
3401,55.16,14,25.8,63.52,14,40
3401,1.51,10,20.06,68.22,14,40
3405,99.61,35,22.84,52.3,14,40
3403,4.1,8,20.91,89.92,14,40
3404,84.04,28,32.67,47.0,14,40
3407,95.57,23,23.73,46.88,14,40
3407,116.69,29,33.18,49.43,14,40
3407,3.46,11,21.78,59.74,14,40
3410,45.95,27,5.53,42.55,14,40
3411,103.2,32,21.13,63.48,14,40
3412,68.92,24,32.96,58.33,14,40
3413,132.77120000000002,33,30.19,44.5,14,40
3413,2.24,2,34.79,63.05,14,40
3416,2.93,7,23.85,67.71,14,40
3415,39.57,12,29.79,61.01,14,40
3415,126.82,31,23.99,55.98,14,40
3416,41.15,13,22.1,40.03,14,40
3417,118.99,30,22.76,51.56,14,41
3420,1.89,6,26.82,64.51,14,41
3419,58.0,23,29.3,93.68,14,41
3422,73.42,32,48.85,59.36,14,41
3421,104.43,29,21.98,69.11,14,41
3423,92.52,32,33.46,48.31,14,41
3426,130.03,32,29.94,46.08,14,41
3427,67.14,27,23.24,93.3,14,41
3425,110.28,31,32.49,87.51,14,41
3427,119.95,29,32.7,63.86,14,41
3427,60.67,19,24.82,89.69,14,41
3429,4.73,3,31.09,53.18,14,41
3432,88.04,30,26.72,47.0,14,41
3430,46.91,20,21.89,94.03,14,41
3432,40.67,27,54.07,14.45,14,41
3435,5.0,11,55.89,46.18,14,41
3435,52.53,18,32.31,61.57,14,41
3434,89.06,28,33.64,87.72,14,41
3437,17.85,17,5.98,14.07,14,41
3439,53.3,19,31.96,66.63,14,41
3439,40.09,15,31.21,50.31,14,41
3439,67.43,29,24.04,18.14,14,41
3442,38.08,14,20.77,88.79,14,41
3443,42.77,26,9.31,89.85,14,41
3443,57.09,18,25.81,67.64,14,41
3442,2.24,6,32.32,12.93,14,41
3444,82.21,32,23.24,42.97,14,41
3445,56.96,20,30.65,65.41,14,41
3446,51.11,24,5.53,88.18,14,41
3446,0.86,9,20.32,92.22,14,41
3450,63.86,22,29.29,68.34,14,41
3450,96.63,32,22.57,52.84,14,41
3452,0.87,7,20.95,53.32,14,41
3453,0.94,1,32.0,65.03,14,41
3452,66.69,32,30.26,93.03,14,41
3454,68.71,34,7.12,58.88,14,41
3453,0.18,11,8.57,47.63,14,41
3456,58.76,35,8.91,14.66,14,41
3457,39.81,12,27.27,53.47,14,41
3456,2.96,7,50.17,66.73,14,41
3457,59.02,16,30.34,49.3,14,41
3459,58.67,30,8.49,64.57,14,41
3462,81.76,35,45.95,86.98,14,41
3463,61.16,15,32.65,52.23,14,41
3463,64.65,25,24.76,65.24,14,41
3465,113.45,30,32.94,47.21,14,41
3463,116.82,31,33.66,42.88,14,41
3467,76.55,30,26.45,56.45,14,41
3466,117.41,29,24.68,45.58,14,41
3467,51.63,13,33.5,62.77,14,41
3469,52.98,14,27.58,50.8,14,41
3471,90.29,32,33.17,68.44,14,41
3470,45.2,16,30.35,58.83,14,41
3470,73.58,20,31.35,53.21,14,41
3471,1.82,8,24.23,13.5,14,41
3473,97.66,28,20.23,47.11,14,41
3475,88.47,28,24.96,55.9,14,41
3477,4.98,5,50.54,17.11,14,41
3477,45.94,12,20.48,49.58,14,41
3478,51.93,16,22.56,61.53,14,41
3477,111.99,35,27.54,60.25,14,42
3480,22.43,13,56.62,46.93,14,42
3479,1.7,5,23.37,63.8,14,42
3483,3.21,1,30.28,58.95,14,42
3481,59.78,23,22.47,57.55,14,42
3483,62.61,22,21.32,42.04,14,42
3486,26.68,16,6.61,17.78,14,42
3485,3.65,5,6.65,11.14,14,42
3485,45.04,14,29.91,40.57,14,42
3488,4.85,5,45.17,46.29,14,42
3488,72.27,24,34.16,55.98,14,42
3489,54.28,35,55.18,13.84,14,42
3492,35.46,14,33.25,62.17,14,42
3493,4.3,10,28.08,67.82,14,42
3493,72.78,19,34.29,70.0,14,42
3495,60.78,19,24.32,87.25,14,42
3494,1.33,3,7.32,65.51,14,42
3496,3.58,10,32.47,15.67,14,42
3497,47.28,17,34.41,59.89,14,42
3498,102.4,28,23.6,53.14,14,42
3500,60.72,21,28.04,64.36,14,42
3498,1.94,9,57.82,16.72,14,42
3502,69.41,21,31.53,52.19,14,42
3503,1.79,6,24.03,56.71,14,42
3502,77.66,30,31.41,48.17,14,42
3504,37.12,28,48.83,92.71,14,42
3504,81.27,20,25.64,53.62,14,42
3507,91.47,34,20.88,11.35,14,42
3506,53.93,28,23.59,14.44,14,42
3509,82.79,32,31.93,50.7,14,42
3510,51.88,13,23.88,40.52,14,42
3510,104.37,29,32.64,59.58,14,42
3511,3.16,1,20.57,94.03,14,42
3513,39.84,22,23.46,91.25,14,42
3514,1.29,5,45.07,54.82,14,42
3513,96.73,28,27.52,55.25,14,42
3513,43.17,20,26.44,15.09,14,42
3514,69.97,22,29.89,68.09,14,42
3518,27.4,16,58.06,55.01,14,42
3519,1.76,6,29.61,44.97,14,42
3517,40.74,14,26.67,67.04,14,42
3520,42.55,12,26.98,45.99,14,42
3521,37.88,14,30.08,42.83,14,42
3520,132.77120000000002,34,21.27,63.02,14,42
3522,77.87,21,21.19,53.59,14,42
3523,86.11,34,23.06,40.64,14,42
3523,68.75,29,21.68,19.25,14,42
3527,2.94,5,45.89,52.82,14,42
3527,49.12,14,23.2,68.63,14,42
3528,1.45,6,29.95,62.58,14,42
3528,76.06,20,23.68,41.22,14,42
3529,68.58,25,32.96,55.2,14,42
3529,87.34,34,29.26,88.79,14,42
3530,70.63,22,32.05,41.57,14,42
3531,1.7,1,7.16,54.38,14,42
3535,4.48,2,26.57,17.83,14,42
3534,105.13,30,30.58,87.4,14,42
3535,60.74,22,31.71,63.83,14,42
3537,62.55,34,20.57,15.68,14,42
3537,50.42,13,29.66,44.85,14,42
3537,47.62,29,58.45560000000002,61.39,14,43
3538,43.32,24,34.1,19.5,14,43
3542,85.38,28,21.14,56.53,14,43
3540,1.17,5,34.18,19.54,14,43
3543,27.04,13,50.4,44.38,14,43
3542,34.84,13,30.67,65.39,14,43
3544,85.61,27,23.4,63.76,14,43
3545,0.62,11,24.7,58.45,14,43
3545,48.05,30,51.58,62.61,14,43
3546,94.32,33,21.14,12.13,14,43
3547,76.69,29,25.21,64.17,14,43
3550,53.55,24,29.16,13.55,14,43
3552,50.08,26,55.08,63.74,14,43
3550,48.25,21,8.96,53.41,14,43
3553,2.7,9,28.6,69.3,14,43
3555,47.79,16,29.46,50.35,14,43
3554,0.23,7,31.04,68.93,14,43
3556,39.86,20,34.93,17.67,14,43
3556,4.24,10,20.38,64.4,14,43
3559,105.8,28,23.93,40.9,14,43
3559,3.38,8,26.63,48.37,14,43
3558,0.84,5,29.9,61.8,14,43
3561,49.24,13,34.96,67.06,14,43
3563,3.26,10,25.27,63.81,14,43
3561,2.4,6,25.3,46.94,14,43
3565,77.19,20,22.77,54.5,14,43
3563,88.25,28,24.27,54.8,14,43
3567,2.0,1,22.86,47.22,14,43
3567,65.32,16,22.1,42.33,14,43
3568,74.61,25,24.06,49.16,14,43
3570,1.66,10,24.62,64.98,14,43
3571,58.79,31,45.42,88.4,14,43
3571,1.44,3,26.05,49.51,14,43
3573,35.1,20,32.47,17.98,14,43
3573,49.71,12,25.55,49.46,14,43
3575,94.22,34,32.59,11.14,14,43
3575,120.43,32,28.54,64.77,14,43
3576,118.55,34,33.63,51.75,14,43
3575,67.39,23,26.04,51.27,14,43
3577,45.39,20,9.73,46.08,14,43
3578,1.32,6,22.71,53.43,14,43
3579,92.1,34,34.15,49.91,14,43
3582,83.3,30,21.6,52.97,14,43
3583,108.48,32,23.87,60.92,14,43
3584,0.18,6,25.5,61.53,14,43
3582,3.4,2,27.96,63.76,14,43
3584,25.92,16,7.99,60.72,14,43
3584,4.24,6,34.89,11.14,14,43
3587,69.05,25,20.66,61.6,14,43
3589,3.54,10,54.61,62.13,14,43
3588,40.97,25,46.98,86.65,14,43
3589,61.2,19,22.54,59.86,14,43
3589,54.06,13,28.83,52.09,14,43
3592,107.1,27,24.45,66.27,14,43
3594,1.98,8,52.17,41.18,14,43
3594,117.74,34,29.07,54.95,14,43
3593,43.27,17,34.78,90.75,14,43
3597,3.8,5,20.12,57.76,14,43
3597,132.77120000000002,35,26.84,51.92,14,43
3599,1.67,10,32.25,16.33,14,43
3597,42.36,13,20.61,42.58,14,44
3598,3.05,11,26.56,50.2,14,44
3599,74.39,29,25.97,43.93,14,44
3600,55.89,14,29.99,55.51,14,44
3602,78.85,25,20.19,66.14,14,44
3605,4.49,11,7.54,61.83,14,44
3606,3.2,11,6.78,67.06,14,44
3605,0.91,10,22.57,89.37,14,44
3606,120.35,35,30.04,85.35,14,44
3606,70.73,25,28.65,67.05,14,44
3607,79.12,31,30.25,46.94,14,44
3609,4.05,9,7.74,46.36,14,44
3612,80.14,29,23.95,14.91,14,44
3610,94.37,28,25.74,88.77,14,44
3611,49.45,13,24.8,65.83,14,44
3613,69.35,19,23.12,51.7,14,44
3615,4.06,7,20.26,44.82,14,44
3616,100.12,30,22.86,64.04,14,44
3616,33.41,19,5.95,45.72,14,44
3619,1.13,1,29.35,86.54,14,44
3617,41.43,27,8.49,12.02,14,44
3619,66.37,17,32.02,53.9,14,44
3619,86.9,26,33.36,65.41,14,44
3621,40.37,13,23.72,88.68,14,44
3621,102.64,25,24.14,53.87,14,44
3625,0.19,2,32.67,68.9,14,44
3625,2.14,7,28.14,63.99,14,44
3626,84.89,24,26.2,60.04,14,44
3626,50.63,23,20.37,16.94,14,44
3629,53.01,22,58.45560000000002,56.84,14,44
3627,65.88,26,24.18,57.21,14,44
3630,44.05,22,47.46,88.29,14,44
3630,75.54,26,29.19,45.57,14,44
3630,4.85,10,8.64,68.64,14,44
3633,32.27,18,6.2,66.8,14,44
3634,31.18,12,22.04,56.88,14,44
3634,103.55,31,22.9,43.58,14,44
3635,1.32,4,45.14,87.45,14,44
3635,3.0,6,30.59,50.4,14,44
3639,43.66,16,31.5,40.5,14,44
3639,55.51,15,21.23,45.2,14,44
3639,2.94,9,28.36,64.81,14,44
3642,67.49,27,7.18,67.92,14,44
3640,83.62,32,32.54,68.92,14,44
3641,2.53,9,27.36,49.72,14,44
3643,0.32,3,9.58,68.44,14,44
3643,57.79,24,56.17,69.29,14,44
3645,54.73,17,28.1,62.8,14,44
3648,84.23,26,33.84,61.84,14,44
3648,56.53,31,57.94,45.78,14,44
3647,83.52,20,23.92,43.71,14,44
3650,79.4,20,26.27,59.49,14,44
3651,61.77,26,58.45560000000002,65.57,14,44
3651,2.76,5,7.76,17.88,14,44
3652,2.16,9,26.14,57.42,14,44
3652,3.87,11,28.04,43.69,14,44
3656,1.94,6,30.56,89.35,14,44
3655,44.16,21,7.11,40.06,14,44
3656,57.58,28,33.81,94.03,14,44
3657,4.94,10,34.92,68.72,14,44
3659,70.63,24,34.77,54.46,14,45
3658,47.86,19,30.69,52.22,14,45
3662,2.96,3,23.19,11.14,14,45
3661,106.41,28,21.81,67.6,14,45
3663,4.36,9,27.92,45.86,14,45
3665,33.63,22,45.65,50.45,14,45
3663,64.62,19,24.41,43.55,14,45
3665,51.4,20,32.74,53.79,14,45
3665,63.96,33,49.52,65.84,14,45
3668,92.93,33,20.93,66.44,14,45
3668,2.78,11,20.34,43.52,14,45
3671,81.07,25,25.14,44.67,14,45
3671,1.4,10,24.8,18.45,14,45
3671,30.66,19,57.7,48.77,14,45
3671,62.29,15,29.35,58.57,14,45
3672,59.01,21,28.48,86.28,14,45
3675,130.81,32,23.35,56.68,14,45
3674,4.15,3,34.57,13.56,14,45
3677,4.98,2,22.23,43.95,14,45
3676,31.27,12,34.21,40.59,14,45
3677,46.49,21,5.83,59.29,14,45
3679,76.17,28,20.23,13.22,14,45
3681,3.06,10,54.75,60.93,14,45
3682,2.88,8,28.58,40.36,14,45
3684,71.8,19,29.22,66.54,14,45
3685,62.2,24,33.35,56.37,14,45
3683,41.08,15,29.2,14.57,14,45
3687,110.08,32,30.62,55.26,14,45
3686,45.65,15,26.68,42.49,14,45
3686,3.93,5,26.82,89.35,14,45
3690,1.22,2,30.81,64.11,14,45
3688,49.91,12,21.69,48.78,14,45
3692,26.6,14,56.02,89.95,14,45
3690,43.94,13,28.63,67.85,14,45
3694,32.04,20,6.22,57.48,14,45
3692,46.59,21,48.7,51.56,14,45
3696,70.21,20,24.16,63.99,14,45
3694,93.61,29,27.94,55.53,14,45
3695,3.62,10,23.49,46.16,14,45
3699,41.67,13,26.43,64.83,14,45
3700,0.6,5,9.35,46.1,14,45
3699,63.61,25,26.87,49.37,14,45
3702,75.26,25,30.84,42.54,14,45
3700,91.56,26,20.5,44.14,14,45
3703,117.56,34,32.36,65.67,14,45
3703,95.81,28,25.05,53.54,14,45
3706,4.7,6,25.44,15.4,14,45
3705,40.08,17,31.48,17.35,14,45
3708,39.75,17,8.7,51.03,14,45
3709,86.83,27,30.79,56.33,14,45
3707,131.24,35,26.35,48.92,14,45
3710,52.09,17,21.17,58.27,14,45
3709,3.71,10,29.94,52.95,14,45
3710,76.09,33,45.48,67.78,14,45
3711,110.9,31,23.8,67.67,14,45
3713,88.07,25,28.16,66.33,14,45
3716,53.1,24,7.07,53.47,14,45
3714,96.32,27,31.3,56.29,14,45
3715,1.27,9,23.96,94.03,14,45
3717,53.84,15,32.08,58.77,14,45
3718,70.16,26,25.94,90.69,14,46
3718,24.53,16,57.65,56.32,14,46
3721,2.33,4,29.76,59.63,14,46
3720,39.0,13,23.02,59.78,14,46
3722,0.38,5,30.92,91.63,14,46
3723,0.35,3,33.43,56.4,14,46
3724,24.74,16,7.26,63.47,14,46
3727,30.45,12,30.09,54.26,14,46
3727,51.17,16,20.28,42.14,14,46
3726,132.77120000000002,34,27.17,68.27,14,46
3730,0.38,3,28.93,90.35,14,46
3731,59.88,32,33.5,91.05,14,46
3730,53.25,19,21.32,50.43,14,46
3730,107.07,27,30.31,48.13,14,46
3731,82.34,29,20.19,42.76,14,46
3734,3.99,5,33.81,64.99,14,46
3735,100.18,24,25.46,88.9,14,46
3736,42.39,16,27.71,45.58,14,46
3736,41.32,14,31.88,53.13,14,46
3737,40.56,24,47.03,60.04,14,46
3737,47.23,15,31.67,63.93,14,46
3740,56.62,20,34.81,41.11,14,46
3739,2.08,9,27.6,63.38,14,46
3743,76.58,28,29.05,93.68,14,46
3744,35.09,19,22.4,19.78,14,46
3745,92.72,26,25.74,46.12,14,46
3745,2.45,2,21.78,47.99,14,46
3744,32.42,18,21.94,11.14,14,46
3747,84.57,35,33.92,19.04,14,46
3747,83.02,26,30.9,67.01,14,46
3749,61.29,15,20.83,55.66,14,46
3751,102.08,30,25.85,56.38,14,46
3749,110.5,34,28.62,48.91,14,46
3751,4.82,4,28.67,14.68,14,46
3751,56.23,31,6.1,48.16,14,46
3755,52.09,25,58.45560000000002,46.1,14,46
3755,2.75,5,30.33,61.68,14,46
3757,108.22,27,29.89,60.76,14,46
3755,2.85,4,6.65,16.8,14,46
3757,45.25,16,34.14,15.57,14,46
3757,111.27,34,29.93,59.51,14,46
3761,3.51,1,20.6,11.21,14,46
3762,73.17,22,28.07,51.62,14,46
3760,54.77,16,33.07,87.47,14,46
3763,68.24,20,20.43,55.14,14,46
3764,4.07,6,34.56,67.43,14,46
3764,49.4,18,24.9,60.27,14,46
3765,57.15,22,30.09,40.93,14,46
3766,37.26,19,52.46,63.6,14,46
3767,4.83,7,29.51,62.14,14,46
3767,1.55,2,24.95,17.47,14,46
3770,103.7,31,33.36,43.94,14,46
3769,131.45,32,30.36,67.61,14,46
3770,40.6,17,53.25,44.52,14,46
3771,2.81,5,30.09,91.6,14,46
3774,75.14,32,26.44,15.46,14,46
3773,64.8,25,24.44,88.7,14,46
3777,107.49,33,24.03,67.37,14,46
3776,3.8,1,33.04,48.94,14,46
3777,65.09,20,27.77,57.7,14,46
3780,0.75,8,28.97,12.96,14,47
3781,53.45,23,31.85,12.32,14,47
3779,85.55,25,21.96,53.46,14,47
3781,1.3,1,31.36,46.41,14,47
3783,56.22,16,26.04,50.33,14,47
3785,0.18,3,27.66,93.52,14,47
3785,38.55,17,22.2,90.27,14,47
3787,4.23,1,28.82,42.08,14,47
3786,3.42,2,23.81,43.21,14,47
3787,81.58,25,31.86,57.37,14,47
3788,2.55,5,22.61,63.26,14,47
3791,28.74,13,23.59,13.17,14,47
3792,88.65,26,22.66,56.56,14,47
3792,50.61,17,25.08,69.65,14,47
3791,69.57,19,25.41,48.18,14,47
3793,60.37,17,23.82,51.94,14,47
3794,69.47,19,26.27,63.71,14,47
3794,108.69,35,32.12,58.98,14,47
3798,1.93,1,50.76,42.37,14,47
3798,50.08,26,26.16,11.64,14,47
3798,3.15,7,20.29,62.71,14,47
3798,97.92,25,28.74,87.22,14,47
3800,33.56,16,46.17,57.32,14,47
3802,56.46,16,28.53,48.8,14,47
3803,27.52,17,9.68,48.43,14,47
3803,117.09,35,24.76,48.5,14,47
3803,46.86,26,33.1,14.12,14,47
3804,43.83,14,21.96,65.34,14,47
3806,99.03,29,30.72,55.71,14,47
3807,4.73,10,29.71,40.17,14,47
3808,69.43,20,24.4,59.51,14,47
3811,35.03,13,20.95,60.19,14,47
3811,51.81,28,5.96,54.07,14,47
3812,1.35,7,33.23,61.49,14,47
3812,23.88,12,8.31,53.81,14,47
3815,3.01,9,29.27,89.95,14,47
3814,3.21,10,31.93,54.39,14,47
3814,132.77120000000002,32,21.48,57.49,14,47
3818,0.3,1,51.19,58.68,14,47
3818,77.88,32,51.2,58.47,14,47
3818,85.0,22,22.49,56.64,14,47
3821,62.46,24,30.84,43.82,14,47
3821,44.47,24,30.01,18.98,14,47
3823,109.13,30,24.77,64.33,14,47
3824,58.14,15,32.37,42.23,14,47
3823,132.77120000000002,35,32.34,87.13,14,47
3824,60.57,32,24.41,17.6,14,47
3826,34.81,14,25.44,17.18,14,47
3827,1.51,9,5.53,86.6,14,47
3829,95.35,34,32.13,46.0,14,47
3828,32.83,21,57.28,50.9,14,47
3829,52.25,21,52.53,53.17,14,47
3832,81.99,26,23.21,56.57,14,47
3833,116.34,28,24.04,89.75,14,47
3833,79.04,24,29.66,45.7,14,47
3834,50.12,13,20.29,51.18,14,47
3834,3.84,5,46.64,66.44,14,47
3836,41.82,16,29.42,51.49,14,47
3836,99.47,33,28.76,41.23,14,47
3836,132.77120000000002,33,27.78,85.23,14,47
3840,67.84,20,22.57,54.5,14,48
3841,68.45,33,8.46,54.9,14,48
3841,3.64,3,29.36,51.81,14,48
3840,62.37,21,33.59,64.54,14,48
3844,54.33,33,7.21,52.87,14,48
3845,132.77120000000002,33,34.31,46.56,14,48
3844,4.74,8,20.96,88.97,14,48
3845,1.71,3,33.53,44.95,14,48
3848,56.7,16,32.74,57.12,14,48
3847,47.59,28,8.51,59.0,14,48
3849,32.24,12,21.61,44.51,14,48
3848,69.4,20,30.85,62.83,14,48
3849,2.48,5,52.54,55.37,14,48
3850,73.74,30,6.12,46.89,14,48
3854,4.66,2,23.04,40.22,14,48
3855,54.77,21,23.25,65.28,14,48
3853,88.37,22,32.42,52.57,14,48
3857,58.33,19,32.87,47.12,14,48
3855,0.73,9,26.61,56.93,14,48
3858,66.39,17,24.02,86.38,14,48
3859,21.66,14,49.49,50.68,14,48
3858,48.3,13,34.3,49.88,14,48
3862,1.57,10,22.07,57.79,14,48
3860,132.77120000000002,35,27.5,66.67,14,48
3861,69.17,29,31.26,94.03,14,48
3864,42.01,13,34.15,68.96,14,48
3864,0.18,10,32.53,61.98,14,48
3866,69.15,18,26.61,87.31,14,48
3867,118.17,30,21.6,44.76,14,48
3868,101.02,31,32.33,67.56,14,48
3870,109.29,34,34.79,66.39,14,48
3870,41.05,25,6.41,60.52,14,48
3872,31.61,13,34.3,92.51,14,48
3870,72.98,18,20.4,52.24,14,48
3874,4.21,11,21.91,50.68,14,48
3875,39.44,21,29.23,11.53,14,48
3875,108.88,30,34.47,53.94,14,48
3874,68.25,33,5.6,62.98,14,48
3875,2.64,4,48.66,46.27,14,48
3877,102.23,31,27.02,63.1,14,48
3880,40.82,17,34.56,16.77,14,48
3879,4.02,7,30.81,48.07,14,48
3881,65.99,32,5.53,68.59,14,48
3881,37.35,23,47.64,56.57,14,48
3883,4.96,10,26.02,44.6,14,48
3883,104.63,33,33.78,45.67,14,48
3885,74.36,23,34.37,69.61,14,48
3887,1.12,10,28.28,43.62,14,48
3886,57.52,16,27.73,45.37,14,48
3886,96.23,26,33.54,53.02,14,48
3890,50.75,30,8.42,15.5,14,48
3891,50.79,26,9.5,69.13,14,48
3890,45.15,15,22.18,56.93,14,48
3891,2.53,8,32.57,15.82,14,48
3891,0.22,10,23.22,66.01,14,48
3894,3.51,11,24.14,49.35,14,48
3894,0.34,6,27.2,66.19,14,48
3895,91.72,28,31.07,51.59,14,48
3897,88.78,25,27.01,40.02,14,48
3896,116.67,28,23.72,50.4,14,48
3900,68.15,19,27.21,59.57,14,49
3900,0.52,4,9.82,14.05,14,49
3902,57.0,23,5.53,53.03,14,49
3903,43.68,35,5.53,14.71,14,49
3901,60.13,19,23.02,66.29,14,49
3902,102.72,27,27.83,41.77,14,49
3903,2.74,3,24.09,54.51,14,49
3906,90.59,22,30.92,48.36,14,49
3907,72.88,34,29.1,15.26,14,49
3908,73.04,23,22.45,65.92,14,49
3910,69.81,29,27.73,92.12,14,49
3910,47.58,12,23.37,58.15,14,49
3910,39.92,12,32.65,45.05,14,49
3910,0.74,8,24.24,56.14,14,49
3912,98.02,27,32.37,47.48,14,49
3915,3.76,7,28.81,62.87,14,49
3914,27.46,16,9.04,57.21,14,49
3916,2.83,6,30.85,63.9,14,49
3917,59.57,29,32.06,16.75,14,49
3919,44.86,21,50.71,48.66,14,49
3917,2.53,4,29.67,63.98,14,49
3921,42.37,17,6.32,49.72,14,49
3922,3.41,10,7.52,49.3,14,49
3923,53.43,31,47.83,61.43,14,49
3921,3.87,1,26.22,58.61,14,49
3924,93.54,24,20.33,64.15,14,49
3924,98.75,31,23.06,85.84,14,49
3926,54.38,19,26.9,64.01,14,49
3928,74.45,31,49.55,64.0,14,49
3929,35.71,21,8.88,49.61,14,49
3929,0.45,5,21.15,85.33,14,49
3929,87.82,28,33.25,69.78,14,49
3930,61.55,24,29.11,89.01,14,49
3930,3.5,3,27.61,68.94,14,49
3934,46.86,18,27.95,49.05,14,49
3935,117.38,28,26.4,40.18,14,49
3934,116.29,28,25.37,61.51,14,49
3934,95.62,23,32.22,47.04,14,49
3938,80.12,21,28.1,44.85,14,49
3939,50.45,19,32.08,47.27,14,49
3939,0.68,10,22.78,48.14,14,49
3938,1.89,10,24.24,62.76,14,49
3941,4.32,5,34.49,67.56,14,49
3941,3.08,6,31.33,19.04,14,49
3943,4.03,10,33.87,57.87,14,49
3945,2.03,8,21.38,56.9,14,49
3945,120.73,33,28.83,56.94,14,49
3946,91.23,22,34.62,86.66,14,49
3946,1.93,6,28.04,52.11,14,49
3948,70.58,25,30.5,45.94,14,49
3949,0.67,3,8.5,49.11,14,49
3949,86.82,32,33.38,12.34,14,49
3950,33.48,19,47.66,68.78,14,49
3952,132.77120000000002,33,31.52,69.37,14,49
3952,114.15,29,33.6,59.69,14,49
3952,32.32,13,58.45560000000002,68.58,14,49
3954,75.51,30,25.77,61.79,14,49
3957,112.14,29,33.39,48.77,14,49
3957,2.12,1,23.66,44.27,14,49
3958,120.78,30,20.26,51.55,14,49
3958,71.25,30,9.16,54.92,14,50
3958,128.93,34,25.86,67.62,14,50
3961,75.05,29,24.46,57.9,14,50
3960,39.63,12,23.33,45.88,14,50
3964,113.28,28,22.82,69.71,14,50
3964,71.26,21,24.78,62.55,14,50
3964,97.31,25,25.34,54.47,14,50
3967,117.06,31,23.65,58.36,14,50
3966,102.67,35,24.91,56.88,14,50
3967,57.49,31,6.57,43.72,14,50
3967,58.43,20,21.44,67.93,14,50
3968,52.94,13,33.88,45.67,14,50
3971,72.98,19,21.81,62.22,14,50
3971,109.26,31,30.77,51.85,14,50
3971,2.34,8,23.27,65.21,14,50
3973,2.63,7,28.0,56.76,14,50
3975,3.41,6,23.93,41.38,14,50
3976,33.67,12,23.93,65.85,14,50
3975,1.68,11,25.45,51.95,14,50
3979,71.57,35,5.53,56.22,14,50
3978,0.18,2,32.88,44.01,14,50
3978,62.47,22,20.94,43.65,14,50
3979,94.79,35,25.15,64.06,14,50
3981,88.32,22,29.9,52.17,14,50
3984,47.57,15,26.24,62.62,14,50
3983,72.18,19,28.52,59.98,14,50
3985,1.07,3,24.59,19.84,14,50
3985,48.45,12,34.63,50.68,14,50
3985,2.06,11,27.58,60.48,14,50
3988,3.25,8,24.3,16.48,14,50
3989,67.46,20,31.67,54.11,14,50
3988,2.85,5,26.3,62.2,14,50
3991,114.21,29,26.24,56.12,14,50
3992,58.0,31,5.67,49.29,14,50
3991,3.05,2,22.27,58.63,14,50
3993,95.68,23,31.06,68.64,14,50
3994,0.58,8,25.68,58.45,14,50
3995,48.27,14,20.52,65.57,14,50
3997,93.31,27,34.87,64.78,14,50
3997,132.77120000000002,35,28.31,64.71,14,50
3999,33.46,29,9.79,16.98,14,50
4000,0.18,9,5.86,53.03,14,50
4002,58.18,17,31.36,89.92,14,50
4001,90.77,29,29.09,49.59,14,50
4003,0.59,5,56.73,44.82,14,50
4002,2.08,3,22.51,50.74,14,50
4006,51.31,20,21.81,67.24,14,50
4004,0.18,3,33.76,13.51,14,50
4005,99.37,29,29.82,68.4,14,50
4008,80.17,25,30.01,46.61,14,50
4007,39.51,12,29.13,48.18,14,50
4011,38.64,12,32.76,88.77,14,50
4011,75.9,21,28.65,66.27,14,50
4013,1.34,11,27.65,62.68,14,50
4011,2.33,1,28.53,42.35,14,50
4014,43.02,23,58.45560000000002,63.11,14,50
4013,4.12,3,24.71,56.41,14,50
4015,79.67,28,29.9,52.09,14,50
4017,21.4,13,45.5,44.45,14,50
4016,81.36,24,33.75,44.9,14,50
4019,2.0,5,33.43,43.57,14,51
4021,59.91,15,20.55,47.91,14,51
4022,125.26,32,22.08,46.01,14,51
4022,132.77120000000002,34,29.77,50.43,14,51
4022,3.45,10,30.41,51.57,14,51
4025,4.27,1,32.57,45.82,14,51
4025,65.44,19,31.08,56.78,14,51
4025,66.8,27,8.09,61.5,14,51
4028,34.26,17,47.29,63.29,14,51
4026,129.71,34,20.24,68.26,14,51
4029,87.82,28,34.24,65.27,14,51
4030,0.18,7,26.8,92.15,14,51
4029,81.8,20,34.06,43.53,14,51
4032,68.53,35,5.53,59.03,14,51
4031,70.41,26,29.97,56.33,14,51
4032,61.69,16,24.86,48.37,14,51
4035,53.08,30,8.93,61.81,14,51
4034,63.03,23,31.01,47.97,14,51
4035,50.93,17,29.82,46.58,14,51
4036,2.57,2,57.04,66.0,14,51
4040,4.22,4,6.15,17.18,14,51
4041,85.99,28,27.87,62.6,14,51
4040,113.87,32,27.62,44.8,14,51
4043,2.83,4,27.16,53.39,14,51
4043,1.68,6,6.47,68.13,14,51
4044,46.52,16,33.48,49.92,14,51
4045,31.83,12,25.34,92.24,14,51
4045,68.31,31,56.32,67.42,14,51
4046,51.34,17,29.61,58.87,14,51
4047,0.34,9,23.48,58.12,14,51
4047,0.68,1,23.42,62.46,14,51
4050,44.18,19,54.28,49.62,14,51
4049,3.6,7,33.55,56.3,14,51
4051,69.38,23,30.65,41.34,14,51
4054,45.09,12,21.72,61.49,14,51
4053,2.89,7,23.02,11.7,14,51
4055,100.3,24,20.46,67.9,14,51
4054,2.25,10,31.29,19.12,14,51
4055,111.38,29,32.19,86.0,14,51
4059,91.59,32,29.94,50.82,14,51
4058,2.62,6,20.97,42.84,14,51
4059,1.21,11,26.99,59.31,14,51
4060,4.74,1,31.36,16.79,14,51
4062,23.84,12,55.69,57.79,14,51
4062,132.77120000000002,35,24.89,60.95,14,51
4064,2.3,7,32.27,49.47,14,51
4065,76.51,25,20.55,48.48,14,51
4067,2.67,3,30.37,40.02,14,51
4067,31.79,20,56.37,48.8,14,51
4066,78.26,23,24.62,40.73,14,51
4067,74.55,27,21.34,16.03,14,51
4068,3.04,4,58.32,88.36,14,51
4069,53.08,34,7.82,12.19,14,51
4071,2.5,11,23.35,89.81,14,51
4072,38.69,15,31.33,11.49,14,51
4075,91.14,35,29.0,46.43,14,51
4074,96.26,29,23.86,47.15,14,51
4075,37.89,15,22.73,49.42,14,51
4077,69.97,25,34.62,50.66,14,51
4078,54.03,13,21.94,61.81,14,51
4079,4.08,9,31.19,65.18,14,52
4080,60.51,24,29.74,68.68,14,52
4082,4.33,10,30.23,11.14,14,52
4081,65.13,21,31.02,42.78,14,52
4084,0.52,7,22.83,42.37,14,52
4084,83.97,27,31.63,62.28,14,52
4085,50.82,14,34.63,56.44,14,52
4085,20.4,12,49.42,94.03,14,52
4085,83.76,23,29.59,42.41,14,52
4088,56.19,20,34.19,14.44,14,52
4088,80.45,30,28.19,92.98,14,52
4089,2.07,10,29.19,63.16,14,52
4089,4.83,7,8.31,68.5,14,52
4090,3.77,4,24.21,66.32,14,52
4093,1.41,2,29.96,67.49,14,52
4093,66.62,24,25.41,48.3,14,52
4094,4.91,10,22.82,42.59,14,52
4097,112.76,29,33.27,40.56,14,52
4098,87.49,30,28.56,47.57,14,52
4098,3.5,1,22.53,57.69,14,52
4098,84.65,32,34.1,91.92,14,52
4100,62.37,27,7.4,56.02,14,52
4101,71.51,20,22.89,48.56,14,52
4102,78.75,25,22.61,88.83,14,52
4103,74.8,34,30.43,16.24,14,52
4105,57.61,32,9.85,44.43,14,52
4104,91.83,22,20.76,53.65,14,52
4104,83.88,31,24.74,56.13,14,52
4106,0.32,11,20.86,63.36,14,52
4109,120.49,34,22.17,63.42,14,52
4110,41.79,20,9.81,41.3,14,52
4108,77.88,26,25.59,52.45,14,52
4111,67.47,20,34.96,41.35,14,52
4113,54.88,32,56.08,42.02,14,52
4114,2.71,6,24.23,49.05,14,52
4115,68.18,24,20.66,56.37,14,52
4115,37.64,24,49.47,55.37,14,52
4114,1.63,7,28.46,49.2,14,52
4118,122.63,35,24.26,46.13,14,52
4119,116.39,32,34.27,60.11,14,52
4119,66.93,31,58.45560000000002,50.56,14,52
4118,4.59,11,58.19,40.17,14,52
4121,2.01,2,29.47,61.39,14,52
4120,37.98,13,22.15,46.85,14,52
4121,44.25,15,31.14,41.92,14,52
4122,63.91,25,22.5,53.08,14,52
4126,37.31,33,49.74,13.0,14,52
4126,70.01,19,28.03,52.52,14,52
4128,40.7,15,32.46,50.22,14,52
4128,2.17,3,32.23,62.17,14,52
4128,83.05,28,26.17,88.48,14,52
4130,50.0,21,9.44,68.88,14,52
4130,3.52,9,25.96,61.14,14,52
4133,54.86,26,50.86,47.04,14,52
4133,103.5,32,32.58,58.58,14,52
4135,47.79,21,21.81,11.14,14,52
4134,0.55,4,5.55,47.05,14,52
4136,56.43,26,48.31,41.82,14,52
4135,2.16,11,28.07,40.35,14,52
4136,99.27,35,22.83,59.11,14,52
4137,77.61,26,31.4,56.31,14,53
4140,69.26,22,33.85,50.17,14,53
4141,69.77,19,31.22,44.13,14,53
4141,0.85,2,58.31,59.18,14,53
4144,4.05,5,54.38,69.66,14,53
4142,40.74,15,25.15,41.51,14,53
4146,78.01,27,34.0,49.49,14,53
4145,41.25,24,6.31,65.59,14,53
4145,1.89,9,50.15,44.29,14,53
4149,63.86,27,7.07,46.3,14,53
4148,75.89,23,22.74,67.15,14,53
4151,40.54,25,45.9,93.46,14,53
4149,4.3,10,20.28,17.25,14,53
4151,76.35,31,9.12,60.01,14,53
4151,71.99,20,27.17,46.82,14,53
4152,93.44,28,33.04,69.53,14,53
4156,78.97,34,50.48,46.96,14,53
4154,46.71,12,34.32,85.63,14,53
4157,106.74,26,31.89,67.86,14,53
4157,4.12,8,21.29,89.02,14,53
4158,1.11,7,24.21,57.49,14,53
4159,83.73,31,24.11,54.3,14,53
4159,56.35,22,22.32,54.63,14,53
4161,64.6,22,28.17,68.72,14,53
4162,2.29,3,20.76,19.31,14,53
4163,65.76,31,9.74,64.75,14,53
4165,1.14,1,25.32,67.02,14,53
4167,60.47,15,33.32,86.46,14,53
4167,132.77120000000002,33,30.93,40.96,14,53
4168,58.07,18,20.11,41.32,14,53
4169,80.72,32,30.2,13.33,14,53
4170,71.74,19,27.95,58.99,14,53
4169,75.68,19,23.55,63.62,14,53
4172,65.92,17,32.7,47.27,14,53
4174,97.61,28,20.13,62.99,14,53
4175,3.31,1,22.0,61.39,14,53
4173,1.3,8,27.85,47.47,14,53
4177,116.72,32,20.57,67.18,14,53
4176,4.31,11,32.51,41.82,14,53
4177,31.39,14,56.96,54.32,14,53
4180,37.8,13,27.14,63.18,14,53
4178,124.69,32,26.64,60.33,14,53
4179,2.62,10,31.59,61.43,14,53
4180,35.71,13,30.74,94.03,14,53
4181,99.52,35,22.1,54.77,14,53
4185,110.11,33,23.78,59.58,14,53
4183,1.23,4,25.23,51.32,14,53
4187,70.5,34,28.95,11.14,14,53
4187,100.74,29,28.36,42.5,14,53
4189,0.51,11,27.06,63.75,14,53
4189,96.28,33,22.05,42.35,14,53
4191,75.29,27,20.92,46.27,14,53
4191,80.46,31,20.93,55.86,14,53
4190,37.41,12,26.59,43.7,14,53
4192,42.49,27,52.8,17.49,14,53
4194,4.04,3,22.49,85.31,14,53
4194,36.84,13,32.96,64.99,14,53
4196,2.33,7,31.73,85.92,14,53
4196,4.35,7,55.46,47.87,14,53
4198,132.77120000000002,32,29.69,59.93,14,53
4200,55.76,32,58.45560000000002,58.02,14,54
4201,94.18,27,26.79,45.38,14,54
4201,4.64,11,30.91,66.36,14,54
4203,116.56,29,31.86,64.52,14,54
4204,73.83,28,32.56,46.27,14,54
4203,46.17,12,31.54,68.82,14,54
4205,0.28,3,27.91,47.58,14,54
4204,132.77120000000002,34,32.24,45.67,14,54
4208,1.17,1,30.45,67.15,14,54
4209,128.08,33,32.32,51.72,14,54
4210,44.69,29,6.18,62.42,14,54
4209,71.64,26,21.64,45.65,14,54
4209,3.97,7,28.42,46.87,14,54
4211,4.7,7,21.77,40.16,14,54
4214,52.47,16,20.49,52.2,14,54
4215,3.94,1,23.34,59.27,14,54
4215,69.42,20,26.68,55.37,14,54
4215,3.99,9,6.91,58.29,14,54
4217,59.62,33,5.98,67.99,14,54
4218,118.51,30,29.48,66.28,14,54
4219,85.56,21,32.13,89.19,14,54
4220,2.84,4,22.97,65.17,14,54
4222,3.44,3,33.59,65.41,14,54
4220,0.76,8,54.57,68.52,14,54
4223,84.02,31,30.59,47.46,14,54
4223,28.1,12,55.58,51.92,14,54
4224,47.28,13,31.76,56.07,14,54
4225,67.69,30,34.5,19.42,14,54
4227,38.82,18,31.28,92.32,14,54
4227,69.84,28,34.26,17.34,14,54
4227,2.05,1,28.97,65.81,14,54
4229,55.47,15,24.87,64.04,14,54
4229,4.67,1,32.64,58.66,14,54
4232,0.35,10,27.19,94.03,14,54
4232,69.1,21,22.51,63.84,14,54
4232,98.12,28,26.84,43.83,14,54
4236,0.18,6,23.65,15.4,14,54
4237,79.01,31,22.16,85.37,14,54
4237,132.77120000000002,35,31.35,69.25,14,54
4238,38.46,15,30.42,86.75,14,54
4240,0.29,1,21.43,64.86,14,54
4238,32.64,25,51.46,15.88,14,54
4241,95.12,32,32.22,48.93,14,54
4240,1.54,2,29.76,50.32,14,54
4242,1.03,8,29.49,54.0,14,54
4244,3.45,8,29.6,60.57,14,54
4243,4.29,4,28.58,65.92,14,54
4247,51.43,15,29.15,53.2,14,54
4246,105.56,31,29.08,62.67,14,54
4246,125.48,33,32.49,52.79,14,54
4250,1.75,4,26.72,90.06,14,54
4248,36.73,23,48.63,94.03,14,54
4250,46.65,17,27.41,40.8,14,54
4253,39.94,19,21.17,19.33,14,54
4254,74.48,28,22.57,59.4,14,54
4253,0.95,9,23.54,57.99,14,54
4255,3.35,6,32.94,48.75,14,54
4255,47.79,19,20.96,50.09,14,54
4256,104.96,33,32.93,63.13,14,54
4258,90.28,33,27.65,56.78,14,54
4259,1.82,2,32.44,87.48,14,55
4258,80.51,27,20.88,44.2,14,55
4259,1.43,9,28.18,49.75,14,55
4261,0.79,2,27.04,60.74,14,55
4261,1.32,6,26.54,60.3,14,55
4265,74.2,18,27.64,69.02,14,55
4265,4.62,4,34.82,87.97,14,55
4264,92.7,34,25.22,14.76,14,55
4266,52.75,13,31.57,55.55,14,55
4267,44.83,16,20.68,13.76,14,55
4267,81.08,34,52.52,53.33,14,55
4270,107.84,33,22.05,54.33,14,55
4271,2.04,6,23.64,88.28,14,55
4272,2.07,8,46.02,52.74,14,55
4273,79.71,23,23.9,61.92,14,55
4272,86.43,21,22.48,65.78,14,55
4276,60.19,15,27.04,63.85,14,55
4277,3.22,3,20.82,61.35,14,55
4278,1.95,7,30.58,64.58,14,55
4276,94.06,23,26.88,59.97,14,55
4280,50.98,30,7.4,69.69,14,55
4278,0.87,1,27.72,63.79,14,55
4280,115.62,33,32.19,87.22,14,55
4283,4.28,10,52.39,50.1,14,55
4282,63.26,17,31.3,53.74,14,55
4282,43.33,22,21.92,15.51,14,55
4284,99.09,24,34.89,53.51,14,55
4287,0.95,6,34.41,50.94,14,55
4286,0.68,7,23.7,63.06,14,55
4286,53.81,20,23.59,92.47,14,55
4290,28.61,16,53.75,57.05,14,55
4288,78.03,24,25.41,54.24,14,55
4290,91.46,26,30.92,59.03,14,55
4291,60.2,15,27.14,52.36,14,55
4292,4.61,9,34.23,61.28,14,55
4294,38.5,16,54.46,59.05,14,55
4296,4.77,6,25.48,11.14,14,55
4296,3.5,1,29.35,63.94,14,55
4297,69.17,21,23.01,44.07,14,55
4299,2.12,10,22.53,40.99,14,55
4300,49.3,29,5.67,53.48,14,55
4301,36.85,20,28.83,94.03,14,55
4300,29.23,18,7.9,61.11,14,55
4302,4.42,4,22.84,63.07,14,55
4303,29.08,27,58.45560000000002,18.28,14,55
4305,50.83,21,24.2,11.14,14,55
4305,55.56,25,6.81,64.79,14,55
4304,2.75,1,25.69,54.33,14,55
4305,59.41,28,5.53,61.35,14,55
4307,1.55,6,25.36,62.96,14,55
4308,92.98,27,30.23,42.0,14,55
4311,132.77120000000002,35,26.28,52.65,14,55
4312,78.13,23,26.7,46.03,14,55
4312,58.37,26,20.77,19.84,14,55
4313,63.1,18,25.53,51.57,14,55
4312,40.32,26,47.71,40.98,14,55
4314,42.33,24,49.24,49.54,14,55
4317,95.39,26,29.79,69.5,14,55
4315,113.33,27,34.24,47.03,14,55
4317,3.09,1,25.45,55.79,14,55
4320,42.25,16,21.54,52.46,14,56
4318,47.28,18,29.44,56.43,14,56
4319,68.62,32,5.53,89.01,14,56
4320,71.4,35,5.91,55.92,14,56
4323,90.13,30,25.8,69.47,14,56
4324,2.66,6,27.17,46.6,14,56
4326,24.84,13,53.67,51.77,14,56
4327,4.31,5,23.42,45.45,14,56
4326,3.17,6,8.42,89.13,14,56
4329,4.85,5,31.81,56.86,14,56
4328,1.44,3,22.3,54.27,14,56
4329,87.18,31,31.34,62.75,14,56
4331,0.18,2,32.38,93.04,14,56
4330,83.37,21,20.99,42.75,14,56
4331,132.56,32,34.48,51.05,14,56
4333,67.02,25,21.37,55.93,14,56
4336,3.16,1,23.39,61.82,14,56
4337,68.08,18,30.94,46.47,14,56
4335,0.18,9,30.62,59.24,14,56
4338,92.94,24,25.31,49.19,14,56
4337,0.72,6,32.84,40.71,14,56
4341,4.18,8,22.34,44.2,14,56
4340,39.31,14,28.98,57.1,14,56
4341,44.48,17,29.43,64.36,14,56
4341,57.55,19,33.72,61.91,14,56
4343,111.3,32,27.68,63.56,14,56
4343,50.19,19,32.76,42.35,14,56
4344,36.61,15,9.49,61.2,14,56
4345,67.24,18,22.59,44.77,14,56
4347,0.69,3,5.59,57.66,14,56
4347,39.15,16,22.07,12.51,14,56
4351,34.34,15,5.53,45.72,14,56
4351,4.97,4,31.28,49.79,14,56
4350,0.18,2,21.96,46.07,14,56
4354,55.05,32,6.47,44.62,14,56
4354,79.24,28,22.45,50.1,14,56
4356,58.18,23,34.33,63.57,14,56
4357,78.54,28,22.3,43.27,14,56
4356,93.24,32,22.54,56.09,14,56
4359,52.08,22,9.39,59.9,14,56
4358,120.44,29,30.54,41.71,14,56
4361,78.6,31,24.49,43.21,14,56
4360,67.85,25,20.96,50.51,14,56
4363,43.62,22,32.82,14.73,14,56
4361,57.48,24,6.64,51.88,14,56
4365,66.59,28,28.95,16.64,14,56
4365,42.8,25,6.93,59.42,14,56
4365,26.04,12,6.46,54.89,14,56
4366,50.16,27,32.82,91.06,14,56
4368,37.1,14,25.82,64.48,14,56
4369,58.56,32,6.39,60.53,14,56
4369,93.12,25,25.63,69.16,14,56
4370,1.03,11,24.73,54.67,14,56
4371,96.12,35,31.93,60.92,14,56
4373,35.8,15,32.83,93.76,14,56
4372,85.32,34,34.96,40.53,14,56
4376,114.1,29,29.68,62.82,14,56
4376,37.33,21,33.64,16.4,14,56
4378,33.34,18,56.55,43.18,14,56
4376,46.49,15,26.18,49.07,14,56
4380,2.51,10,22.33,56.6,14,57
4381,77.83,30,20.65,53.51,14,57
4382,3.46,7,21.53,89.99,14,57
4383,76.53,28,20.71,54.88,14,57
4382,2.24,1,25.79,43.08,14,57
4384,94.27,34,27.38,55.82,14,57
4385,3.38,4,27.45,66.74,14,57
4387,1.28,2,5.58,65.37,14,57
4387,94.79,29,23.13,55.27,14,57
4386,4.39,3,31.94,68.25,14,57
4390,2.61,4,31.36,61.61,14,57
4389,47.27,14,27.02,43.41,14,57
4392,110.91,35,29.58,48.69,14,57
4393,0.39,10,31.16,19.35,14,57
4391,43.77,20,29.23,94.03,14,57
4394,84.87,21,29.05,54.98,14,57
4393,97.42,30,34.1,57.12,14,57
4397,68.73,21,32.13,61.51,14,57
4397,2.58,7,22.08,15.23,14,57
4398,57.5,21,23.38,45.46,14,57
4398,3.8,5,24.75,48.99,14,57
4399,39.74,24,9.55,17.62,14,57
4400,48.22,21,8.54,68.23,14,57
4401,126.26,35,34.78,60.22,14,57
4401,48.61,20,46.44,53.01,14,57
4403,79.16,23,26.4,68.76,14,57
4405,72.79,18,21.95,45.99,14,57
4405,78.24,28,28.94,56.49,14,57
4405,4.98,9,28.42,67.79,14,57
4407,32.35,13,7.19,52.07,14,57
4408,2.06,10,21.83,40.11,14,57
4409,71.07,20,28.59,57.18,14,57
4410,107.88,26,24.57,47.11,14,57
4410,90.24,27,34.57,62.33,14,57
4414,38.44,15,22.2,55.62,14,57
4414,3.34,5,24.46,45.82,14,57
4415,98.21,33,24.03,41.06,14,57
4417,47.39,29,9.28,41.86,14,57
4418,2.44,6,8.44,69.85,14,57
4416,30.75,12,33.36,46.26,14,57
4417,3.66,9,54.01,69.01,14,57
4421,0.36,8,28.65,51.44,14,57
4419,2.34,10,6.98,69.6,14,57
4423,0.92,4,7.97,65.02,14,57
4421,94.38,31,23.19,67.51,14,57
4425,0.27,6,26.12,56.84,14,57
4423,59.2,30,26.98,18.23,14,57
4427,71.68,21,24.67,63.41,14,57
4426,95.01,35,20.6,45.6,14,57
4426,97.34,32,30.13,59.98,14,57
4430,102.04,31,33.8,52.87,14,57
4430,2.66,5,29.17,50.98,14,57
4432,38.88,14,33.22,41.87,14,57
4431,75.32,28,33.03,42.57,14,57
4432,67.85,20,25.92,60.34,14,57
4435,3.27,10,23.83,53.31,14,57
4436,4.25,7,22.62,40.09,14,57
4435,65.16,18,23.14,51.71,14,57
4436,2.77,5,24.12,19.87,14,57
4439,2.91,3,25.9,43.87,14,57
4437,0.62,8,22.31,43.88,14,58
4438,98.52,31,29.39,50.98,14,58
4439,0.85,9,21.09,69.52,14,58
4441,104.66,33,21.68,52.69,14,58
4442,124.52,33,34.58,51.12,14,58
4445,67.06,35,51.53,52.52,14,58
4443,1.33,7,26.67,49.8,14,58
4445,104.55,28,30.2,52.35,14,58
4447,49.84,18,26.18,53.51,14,58
4446,51.22,13,23.81,60.47,14,58
4449,132.33,35,20.12,61.09,14,58
4451,3.18,1,8.09,66.12,14,58
4452,75.46,25,25.6,89.34,14,58
4453,55.79,14,25.54,48.54,14,58
4454,59.16,17,27.68,44.82,14,58
4454,48.34,13,27.33,87.46,14,58
4454,0.73,3,21.73,42.88,14,58
4455,50.01,12,32.27,48.25,14,58
4456,40.98,12,27.57,69.31,14,58
4458,47.99,26,28.83,16.65,14,58
4459,110.0,27,33.78,48.76,14,58
4461,59.78,23,20.63,53.22,14,58
4459,2.75,9,21.67,57.27,14,58
4463,58.41,21,25.16,66.93,14,58
4462,65.06,17,31.45,68.32,14,58
4464,107.95,26,34.74,58.32,14,58
4466,92.9,23,33.62,59.57,14,58
4464,4.48,2,28.11,92.91,14,58
4466,55.66,16,33.15,88.8,14,58
4466,0.81,6,21.32,11.14,14,58
4468,0.77,5,26.23,69.98,14,58
4471,0.29,11,21.76,46.54,14,58
4470,45.84,24,32.03,14.19,14,58
4472,47.92,15,21.58,51.01,14,58
4473,39.13,19,6.48,51.55,14,58
4473,65.63,24,20.06,49.33,14,58
4475,69.67,33,52.19,88.2,14,58
4474,59.71,29,31.56,91.66,14,58
4475,87.43,22,33.99,42.38,14,58
4477,1.14,2,21.36,64.67,14,58
4479,54.93,21,22.11,69.14,14,58
4481,46.26,22,9.47,61.68,14,58
4481,3.21,5,26.46,55.94,14,58
4483,4.94,8,32.08,46.21,14,58
4483,38.3,14,27.49,42.14,14,58
4482,2.97,1,29.28,53.19,14,58
4483,108.65,29,31.02,47.53,14,58
4485,80.19,21,26.46,43.1,14,58
4488,4.56,8,25.18,40.63,14,58
4486,71.32,29,20.19,93.11,14,58
4487,123.28,30,22.54,67.55,14,58
4491,69.3,23,22.73,52.43,14,58
4491,3.34,4,27.16,63.06,14,58
4490,97.07,24,29.2,43.06,14,58
4491,114.69,32,32.5,46.52,14,58
4493,0.93,8,32.16,64.72,14,58
4495,84.69,29,22.66,55.69,14,58
4495,81.62,33,8.99,42.19,14,58
4498,59.12,27,20.72,92.64,14,58
4496,53.34,18,30.46,45.43,14,58
4500,83.9,21,27.3,64.65,14,59
4500,48.94,14,32.32,59.74,14,59
4500,3.64,4,31.27,60.4,14,59
4500,2.09,8,6.64,49.88,14,59
4504,64.21,19,33.29,51.54,14,59
4502,34.27,19,46.57,64.64,14,59
4506,30.39,12,32.26,49.68,14,59
4507,72.18,18,27.22,61.78,14,59
4505,84.18,29,22.69,11.53,14,59
4507,31.16,16,57.99,62.46,14,59
4508,60.01,16,31.61,57.83,14,59
4511,1.55,5,23.98,62.56,14,59
4511,2.95,1,8.27,57.61,14,59
4510,114.21,30,20.92,47.54,14,59
4512,1.75,4,33.34,45.26,14,59
4514,41.81,22,28.4,92.45,14,59
4515,4.79,6,27.13,54.15,14,59
4514,1.84,7,30.6,68.43,14,59
4518,83.98,24,27.46,42.43,14,59
4519,53.86,19,31.37,52.04,14,59
4520,3.44,4,34.57,89.15,14,59
4518,2.02,10,7.73,85.07,14,59
4521,3.86,4,23.5,17.52,14,59
4521,73.76,28,32.29,16.75,14,59
4521,108.75,32,21.99,64.3,14,59
4522,100.5,26,33.6,69.55,14,59
4525,42.62,22,9.01,86.43,14,59
4525,44.08,20,51.95,65.76,14,59
4525,99.11,28,33.57,52.44,14,59
4528,104.52,26,29.09,66.88,14,59
4527,62.06,19,25.72,54.35,14,59
4530,94.63,23,27.72,67.82,14,59
4531,4.08,7,23.93,93.25,14,59
4530,63.66,20,33.65,40.59,14,59
4534,4.13,2,30.94,50.04,14,59
4532,57.58,28,8.2,43.74,14,59
4536,118.14,32,29.58,52.66,14,59
4534,4.48,2,7.13,49.71,14,59
4535,53.63,13,23.17,62.54,14,59
4537,3.92,7,26.64,69.15,14,59
4538,61.72,20,34.07,61.48,14,59
4540,50.85,17,27.59,85.09,14,59
4541,62.68,16,26.44,66.49,14,59
4543,4.12,6,32.24,17.66,14,59
4541,46.77,21,47.77,47.73,14,59
4544,114.04,32,31.03,49.64,14,59
4545,18.82,12,47.19,47.18,14,59
4546,100.09,25,33.43,49.63,14,59
4546,101.84,25,33.25,64.06,14,59
4547,50.25,16,25.06,45.87,14,59
4547,123.67,35,33.68,44.6,14,59
4550,1.52,11,25.02,43.31,14,59
4549,94.71,24,21.95,67.27,14,59
4552,0.18,11,28.64,62.8,14,59
4553,58.38,16,25.26,46.7,14,59
4552,75.17,31,46.59,66.54,14,59
4555,3.2,2,8.42,65.49,14,59
4555,58.89,19,29.81,52.96,14,59
4555,3.31,7,26.82,51.82,14,59
4559,41.42,17,49.36,42.85,14,59
4558,36.84,16,8.9,50.17,15,0
4559,50.72,19,30.48,92.75,15,0
4561,4.45,2,29.7,49.62,15,0
4560,38.27,15,24.54,40.32,15,0
4562,81.84,32,21.38,89.39,15,0
4565,50.81,28,24.45,12.09,15,0
4563,69.48,22,32.69,59.73,15,0
4566,29.03,17,7.32,59.83,15,0
4565,69.01,21,33.05,63.21,15,0
4569,117.3,28,26.37,53.27,15,0
4569,30.69,16,22.02,93.64,15,0
4568,73.32,24,32.25,40.84,15,0
4570,0.18,6,33.3,51.03,15,0
4571,101.92,33,33.65,67.96,15,0
4574,88.46,32,22.41,46.97,15,0
4575,78.47,27,34.47,88.08,15,0
4573,104.73,29,29.47,62.64,15,0
4575,44.88,19,47.4,42.94,15,0
4575,109.51,27,29.6,56.52,15,0
4577,76.7,26,33.96,64.82,15,0
4578,4.28,9,32.41,90.79,15,0
4579,4.12,6,5.53,16.15,15,0
4579,67.52,23,29.44,91.95,15,0
4582,48.68,15,28.15,55.77,15,0
4584,65.92,17,23.39,62.0,15,0
4582,63.69,18,31.77,54.9,15,0
4585,24.92,12,8.69,55.72,15,0
4587,4.66,9,28.54,59.36,15,0
4587,37.95,12,24.88,60.8,15,0
4589,77.54,22,30.37,52.82,15,0
4587,30.58,14,58.45560000000002,46.68,15,0
4591,36.7,12,29.34,85.4,15,0
4592,40.02,17,22.24,94.03,15,0
4591,51.02,28,29.46,18.17,15,0
4594,88.15,33,30.3,62.71,15,0
4593,3.98,10,29.59,50.72,15,0
4593,70.43,27,33.51,88.84,15,0
4595,2.69,2,27.09,58.37,15,0
4595,59.98,20,23.69,47.57,15,0
4597,61.84,34,33.94,16.43,15,0
4600,0.22,7,30.57,19.71,15,0
4601,0.36,3,33.3,54.5,15,0
4602,110.94,33,21.92,43.95,15,0
4601,43.95,17,29.66,63.13,15,0
4601,2.45,3,28.14,54.51,15,0
4605,3.72,7,34.59,64.2,15,0
4606,2.48,3,29.65,12.58,15,0
4604,55.98,16,31.87,40.39,15,0
4606,42.98,14,31.64,58.91,15,0
4606,110.78,28,34.97,64.49,15,0
4608,1.63,3,26.56,52.18,15,0
4609,58.28,16,30.16,43.11,15,0
4611,86.42,29,33.11,61.7,15,0
4610,1.42,2,31.54,46.04,15,0
4611,0.74,7,28.35,63.03,15,0
4613,4.84,2,51.2,66.84,15,0
4613,60.46,15,27.54,67.65,15,0
4615,98.11,25,34.05,62.08,15,0
4617,23.08,12,8.31,52.86,15,0
4618,2.72,9,54.3,14.39,15,0
4620,50.4,22,5.66,42.03,15,1
4619,77.86,23,26.31,68.85,15,1
4619,0.91,5,29.88,56.06,15,1
4623,89.82,30,29.49,50.32,15,1
4621,53.5,20,23.19,59.32,15,1
4624,56.29,27,6.1,54.86,15,1
4626,43.94,27,49.53,43.28,15,1
4626,32.33,20,55.37,19.35,15,1
4626,60.1,21,22.5,53.76,15,1
4627,64.35,26,51.71,64.12,15,1
4630,57.88,18,23.04,62.09,15,1
4628,73.46,23,34.92,58.75,15,1
4630,0.77,8,26.24,94.03,15,1
4632,2.66,4,20.51,66.8,15,1
4631,42.21,14,32.87,41.81,15,1
4632,77.17,30,25.27,48.06,15,1
4636,23.08,13,26.08,92.44,15,1
4634,71.37,27,33.95,45.66,15,1
4636,96.36,34,30.98,14.4,15,1
4636,28.01,16,28.27,18.14,15,1
4639,89.95,32,21.69,19.67,15,1
4640,45.16,17,21.0,60.01,15,1
4641,3.77,10,21.08,66.15,15,1
4642,43.1,27,46.88,66.97,15,1
4642,46.25,17,27.8,57.2,15,1
4645,81.77,23,26.99,47.34,15,1
4645,48.66,13,23.78,69.36,15,1
4644,58.98,19,25.58,52.37,15,1
4645,45.16,32,5.53,15.98,15,1
4648,106.35,30,33.41,58.35,15,1
4649,0.18,4,28.7,59.04,15,1
4648,132.77120000000002,33,26.96,61.53,15,1
4651,121.32,30,23.23,69.32,15,1
4651,1.9,10,28.7,69.13,15,1
4651,48.78,25,53.93,47.45,15,1
4653,4.03,2,30.34,59.64,15,1
4656,2.75,10,25.48,54.49,15,1
4655,71.51,28,33.65,13.18,15,1
4656,1.65,8,22.68,91.21,15,1
4659,61.84,23,34.5,65.77,15,1
4657,26.05,13,27.75,19.04,15,1
4658,3.22,10,22.26,65.62,15,1
4659,73.73,24,33.49,56.95,15,1
4660,90.86,26,27.75,61.49,15,1
4664,48.02,17,32.98,11.15,15,1
4663,33.08,20,50.1,57.96,15,1
4666,76.36,30,33.69,50.72,15,1
4664,3.94,2,26.58,50.2,15,1
4665,3.54,2,21.68,48.5,15,1
4668,1.1,1,30.28,69.63,15,1
4669,3.25,5,34.8,40.81,15,1
4668,1.36,4,20.83,89.11,15,1
4671,62.98,19,24.85,66.31,15,1
4672,84.56,29,24.61,46.3,15,1
4673,3.05,10,26.91,58.3,15,1
4673,4.4,3,25.01,12.63,15,1
4675,26.06,15,7.45,40.59,15,1
4677,130.01,32,34.06,65.68,15,1
4677,73.07,18,31.6,54.27,15,1
4676,101.33,25,29.18,57.06,15,1
4677,32.21,17,49.07,87.48,15,2
4680,45.19,22,7.29,50.72,15,2
4679,122.56,31,27.97,40.04,15,2
4683,97.38,28,20.03,65.58,15,2
4681,84.91,31,23.21,52.69,15,2
4685,84.47,32,30.32,61.26,15,2
4686,53.62,15,27.42,53.02,15,2
4684,41.48,13,27.77,46.48,15,2
4686,57.43,22,30.36,63.48,15,2
4688,1.0,2,28.19,64.56,15,2
4689,55.97,31,58.45560000000002,48.52,15,2
4690,97.71,25,20.2,59.66,15,2
4691,68.83,22,24.74,89.26,15,2
4691,73.9,19,32.34,86.9,15,2
4692,2.08,1,22.64,12.59,15,2
4695,3.24,2,27.48,52.1,15,2
4695,115.73,32,32.38,63.13,15,2
4697,72.72,33,26.43,16.39,15,2
4697,107.01,31,24.58,43.44,15,2
4697,93.9,33,22.71,67.98,15,2
4700,4.13,9,25.66,94.03,15,2
4699,28.89,12,25.08,92.76,15,2
4702,116.59,29,33.06,69.67,15,2
4703,62.65,22,34.79,12.32,15,2
4703,30.91,12,28.15,47.01,15,2
4705,56.67,30,47.61,61.05,15,2
4704,86.48,21,34.03,44.52,15,2
4707,4.53,10,21.65,66.19,15,2
4706,0.55,3,24.71,46.32,15,2
4706,117.29,30,20.96,89.5,15,2
4708,70.23,28,8.88,51.12,15,2
4710,119.71,30,34.18,55.92,15,2
4711,132.77120000000002,33,28.28,63.87,15,2
4712,3.96,8,22.96,67.61,15,2
4714,123.31,31,32.25,45.44,15,2
4715,3.53,1,28.62,46.19,15,2
4714,106.49,35,26.84,59.36,15,2
4716,48.67,32,5.75,17.44,15,2
4716,3.0,9,26.22,54.68,15,2
4718,68.14,21,27.03,51.69,15,2
4718,37.11,12,24.74,45.09,15,2
4720,31.01,14,6.59,89.75,15,2
4719,55.32,15,27.73,41.59,15,2
4723,52.86,13,24.09,43.58,15,2
4722,3.22,9,27.96,64.74,15,2
4724,92.16,33,26.5,41.98,15,2
4723,0.64,6,25.21,90.71,15,2
4724,32.77,13,20.94,14.94,15,2
4725,35.98,19,46.04,89.12,15,2
4727,56.02,28,33.7,15.43,15,2
4727,4.68,10,57.66,69.4,15,2
4729,89.62,27,31.22,54.54,15,2
4730,42.27,16,24.59,16.88,15,2
4732,4.62,3,25.42,50.67,15,2
4734,92.74,30,27.98,85.15,15,2
4732,100.43,26,31.21,41.32,15,2
4735,64.02,17,31.38,63.67,15,2
4735,0.68,6,30.15,68.0,15,2
4736,56.29,27,31.34,11.14,15,2
4736,4.9,5,34.41,50.92,15,2
4737,66.24,23,23.14,53.65,15,3
4738,2.48,1,25.15,56.43,15,3
4741,128.01,35,26.95,57.02,15,3
4742,3.28,11,51.98,18.85,15,3
4741,61.38,24,21.33,89.97,15,3
4743,4.83,10,26.61,65.79,15,3
4746,4.0,2,5.53,85.93,15,3
4746,27.28,12,52.94,41.36,15,3
4748,52.11,19,21.04,47.01,15,3
4749,4.78,5,25.09,44.86,15,3
4748,98.61,25,25.45,65.0,15,3
4750,65.53,24,25.48,41.13,15,3
4749,35.01,12,25.79,68.93,15,3
4752,112.02,34,30.02,42.35,15,3
4754,0.61,1,20.05,91.03,15,3
4755,90.74,25,28.49,59.64,15,3
4755,105.1,35,28.04,55.88,15,3
4757,4.6,4,21.71,91.9,15,3
4757,72.62,28,21.28,47.33,15,3
4757,2.11,6,22.51,90.92,15,3
4759,40.51,31,5.86,12.66,15,3
4758,4.48,10,28.98,47.13,15,3
4759,85.77,35,34.41,93.93,15,3
4762,2.33,11,48.53,50.07,15,3
4762,57.98,20,27.29,53.6,15,3
4765,1.94,3,23.85,56.23,15,3
4763,62.22,17,24.45,49.84,15,3
4764,101.28,26,25.81,50.7,15,3
4768,2.74,6,30.31,64.31,15,3
4768,1.26,2,21.21,50.69,15,3
4769,3.34,11,33.72,69.75,15,3
4771,111.81,27,29.26,60.07,15,3
4770,70.74,26,27.6,61.69,15,3
4773,59.14,17,26.52,56.35,15,3
4772,68.24,35,22.88,91.08,15,3
4774,25.91,17,6.59,87.24,15,3
4774,79.23,29,27.94,50.91,15,3
4775,2.08,2,33.55,60.52,15,3
4778,86.19,33,31.89,89.14,15,3
4779,0.56,7,8.28,47.92,15,3
4777,92.79,29,34.87,68.01,15,3
4778,0.22,10,21.53,19.13,15,3
4781,59.35,34,55.02,55.58,15,3
4780,2.39,4,29.83,64.9,15,3
4783,32.7,21,8.14,50.13,15,3
4784,1.7,9,30.26,61.74,15,3
4785,1.43,4,33.23,66.78,15,3
4786,67.78,20,30.78,68.92,15,3
4788,26.81,19,5.53,19.63,15,3
4786,48.32,34,58.45560000000002,94.03,15,3
4790,132.77120000000002,34,20.43,61.01,15,3
4788,3.01,6,6.31,90.76,15,3
4790,94.01,35,24.29,63.46,15,3
4793,91.72,31,20.5,47.69,15,3
4793,53.04,13,22.8,65.25,15,3
4795,3.02,7,28.2,53.11,15,3
4796,72.85,26,32.7,58.84,15,3
4797,97.38,33,26.26,48.26,15,3
4795,105.52,27,32.4,63.24,15,3
4798,57.78,19,23.46,52.25,15,3
4797,112.0,34,33.17,43.82,15,4
4798,67.88,17,28.76,56.34,15,4
4800,45.95,16,26.13,53.59,15,4
4803,2.23,7,33.41,56.65,15,4
4803,49.66,23,54.82,42.48,15,4
4804,30.58,12,31.76,68.47,15,4
4805,30.36,12,34.29,60.34,15,4
4804,25.34,12,34.61,17.13,15,4
4805,72.62,24,25.32,42.38,15,4
4809,98.56,34,31.08,68.38,15,4
4808,95.11,24,20.08,65.75,15,4
4809,104.02,26,28.54,44.59,15,4
4809,55.73,25,6.77,67.72,15,4
4810,76.12,20,20.32,63.75,15,4
4811,36.94,17,25.65,93.82,15,4
4813,49.53,15,26.84,50.21,15,4
4815,2.66,8,20.22,63.76,15,4
4816,3.29,7,32.18,92.32,15,4
4817,2.48,4,20.47,46.3,15,4
4818,60.83,20,34.68,44.21,15,4
4819,116.69,32,24.54,64.84,15,4
4820,55.1,25,29.99,11.14,15,4
4820,2.1,7,23.97,16.65,15,4
4823,71.84,18,28.02,53.17,15,4
4822,111.66,27,24.37,59.35,15,4
4823,3.64,4,21.85,63.97,15,4
4826,52.5,18,21.65,43.5,15,4
4824,116.44,29,29.98,53.57,15,4
4828,75.39,27,29.72,52.57,15,4
4829,44.21,24,31.57,11.17,15,4
4829,33.72,30,6.15,13.52,15,4
4829,82.92,33,20.72,66.81,15,4
4831,55.17,18,23.56,42.36,15,4
4831,88.64,22,27.21,65.37,15,4
4831,108.21,31,20.97,66.06,15,4
4834,64.64,18,26.19,50.01,15,4
4834,70.6,29,46.77,62.23,15,4
4837,4.18,9,28.86,53.42,15,4
4836,1.44,9,29.7,43.11,15,4
4837,52.47,18,22.45,48.01,15,4
4837,27.98,13,53.0,51.13,15,4
4840,27.45,15,30.77,93.58,15,4
4842,2.53,4,6.42,52.27,15,4
4843,105.53,33,28.94,50.79,15,4
4841,65.62,24,21.09,68.4,15,4
4845,0.43,7,23.22,64.87,15,4
4844,3.3,11,33.59,57.68,15,4
4847,130.51,34,31.32,61.62,15,4
4846,0.42,9,24.81,94.03,15,4
4847,86.4,21,26.41,56.75,15,4
4849,55.74,27,29.82,18.55,15,4
4849,32.32,18,7.79,62.08,15,4
4850,4.41,9,22.37,90.95,15,4
4853,56.53,30,7.1,64.43,15,4
4852,85.47,26,29.94,66.64,15,4
4852,47.91,15,29.13,63.1,15,4
4856,3.18,5,6.22,16.43,15,4
4855,37.5,20,32.01,15.36,15,4
4858,0.84,1,32.51,58.51,15,4
4859,3.98,4,24.0,64.51,15,4
4858,69.46,26,34.76,42.48,15,5
4859,42.79,20,6.27,65.21,15,5
4859,56.54,16,28.48,67.41,15,5
4862,0.27,8,22.4,18.86,15,5
4862,92.95,30,27.55,52.14,15,5
4862,114.3,29,32.29,62.27,15,5
4864,1.37,10,31.64,63.87,15,5
4864,1.05,8,23.85,54.79,15,5
4867,77.7,34,54.28,69.2,15,5
4868,0.18,8,24.36,89.33,15,5
4867,0.93,4,28.28,87.54,15,5
4868,40.0,16,25.1,88.66,15,5
4870,73.15,30,7.35,66.19,15,5
4871,87.48,27,27.79,61.2,15,5
4874,47.27,13,28.27,68.95,15,5
4874,57.47,30,6.44,61.63,15,5
4876,128.49,31,26.14,54.41,15,5
4874,95.7,24,34.85,54.34,15,5
4876,82.54,24,30.76,54.56,15,5
4877,86.63,30,21.72,52.18,15,5
4878,67.26,24,28.02,53.37,15,5
4881,102.44,30,20.1,55.64,15,5
4879,97.75,26,27.25,61.77,15,5
4883,35.49,30,5.53,13.59,15,5
4883,103.55,33,32.64,63.18,15,5
4883,67.35,17,29.84,69.72,15,5
4884,70.77,19,21.35,53.9,15,5
4885,117.77,30,24.72,62.47,15,5
4888,84.31,21,32.54,63.1,15,5
4886,4.63,9,26.25,52.27,15,5
4887,1.53,2,7.96,45.35,15,5
4889,3.25,6,20.02,12.02,15,5
4892,2.56,3,22.6,52.02,15,5
4893,84.95,21,29.02,56.15,15,5
4893,1.66,5,25.11,47.53,15,5
4894,101.39,34,26.85,60.7,15,5
4893,90.54,22,24.18,61.07,15,5
4897,69.26,26,31.67,65.59,15,5
4896,79.61,26,22.98,47.14,15,5
4898,4.18,9,22.36,44.55,15,5
4898,75.72,26,32.16,47.04,15,5
4899,1.22,3,9.29,45.65,15,5
4901,4.63,2,31.44,51.12,15,5
4902,51.81,15,28.91,46.5,15,5
4902,55.94,19,34.42,50.21,15,5
4905,46.92,15,27.4,65.32,15,5
4905,33.98,12,20.81,48.7,15,5
4907,78.56,25,22.87,48.23,15,5
4908,53.31,18,27.7,59.61,15,5
4906,73.12,25,32.32,62.22,15,5
4910,32.34,15,6.34,61.08,15,5
4910,4.95,5,54.12,51.99,15,5
4912,59.82,23,22.7,86.19,15,5
4913,110.79,30,34.52,55.9,15,5
4912,0.9,11,21.91,48.58,15,5
4913,82.91,26,26.5,43.98,15,5
4916,40.54,23,26.58,18.08,15,5
4914,0.51,3,30.18,11.56,15,5
4916,1.44,1,24.49,18.87,15,5
4919,1.22,10,33.7,45.87,15,5
4919,38.29,13,21.17,61.2,15,6
4921,83.58,28,26.99,49.43,15,6
4921,120.65,29,24.11,59.41,15,6
4921,45.31,16,33.03,46.67,15,6
4923,126.35,35,24.67,52.98,15,6
4922,71.37,30,30.36,12.87,15,6
4924,48.8,17,25.95,64.64,15,6
4925,42.31,12,27.66,48.94,15,6
4927,71.42,24,33.78,50.72,15,6
4928,94.93,34,20.65,43.0,15,6
4930,42.75,15,24.51,63.6,15,6
4930,0.36,1,23.5,17.13,15,6
4931,100.95,27,22.3,46.37,15,6
4931,3.73,7,20.6,64.77,15,6
4933,95.01,26,27.93,60.18,15,6
4932,23.19,15,57.73,63.13,15,6
4935,1.89,10,22.84,55.14,15,6
4936,53.1,17,26.2,40.26,15,6
4936,131.68,32,34.63,68.3,15,6
4937,2.15,6,22.89,44.36,15,6
4937,33.84,14,58.45560000000002,63.62,15,6
4941,31.54,26,58.45560000000002,12.22,15,6
4940,32.41,16,5.53,43.79,15,6
4943,3.67,1,58.45560000000002,62.08,15,6
4944,28.03,13,50.4,43.86,15,6
4942,94.15,28,20.43,56.84,15,6
4943,90.69,23,34.31,50.31,15,6
4947,60.59,16,32.58,88.8,15,6
4948,34.87,19,47.56,69.36,15,6
4947,59.38,22,25.23,56.44,15,6
4947,60.03,28,20.18,93.85,15,6
4951,79.13,32,26.31,91.45,15,6
4949,3.33,5,29.4,17.12,15,6
4953,1.15,4,34.01,43.06,15,6
4954,72.68,29,32.28,66.03,15,6
4955,54.14,20,32.98,51.45,15,6
4955,43.97,17,23.92,14.5,15,6
4954,53.4,35,45.22,41.54,15,6
4956,102.53,33,23.62,66.79,15,6
4959,3.73,4,20.58,89.32,15,6
4958,90.2,24,33.35,41.56,15,6
4961,41.61,19,30.08,18.36,15,6
4962,63.44,29,5.53,55.81,15,6
4961,1.0,4,23.55,12.07,15,6
4964,0.67,3,30.69,49.33,15,6
4965,57.3,20,20.47,17.73,15,6
4963,4.21,4,23.97,50.55,15,6
4966,3.93,5,23.59,66.92,15,6
4965,81.22,34,25.96,14.37,15,6
4968,63.88,17,23.96,61.11,15,6
4968,115.18,29,34.34,62.06,15,6
4971,61.84,17,27.92,46.49,15,6
4970,51.08,21,54.76,61.19,15,6
4972,29.49,12,47.36,48.94,15,6
4973,79.84,34,6.12,68.82,15,6
4975,130.54,35,22.28,54.77,15,6
4974,115.71,31,27.63,54.11,15,6
4976,4.7,9,32.74,49.43,15,6
4976,79.98,23,32.36,43.14,15,6
4978,1.19,11,26.66,43.24,15,6
4978,64.27,20,24.63,63.85,15,7
4978,108.1,30,29.55,44.44,15,7
4982,15.17,13,7.09,91.95,15,7
4982,2.4,1,21.79,68.13,15,7
4984,96.57,24,31.25,62.9,15,7
4985,74.54,26,24.95,44.15,15,7
4986,50.13,24,28.5,16.01,15,7
4987,4.06,6,27.34,92.24,15,7
4986,113.25,33,24.9,61.69,15,7
4986,38.15,14,28.17,47.25,15,7
4987,94.68,28,31.11,65.47,15,7
4990,4.22,8,25.09,63.28,15,7
4990,39.25,19,32.65,17.85,15,7
4992,68.7,22,31.66,62.9,15,7
4991,0.73,4,24.7,51.98,15,7
4995,35.67,13,24.41,64.9,15,7
4994,4.52,6,29.67,85.06,15,7
4997,3.5,8,34.27,63.56,15,7
4995,112.39,33,27.49,62.53,15,7
4999,117.08,34,30.53,63.73,15,7
5000,114.33,28,31.85,44.49,15,7
4999,125.81,32,23.04,50.78,15,7
4999,0.18,6,26.26,11.51,15,7
5003,3.14,3,34.47,58.56,15,7
5004,54.51,34,51.33,64.44,15,7
5005,66.87,21,29.31,86.59,15,7
5004,65.25,17,32.49,41.89,15,7
5006,62.68,27,48.02,55.2,15,7
5005,95.07,29,29.61,58.24,15,7
5007,3.66,7,28.64,65.28,15,7
5010,53.94,15,24.37,47.66,15,7
5009,87.92,35,8.65,57.53,15,7
5010,2.96,4,30.65,57.73,15,7
5013,131.2,32,27.6,89.69,15,7
5012,2.09,8,8.88,59.62,15,7
5013,60.9,23,21.61,56.41,15,7
5014,72.93,29,26.09,50.03,15,7
5017,47.51,19,23.49,56.2,15,7
5016,2.18,5,51.51,69.86,15,7
5018,3.69,1,20.84,52.87,15,7
5020,76.83,20,31.68,50.75,15,7
5021,96.63,33,26.74,90.39,15,7
5019,97.91,24,31.62,64.58,15,7
5023,3.23,4,48.75,45.65,15,7
5022,28.62,14,29.32,15.04,15,7
5024,63.45,25,28.84,69.9,15,7
5023,77.78,24,21.82,48.13,15,7
5024,76.36,29,20.4,67.01,15,7
5025,3.48,1,8.31,89.03,15,7
5028,120.8,35,24.38,52.86,15,7
5030,0.22,11,32.21,50.27,15,7
5028,4.05,6,9.42,63.79,15,7
5030,2.62,2,33.78,64.26,15,7
5031,35.06,21,5.53,47.77,15,7
5032,2.99,8,23.29,66.4,15,7
5033,74.3,27,23.02,47.26,15,7
5036,62.31,33,32.74,15.21,15,7
5035,3.57,8,27.99,41.96,15,7
5037,72.16,28,30.76,63.33,15,7
5039,4.55,2,20.26,61.4,15,7
5040,0.62,4,32.04,58.14,15,8
5041,56.29,15,25.75,69.71,15,8
5039,4.54,4,24.1,52.11,15,8
5043,68.35,20,20.95,41.98,15,8
5043,80.24,31,27.58,17.36,15,8
5042,79.18,19,32.16,63.99,15,8
5046,37.15,14,32.66,16.48,15,8
5045,96.69,31,28.97,67.46,15,8
5046,131.88,32,31.16,64.01,15,8
5049,103.78,30,27.97,61.83,15,8
5049,87.15,23,28.56,61.11,15,8
5051,86.32,28,24.3,65.3,15,8
5052,95.37,31,23.21,40.32,15,8
5053,1.2,4,25.29,55.26,15,8
5053,2.72,10,30.82,57.45,15,8
5053,1.58,8,21.14,53.66,15,8
5055,87.69,34,25.73,64.75,15,8
5054,48.74,32,8.74,13.87,15,8
5057,30.28,12,26.92,65.64,15,8
5057,86.83,33,23.12,58.07,15,8
5057,49.21,27,6.88,52.5,15,8
5061,93.88,34,23.98,92.65,15,8
5059,73.55,26,29.85,63.3,15,8
5063,61.73,25,6.14,69.78,15,8
5062,101.44,25,27.03,54.96,15,8
5065,4.05,7,26.77,53.48,15,8
5063,92.5,30,34.92,58.61,15,8
5067,57.64,15,32.86,68.66,15,8
5068,2.14,6,26.41,61.85,15,8
5066,67.65,24,26.29,69.16,15,8
5070,52.88,14,23.34,66.83,15,8
5071,48.73,14,29.43,56.84,15,8
5070,108.43,27,21.54,60.12,15,8
5070,37.44,17,46.82,57.06,15,8
5071,55.38,19,27.34,41.99,15,8
5073,41.99,17,47.78,51.1,15,8
5076,36.61,14,22.42,48.64,15,8
5075,49.84,30,8.9,53.4,15,8
5075,42.59,17,22.22,87.84,15,8
5077,49.72,12,29.66,42.43,15,8
5077,106.18,32,20.53,64.44,15,8
5079,84.3,28,32.04,42.62,15,8
5081,103.92,31,21.27,49.85,15,8
5081,33.61,14,6.07,45.7,15,8
5084,0.31,4,21.14,94.03,15,8
5083,45.42,33,8.82,91.34,15,8
5084,24.25,14,7.12,87.66,15,8
5084,60.75,18,28.73,52.95,15,8
5086,80.58,20,32.23,43.27,15,8
5088,57.2,21,23.1,92.94,15,8
5087,92.16,27,30.74,51.32,15,8
5090,69.31,19,30.74,51.88,15,8
5091,94.95,34,32.11,19.48,15,8
5092,3.88,10,47.69,61.71,15,8
5091,96.57,24,23.7,68.93,15,8
5093,24.14,16,8.91,48.3,15,8
5093,2.77,11,21.65,65.71,15,8
5094,21.53,12,32.84,93.35,15,8
5095,59.0,23,31.76,42.83,15,8
5098,99.72,31,33.33,63.18,15,8
5099,127.31,31,32.71,68.62,15,9
5101,1.12,8,5.96,55.26,15,9
5099,50.77,18,27.18,60.07,15,9
5103,80.16,27,23.52,53.13,15,9
5101,98.34,35,33.83,18.49,15,9
5104,69.14,26,26.51,47.51,15,9
5103,60.9,21,28.26,41.48,15,9
5107,39.78,25,56.71,45.65,15,9
5105,62.63,15,31.36,68.89,15,9
5106,1.19,2,23.16,92.38,15,9
5110,2.18,4,30.2,58.04,15,9
5111,54.27,34,7.17,85.78,15,9
5111,69.96,27,26.46,13.44,15,9
5113,52.31,13,32.27,62.53,15,9
5113,83.76,32,34.4,65.09,15,9
5112,40.04,13,34.12,62.91,15,9
5116,2.9,5,28.46,56.94,15,9
5116,33.93,18,45.37,62.53,15,9
5115,4.76,1,26.98,56.69,15,9
5116,1.2,5,28.1,63.72,15,9
5117,3.68,5,26.52,44.2,15,9
5121,52.64,21,32.75,53.72,15,9
5119,91.97,31,28.71,46.73,15,9
5120,79.84,31,22.02,58.9,15,9
5123,116.24,35,25.54,42.2,15,9
5125,95.64,28,30.64,52.65,15,9
5126,91.67,28,21.5,59.6,15,9
5126,68.39,17,31.5,57.67,15,9
5127,4.62,1,22.55,53.53,15,9
5126,49.18,21,49.0,64.66,15,9
5127,73.62,22,34.17,68.02,15,9
5130,3.02,2,31.24,17.83,15,9
5130,46.99,14,28.59,52.52,15,9
5131,2.41,5,29.79,46.4,15,9
5134,82.85,20,21.84,88.95,15,9
5135,68.55,29,7.68,68.32,15,9
5134,78.38,32,49.23,47.46,15,9
5136,44.84,16,24.06,59.83,15,9
5137,2.77,11,21.3,56.31,15,9
5136,41.44,13,34.83,55.18,15,9
5137,94.36,29,32.43,44.89,15,9
5140,48.98,15,28.75,47.79,15,9
5142,39.86,17,52.06,67.43,15,9
5141,3.52,6,7.01,69.5,15,9
5143,112.3,31,32.88,58.12,15,9
5143,4.12,1,31.14,51.88,15,9
5143,54.42,19,33.23,46.72,15,9
5147,81.88,21,35.0,43.18,15,9
5147,4.82,11,20.71,41.44,15,9
5149,58.04,14,31.07,50.06,15,9
5148,59.84,26,6.25,56.53,15,9
5151,4.46,1,34.58,66.53,15,9
5149,37.23,24,8.83,45.88,15,9
5152,114.21,29,32.06,65.81,15,9
5152,2.83,7,28.24,44.63,15,9
5154,1.46,1,34.28,13.89,15,9
5153,92.12,27,31.41,43.35,15,9
5155,48.49,13,21.05,54.1,15,9
5156,53.46,17,24.8,43.62,15,9
5158,81.83,24,28.61,50.48,15,9
5157,85.51,34,21.13,92.82,15,10
5160,0.45,2,32.4,86.29,15,10
5159,84.23,28,31.3,57.01,15,10
5160,69.65,19,30.73,55.64,15,10
5164,3.6,11,26.36,53.73,15,10
5165,2.3,11,31.71,59.32,15,10
5166,4.65,3,23.63,55.39,15,10
5164,2.29,9,53.88,57.39,15,10
5166,14.92,12,53.29,13.48,15,10
5168,0.61,3,26.48,40.66,15,10
5170,4.86,9,27.01,48.71,15,10
5169,2.72,3,24.58,62.5,15,10
5171,48.15,12,26.96,46.37,15,10
5170,86.54,34,26.75,90.15,15,10
5172,4.44,2,27.59,66.01,15,10
5173,102.95,25,27.77,47.65,15,10
5173,0.23,7,32.01,85.32,15,10
5175,116.59,31,20.13,64.83,15,10
5176,120.48,32,20.9,52.99,15,10
5179,2.72,11,21.32,58.81,15,10
5177,55.41,28,8.55,43.58,15,10
5181,1.29,7,31.9,56.57,15,10
5181,55.99,34,9.23,47.06,15,10
5180,2.28,1,8.55,49.88,15,10
5183,82.21,23,33.02,43.18,15,10
5184,66.08,17,21.15,59.65,15,10
5186,49.8,14,22.81,68.34,15,10
5185,3.74,6,21.26,68.42,15,10
5185,2.94,5,20.31,14.32,15,10
5187,71.46,30,51.7,40.32,15,10
5189,3.79,5,53.55,55.29,15,10
5191,64.75,16,31.76,59.89,15,10
5191,55.73,25,7.38,51.27,15,10
5192,48.11,14,29.93,50.71,15,10
5192,61.13,30,21.94,90.21,15,10
5192,97.76,26,21.34,50.53,15,10
5194,33.49,12,26.75,45.49,15,10
5197,49.8,23,55.45,45.11,15,10
5197,110.46,28,24.36,40.33,15,10
5199,57.75,21,32.97,91.74,15,10
5198,3.42,11,47.11,12.12,15,10
5198,0.18,4,24.61,41.22,15,10
5201,59.86,20,30.2,67.16,15,10
5202,60.73,20,23.96,41.39,15,10
5202,49.7,16,32.29,87.14,15,10
5202,4.03,3,24.79,14.97,15,10
5204,4.08,5,58.45560000000002,11.27,15,10
5207,91.79,32,32.45,57.17,15,10
5208,132.77120000000002,35,32.08,61.48,15,10
5209,50.61,26,24.76,91.55,15,10
5209,83.03,35,49.49,55.37,15,10
5209,44.05,20,8.75,47.09,15,10
5212,121.59,34,31.11,60.52,15,10
5211,2.01,8,34.33,63.0,15,10
5211,3.09,1,23.42,49.54,15,10
5215,79.88,22,20.42,48.06,15,10
5215,41.31,18,6.65,54.59,15,10
5216,2.24,10,30.65,44.16,15,10
5215,2.04,10,21.27,51.52,15,10
5218,35.44,20,32.66,15.81,15,10
5220,33.25,12,34.12,50.63,15,11
5220,61.4,23,27.23,60.77,15,11
5222,116.34,32,32.78,49.51,15,11
5221,45.07,28,6.4,47.83,15,11
5221,107.56,28,24.68,51.16,15,11
5225,59.37,20,29.04,41.93,15,11
5223,36.37,12,28.94,61.24,15,11
5224,48.25,15,33.45,59.32,15,11
5227,48.09,20,58.45560000000002,89.33,15,11
5229,18.18,17,53.18,90.78,15,11
5230,3.98,1,31.1,64.18,15,11
5229,0.41,2,53.42,51.04,15,11
5230,1.21,2,22.57,49.54,15,11
5230,3.54,2,21.52,48.72,15,11
5233,54.71,20,21.98,50.0,15,11
5234,47.3,18,26.36,18.58,15,11
5236,108.66,31,25.73,52.38,15,11
5235,47.0,17,31.46,46.12,15,11
5238,3.2,1,28.46,62.41,15,11
5238,3.44,11,21.37,52.26,15,11
5239,2.51,4,5.53,41.96,15,11
5238,104.06,26,21.96,59.26,15,11
5242,54.44,13,22.21,44.49,15,11
5240,78.22,30,29.81,14.91,15,11
5244,26.67,16,5.98,14.46,15,11
5242,77.12,27,33.46,94.03,15,11
5246,0.38,5,30.18,45.77,15,11
5246,54.13,18,20.45,68.72,15,11
5246,104.03,29,23.7,46.89,15,11
5248,2.32,1,49.63,48.89,15,11
5248,1.63,4,22.89,65.71,15,11
5250,105.52,32,21.75,58.53,15,11
5249,124.38,34,30.76,69.27,15,11
5250,81.54,31,27.95,44.64,15,11
5254,84.59,33,34.21,41.14,15,11
5252,31.91,12,24.22,87.7,15,11
5256,71.36,25,27.31,13.21,15,11
5256,83.01,28,21.85,40.93,15,11
5258,36.58,19,34.45,93.95,15,11
5259,1.32,3,5.74,89.05,15,11
5257,4.85,9,34.92,58.56,15,11
5258,3.4,5,30.52,59.29,15,11
5259,38.0,19,46.55,48.67,15,11
5263,0.36,4,27.26,93.97,15,11
5263,103.24,28,32.15,55.25,15,11
5265,28.71,18,47.43,17.0,15,11
5263,52.33,19,22.27,56.38,15,11
5266,53.69,25,20.61,90.34,15,11
5268,51.27,15,27.37,51.44,15,11
5269,36.98,17,9.83,89.98,15,11
5267,82.79,23,21.72,46.55,15,11
5268,32.7,13,20.82,61.67,15,11
5270,42.5,15,26.49,48.49,15,11
5270,104.85,29,28.74,45.98,15,11
5272,1.64,10,28.54,64.16,15,11
5273,4.59,4,9.28,89.8,15,11
5275,39.6,18,52.51,46.37,15,11
5276,105.14,32,34.8,45.09,15,11
5275,43.08,15,27.5,94.03,15,11
5278,111.9,34,30.36,60.61,15,11
5278,3.15,1,21.08,52.1,15,12
5280,77.86,21,30.99,60.67,15,12
5281,97.94,28,32.51,68.21,15,12
5280,89.16,34,26.3,51.83,15,12
5282,36.42,18,54.1,52.74,15,12
5285,2.38,2,31.22,11.14,15,12
5286,55.07,25,56.37,67.21,15,12
5287,38.5,18,6.97,57.93,15,12
5286,80.24,32,47.87,58.45,15,12
5286,3.92,9,27.02,17.96,15,12
5290,124.26,33,30.34,59.22,15,12
5291,50.59,17,32.51,61.52,15,12
5290,32.5,12,29.81,44.05,15,12
5291,2.79,5,25.9,48.53,15,12
5294,112.67,34,21.93,57.88,15,12
5292,71.65,31,50.49,56.59,15,12
5295,61.39,34,8.19,66.97,15,12
5296,46.45,14,33.16,54.67,15,12
5297,75.54,26,30.02,62.88,15,12
5299,45.9,17,21.4,55.54,15,12
5297,33.99,13,30.13,54.66,15,12
5300,100.87,31,32.57,54.74,15,12
5301,72.98,18,22.11,44.49,15,12
5300,2.93,9,31.72,86.95,15,12
5303,2.17,8,23.32,44.62,15,12
5303,40.03,35,53.44,17.41,15,12
5304,3.17,11,24.08,93.68,15,12
5307,4.71,4,30.65,88.22,15,12
5306,56.91,31,7.84,61.23,15,12
5306,46.03,17,25.13,63.71,15,12
5310,84.12,26,31.43,51.91,15,12
5309,85.61,32,22.17,52.61,15,12
5309,79.49,20,26.43,58.09,15,12
5313,56.64,29,24.69,15.31,15,12
5311,88.01,24,21.17,68.76,15,12
5314,30.2,17,5.53,47.08,15,12
5315,4.23,6,6.23,92.26,15,12
5317,81.4,22,21.9,69.53,15,12
5318,65.49,26,31.21,55.84,15,12
5317,64.11,16,21.65,59.13,15,12
5319,86.19,21,33.98,55.0,15,12
5320,1.18,7,23.11,93.77,15,12
5319,76.88,21,22.89,45.67,15,12
5322,33.79,12,23.05,43.1,15,12
5322,1.6,11,31.83,41.46,15,12
5322,44.82,21,23.72,91.79,15,12
5324,4.46,11,5.53,53.0,15,12
5324,46.92,18,34.87,60.07,15,12
5327,58.14,21,26.1,67.62,15,12
5327,67.61,23,28.05,65.35,15,12
5329,43.95,17,29.26,66.99,15,12
5330,105.68,29,27.6,65.44,15,12
5330,53.69,21,25.57,65.31,15,12
5333,99.8,32,29.42,58.62,15,12
5333,1.04,10,34.51,59.08,15,12
5332,55.83,19,21.84,57.12,15,12
5336,38.04,25,48.6,93.59,15,12
5334,64.94,23,29.53,85.45,15,12
5335,92.36,23,22.16,49.38,15,12
5337,83.52,20,31.83,40.53,15,12
5338,1.96,11,29.97,59.35,15,13
5341,3.9,8,54.62,48.07,15,13
5342,4.53,1,58.45560000000002,52.58,15,13
5343,43.77,17,26.51,90.13,15,13
5343,81.51,22,29.48,85.71,15,13
5345,30.21,17,34.26,93.53,15,13
5345,59.8,32,9.89,66.49,15,13
5344,129.35,32,25.08,60.48,15,13
5345,54.72,24,32.46,91.72,15,13
5348,3.78,8,26.63,49.57,15,13
5348,0.56,9,21.2,60.53,15,13
5350,81.2,32,29.93,92.47,15,13
5349,0.84,8,20.81,44.95,15,13
5351,2.25,11,31.46,42.26,15,13
5353,4.58,6,33.63,41.38,15,13
5352,1.22,8,34.3,14.63,15,13
5355,34.7,15,26.41,16.02,15,13
5355,42.44,25,8.64,40.48,15,13
5357,3.02,1,27.94,14.11,15,13
5358,116.84,32,29.03,61.68,15,13
5360,99.96,27,24.99,63.47,15,13
5361,0.59,8,25.56,57.76,15,13
5362,2.88,3,33.29,68.99,15,13
5363,76.59,26,33.0,85.09,15,13
5361,4.48,4,49.33,56.86,15,13
5362,40.45,13,31.49,61.02,15,13
5364,45.34,14,27.18,64.28,15,13
5366,88.14,21,30.55,48.13,15,13
5366,4.4,2,20.98,65.6,15,13
5369,57.42,14,22.33,68.49,15,13
5369,95.33,29,22.99,65.2,15,13
5368,111.93,27,25.39,44.09,15,13
5370,77.88,29,21.93,60.62,15,13
5372,3.63,2,30.94,54.12,15,13
5372,46.0,13,33.95,41.72,15,13
5374,78.74,21,34.57,58.37,15,13
5376,51.87,14,22.87,56.98,15,13
5374,56.81,14,32.94,40.3,15,13
5377,34.75,14,34.95,16.83,15,13
5377,3.82,8,23.21,41.91,15,13
5378,84.47,32,32.13,62.85,15,13
5381,61.48,29,8.92,66.56,15,13
5380,60.43,16,32.43,56.73,15,13
5381,4.35,6,28.17,68.96,15,13
5384,1.64,9,33.43,40.57,15,13
5385,102.34,35,20.93,68.96,15,13
5383,55.81,16,20.41,57.67,15,13
5387,3.71,3,31.67,14.88,15,13
5385,1.87,4,29.92,51.16,15,13
5386,75.59,18,30.62,67.69,15,13
5388,2.93,3,56.15,57.91,15,13
5389,36.39,20,49.82,52.86,15,13
5392,2.82,5,25.63,57.68,15,13
5391,1.97,3,23.11,67.16,15,13
5393,47.81,13,24.93,53.45,15,13
5392,0.68,3,57.91,62.13,15,13
5396,132.77120000000002,33,31.89,55.38,15,13
5394,3.34,1,55.95,16.35,15,13
5398,2.57,2,24.13,44.3,15,13
5397,112.43,29,34.81,58.92,15,13
5398,82.93,22,34.88,43.31,15,14
5400,57.3,19,24.58,64.97,15,14
5399,39.89,21,58.45560000000002,49.2,15,14
5403,50.3,23,32.15,12.29,15,14
5402,48.6,12,33.1,43.69,15,14
5404,64.75,20,22.36,51.34,15,14
5404,51.17,13,25.32,57.96,15,14
5407,78.94,24,34.17,41.29,15,14
5406,1.89,6,33.2,68.61,15,14
5408,67.01,21,22.84,42.05,15,14
5409,49.87,18,26.05,66.9,15,14
5408,55.64,21,31.43,94.03,15,14
5410,108.86,34,30.51,61.39,15,14
5412,55.05,27,54.23,60.48,15,14
5411,42.53,22,20.44,16.62,15,14
5413,4.86,11,8.14,61.38,15,14
5416,95.98,30,26.02,58.5,15,14
5416,95.79,26,27.09,45.6,15,14
5416,95.57,35,34.3,58.17,15,14
5417,58.37,22,29.85,49.87,15,14
5417,46.15,12,26.61,62.87,15,14
5419,100.51,34,32.13,57.49,15,14
5421,3.81,9,9.47,17.57,15,14
5422,42.61,20,56.6,64.73,15,14
5423,51.09,32,8.33,65.6,15,14
5422,106.53,27,32.52,44.89,15,14
5424,67.47,25,23.69,47.2,15,14
5425,111.2,33,31.13,55.63,15,14
5426,0.22,5,34.78,49.92,15,14
5429,5.0,1,34.14,42.43,15,14
5428,64.12,21,24.89,43.57,15,14
5428,24.09,13,8.72,52.12,15,14
5429,105.42,34,20.49,62.22,15,14
5430,111.41,28,20.05,68.71,15,14
5431,52.6,15,26.56,47.6,15,14
5432,50.47,20,29.66,60.87,15,14
5434,1.75,7,23.82,18.1,15,14
5435,58.22,20,26.79,42.94,15,14
5438,127.21,33,29.14,69.61,15,14
5437,4.2,8,8.3,48.63,15,14
5438,3.42,9,29.16,40.98,15,14
5439,54.17,19,31.5,59.3,15,14
5441,60.69,22,22.51,18.22,15,14
5443,44.89,13,23.08,59.18,15,14
5441,66.25,27,21.9,17.06,15,14
5445,43.48,28,8.95,48.35,15,14
5444,90.44,22,27.05,65.11,15,14
5446,49.59,27,28.1,19.8,15,14
5447,88.08,26,26.73,44.94,15,14
5449,67.84,17,23.04,57.43,15,14
5447,48.66,13,32.53,63.44,15,14
5450,0.18,1,8.4,90.36,15,14
5452,96.25,35,25.92,52.24,15,14
5452,71.72,24,34.45,55.82,15,14
5454,63.12,34,57.12,50.96,15,14
5453,106.68,35,20.32,45.69,15,14
5453,44.31,18,32.24,91.21,15,14
5454,0.43,11,20.49,46.52,15,14
5456,45.62,17,31.18,50.21,15,14
5457,96.14,27,29.8,40.38,15,14
5460,85.12,25,26.36,63.29,15,15
5459,100.36,25,23.54,57.16,15,15
5460,102.16,26,25.7,41.42,15,15
5462,48.71,17,30.08,57.82,15,15
5462,64.25,16,21.94,62.47,15,15
5463,65.95,21,31.11,68.91,15,15
5463,61.18,22,31.4,44.0,15,15
5464,56.14,25,20.66,92.63,15,15
5465,126.24,32,31.25,69.5,15,15
5467,55.46,19,23.26,61.25,15,15
5467,2.9,6,29.34,40.62,15,15
5470,56.15,17,33.53,59.1,15,15
5471,62.82,30,21.69,13.24,15,15
5470,62.94,20,34.94,53.21,15,15
5474,70.35,30,56.0,87.4,15,15
5475,73.0,23,34.81,61.88,15,15
5473,70.23,30,32.65,14.74,15,15
5474,67.5,17,22.78,85.18,15,15
5475,31.75,12,28.4,67.81,15,15
5477,69.48,30,20.82,16.88,15,15
5479,1.43,2,30.86,64.95,15,15
5479,36.76,12,31.74,68.87,15,15
5481,85.53,28,20.13,52.42,15,15
5483,72.14,22,24.19,44.32,15,15
5484,2.51,9,31.66,67.61,15,15
5484,38.6,12,27.47,61.86,15,15
5485,58.95,17,28.72,66.99,15,15
5484,73.15,29,33.93,44.35,15,15
5487,83.4,24,23.82,52.73,15,15
5487,125.35,30,33.05,62.31,15,15
5488,1.3,4,30.63,49.99,15,15
5488,39.63,26,54.06,67.35,15,15
5490,115.15,34,24.64,68.7,15,15
5493,97.33,33,30.85,87.34,15,15
5491,3.23,8,21.77,59.22,15,15
5493,0.3,10,20.61,69.55,15,15
5494,2.72,9,34.67,69.64,15,15
5495,3.68,11,34.85,42.14,15,15
5498,98.29,26,33.02,64.01,15,15
5497,78.39,19,22.86,66.44,15,15
5498,57.25,34,58.45560000000002,44.2,15,15
5499,72.29,19,20.78,53.65,15,15
5502,38.51,21,9.93,68.06,15,15
5501,77.06,25,33.28,51.31,15,15
5504,3.78,7,20.61,50.86,15,15
5503,2.82,8,51.48,61.36,15,15
5504,97.61,28,34.26,54.72,15,15
5506,33.98,12,31.6,47.52,15,15
5508,80.5,21,34.93,49.42,15,15
5506,3.57,8,54.52,55.91,15,15
5509,2.99,1,28.21,50.31,15,15
5509,69.26,25,31.87,48.24,15,15
5511,41.53,14,24.47,47.44,15,15
5511,34.35,16,25.0,17.52,15,15
5512,33.63,13,34.85,69.75,15,15
5513,99.46,24,21.29,89.87,15,15
5515,27.61,16,52.33,91.59,15,15
5514,2.98,8,30.54,55.44,15,15
5515,124.13,35,23.75,40.67,15,15
5517,90.26,26,31.64,61.56,15,15
5519,41.19,19,50.92,52.42,15,16
5520,41.76,22,34.43,11.14,15,16
5521,3.57,3,25.38,94.03,15,16
5521,41.62,19,50.05,47.86,15,16
5522,40.54,16,34.01,55.35,15,16
5524,51.44,24,5.53,67.3,15,16
5525,57.32,23,5.86,43.46,15,16
5525,51.72,25,49.46,52.14,15,16
5527,0.64,5,26.19,42.22,15,16
5526,96.08,27,29.6,55.34,15,16
5527,78.96,28,30.25,55.55,15,16
5530,81.76,21,23.0,53.79,15,16
5530,72.88,19,27.19,69.52,15,16
5530,1.25,4,56.22,67.89,15,16
5533,27.75,12,30.17,12.91,15,16
5534,65.86,34,22.51,93.34,15,16
5535,37.85,14,20.05,64.97,15,16
5536,2.57,2,21.35,43.57,15,16
5538,37.2,12,31.75,49.22,15,16
5539,76.94,20,24.41,54.14,15,16
5537,46.96,22,45.88,50.82,15,16
5541,2.75,1,5.56,50.01,15,16
5539,119.14,35,28.99,86.99,15,16
5540,35.75,13,28.99,51.31,15,16
5543,31.05,20,8.05,19.06,15,16
5545,3.6,4,22.31,40.89,15,16
5543,2.62,2,28.33,17.99,15,16
5545,4.31,4,23.51,64.42,15,16
5545,86.55,32,34.02,62.63,15,16
5546,52.04,28,27.45,15.47,15,16
5549,108.73,33,20.34,47.48,15,16
5550,47.44,23,8.87,64.1,15,16
5551,76.55,28,32.44,94.03,15,16
5551,122.87,35,25.85,44.99,15,16
5552,1.36,5,26.59,50.65,15,16
5554,94.05,28,34.4,47.35,15,16
5556,72.47,23,32.19,65.33,15,16
5556,132.77120000000002,34,20.59,51.0,15,16
5557,100.86,33,27.4,49.3,15,16
5557,3.98,9,22.53,66.2,15,16
5559,61.36,27,54.63,54.02,15,16
5561,4.59,3,32.57,46.72,15,16
5561,86.92,24,31.37,44.55,15,16
5563,35.99,12,28.03,40.24,15,16
5562,81.37,22,27.05,65.98,15,16
5565,66.62,16,27.72,65.61,15,16
5565,58.09,21,27.0,44.11,15,16
5567,72.6,23,33.64,58.88,15,16
5565,90.08,35,23.99,93.04,15,16
5566,1.85,11,57.2,46.94,15,16
5569,92.18,33,27.39,58.56,15,16
5570,118.83,30,23.98,49.16,15,16
5572,123.71,33,29.98,64.7,15,16
5573,96.29,28,25.73,52.41,15,16
5574,52.9,18,29.82,52.94,15,16
5573,2.84,5,57.69,46.77,15,16
5573,1.2,5,51.29,66.73,15,16
5574,1.42,7,24.21,53.36,15,16
5578,85.54,23,23.52,55.78,15,16
5577,48.66,16,30.97,50.76,15,16
5577,0.25,7,26.39,43.09,15,17
5581,107.74,30,22.96,47.44,15,17
5580,2.01,5,32.2,18.23,15,17
5581,116.83,28,34.73,47.41,15,17
5582,77.23,30,24.39,58.58,15,17
5584,80.23,23,21.89,45.43,15,17
5585,67.06,18,32.9,45.17,15,17
5584,54.05,18,28.78,61.11,15,17
5587,0.4,11,23.92,63.92,15,17
5589,60.87,16,22.47,53.32,15,17
5587,110.45,30,28.22,66.12,15,17
5589,34.38,16,7.43,58.41,15,17
5591,86.23,35,7.46,63.33,15,17
5593,46.48,14,30.6,47.97,15,17
5593,75.28,30,45.65,65.16,15,17
5594,1.63,8,51.05,44.19,15,17
5595,61.08,32,47.9,53.98,15,17
5597,64.56,23,24.85,13.75,15,17
5598,40.31,19,5.91,58.63,15,17
5597,98.52,32,20.86,56.72,15,17
5598,65.84,19,29.51,55.71,15,17
5599,26.09,17,46.51,41.54,15,17
5601,48.27,13,24.24,87.0,15,17
5600,34.44,17,33.33,93.99,15,17
5603,55.96,16,34.44,40.24,15,17
5603,48.97,13,23.15,59.46,15,17
5604,3.08,8,32.93,69.76,15,17
5605,0.6,8,26.32,47.51,15,17
5607,3.92,3,26.64,41.8,15,17
5606,131.95,32,25.75,41.42,15,17
5608,98.0,32,29.09,43.82,15,17
5610,87.68,32,20.8,47.6,15,17
5611,40.2,14,22.41,12.3,15,17
5610,89.51,35,33.36,51.78,15,17
5613,79.01,26,26.63,46.61,15,17
5613,32.64,15,22.31,12.4,15,17
5615,1.29,2,31.48,50.85,15,17
5617,108.25,29,31.89,61.53,15,17
5617,3.87,2,9.84,65.54,15,17
5616,3.21,1,34.89,61.51,15,17
5618,34.91,16,21.86,92.18,15,17
5618,114.9,35,27.05,42.3,15,17
5622,4.65,6,31.19,50.91,15,17
5620,74.38,25,29.73,85.11,15,17
5622,4.3,10,27.53,16.97,15,17
5622,79.21,26,26.34,62.7,15,17
5623,40.09,16,30.4,42.23,15,17
5624,1.0,11,32.3,53.23,15,17
5628,65.16,19,25.07,67.28,15,17
5628,61.12,21,23.23,66.55,15,17
5627,4.15,7,6.86,16.25,15,17
5631,3.18,1,32.52,56.3,15,17
5630,3.15,1,53.93,17.48,15,17
5632,40.7,13,22.71,64.41,15,17
5632,40.65,15,21.1,56.97,15,17
5635,2.88,6,7.86,41.1,15,17
5634,95.25,23,23.52,47.87,15,17
5635,92.58,23,28.51,45.38,15,17
5636,84.52,23,20.58,86.79,15,17
5636,2.58,10,27.75,64.83,15,17
5640,105.71,31,24.03,49.09,15,18
5638,83.11,30,31.81,59.03,15,18
5640,101.96,35,34.81,68.63,15,18
5641,3.68,2,56.32,50.78,15,18
5643,4.91,10,46.54,49.59,15,18
5642,65.64,23,34.23,16.98,15,18
5643,76.97,23,26.86,53.17,15,18
5644,46.73,14,25.23,89.54,15,18
5648,1.57,11,50.78,55.85,15,18
5648,1.09,7,28.1,64.33,15,18
5649,2.77,6,29.74,55.79,15,18
5651,3.05,5,22.81,94.03,15,18
5649,45.85,22,50.66,61.58,15,18
5651,56.81,17,23.47,69.14,15,18
5652,2.77,5,23.57,51.43,15,18
5654,45.86,15,32.48,65.96,15,18
5656,76.44,21,28.63,60.84,15,18
5655,3.39,3,6.02,53.13,15,18
5658,36.92,23,9.33,63.45,15,18
5657,36.61,21,58.45560000000002,42.84,15,18
5660,0.68,2,56.68,57.05,15,18
5661,0.22,5,27.0,15.98,15,18
5660,97.98,27,28.1,51.88,15,18
5661,4.97,5,29.25,54.5,15,18
5662,46.22,17,30.66,51.3,15,18
5664,3.83,5,30.62,18.95,15,18
5664,61.88,22,29.3,65.59,15,18
5667,25.1,17,9.83,14.95,15,18
5668,64.47,30,49.88,42.49,15,18
5669,45.99,12,26.0,89.09,15,18
5668,4.46,2,28.73,54.48,15,18
5671,45.52,12,25.81,62.71,15,18
5670,70.43,32,20.28,93.91,15,18
5673,2.07,3,7.59,57.41,15,18
5674,69.96,23,22.94,64.07,15,18
5675,69.14,18,25.75,41.65,15,18
5673,1.49,8,21.32,67.31,15,18
5677,4.8,10,25.85,67.08,15,18
5677,45.74,23,7.52,42.4,15,18
5679,0.8,6,34.22,69.21,15,18
5678,45.53,14,30.26,89.77,15,18
5679,1.3,11,33.42,41.86,15,18
5680,62.93,17,34.16,62.06,15,18
5680,106.08,27,29.29,65.44,15,18
5682,26.57,14,57.33,61.42,15,18
5685,57.47,34,48.33,65.73,15,18
5686,0.59,5,23.65,61.94,15,18
5686,4.72,2,31.8,94.03,15,18
5686,69.24,35,29.57,92.47,15,18
5687,4.23,5,30.14,44.29,15,18
5689,55.58,28,47.32,42.12,15,18
5688,0.25,7,8.28,55.71,15,18
5690,101.11,26,31.75,53.88,15,18
5691,2.7,6,26.57,11.14,15,18
5692,84.36,28,29.22,65.47,15,18
5695,47.65,23,7.86,48.26,15,18
5693,99.93,24,25.51,66.39,15,18
5695,4.14,6,34.77,48.51,15,18
5697,44.38,29,51.71,46.13,15,18
5698,103.27,30,31.56,58.81,15,18
5700,2.18,7,34.6,64.48,15,19
5699,2.81,11,33.5,50.42,15,19
5699,55.1,21,30.59,42.35,15,19
5700,46.61,20,34.24,16.62,15,19
5702,96.43,26,30.11,65.17,15,19
5702,64.28,29,45.36,59.51,15,19
5706,100.54,35,23.61,60.78,15,19
5704,46.01,17,26.58,49.03,15,19
5706,0.92,1,54.36,67.52,15,19
5706,1.48,10,28.86,59.32,15,19
5708,3.1,2,27.85,43.47,15,19
5711,109.71,35,23.73,45.72,15,19
5710,0.21,3,26.18,65.55,15,19
5712,109.71,35,30.98,50.9,15,19
5713,86.24,26,21.76,65.93,15,19
5715,1.9,4,27.76,47.24,15,19
5716,2.66,1,28.58,56.72,15,19
5714,2.04,3,33.25,67.69,15,19
5715,61.37,33,6.59,64.16,15,19
5719,51.16,16,32.23,59.58,15,19
5719,62.44,26,26.72,19.14,15,19
5720,44.45,29,6.71,89.79,15,19
5719,3.28,8,24.37,66.48,15,19
5722,76.03,29,28.27,64.12,15,19
5724,3.43,2,24.76,47.72,15,19
5723,49.82,17,28.54,89.72,15,19
5725,71.52,30,46.17,40.9,15,19
5724,117.19,28,26.84,44.92,15,19
5726,63.61,19,21.69,43.77,15,19
5726,35.6,20,7.78,88.44,15,19
5727,28.81,19,8.65,19.05,15,19
5731,92.58,32,28.55,54.13,15,19
5730,74.76,20,21.69,54.6,15,19
5731,41.3,12,28.78,42.25,15,19
5733,80.82,20,33.12,40.95,15,19
5732,4.23,4,8.06,90.21,15,19
5733,128.97,35,34.75,63.59,15,19
5736,48.95,27,8.6,44.63,15,19
5735,65.44,16,21.28,47.64,15,19
5739,92.4,29,32.57,52.68,15,19
5739,4.07,3,30.63,42.4,15,19
5739,98.93,33,24.18,51.58,15,19
5740,3.31,8,28.02,50.05,15,19
5742,51.14,23,25.53,17.22,15,19
5741,87.56,23,23.3,53.81,15,19
5742,44.0,17,22.71,60.22,15,19
5744,0.54,1,31.04,65.2,15,19
5747,0.97,9,20.94,51.08,15,19
5745,4.95,1,29.24,51.81,15,19
5747,44.91,20,55.02,68.77,15,19
5750,41.19,12,30.0,55.55,15,19
5748,106.89,30,23.16,62.1,15,19
5749,0.31,1,33.86,49.46,15,19
5751,93.17,28,21.78,53.87,15,19
5752,3.29,8,20.13,41.64,15,19
5754,68.78,31,9.21,67.05,15,19
5755,3.78,7,33.56,62.47,15,19
5754,33.47,13,25.59,63.64,15,19
5756,98.27,33,20.74,48.61,15,19
5756,47.59,19,24.72,63.77,15,19
5758,118.58,33,32.97,60.56,15,20
5758,1.03,5,24.73,65.04,15,20
5762,59.23,15,31.58,57.04,15,20
5760,64.73,31,9.72,61.3,15,20
5763,0.18,5,23.18,16.43,15,20
5763,53.4,13,26.22,59.95,15,20
5766,74.22,23,30.72,65.72,15,20
5766,89.94,34,20.18,50.77,15,20
5766,74.72,32,58.45560000000002,68.22,15,20
5767,1.81,7,32.25,57.44,15,20
5770,56.68,20,29.57,45.53,15,20
5769,87.88,21,29.32,66.26,15,20
5772,1.14,5,31.68,56.43,15,20
5770,38.37,12,26.21,44.21,15,20
5774,132.77120000000002,35,30.46,51.77,15,20
5775,2.44,6,8.51,69.86,15,20
5773,73.3,27,22.37,61.03,15,20
5774,3.33,10,22.01,56.11,15,20
5778,1.64,5,45.6,45.99,15,20
5777,3.24,1,31.67,46.94,15,20
5780,50.71,18,24.63,60.93,15,20
5780,34.52,22,9.76,62.23,15,20
5782,39.8,16,9.58,55.22,15,20
5782,2.54,1,32.08,50.37,15,20
5784,100.98,31,23.64,42.44,15,20
5785,64.96,25,27.72,41.95,15,20
5784,132.77120000000002,33,33.81,54.84,15,20
5786,4.85,4,27.55,64.77,15,20
5786,57.48,14,27.4,54.69,15,20
5786,71.5,27,26.83,61.79,15,20
5790,98.14,28,34.07,51.01,15,20
5788,44.41,14,33.9,44.33,15,20
5792,55.92,16,21.4,42.22,15,20
5790,89.52,30,25.35,51.69,15,20
5792,38.73,23,7.57,66.12,15,20
5792,2.11,10,22.28,41.12,15,20
5794,3.54,1,29.72,42.19,15,20
5797,25.09,12,55.91,42.35,15,20
5795,53.4,22,58.45560000000002,69.53,15,20
5798,43.39,13,21.62,52.48,15,20
5797,2.76,11,32.12,87.18,15,20
5799,99.6,30,33.67,52.37,15,20
5801,4.8,5,30.89,41.8,15,20
5800,32.34,19,6.06,58.39,15,20
5802,37.54,20,50.98,61.45,15,20
5802,79.75,21,27.26,47.88,15,20
5804,1.17,2,28.59,12.93,15,20
5806,33.79,14,6.97,47.17,15,20
5806,1.19,9,26.58,49.62,15,20
5806,0.47,4,29.57,46.49,15,20
5807,79.89,20,20.08,63.15,15,20
5811,49.71,15,29.15,68.04,15,20
5812,46.98,18,28.55,58.06,15,20
5810,74.01,27,34.07,19.41,15,20
5813,23.72,13,9.64,43.71,15,20
5814,74.96,28,30.01,46.69,15,20
5816,2.26,10,7.22,53.46,15,20
5816,111.12,28,30.07,59.02,15,20
5816,2.47,9,31.75,45.95,15,20
5817,2.88,8,30.97,14.46,15,20
5817,95.85,33,21.31,86.97,15,21
5821,77.21,29,27.14,18.98,15,21
5819,30.48,20,55.06,43.26,15,21
5823,4.36,6,32.82,59.91,15,21
5823,81.84,27,28.49,51.92,15,21
5825,67.14,26,29.84,69.18,15,21
5823,88.75,23,22.08,60.68,15,21
5824,44.98,12,31.88,68.27,15,21
5826,73.37,18,27.13,85.32,15,21
5828,109.51,31,33.23,48.13,15,21
5827,96.63,26,23.93,57.49,15,21
5830,26.89,12,5.53,50.14,15,21
5832,1.12,8,30.29,68.69,15,21
5833,2.69,9,58.39,51.31,15,21
5833,2.01,6,32.19,51.32,15,21
5835,85.33,34,27.09,58.43,15,21
5833,57.87,20,34.93,48.8,15,21
5834,47.17,31,5.53,40.95,15,21
5836,132.77120000000002,34,27.91,41.78,15,21
5838,69.53,32,7.48,57.41,15,21
5840,3.73,8,34.24,85.97,15,21
5838,0.55,7,31.16,63.13,15,21
5839,38.84,12,28.17,46.77,15,21
5842,30.99,16,46.97,66.56,15,21
5841,65.01,24,20.78,91.48,15,21
5844,97.61,31,24.04,55.35,15,21
5843,75.43,19,27.59,61.27,15,21
5845,0.57,2,51.79,68.73,15,21
5846,108.74,26,24.73,46.72,15,21
5847,23.61,13,22.24,19.57,15,21
5850,132.77120000000002,35,32.46,47.12,15,21
5850,35.86,22,6.26,87.58,15,21
5849,2.85,4,26.96,57.51,15,21
5853,90.68,22,21.45,47.2,15,21
5852,2.96,2,56.11,57.7,15,21
5853,50.94,33,9.88,15.79,15,21
5856,115.47,28,21.01,48.97,15,21
5854,41.08,14,22.48,92.39,15,21
5858,1.02,6,23.21,54.07,15,21
5858,32.6,12,28.85,93.28,15,21
5858,100.29,27,30.98,68.37,15,21
5860,40.46,19,46.95,50.38,15,21
5862,103.38,27,30.87,60.72,15,21
5860,0.18,3,32.1,59.88,15,21
5861,52.68,18,25.5,54.42,15,21
5862,113.25,35,33.57,41.9,15,21
5866,4.37,11,30.33,51.66,15,21
5866,29.5,13,56.29,56.75,15,21
5865,2.22,11,31.82,40.17,15,21
5868,2.5,6,22.92,93.71,15,21
5868,66.09,19,33.97,61.34,15,21
5868,96.04,33,33.96,68.8,15,21
5872,96.28,30,34.23,61.62,15,21
5873,47.73,29,6.15,60.67,15,21
5872,0.29,2,20.62,17.55,15,21
5873,62.87,19,24.44,42.49,15,21
5873,128.38,35,26.69,59.62,15,21
5877,41.27,31,49.57,90.21,15,21
5875,4.39,11,29.92,66.16,15,21
5878,30.09,12,23.99,43.69,15,21
5878,77.67,29,25.3,40.84,15,22
5879,74.83,23,29.35,49.58,15,22
5880,32.87,12,27.5,41.59,15,22
5882,79.03,19,28.44,86.66,15,22
5882,3.01,8,33.62,94.03,15,22
5882,4.95,5,27.06,40.72,15,22
5885,1.99,1,24.12,66.5,15,22
5887,40.13,22,34.78,14.37,15,22
5885,73.59,23,30.96,57.26,15,22
5886,57.33,30,54.95,69.25,15,22
5889,4.86,3,7.63,18.48,15,22
5889,40.74,13,28.96,88.87,15,22
5890,3.41,9,27.33,11.14,15,22
5891,22.58,14,48.89,92.28,15,22
5893,24.13,13,55.94,53.61,15,22
5892,59.36,15,25.21,48.3,15,22
5896,2.53,5,26.21,51.09,15,22
5895,83.71,27,23.52,44.42,15,22
5895,2.66,11,9.24,68.1,15,22
5899,0.93,7,21.54,50.95,15,22
5899,3.78,3,25.17,56.69,15,22
5898,1.19,5,45.88,89.82,15,22
5899,65.13,23,24.7,48.31,15,22
5901,70.73,32,52.37,48.75,15,22
5904,2.04,3,33.13,49.13,15,22
5902,73.56,21,34.78,49.14,15,22
5903,116.68,34,32.19,46.74,15,22
5907,4.2,1,55.23,66.53,15,22
5908,2.81,11,24.79,89.32,15,22
5907,4.44,11,7.61,52.81,15,22
5909,56.47,22,29.06,54.05,15,22
5908,43.42,12,21.08,64.41,15,22
5912,41.87,15,22.03,48.44,15,22
5913,113.0,27,26.78,87.05,15,22
5913,4.85,8,34.18,59.37,15,22
5915,57.46,19,24.04,60.23,15,22
5916,33.07,20,8.12,52.45,15,22
5914,4.24,3,7.22,18.95,15,22
5918,127.81,35,23.51,53.86,15,22
5917,3.22,4,28.77,41.83,15,22
5920,0.88,7,8.72,43.34,15,22
5921,69.28,24,34.0,50.84,15,22
5922,88.21,28,30.89,43.56,15,22
5922,22.26,20,46.29,18.97,15,22
5923,38.07,14,30.12,40.68,15,22
5924,43.62,13,30.71,45.89,15,22
5924,132.77120000000002,35,20.87,47.49,15,22
5924,3.91,8,8.56,55.49,15,22
5926,1.78,5,29.97,61.01,15,22
5927,31.08,13,29.56,15.05,15,22
5927,58.89,23,33.93,94.03,15,22
5930,1.83,9,6.29,11.14,15,22
5931,28.88,14,22.61,91.0,15,22
5931,46.47,15,26.98,57.99,15,22
5934,2.76,4,27.48,40.19,15,22
5935,131.22,34,24.97,40.29,15,22
5934,56.86,20,20.61,14.8,15,22
5937,4.65,11,26.49,42.9,15,22
5936,4.96,8,33.89,53.2,15,22
5938,3.26,3,5.81,52.8,15,22
5938,2.44,5,28.41,41.33,15,23
5940,4.93,6,26.65,51.23,15,23
5941,0.98,1,50.42,52.67,15,23
5942,49.08,19,31.72,51.33,15,23
5941,26.85,12,45.02,52.07,15,23
5942,97.03,25,34.0,65.89,15,23
5943,104.11,31,22.51,58.94,15,23
5945,41.36,17,34.64,13.51,15,23
5945,51.84,17,22.27,67.96,15,23
5948,4.51,7,46.9,59.55,15,23
5950,63.69,32,9.39,69.11,15,23
5950,54.42,15,21.65,45.24,15,23
5951,3.17,11,23.68,68.55,15,23
5950,40.67,14,23.33,86.38,15,23
5953,2.34,4,34.59,54.9,15,23
5955,1.6,5,33.43,61.92,15,23
5954,132.38,34,33.24,52.93,15,23
5956,2.71,10,51.82,48.39,15,23
5958,69.29,27,25.44,42.51,15,23
5959,25.61,17,9.87,60.82,15,23
5960,82.74,32,31.15,94.03,15,23
5959,68.99,17,32.77,64.32,15,23
5962,113.81,31,25.39,47.5,15,23
5963,58.98,33,30.38,94.03,15,23
5962,2.71,5,31.16,41.59,15,23
5964,104.92,28,29.41,56.87,15,23
5965,1.55,11,30.8,56.87,15,23
5967,36.9,16,26.99,92.79,15,23
5966,0.91,4,31.31,59.78,15,23
5969,66.63,28,34.49,14.24,15,23
5970,112.94,28,21.56,66.44,15,23
5970,21.1,14,48.95,61.05,15,23
5971,98.56,28,24.08,53.71,15,23
5972,40.81,16,23.59,19.46,15,23
5972,55.27,28,24.66,93.52,15,23
5972,90.0,26,24.08,53.29,15,23
5974,64.06,16,23.06,54.82,15,23
5977,0.57,2,31.57,63.32,15,23
5978,0.98,1,7.49,45.43,15,23
5977,68.76,17,31.24,87.35,15,23
5980,111.95,33,23.55,48.22,15,23
5981,3.09,5,31.0,19.06,15,23
5981,68.75,18,25.42,52.14,15,23
5982,3.59,1,26.6,57.99,15,23
5981,2.51,6,23.48,61.92,15,23
5982,1.88,3,28.54,93.78,15,23
5983,94.27,34,34.63,54.76,15,23
5986,34.84,15,58.45560000000002,40.74,15,23
5988,89.73,28,27.25,69.62,15,23
5986,29.38,17,47.96,53.04,15,23
5989,3.55,9,58.45560000000002,62.81,15,23
5991,74.24,32,6.17,66.42,15,23
5989,4.01,10,23.01,56.44,15,23
5990,31.96,18,27.77,14.76,15,23
5994,90.99,30,31.79,40.35,15,23
5995,94.6,33,29.49,43.28,15,23
5994,1.2,10,29.61,17.15,15,23
5996,3.51,3,34.94,68.04,15,23
5998,53.25,14,34.15,66.11,15,23
5996,2.81,5,30.81,62.85,15,23
5997,24.2,16,58.45560000000002,54.16,15,24
5998,2.4,7,56.75,64.23,15,24
6001,0.2,5,31.2,52.69,15,24
6002,29.7,16,28.62,11.14,15,24
6002,1.37,7,32.6,58.48,15,24
6004,1.74,5,32.41,54.06,15,24
6006,2.94,4,9.28,52.77,15,24
6005,4.8,11,25.32,63.83,15,24
6005,64.29,27,9.49,51.35,15,24
6008,0.66,4,31.8,59.29,15,24
6008,43.06,17,32.38,62.78,15,24
6009,1.45,8,34.57,47.11,15,24
6010,20.31,12,5.72,12.79,15,24
6013,61.37,22,25.13,65.79,15,24
6012,120.76,29,28.23,43.13,15,24
6012,1.83,2,22.63,92.74,15,24
6013,62.07,20,29.86,45.11,15,24
6016,132.77120000000002,33,20.58,69.82,15,24
6015,39.16,30,8.97,12.24,15,24
6018,90.13,23,29.8,65.81,15,24
6017,26.47,12,30.83,17.88,15,24
6018,52.94,27,27.57,19.65,15,24
6022,71.71,25,29.33,45.4,15,24
6023,1.83,9,26.55,52.14,15,24
6021,3.23,10,23.76,65.14,15,24
6024,58.58,25,55.6,63.31,15,24
6024,114.29,34,24.76,46.11,15,24
6027,2.08,4,33.96,43.96,15,24
6025,3.01,8,20.52,43.97,15,24
6029,81.75,26,29.73,42.87,15,24
6029,107.06,35,21.63,59.75,15,24
6028,89.38,29,26.57,67.97,15,24
6029,3.95,4,51.07,92.35,15,24
6033,2.84,4,21.2,66.51,15,24
6032,42.33,12,25.7,62.21,15,24
6032,104.82,26,26.54,52.11,15,24
6035,120.0,32,34.6,58.88,15,24
6037,62.74,23,33.52,18.93,15,24
6035,119.95,31,29.79,67.18,15,24
6038,2.15,8,22.51,46.8,15,24
6038,97.57,31,34.06,60.02,15,24
6041,46.48,12,29.17,65.77,15,24
6042,1.25,6,20.68,51.47,15,24
6043,71.04,18,31.22,48.67,15,24
6041,50.77,18,25.02,46.62,15,24
6043,2.77,2,22.41,89.13,15,24
6044,66.22,23,28.42,58.61,15,24
6044,86.36,29,33.02,46.79,15,24
6045,124.15,34,25.25,68.2,15,24
6049,64.47,17,25.2,62.84,15,24
6049,87.94,32,27.13,93.14,15,24
6049,99.32,33,34.45,67.93,15,24
6051,119.07,30,27.24,43.45,15,24
6051,65.6,17,29.93,63.75,15,24
6052,43.56,21,6.44,57.63,15,24
6054,36.38,18,52.56,65.84,15,24
6055,27.91,15,20.21,17.43,15,24
6054,70.58,20,26.93,86.21,15,24
6056,1.06,9,25.83,40.91,15,24
6056,72.75,19,22.53,55.77,15,24
6058,61.35,24,26.34,58.25,15,25
6058,112.95,32,24.57,67.59,15,25
6062,52.45,18,20.98,57.24,15,25
6060,88.57,26,25.82,42.2,15,25
6063,66.97,28,56.25,48.74,15,25
6064,57.77,17,32.67,56.86,15,25
6063,4.41,11,26.26,69.07,15,25
6064,84.06,30,21.84,47.52,15,25
6066,104.1,34,21.67,46.84,15,25
6066,127.33,33,21.72,45.19,15,25
6067,91.42,22,29.27,68.29,15,25
6068,118.77,30,29.53,54.16,15,25
6070,1.0,11,45.73,52.76,15,25
6071,41.44,20,47.23,55.12,15,25
6071,94.93,33,30.39,11.14,15,25
6074,75.91,22,24.58,53.62,15,25
6073,110.53,27,27.03,85.31,15,25
6075,112.38,33,27.56,61.55,15,25
6078,111.54,32,22.93,43.7,15,25
6076,80.81,26,31.69,53.08,15,25
6078,77.34,27,23.22,65.69,15,25
6079,4.11,2,27.89,46.04,15,25
6082,51.48,27,23.55,14.04,15,25
6083,1.55,9,20.68,41.85,15,25
6082,0.46,10,22.1,41.65,15,25
6085,48.25,12,23.96,48.11,15,25
6084,1.28,10,26.3,63.21,15,25
6086,81.6,22,26.11,63.62,15,25
6087,1.49,6,25.34,43.48,15,25
6087,73.03,26,29.71,17.19,15,25
6088,4.81,11,25.82,69.16,15,25
6091,4.38,2,26.59,11.77,15,25
6091,83.67,22,26.22,52.14,15,25
6090,3.49,11,20.93,66.29,15,25
6094,104.93,33,28.33,44.63,15,25
6093,3.0,8,28.63,54.6,15,25
6095,117.12,35,34.49,47.89,15,25
6094,64.77,16,30.67,46.9,15,25
6098,0.18,6,24.96,17.5,15,25
6096,42.82,17,26.4,55.61,15,25
6100,75.07,22,26.79,46.36,15,25
6099,68.33,34,21.58,17.14,15,25
6102,0.18,9,26.93,88.46,15,25
6101,2.78,2,26.07,40.91,15,25
6103,53.37,25,31.97,18.12,15,25
6105,39.1,18,20.87,92.18,15,25
6104,70.62,19,27.8,42.96,15,25
6106,0.82,7,24.36,68.72,15,25
6105,68.03,17,28.44,44.6,15,25
6109,121.19,34,22.5,62.85,15,25
6108,43.32,14,26.87,65.46,15,25
6110,45.64,15,32.74,44.6,15,25
6110,0.18,4,21.93,60.29,15,25
6112,31.08,13,53.13,64.54,15,25
6111,3.46,2,31.22,59.02,15,25
6115,48.52,17,25.32,52.01,15,25
6113,94.73,28,20.04,68.82,15,25
6115,114.35,32,29.11,40.44,15,25
6116,49.63,18,24.35,46.81,15,25
6116,2.59,9,6.8,18.58,15,25
6120,77.05,23,34.49,45.56,15,26
6118,132.77120000000002,35,29.35,69.29,15,26
6121,84.66,21,24.3,46.17,15,26
6121,69.98,18,33.62,55.94,15,26
6122,125.47,34,24.93,59.04,15,26
6122,1.86,4,32.57,49.2,15,26
6123,54.6,18,34.43,47.01,15,26
6127,31.63,18,34.88,12.37,15,26
6126,95.64,27,34.37,86.24,15,26
6129,1.15,4,31.34,56.37,15,26
6127,0.48,5,27.37,57.65,15,26
6128,32.91,14,53.28,85.76,15,26
6130,3.79,4,30.14,47.26,15,26
6132,80.62,21,30.22,69.77,15,26
6134,0.18,6,27.41,65.27,15,26
6133,61.72,35,28.69,14.62,15,26
6133,40.98,15,30.44,50.04,15,26
6136,60.06,16,22.47,50.44,15,26
6136,22.16,15,48.05,11.96,15,26
6138,1.15,1,24.41,56.23,15,26
6140,53.8,14,26.96,85.09,15,26
6140,2.39,9,32.59,50.47,15,26
6139,3.6,9,22.77,89.45,15,26
6143,74.42,25,33.93,87.57,15,26
6143,67.46,19,30.03,44.45,15,26
6142,132.77120000000002,35,27.5,64.15,15,26
6145,4.56,2,30.87,14.97,15,26
6147,0.19,9,22.96,46.02,15,26
6148,1.26,11,21.72,60.02,15,26
6148,50.14,22,6.59,64.05,15,26
6148,0.73,10,31.73,40.78,15,26
6150,105.93,28,22.58,65.2,15,26
6152,118.07,34,28.66,47.17,15,26
6153,54.58,15,28.5,57.48,15,26
6151,3.77,11,29.86,44.3,15,26
6155,2.15,10,30.92,61.04,15,26
6156,2.59,8,7.73,85.29,15,26
6156,82.38,32,21.73,65.93,15,26
6157,73.82,24,30.63,44.08,15,26
6157,38.14,13,27.52,11.14,15,26
6157,4.24,7,20.76,42.14,15,26
6161,65.16,25,25.68,68.87,15,26
6161,131.29,35,31.46,44.0,15,26
6163,83.39,23,33.3,68.72,15,26
6161,4.1,3,27.34,56.42,15,26
6164,76.26,25,29.95,55.06,15,26
6163,84.67,24,23.33,59.18,15,26
6164,0.21,6,23.71,15.74,15,26
6166,78.81,27,29.4,59.73,15,26
6169,77.69,32,26.55,19.2,15,26
6170,50.33,21,57.0,47.7,15,26
6169,96.37,29,28.52,51.67,15,26
6171,49.57,16,27.44,60.9,15,26
6170,1.99,6,32.51,54.02,15,26
6172,4.23,2,24.91,92.39,15,26
6175,45.18,16,28.25,44.75,15,26
6175,35.32,17,6.9,40.16,15,26
6176,26.45,13,9.9,46.93,15,26
6176,93.21,30,29.7,42.57,15,26
6176,78.57,24,21.89,65.88,15,26
6179,43.03,22,58.45560000000002,86.54,15,27
6179,61.68,18,26.5,43.37,15,27
6180,36.45,18,52.3,51.52,15,27
6182,4.54,7,33.96,52.51,15,27
6182,76.52,21,20.08,58.89,15,27
6185,1.52,7,58.41,88.5,15,27
6183,70.4,27,34.85,64.88,15,27
6186,76.36,19,30.54,53.16,15,27
6187,106.04,30,22.56,58.89,15,27
6186,53.88,24,5.86,59.46,15,27
6187,57.1,20,29.96,13.06,15,27
6190,68.45,18,33.88,57.97,15,27
6192,0.18,11,23.23,18.18,15,27
6192,0.6,2,28.39,19.88,15,27
6193,40.51,25,48.3,51.12,15,27
6193,3.39,2,52.46,89.69,15,27
6195,95.96,25,22.22,40.23,15,27
6194,3.55,8,29.55,94.03,15,27
6197,24.25,20,8.59,11.14,15,27
6196,2.34,8,32.0,67.04,15,27
6197,32.28,12,21.56,16.59,15,27
6199,76.03,21,26.72,67.64,15,27
6201,79.42,19,25.78,63.83,15,27
6203,57.23,33,8.49,69.89,15,27
6202,126.43,31,26.01,86.61,15,27
6203,97.54,34,20.91,52.46,15,27
6203,48.47,12,27.23,69.85,15,27
6204,46.44,21,48.63,86.27,15,27
6205,3.95,4,24.96,63.01,15,27
6207,117.98,29,34.32,69.52,15,27
6209,66.04,19,30.9,46.36,15,27
6208,2.39,7,30.53,67.98,15,27
6212,55.68,31,45.33,64.71,15,27
6213,85.44,22,28.25,86.75,15,27
6211,63.31,18,34.62,66.5,15,27
6213,87.19,24,20.44,69.83,15,27
6213,66.39,20,20.07,89.38,15,27
6214,0.85,11,34.85,91.45,15,27
6218,99.68,27,20.27,52.96,15,27
6218,36.54,21,8.4,87.57,15,27
6220,2.22,11,31.37,94.03,15,27
6220,83.75,24,27.12,68.75,15,27
6219,42.99,17,33.09,45.25,15,27
6220,55.36,31,48.45,41.79,15,27
6223,0.86,5,53.48,59.06,15,27
6225,127.58,34,31.65,55.68,15,27
6224,83.16,20,24.71,62.23,15,27
6226,64.75,25,21.14,43.16,15,27
6227,4.81,8,24.8,44.66,15,27
6229,79.67,24,23.41,46.59,15,27
6228,42.13,14,27.17,52.63,15,27
6230,4.77,2,29.09,67.2,15,27
6229,69.52,19,22.95,43.05,15,27
6231,0.32,1,30.32,67.93,15,27
6232,65.77,28,58.45560000000002,55.94,15,27
6235,42.57,18,10.0,41.07,15,27
6234,27.11,13,48.45,41.47,15,27
6235,44.3,12,20.26,54.46,15,27
6235,2.05,1,34.89,14.27,15,27
6237,44.42,12,32.39,51.78,15,27
6239,38.09,16,33.39,14.36,15,28
6240,1.72,10,48.12,67.56,15,28
6239,96.24,25,22.72,43.0,15,28
6241,64.68,20,29.57,50.11,15,28
6241,96.36,32,24.8,55.46,15,28
6242,0.18,1,27.26,44.62,15,28
6243,39.41,12,26.38,64.99,15,28
6244,75.18,21,26.47,64.51,15,28
6247,3.72,9,25.97,63.06,15,28
6247,54.97,17,23.28,55.59,15,28
6249,4.49,11,9.6,46.39,15,28
6251,2.74,9,23.86,43.67,15,28
6252,132.77120000000002,33,21.32,41.67,15,28
6252,31.56,30,47.64,11.67,15,28
6251,63.34,17,20.98,48.37,15,28
6254,64.16,21,28.55,55.79,15,28
6253,4.58,9,52.89,46.54,15,28
6256,88.91,23,27.93,49.05,15,28
6255,43.45,15,29.46,41.56,15,28
6256,60.94,18,21.45,65.34,15,28
6257,104.29,31,33.29,50.81,15,28
6260,64.37,31,28.07,17.99,15,28
6259,3.81,4,54.24,69.03,15,28
6260,116.91,28,26.75,61.74,15,28
6263,92.84,25,22.32,68.06,15,28
6264,3.04,9,27.38,18.74,15,28
6266,62.1,22,25.07,94.03,15,28
6265,106.11,32,32.07,50.88,15,28
6266,2.9,3,32.06,40.38,15,28
6269,104.08,35,30.62,68.41,15,28
6267,46.86,12,26.36,49.63,15,28
6269,85.33,27,33.71,52.53,15,28
6271,110.68,27,33.61,60.38,15,28
6270,132.77120000000002,35,33.7,44.09,15,28
6272,1.15,7,21.37,90.87,15,28
6275,52.57,23,51.23,67.71,15,28
6273,2.43,9,21.62,47.64,15,28
6277,89.52,31,27.73,40.71,15,28
6276,51.98,32,7.93,51.8,15,28
6278,2.95,8,30.98,40.83,15,28
6279,103.3,30,27.21,59.24,15,28
6280,61.44,25,49.6,62.23,15,28
6279,39.49,15,30.69,41.63,15,28
6280,3.63,2,28.21,51.03,15,28
6283,72.55,19,33.99,57.47,15,28
6284,94.8,28,27.57,47.48,15,28
6284,0.53,3,32.8,65.43,15,28
6286,0.25,3,34.69,57.33,15,28
6287,52.35,14,31.94,63.0,15,28
6288,61.35,23,32.82,67.78,15,28
6290,0.59,5,21.42,49.59,15,28
6291,76.25,28,34.05,63.98,15,28
6290,123.56,34,22.74,49.02,15,28
6292,79.84,24,32.46,44.56,15,28
6291,129.08,32,20.19,47.1,15,28
6292,4.05,4,51.92,50.42,15,28
6293,97.12,24,26.51,50.28,15,28
6297,132.29,35,21.96,42.88,15,28
6295,73.42,23,30.69,57.31,15,28
6299,122.4,31,22.02,88.13,15,28
6297,1.11,11,9.94,58.49,15,29
6298,80.38,30,25.23,90.09,15,29
6301,129.03,31,27.25,85.56,15,29
6301,39.99,14,33.13,62.49,15,29
6304,100.06,35,31.59,53.92,15,29
6302,126.1,34,24.41,54.24,15,29
6304,81.64,32,21.47,17.6,15,29
6305,87.54,28,28.68,54.47,15,29
6306,1.05,4,26.9,19.02,15,29
6309,48.95,14,23.91,45.55,15,29
6309,118.65,30,23.69,41.11,15,29
6309,3.8,7,24.94,45.27,15,29
6312,61.84,17,34.07,47.35,15,29
6312,64.09,32,7.75,43.64,15,29
6313,2.57,11,21.26,65.25,15,29
6312,0.91,8,27.8,56.22,15,29
6316,52.96,13,32.77,43.74,15,29
6314,69.69,22,25.98,50.73,15,29
6317,3.38,4,25.14,53.86,15,29
6318,97.13,30,26.94,86.19,15,29
6319,77.18,21,26.92,43.85,15,29
6320,84.73,31,26.04,88.18,15,29
6321,41.51,17,6.87,66.99,15,29
6320,2.23,4,32.13,41.95,15,29
6324,0.75,2,21.86,61.89,15,29
6324,4.21,10,26.74,54.33,15,29
6324,3.64,3,24.73,51.21,15,29
6326,49.93,29,6.56,53.33,15,29
6328,53.54,16,24.79,47.95,15,29
6328,41.03,14,21.26,11.14,15,29
6329,1.3,8,57.42,56.44,15,29
6330,57.6,22,22.55,11.14,15,29
6331,2.16,11,20.45,52.6,15,29
6330,43.74,17,32.25,69.6,15,29
6333,0.25,7,20.58,59.02,15,29
6333,3.94,1,32.38,40.3,15,29
6333,128.87,31,23.14,60.85,15,29
6337,3.62,6,8.43,52.81,15,29
6336,117.76,31,33.5,54.57,15,29
6336,38.49,19,9.31,68.76,15,29
6339,66.99,22,29.76,52.73,15,29
6341,64.96,21,27.75,54.58,15,29
6342,40.23,15,34.34,90.73,15,29
6340,43.91,16,22.08,53.77,15,29
6344,1.93,7,29.1,61.75,15,29
6343,1.52,10,27.31,64.76,15,29
6344,66.16,34,24.03,93.79,15,29
6345,2.57,6,25.97,53.42,15,29
6345,81.78,34,8.81,56.1,15,29
6347,44.64,16,32.43,50.23,15,29
6348,115.24,33,25.07,40.42,15,29
6348,69.59,20,24.67,64.38,15,29
6352,2.56,11,28.59,53.26,15,29
6353,4.98,8,31.79,48.48,15,29
6353,1.82,11,30.37,56.26,15,29
6353,81.91,25,29.02,56.14,15,29
6354,3.32,2,34.11,66.69,15,29
6354,61.95,29,23.49,18.21,15,29
6358,37.97,12,20.26,63.65,15,29
6356,61.2,17,21.64,46.18,15,29
6360,0.79,1,23.02,69.57,15,30
6360,42.75,17,27.62,64.46,15,30
6361,70.37,28,30.25,64.03,15,30
6360,44.14,12,32.37,87.03,15,30
6363,2.65,10,20.98,64.09,15,30
6365,3.58,1,32.53,52.49,15,30
6364,4.86,10,22.17,85.53,15,30
6365,99.07,34,30.33,50.71,15,30
6367,86.74,28,30.76,44.34,15,30
6367,55.77,16,25.8,50.53,15,30
6367,126.85,34,21.48,87.34,15,30
6370,32.83,18,52.87,43.14,15,30
6371,31.34,25,46.48,15.59,15,30
6373,1.55,5,33.57,85.39,15,30
6371,56.53,28,24.07,91.43,15,30
6374,0.18,5,27.03,65.29,15,30
6375,123.49,31,32.29,59.44,15,30
6375,64.79,18,21.77,43.55,15,30
6378,118.98,30,33.24,53.54,15,30
6379,0.91,10,23.68,43.79,15,30
6378,67.89,32,29.92,16.53,15,30
6379,95.14,27,23.98,65.17,15,30
6382,49.12,17,34.6,12.18,15,30
6380,3.51,1,30.24,94.03,15,30
6382,32.53,23,8.04,19.39,15,30
6383,87.52,28,20.11,48.58,15,30
6384,3.62,11,30.13,68.48,15,30
6384,0.18,9,20.04,47.78,15,30
6388,106.0,29,26.89,52.34,15,30
6387,30.35,12,23.35,17.64,15,30
6388,1.25,4,34.59,54.14,15,30
6388,87.88,35,24.0,18.72,15,30
6392,101.98,29,24.94,68.27,15,30
6390,84.0,30,25.27,47.65,15,30
6391,61.46,21,23.66,50.8,15,30
6394,63.13,24,29.08,41.71,15,30
6395,53.44,16,33.62,66.28,15,30
6394,0.72,7,6.21,56.81,15,30
6396,110.34,32,32.74,64.86,15,30
6396,86.79,31,20.91,59.43,15,30
6399,102.52,27,28.28,45.91,15,30
6398,71.97,20,31.08,70.0,15,30
6402,0.95,9,20.25,48.12,15,30
6403,91.27,24,24.31,56.9,15,30
6402,4.99,4,31.04,42.49,15,30
6402,52.0,34,8.12,13.84,15,30
6405,71.5,35,31.54,11.14,15,30
6407,89.67,35,33.68,87.35,15,30
6407,4.44,2,20.1,57.84,15,30
6409,30.72,15,26.31,14.25,15,30
6409,101.52,29,34.43,68.15,15,30
6411,0.43,9,34.23,12.64,15,30
6409,51.44,31,5.67,69.17,15,30
6413,96.79,33,27.72,60.37,15,30
6412,32.24,12,23.72,68.59,15,30
6415,24.12,13,50.63,40.52,15,30
6413,37.33,24,9.14,61.73,15,30
6415,35.09,13,33.17,47.81,15,30
6417,132.77120000000002,32,20.0,54.39,15,30
6417,124.86,30,20.13,68.74,15,30
6417,3.5,8,21.41,68.14,15,31
6420,71.71,19,30.38,64.95,15,31
6422,0.86,2,28.38,46.51,15,31
6421,84.33,23,32.27,46.1,15,31
6424,2.95,11,25.88,13.66,15,31
6425,40.07,23,6.17,49.73,15,31
6426,48.94,16,28.37,61.35,15,31
6425,92.79,33,28.9,52.41,15,31
6426,105.96,29,34.73,52.74,15,31
6429,1.42,5,6.95,65.54,15,31
6429,32.27,18,48.31,59.38,15,31
6429,2.6,6,23.88,59.98,15,31
6429,35.97,23,8.67,54.59,15,31
6433,3.87,3,47.59,86.07,15,31
6434,0.66,3,33.43,42.91,15,31
6435,1.58,9,34.01,57.07,15,31
6435,123.73,35,30.42,40.29,15,31
6435,89.41,32,20.44,52.84,15,31
6438,37.51,20,32.75,12.39,15,31
6437,76.4,26,28.45,64.75,15,31
6437,2.94,9,22.74,52.76,15,31
6441,1.14,2,26.39,92.37,15,31
6442,40.55,14,32.19,57.54,15,31
6440,57.85,22,20.72,65.28,15,31
6443,57.38,22,24.97,52.73,15,31
6444,132.77120000000002,35,25.79,48.1,15,31
6443,44.58,16,23.19,61.12,15,31
6446,57.85,15,25.52,56.58,15,31
6445,1.52,3,27.73,60.75,15,31
6446,114.21,29,28.72,47.12,15,31
6448,68.56,32,46.24,69.61,15,31
6450,53.18,15,28.92,41.61,15,31
6450,1.3,7,32.6,12.93,15,31
6450,2.91,2,21.15,42.99,15,31
6454,35.79,17,9.0,43.17,15,31
6453,64.89,22,29.06,43.34,15,31
6454,4.39,2,25.24,60.14,15,31
6454,128.78,31,31.47,59.92,15,31
6458,124.5,30,33.91,45.74,15,31
6459,2.29,7,46.94,57.83,15,31
6460,60.67,15,20.15,89.93,15,31
6460,40.61,22,52.95,43.36,15,31
6459,107.69,27,27.7,49.14,15,31
6461,3.43,5,22.2,40.68,15,31
6461,33.76,19,20.17,12.3,15,31
6463,31.87,15,56.66,85.32,15,31
6464,3.41,11,28.46,65.61,15,31
6465,104.16,30,30.64,66.01,15,31
6465,73.64,19,30.9,63.62,15,31
6466,1.6,4,34.88,60.86,15,31
6467,65.53,25,30.79,52.12,15,31
6470,88.08,35,29.22,64.39,15,31
6470,28.73,13,57.75,61.86,15,31
6472,52.69,28,29.84,18.04,15,31
6474,88.84,32,20.9,64.68,15,31
6475,43.85,16,28.19,52.0,15,31
6475,70.37,22,34.33,47.65,15,31
6474,80.28,31,30.59,54.81,15,31
6478,46.18,21,51.92,49.9,15,31
6477,132.77120000000002,35,23.35,67.3,15,31
6478,46.05,18,24.16,60.53,15,32
6479,23.75,15,6.47,12.45,15,32
6480,116.4,30,21.91,50.06,15,32
6480,22.47,13,45.16,94.03,15,32
6483,0.94,3,21.93,67.81,15,32
6485,47.84,24,7.77,50.75,15,32
6485,19.92,12,54.65,86.29,15,32
6487,28.0,12,53.52,49.55,15,32
6485,48.6,19,32.91,47.82,15,32
6489,1.16,10,7.55,66.41,15,32
6488,1.53,3,23.13,15.52,15,32
6489,0.5,11,22.28,65.12,15,32
6489,67.47,30,20.66,94.03,15,32
6490,0.2,9,24.92,41.46,15,32
6492,0.71,7,28.92,57.66,15,32
6495,38.94,13,32.53,40.64,15,32
6496,36.51,23,8.43,50.51,15,32
6495,99.92,24,29.5,62.23,15,32
6496,3.3,2,26.09,49.23,15,32
6496,72.76,19,33.44,49.14,15,32
6499,74.51,35,9.48,65.54,15,32
6500,4.9,11,22.6,53.65,15,32
6500,1.41,5,24.33,54.48,15,32
6503,39.45,19,6.04,57.47,15,32
6504,63.65,19,34.52,51.98,15,32
6505,2.39,6,24.32,40.77,15,32
6506,38.93,24,45.14,50.64,15,32
6505,0.18,4,21.26,66.61,15,32
6508,2.31,9,25.39,11.22,15,32
6507,96.22,30,20.48,49.73,15,32
6507,45.54,13,30.24,68.16,15,32
6511,4.84,6,22.18,16.73,15,32
6511,36.12,21,54.2,59.18,15,32
6512,54.07,30,58.45560000000002,56.15,15,32
6513,2.83,1,22.81,43.53,15,32
6513,35.6,14,30.08,63.87,15,32
6513,82.51,30,33.0,47.29,15,32
6516,4.05,7,30.77,52.26,15,32
6515,109.84,33,33.05,45.98,15,32
6516,0.82,3,27.14,51.09,15,32
6519,48.16,16,23.18,88.26,15,32
6520,51.31,27,23.88,93.64,15,32
6521,122.15,31,31.82,65.11,15,32
6521,75.69,23,25.48,68.46,15,32
6524,0.19,1,5.53,54.63,15,32
6525,33.56,15,57.16,52.64,15,32
6523,69.2,17,21.87,47.64,15,32
6524,52.29,15,26.02,41.39,15,32
6525,3.49,7,32.37,93.47,15,32
6526,77.24,20,32.67,68.77,15,32
6528,27.39,19,7.3,17.57,15,32
6531,3.51,9,32.68,90.42,15,32
6530,105.67,28,30.26,85.56,15,32
6533,30.64,17,7.18,49.25,15,32
6531,60.33,24,31.21,69.22,15,32
6533,42.2,25,49.99,48.15,15,32
6536,35.04,14,25.46,57.59,15,32
6537,1.28,1,22.56,66.32,15,32
6535,58.59,18,20.61,41.14,15,32
6538,0.27,2,31.36,41.81,15,32
6539,36.65,18,21.16,93.86,15,33
6538,33.27,24,58.45560000000002,19.22,15,33
6542,3.3,3,34.81,14.75,15,33
6541,57.86,31,6.31,66.02,15,33
6542,55.11,20,23.09,66.96,15,33
6544,40.87,26,58.45560000000002,56.6,15,33
6543,97.91,25,27.92,56.8,15,33
6546,68.31,25,21.31,57.88,15,33
6548,42.97,22,25.2,91.07,15,33
6548,25.67,13,57.76,58.49,15,33
6550,112.53,34,24.51,47.4,15,33
6550,108.9,31,32.77,44.69,15,33
6549,3.65,4,20.66,48.24,15,33
6553,4.93,6,58.45560000000002,59.07,15,33
6553,113.12,31,21.17,59.3,15,33
6555,62.36,23,25.24,43.15,15,33
6553,102.82,28,22.96,43.17,15,33
6557,0.35,6,28.99,15.45,15,33
6556,40.32,16,25.84,18.81,15,33
6558,1.23,6,23.03,93.54,15,33
6558,60.95,23,31.33,64.26,15,33
6558,46.55,27,5.67,86.56,15,33
6559,79.99,31,26.43,53.95,15,33
6560,45.42,21,8.3,47.74,15,33
6562,4.02,11,29.49,17.05,15,33
6563,67.73,21,20.82,69.44,15,33
6566,117.77,33,26.1,61.61,15,33
6566,45.08,12,21.42,68.1,15,33
6566,33.72,22,5.88,43.47,15,33
6567,75.31,33,34.39,19.28,15,33
6569,0.96,4,25.24,54.67,15,33
6569,56.32,28,58.45560000000002,44.84,15,33
6569,36.42,12,22.7,56.36,15,33
6573,86.7,31,32.46,59.47,15,33
6574,70.18,34,57.02,47.59,15,33
6574,74.38,22,34.35,67.83,15,33
6576,35.2,12,20.73,63.85,15,33
6575,63.4,33,31.63,11.14,15,33
6578,30.74,25,58.45560000000002,13.88,15,33
6579,63.79,35,24.29,12.14,15,33
6578,38.55,19,22.77,12.4,15,33
6578,63.57,25,28.98,86.48,15,33
6579,0.18,4,26.52,18.71,15,33
6580,0.57,9,24.86,53.82,15,33
6582,40.84,15,20.73,19.89,15,33
6583,74.0,30,21.29,11.14,15,33
6583,4.38,10,30.41,66.54,15,33
6584,40.37,14,33.9,19.63,15,33
6587,88.98,33,26.53,65.58,15,33
6589,97.86,29,33.75,66.55,15,33
6589,70.87,17,30.47,52.24,15,33
6590,46.29,12,32.99,61.3,15,33
6589,40.34,16,24.43,47.92,15,33
6590,63.85,16,33.05,60.13,15,33
6594,93.15,34,30.79,53.14,15,33
6592,3.3,10,20.46,46.57,15,33
6595,0.44,5,21.86,40.96,15,33
6597,93.92,35,24.12,46.15,15,33
6597,36.01,14,32.26,67.53,15,33
6597,120.42,32,30.74,52.67,15,33
6600,47.78,16,33.69,53.69,15,34
6599,130.67,34,24.43,69.11,15,34
6601,79.73,21,21.93,54.0,15,34
6601,30.46,12,27.72,63.1,15,34
6601,62.7,16,29.71,89.29,15,34
6604,2.27,7,34.43,41.53,15,34
6605,91.4,23,22.83,54.66,15,34
6607,69.26,28,5.53,49.9,15,34
6606,23.97,20,57.01,90.68,15,34
6607,68.47,19,32.6,48.83,15,34
6608,22.58,19,54.58,17.51,15,34
6610,0.27,4,21.63,69.54,15,34
6611,74.92,18,32.69,53.88,15,34
6613,34.56,18,27.09,17.04,15,34
6614,63.3,23,24.68,45.45,15,34
6613,45.39,12,23.1,46.69,15,34
6615,0.57,8,28.9,52.25,15,34
6615,93.55,33,20.29,54.53,15,34
6617,1.2,6,26.02,13.3,15,34
6616,101.37,31,32.36,49.54,15,34
6618,106.61,27,20.97,45.53,15,34
6618,38.4,33,9.64,93.69,15,34
6621,99.34,29,32.41,53.52,15,34
6622,2.41,5,26.86,69.59,15,34
6621,72.48,31,58.45560000000002,49.32,15,34
6625,3.34,8,31.19,16.0,15,34
6626,89.1,27,29.55,54.8,15,34
6626,73.49,23,23.87,42.47,15,34
6628,0.68,9,33.6,69.49,15,34
6627,4.08,2,21.17,64.6,15,34
6627,132.77120000000002,35,34.94,62.47,15,34
6628,63.51,17,24.75,85.46,15,34
6631,52.18,13,20.44,43.18,15,34
6630,48.99,17,33.9,47.68,15,34
6633,80.57,29,20.82,50.09,15,34
6632,62.56,15,23.94,56.16,15,34
6636,21.37,12,52.35,41.95,15,34
6635,132.77120000000002,35,32.79,58.34,15,34
6635,4.66,6,22.79,57.38,15,34
6637,81.92,33,21.54,17.17,15,34
6640,1.52,10,5.53,92.32,15,34
6640,88.43,28,30.97,44.25,15,34
6639,95.01,24,22.51,43.26,15,34
6641,84.02,23,23.84,42.94,15,34
6642,0.25,3,31.57,48.8,15,34
6644,51.75,26,25.61,11.14,15,34
6646,52.34,19,20.38,18.97,15,34
6647,36.65,13,27.55,15.15,15,34
6646,44.81,14,33.26,61.35,15,34
6649,87.58,30,26.73,68.46,15,34
6647,61.29,26,5.59,87.68,15,34
6651,4.93,3,31.32,62.63,15,34
6650,88.37,32,20.39,17.19,15,34
6650,69.22,24,26.15,61.05,15,34
6653,1.78,2,34.06,56.15,15,34
6654,0.23,11,24.7,85.26,15,34
6653,74.59,18,21.42,50.21,15,34
6654,93.41,26,27.53,56.36,15,34
6655,3.5,10,22.37,52.64,15,34
6659,2.1,9,30.98,64.37,15,34
6658,20.32,14,55.77,90.8,15,35
6660,67.33,27,20.95,11.63,15,35
6659,96.48,27,21.19,55.03,15,35
6663,56.55,14,23.48,60.49,15,35
6663,0.18,9,22.4,60.29,15,35
6663,2.53,6,22.32,57.83,15,35
6663,40.88,14,32.13,65.02,15,35
6665,51.81,19,32.2,88.7,15,35
6667,109.54,35,34.83,41.45,15,35
6666,132.19,35,30.52,69.26,15,35
6668,56.84,22,32.99,86.5,15,35
6669,49.03,23,9.53,42.0,15,35
6671,59.57,30,55.43,44.32,15,35
6672,48.87,16,34.9,41.24,15,35
6673,42.22,12,22.16,50.72,15,35
6675,52.57,13,33.44,66.2,15,35
6675,70.13,22,33.22,56.66,15,35
6674,54.54,25,52.76,48.11,15,35
6675,4.46,11,7.94,66.25,15,35
6677,81.04,27,34.86,63.05,15,35
6680,55.11,27,6.93,50.22,15,35
6681,0.68,8,26.13,47.89,15,35
6682,60.34,15,21.15,66.32,15,35
6680,1.14,7,53.2,47.79,15,35
6682,31.92,14,9.77,48.01,15,35
6683,113.17,29,26.6,85.23,15,35
6683,66.54,23,23.03,89.3,15,35
6685,1.76,11,26.6,55.57,15,35
6686,48.73,13,27.52,44.31,15,35
6688,71.16,31,54.27,87.01,15,35
6689,0.61,4,6.44,90.18,15,35
6689,132.77120000000002,35,29.48,40.83,15,35
6692,94.5,32,32.95,42.2,15,35
6693,2.22,1,29.37,63.95,15,35
6693,75.34,19,20.62,54.79,15,35
6692,26.59,15,53.47,86.31,15,35
6693,4.13,10,29.88,40.97,15,35
6695,36.03,18,24.46,13.17,15,35
6696,132.77120000000002,34,23.09,53.92,15,35
6696,76.47,29,28.67,53.72,15,35
6698,73.65,27,33.82,66.2,15,35
6700,99.53,35,34.91,46.61,15,35
6699,89.26,32,22.63,68.66,15,35
6702,92.37,35,21.98,86.26,15,35
6703,50.88,20,28.23,92.05,15,35
6704,78.13,27,26.49,54.78,15,35
6705,3.78,9,22.15,49.31,15,35
6705,86.54,29,24.86,44.33,15,35
6705,0.49,11,34.22,41.98,15,35
6707,39.72,12,25.33,51.3,15,35
6709,0.96,5,31.23,56.23,15,35
6711,4.15,1,26.9,67.68,15,35
6709,0.24,10,21.74,69.15,15,35
6713,88.95,24,27.74,56.43,15,35
6711,36.85,24,51.47,56.2,15,35
6714,23.05,20,50.16,19.98,15,35
6716,3.23,9,28.71,55.1,15,35
6717,0.92,6,30.2,61.45,15,35
6715,55.73,19,21.5,63.75,15,35
6718,42.07,12,28.09,41.86,15,35
6719,24.94,21,58.45560000000002,13.47,15,36
6720,38.08,14,21.62,67.81,15,36
6721,1.25,5,24.59,16.76,15,36
6722,1.56,4,29.57,63.07,15,36
6722,117.26,33,31.49,54.99,15,36
6722,59.66,17,22.16,69.4,15,36
6726,77.68,21,31.94,68.3,15,36
6725,4.77,11,8.67,56.88,15,36
6727,0.48,3,50.51,86.06,15,36
6727,90.16,26,30.49,62.84,15,36
6729,76.09,25,22.53,40.03,15,36
6729,69.34,26,28.07,13.48,15,36
6730,65.76,35,51.88,42.41,15,36
6732,42.86,18,55.93,64.76,15,36
6734,59.64,33,5.53,43.61,15,36
6735,82.13,34,22.28,16.62,15,36
6736,72.35,35,5.53,55.28,15,36
6736,69.26,17,22.62,85.13,15,36
6738,3.62,4,29.61,67.68,15,36
6737,125.69,32,24.47,86.85,15,36
6740,0.9,7,25.46,69.31,15,36
6740,88.64,32,29.86,45.68,15,36
6741,49.24,13,26.51,61.6,15,36
6743,2.38,9,30.31,52.02,15,36
6744,2.53,8,31.87,93.31,15,36
6742,47.22,16,25.05,48.8,15,36
6744,3.22,10,32.47,50.8,15,36
6746,0.72,2,28.34,18.83,15,36
6747,29.25,19,7.33,52.72,15,36
6749,3.31,10,33.72,48.97,15,36
6747,2.75,1,33.14,48.47,15,36
6749,55.08,21,30.46,45.18,15,36
6749,41.35,21,5.53,53.13,15,36
6751,73.24,21,20.87,86.78,15,36
6751,57.72,22,22.43,47.04,15,36
6754,41.79,21,33.75,17.92,15,36
6755,34.51,23,5.53,66.36,15,36
6757,55.11,20,27.54,52.28,15,36
6755,0.66,9,23.34,52.43,15,36
6757,2.98,9,23.29,85.18,15,36
6759,58.55,20,25.46,60.01,15,36
6759,122.76,30,32.57,65.61,15,36
6761,47.86,13,26.75,64.08,15,36
6761,93.2,23,23.34,42.2,15,36
6763,2.63,1,27.71,43.5,15,36
6765,50.72,17,26.28,57.8,15,36
6764,90.98,22,33.83,51.02,15,36
6767,61.68,23,24.68,61.06,15,36
6765,100.32,31,25.37,49.09,15,36
6769,4.81,7,33.14,54.82,15,36
6769,39.97,24,5.53,94.03,15,36
6769,33.51,18,58.45560000000002,54.75,15,36
6770,79.35,22,20.4,52.59,15,36
6770,54.26,32,55.88,55.34,15,36
6773,100.6,27,21.94,57.5,15,36
6774,2.3,4,28.31,86.53,15,36
6775,88.47,22,25.8,67.4,15,36
6774,84.33,25,20.59,89.92,15,36
6777,33.75,12,29.91,48.52,15,36
6776,39.64,15,27.98,47.72,15,36
6779,0.73,10,25.18,62.99,15,37
6780,94.4,28,33.9,46.06,15,37
6780,98.87,28,26.78,53.05,15,37
6783,1.24,11,20.08,18.01,15,37
6783,81.89,25,32.71,41.63,15,37
6783,30.02,12,58.45560000000002,65.5,15,37
6784,4.66,6,33.63,62.77,15,37
6787,0.58,1,7.25,58.97,15,37
6785,0.84,7,31.84,92.92,15,37
6786,96.39,25,34.85,88.15,15,37
6787,4.35,9,57.73,40.94,15,37
6788,0.18,8,20.9,93.84,15,37
6789,59.7,33,58.45560000000002,56.08,15,37
6790,71.46,18,31.39,62.62,15,37
6791,122.31,31,23.76,40.73,15,37
6794,113.51,28,32.05,46.08,15,37
6795,0.4,8,29.04,52.73,15,37
6795,72.61,26,22.79,94.03,15,37
6797,88.13,32,31.42,49.02,15,37
6798,68.44,26,26.92,68.86,15,37
6798,51.64,15,28.65,59.96,15,37
6801,1.36,10,8.21,92.15,15,37
6800,2.49,2,33.2,18.27,15,37
6801,0.36,9,32.97,91.95,15,37
6804,1.99,4,9.96,64.92,15,37
6804,111.34,35,30.17,51.4,15,37
6803,108.79,26,26.7,85.13,15,37
6804,70.62,20,22.97,60.68,15,37
6805,64.6,19,32.0,86.19,15,37
6809,4.53,7,33.08,56.11,15,37
6810,69.77,22,31.35,64.28,15,37
6811,3.53,8,20.37,64.99,15,37
6811,87.13,34,28.77,62.04,15,37
6812,103.61,29,33.06,51.4,15,37
6812,65.65,31,34.13,94.03,15,37
6814,55.46,23,31.15,11.66,15,37
6813,50.75,25,6.27,69.41,15,37
6815,67.82,23,24.66,52.67,15,37
6818,103.64,30,27.41,65.34,15,37
6819,40.71,19,51.2,59.37,15,37
6818,79.25,33,24.66,92.15,15,37
6819,47.49,12,24.77,65.54,15,37
6819,97.87,33,32.07,61.41,15,37
6822,76.9,20,21.14,65.76,15,37
6823,2.05,3,32.51,53.23,15,37
6824,2.47,9,30.87,66.9,15,37
6823,3.47,1,34.02,54.83,15,37
6824,1.82,8,33.14,58.18,15,37
6827,3.72,1,46.36,48.59,15,37
6826,38.41,13,21.4,67.21,15,37
6828,44.88,15,26.45,65.36,15,37
6829,0.9,11,28.78,54.63,15,37
6829,71.97,20,27.09,49.38,15,37
6832,118.58,30,30.53,60.23,15,37
6834,65.4,35,50.03,49.07,15,37
6834,59.13,20,24.28,68.77,15,37
6835,0.18,2,23.62,59.8,15,37
6837,42.4,16,20.32,59.25,15,37
6838,1.28,10,23.97,41.88,15,37
6836,67.89,26,28.0,61.63,15,37
6838,25.78,13,26.58,13.09,15,38
6839,1.81,9,8.49,42.17,15,38
6839,52.18,32,7.53,51.53,15,38
6840,121.06,33,26.97,64.23,15,38
6843,40.66,16,23.4,42.96,15,38
6845,20.46,12,6.49,57.29,15,38
6844,0.18,8,7.2,52.62,15,38
6846,78.0,29,25.77,59.01,15,38
6847,0.18,10,20.06,51.7,15,38
6848,25.24,12,29.12,90.63,15,38
6847,1.91,6,23.44,61.64,15,38
6848,42.35,22,26.79,18.07,15,38
6849,112.72,27,20.17,61.91,15,38
6853,49.83,26,25.33,11.14,15,38
6852,1.46,5,57.26,94.03,15,38
6854,75.63,20,25.3,54.71,15,38
6854,3.8,7,47.33,65.81,15,38
6857,109.29,28,33.2,64.19,15,38
6856,1.44,9,24.36,60.52,15,38
6857,132.77120000000002,35,21.87,50.74,15,38
6860,48.7,19,32.3,45.45,15,38
6860,0.37,6,27.57,93.16,15,38
6862,117.77,35,25.84,68.68,15,38
6860,21.42,13,58.3,12.51,15,38
6864,58.09,14,21.42,58.59,15,38
6864,1.39,7,22.46,60.11,15,38
6865,45.56,18,27.38,55.55,15,38
6865,2.94,10,7.36,69.59,15,38
6867,127.8,32,30.13,43.25,15,38
6868,41.54,14,32.1,41.73,15,38
6869,83.9,22,31.82,68.37,15,38
6869,72.87,29,31.2,46.58,15,38
6870,47.98,15,21.31,57.61,15,38
6872,22.06,13,5.53,66.13,15,38
6873,0.51,6,9.47,88.15,15,38
6874,0.83,6,56.98,64.45,15,38
6875,2.85,1,29.18,91.0,15,38
6876,1.68,10,7.28,40.98,15,38
6875,56.18,20,34.33,44.21,15,38
6877,87.9,28,24.45,65.03,15,38
6877,43.15,17,24.52,60.41,15,38
6881,1.87,9,25.48,51.67,15,38
6881,3.23,8,30.31,57.6,15,38
6882,56.52,22,22.42,88.72,15,38
6884,61.13,16,21.4,41.6,15,38
6882,0.69,8,30.89,69.94,15,38
6883,102.37,29,27.14,60.9,15,38
6886,45.29,25,24.68,15.04,15,38
6886,41.97,19,8.49,50.68,15,38
6886,3.63,8,25.72,59.68,15,38
6889,0.31,9,25.8,19.87,15,38
6889,43.7,12,24.02,59.6,15,38
6892,2.27,5,21.02,53.48,15,38
6890,122.84,30,30.7,51.61,15,38
6893,3.1,9,29.86,55.5,15,38
6893,4.9,9,29.78,55.27,15,38
6895,2.5,7,32.13,51.01,15,38
6894,4.84,9,21.08,67.83,15,38
6897,64.81,16,26.43,43.54,15,38
6897,96.77,30,29.14,60.75,15,38
6900,73.35,31,7.07,50.2,15,39
6900,4.27,7,23.18,49.84,15,39
6899,66.54,16,23.62,40.58,15,39
6900,4.9,10,20.4,44.98,15,39
6903,3.34,8,32.01,14.67,15,39
6902,91.11,32,23.61,55.61,15,39
6905,114.65,28,32.56,67.64,15,39
6907,3.28,1,50.57,43.47,15,39
6906,126.54,33,29.2,64.12,15,39
6906,0.18,5,27.88,93.05,15,39
6908,58.24,31,45.19,59.7,15,39
6911,1.41,3,34.87,69.85,15,39
6911,77.1,21,28.59,59.61,15,39
6912,79.69,33,58.45560000000002,42.91,15,39
6914,53.24,27,7.59,50.4,15,39
6912,3.65,4,23.85,90.93,15,39
6916,32.66,12,20.86,91.93,15,39
6916,1.98,5,31.69,54.78,15,39
6915,94.12,27,34.36,66.05,15,39
6917,3.22,4,30.28,62.67,15,39
6919,69.3,25,20.67,19.03,15,39
6921,43.71,16,31.35,41.83,15,39
6920,76.08,29,28.24,52.95,15,39
6921,48.97,19,23.14,57.84,15,39
6922,70.88,26,20.18,51.77,15,39
6922,25.72,17,6.6,44.82,15,39
6926,76.63,31,54.45,46.28,15,39
6926,30.99,29,5.53,11.14,15,39
6925,0.46,9,31.6,40.42,15,39
6927,108.77,34,33.4,46.76,15,39
6928,54.11,24,34.19,12.27,15,39
6930,75.44,23,32.33,42.88,15,39
6930,4.49,4,21.38,46.07,15,39
6931,3.88,5,25.02,61.01,15,39
6933,4.7,6,29.4,46.18,15,39
6932,1.87,8,6.62,47.09,15,39
6936,85.43,31,30.74,61.64,15,39
6937,75.09,23,21.73,54.2,15,39
6937,33.1,15,45.08,43.71,15,39
6937,66.41,18,21.82,67.48,15,39
6938,3.22,2,34.42,93.05,15,39
6938,4.45,1,28.06,11.46,15,39
6940,53.34,19,34.28,14.1,15,39
6942,82.45,26,32.56,66.04,15,39
6941,3.7,7,57.12,49.88,15,39
6944,47.28,13,24.01,45.3,15,39
6944,27.56,13,57.61,53.59,15,39
6947,63.95,32,21.4,13.44,15,39
6948,52.14,31,47.2,90.67,15,39
6946,82.94,33,34.48,42.23,15,39
6948,89.11,22,20.37,50.21,15,39
6951,2.69,3,8.93,42.72,15,39
6950,108.91,29,22.92,69.7,15,39
6951,95.93,25,31.08,56.36,15,39
6953,102.23,28,22.16,54.18,15,39
6953,2.38,11,33.88,59.91,15,39
6956,98.97,35,24.28,88.77,15,39
6955,56.77,32,21.69,17.51,15,39
6957,85.77,34,30.08,94.03,15,39
6959,0.18,3,27.63,14.59,15,39
6959,2.35,9,32.2,66.91,15,40
6960,0.93,9,24.81,61.89,15,40
6960,4.37,10,47.18,55.25,15,40
6962,2.77,1,9.22,59.22,15,40
6963,27.61,14,46.9,65.5,15,40
6962,109.21,30,29.72,49.51,15,40
6964,66.89,29,49.78,45.16,15,40
6964,43.03,23,26.92,11.17,15,40
6968,81.3,26,29.25,47.38,15,40
6969,48.64,19,31.89,56.36,15,40
6968,1.06,5,28.23,51.31,15,40
6971,23.45,13,8.28,42.83,15,40
6971,47.66,17,26.45,41.53,15,40
6971,41.68,12,30.96,40.07,15,40
6971,64.69,21,34.5,44.48,15,40
6972,75.66,34,24.03,18.74,15,40
6973,2.36,1,31.42,41.87,15,40
6977,2.15,10,25.1,12.66,15,40
6976,54.94,28,32.43,16.98,15,40
6978,69.32,22,22.6,50.31,15,40
6978,96.06,28,30.06,42.13,15,40
6981,0.3,10,31.01,54.64,15,40
6982,132.77120000000002,35,23.54,65.9,15,40
6981,47.03,21,7.64,49.15,15,40
6981,0.18,4,25.21,47.55,15,40
6985,51.3,31,5.68,46.17,15,40
6983,4.12,7,20.31,49.26,15,40
6986,65.85,27,22.23,17.51,15,40
6987,1.11,3,28.82,86.88,15,40
6987,0.18,7,26.61,67.48,15,40
6990,0.18,6,27.58,62.8,15,40
6991,49.6,15,28.65,55.25,15,40
6992,74.87,20,24.19,46.92,15,40
6991,81.56,20,32.7,46.9,15,40
6991,0.92,3,20.76,94.03,15,40
6995,90.29,29,22.99,63.94,15,40
6995,2.34,6,21.51,56.47,15,40
6995,0.48,3,34.19,69.24,15,40
6996,49.31,17,31.48,47.64,15,40
6997,0.65,8,29.59,87.72,15,40
6999,46.85,16,24.13,60.53,15,40
7000,42.07,16,30.75,19.73,15,40
7000,3.63,11,27.58,51.67,15,40
7000,95.22,28,32.12,59.37,15,40
7004,112.67,34,31.2,54.77,15,40
7003,61.15,29,28.53,12.86,15,40
7006,72.61,19,23.34,64.79,15,40
7005,92.01,31,33.06,65.3,15,40
7007,48.2,31,52.64,53.74,15,40
7007,60.36,22,21.1,86.25,15,40
7007,4.28,10,30.09,50.51,15,40
7010,132.59,32,23.93,40.53,15,40
7009,71.85,23,20.07,56.16,15,40
7011,72.55,21,25.6,53.53,15,40
7014,49.61,17,29.66,44.15,15,40
7012,107.67,28,30.31,65.11,15,40
7013,123.61,31,33.06,43.81,15,40
7016,57.4,23,45.16,59.3,15,40
7017,51.57,30,51.82,57.37,15,40
7018,4.55,1,25.23,58.86,15,40
7018,1.88,2,27.25,66.27,15,41
7021,39.39,12,24.58,48.83,15,41
7022,80.86,29,28.03,47.36,15,41
7022,4.06,7,30.89,55.86,15,41
7021,3.79,3,21.42,51.52,15,41
7022,59.84,17,28.66,85.23,15,41
7026,129.26,31,33.98,67.83,15,41
7024,132.77120000000002,34,26.29,59.24,15,41
7027,83.67,31,26.01,43.54,15,41
7028,21.4,12,53.24,67.52,15,41
7027,31.4,19,47.6,58.66,15,41
7031,24.57,16,5.53,49.28,15,41
7029,2.78,6,30.28,69.97,15,41
7032,64.2,16,31.35,43.55,15,41
7033,52.42,21,30.79,14.83,15,41
7033,38.34,14,33.51,67.45,15,41
7035,2.29,8,23.43,60.2,15,41
7035,0.26,8,24.4,51.29,15,41
7037,1.74,8,28.45,44.53,15,41
7037,95.32,25,21.85,58.27,15,41
7038,37.32,14,23.68,49.62,15,41
7039,0.33,10,8.5,54.09,15,41
7039,1.29,7,22.31,64.63,15,41
7041,42.27,16,31.77,64.74,15,41
7041,51.72,15,23.8,51.47,15,41
7044,45.71,14,27.67,60.23,15,41
7043,48.11,12,22.87,55.16,15,41
7044,104.91,28,30.95,51.75,15,41
7045,0.6,10,34.89,63.73,15,41
7047,82.46,24,25.38,61.52,15,41
7047,55.19,25,53.48,47.57,15,41
7049,33.97,22,8.44,65.55,15,41
7051,4.69,8,24.78,88.1,15,41
7050,72.66,28,20.36,58.75,15,41
7054,89.24,24,26.5,58.86,15,41
7053,1.27,8,26.58,43.42,15,41
7053,0.2,1,34.92,56.5,15,41
7057,2.03,3,26.93,55.34,15,41
7055,29.26,14,6.77,64.43,15,41
7056,2.45,4,29.55,41.3,15,41
7058,66.45,28,25.92,12.78,15,41
7059,31.04,20,7.28,60.87,15,41
7059,53.83,17,28.94,43.03,15,41
7060,0.61,9,33.93,54.79,15,41
7064,74.9,29,25.18,48.37,15,41
7064,2.26,5,49.88,43.71,15,41
7063,1.42,10,27.29,47.39,15,41
7065,4.18,2,5.53,56.88,15,41
7065,85.84,25,31.92,52.53,15,41
7069,3.01,5,24.09,55.75,15,41
7069,87.72,25,27.89,50.64,15,41
7068,90.39,27,33.09,59.46,15,41
7069,53.35,13,33.52,46.57,15,41
7072,2.33,9,21.02,57.1,15,41
7073,3.42,9,27.26,56.84,15,41
7074,62.84,22,21.71,57.5,15,41
7074,52.48,18,22.55,62.9,15,41
7075,96.08,34,33.81,53.49,15,41
7076,109.83,32,31.81,66.09,15,41
7077,105.63,29,25.23,41.17,15,41
7077,4.02,6,25.76,59.6,15,42
7081,132.77120000000002,34,26.09,64.77,15,42
7081,126.88,34,20.81,49.97,15,42
7081,45.91,14,20.35,40.74,15,42
7082,0.97,2,27.75,67.67,15,42
7084,44.25,27,9.71,65.46,15,42
7086,65.97,25,24.45,68.54,15,42
7086,35.81,15,7.72,45.74,15,42
7086,3.83,6,33.44,50.08,15,42
7088,109.54,27,20.48,41.66,15,42
7090,0.68,8,45.37,43.6,15,42
7089,88.08,34,22.21,68.97,15,42
7090,56.54,19,26.63,60.36,15,42
7090,57.83,19,31.04,68.65,15,42
7092,61.96,28,5.68,67.99,15,42
7094,48.27,27,56.34,48.69,15,42
7095,4.12,10,34.81,68.69,15,42
7096,35.86,14,32.34,62.34,15,42
7096,129.32,35,25.05,48.4,15,42
7099,64.93,16,22.97,55.99,15,42
7098,56.0,34,6.2,54.76,15,42
7101,73.38,18,27.33,67.33,15,42
7099,3.39,4,6.43,66.19,15,42
7101,64.81,23,34.06,58.39,15,42
7103,0.8,7,23.51,16.1,15,42
7103,89.79,23,26.33,66.22,15,42
7106,33.87,13,24.01,41.95,15,42
7106,53.62,34,9.07,65.45,15,42
7107,54.54,15,21.62,69.24,15,42
7107,101.43,29,33.98,67.02,15,42
7109,76.22,29,20.67,65.51,15,42
7111,1.81,10,24.84,44.54,15,42
7111,127.22,33,32.02,69.56,15,42
7112,25.66,12,57.64,52.14,15,42
7114,53.93,13,34.07,66.23,15,42
7114,22.26,12,30.87,11.14,15,42
7115,3.25,4,7.81,52.34,15,42
7116,85.41,25,28.88,44.63,15,42
7118,43.94,17,30.75,40.28,15,42
7117,74.49,19,23.81,50.59,15,42
7118,93.87,32,21.34,68.96,15,42
7120,91.92,22,30.61,56.74,15,42
7121,78.77,25,32.99,58.51,15,42
7123,71.84,19,27.43,69.51,15,42
7121,42.07,15,31.94,59.89,15,42
7125,84.53,24,21.58,63.8,15,42
7123,55.55,22,21.89,40.35,15,42
7126,62.9,24,23.81,51.83,15,42
7126,1.49,3,48.93,46.2,15,42
7127,28.29,14,9.49,55.6,15,42
7130,111.19,34,25.83,41.24,15,42
7129,50.85,19,33.48,53.97,15,42
7130,89.92,29,26.21,43.06,15,42
7132,4.75,11,27.57,62.11,15,42
7134,48.95,16,30.81,41.95,15,42
7135,0.46,4,24.13,43.38,15,42
7135,38.38,15,34.78,40.75,15,42
7135,60.14,20,21.53,46.96,15,42
7138,3.35,8,28.3,68.09,15,42
7136,3.41,1,27.56,54.84,15,42
7138,2.02,5,34.55,50.69,15,43
7138,3.07,5,27.28,41.3,15,43
7141,98.15,27,30.19,59.25,15,43
7143,85.45,22,21.89,65.08,15,43
7144,78.55,27,24.62,44.28,15,43
7145,55.27,21,25.6,48.09,15,43
7145,1.24,11,24.77,46.28,15,43
7147,1.99,11,51.78,56.54,15,43
7145,84.26,35,21.42,16.45,15,43
7149,64.44,33,34.64,94.03,15,43
7149,1.48,2,34.53,65.88,15,43
7149,63.99,20,28.03,45.33,15,43
7150,3.8,11,24.02,50.38,15,43
7150,61.21,29,55.38,47.41,15,43
7153,0.45,6,26.36,69.7,15,43
7152,27.46,23,54.91,12.3,15,43
7156,121.47,32,34.09,54.03,15,43
7156,1.52,3,26.9,18.58,15,43
7158,4.75,10,58.45560000000002,41.22,15,43
7157,3.45,8,24.29,60.38,15,43
7159,3.28,8,20.59,54.07,15,43
7158,73.37,20,34.75,62.12,15,43
7160,44.58,23,47.91,49.78,15,43
7161,1.34,7,9.33,43.63,15,43
7161,35.95,13,25.53,11.14,15,43
7162,34.45,17,54.73,44.27,15,43
7164,64.17,26,54.29,53.67,15,43
7164,3.25,11,20.29,16.25,15,43
7168,98.8,35,28.84,68.78,15,43
7169,4.03,8,8.12,47.34,15,43
7167,1.9,5,32.45,63.91,15,43
7169,94.99,26,21.37,58.83,15,43
7169,127.02,31,22.84,41.72,15,43
7170,44.45,18,5.96,45.22,15,43
7171,130.77,33,33.16,59.47,15,43
7173,50.84,28,8.16,50.32,15,43
7175,57.01,23,52.78,67.01,15,43
7177,66.66,25,22.91,52.2,15,43
7178,2.67,1,24.33,69.86,15,43
7177,0.18,3,24.4,44.56,15,43
7177,36.77,14,29.42,48.05,15,43
7181,105.53,35,32.66,40.15,15,43
7181,36.11,17,28.76,17.6,15,43
7180,93.62,26,33.08,58.12,15,43
7182,3.96,3,7.68,46.61,15,43
7183,3.14,1,30.38,42.76,15,43
7185,132.77120000000002,34,23.03,62.94,15,43
7185,68.61,22,21.47,47.45,15,43
7187,54.57,27,58.45560000000002,59.53,15,43
7187,62.14,33,20.46,92.71,15,43
7188,93.9,26,29.02,62.63,15,43
7188,37.13,12,30.48,48.28,15,43
7190,76.75,19,27.57,58.2,15,43
7190,42.45,14,33.46,40.89,15,43
7194,2.75,2,34.46,94.03,15,43
7192,70.16,22,34.67,60.61,15,43
7193,65.66,27,7.99,48.5,15,43
7195,4.81,8,47.03,63.0,15,43
7195,121.49,30,27.99,50.18,15,43
7196,75.4,30,34.48,55.64,15,43
7199,2.33,2,34.32,48.77,15,44
7198,46.7,19,25.44,13.67,15,44
7199,2.43,7,29.82,49.21,15,44
7201,89.99,23,28.77,44.72,15,44
7204,36.72,21,8.16,65.21,15,44
7204,3.86,2,28.06,65.59,15,44
7204,94.09,31,31.1,58.06,15,44
7207,66.39,17,21.32,46.09,15,44
7208,3.41,4,23.38,45.48,15,44
7207,78.53,19,21.44,47.65,15,44
7208,34.97,13,20.59,42.81,15,44
7211,88.0,22,30.7,54.3,15,44
7211,4.54,5,55.47,63.41,15,44
7210,93.1,24,25.67,43.76,15,44
7211,3.65,2,8.27,60.13,15,44
7215,3.69,4,29.24,59.16,15,44
7213,43.0,16,21.23,12.55,15,44
7214,60.43,18,21.25,45.66,15,44
7217,31.78,12,27.66,49.93,15,44
7219,24.37,12,21.25,15.05,15,44
7220,42.03,13,32.89,66.63,15,44
7220,54.48,22,5.88,65.82,15,44
7221,0.21,5,28.52,61.74,15,44
7222,73.26,28,23.2,52.28,15,44
7221,2.38,6,21.07,42.25,15,44
7223,70.17,18,33.59,42.59,15,44
7223,36.39,12,26.58,48.11,15,44
7226,1.55,7,27.58,62.77,15,44
7226,77.1,21,25.88,59.02,15,44
7227,64.3,24,22.32,46.97,15,44
7228,86.63,35,45.79,66.37,15,44
7228,37.7,13,23.22,54.29,15,44
7232,62.54,19,30.36,47.38,15,44
7233,21.24,14,5.85,58.71,15,44
7234,4.65,2,25.2,52.17,15,44
7233,127.2,33,22.68,50.93,15,44
7235,1.86,9,22.09,56.12,15,44
7237,0.18,11,7.87,49.26,15,44
7237,3.31,2,23.56,51.53,15,44
7237,0.77,2,48.71,56.11,15,44
7239,46.97,18,26.27,49.64,15,44
7239,69.45,25,23.86,47.33,15,44
7241,59.9,29,7.83,59.49,15,44
7240,3.18,7,7.43,48.7,15,44
7243,1.6,11,25.96,68.36,15,44
7244,0.31,5,27.93,64.43,15,44
7244,30.57,19,47.51,45.52,15,44
7246,71.29,26,22.1,69.05,15,44
7248,47.2,15,26.96,63.92,15,44
7247,4.18,11,32.56,63.81,15,44
7248,68.97,18,22.23,68.84,15,44
7249,71.92,27,22.06,50.4,15,44
7252,3.72,1,24.02,60.93,15,44
7253,36.95,19,23.73,13.62,15,44
7254,46.31,13,33.02,59.01,15,44
7253,41.43,13,33.48,57.99,15,44
7254,60.82,18,28.69,45.86,15,44
7257,35.98,14,31.0,59.58,15,44
7255,55.73,19,29.22,64.93,15,44
7259,0.4,9,20.81,41.68,15,44
7257,85.51,33,24.33,57.03,15,45
7258,1.7,10,23.07,49.22,15,45
7262,0.86,3,32.63,60.86,15,45
7260,99.47,26,27.87,58.55,15,45
7263,75.76,35,48.44,66.37,15,45
7262,42.2,29,6.67,19.49,15,45
7264,54.88,16,29.83,62.65,15,45
7267,88.38,33,27.37,58.88,15,45
7266,93.84,27,21.85,44.98,15,45
7269,108.31,33,32.47,69.94,15,45
7270,56.83,18,25.38,61.18,15,45
7269,45.1,23,32.76,11.5,15,45
7270,4.45,7,23.82,65.27,15,45
7271,61.15,17,26.53,59.58,15,45
7272,51.97,17,28.1,58.91,15,45
7272,2.58,2,33.21,58.13,15,45
7275,4.17,1,30.01,50.76,15,45
7274,88.76,29,34.28,47.32,15,45
7275,50.19,20,5.53,65.09,15,45
7278,0.98,5,9.25,86.64,15,45
7278,56.46,21,28.16,89.52,15,45
7278,49.01,18,22.06,54.85,15,45
7282,115.52,30,29.49,56.31,15,45
7282,63.8,25,25.64,45.43,15,45
7284,68.81,20,23.96,59.38,15,45
7282,109.44,27,27.69,51.35,15,45
7284,3.43,2,9.05,44.52,15,45
7285,50.36,18,20.58,65.58,15,45
7285,0.71,11,26.61,67.05,15,45
7287,73.78,33,7.71,40.57,15,45
7290,62.77,19,21.12,57.12,15,45
7288,3.67,8,33.94,48.26,15,45
7292,19.42,16,47.15,17.8,15,45
7292,56.4,18,30.94,63.15,15,45
7293,63.58,19,33.87,48.83,15,45
7293,40.05,12,23.56,43.27,15,45
7295,86.33,29,21.29,53.1,15,45
7296,95.91,29,31.5,42.5,15,45
7296,35.54,12,31.67,47.35,15,45
7298,2.42,6,27.47,69.3,15,45
7299,73.04,23,28.73,63.07,15,45
7301,0.18,3,29.6,44.61,15,45
7299,104.59,31,33.89,56.81,15,45
7303,92.89,29,33.31,65.64,15,45
7303,67.85,17,29.93,43.76,15,45
7302,1.25,1,26.17,52.72,15,45
7306,67.84,22,30.53,63.87,15,45
7305,67.26,35,22.71,14.78,15,45
7306,49.69,12,21.11,63.11,15,45
7308,96.82,30,33.29,48.94,15,45
7309,1.07,10,6.46,90.24,15,45
7308,54.43,35,53.05,18.56,15,45
7311,97.58,31,21.72,51.12,15,45
7310,79.06,29,26.01,54.54,15,45
7311,94.23,26,33.76,57.36,15,45
7313,93.97,30,28.04,65.01,15,45
7315,42.02,18,32.95,15.87,15,45
7316,47.11,18,24.53,68.06,15,45
7315,39.18,13,21.69,40.5,15,45
7317,52.07,13,22.22,48.51,15,45
7319,1.62,1,30.49,42.72,15,46
7319,132.77120000000002,35,33.07,69.29,15,46
7319,2.9,1,20.51,42.5,15,46
7323,50.77,29,7.85,44.59,15,46
7324,4.73,4,26.44,50.95,15,46
7325,4.13,2,32.19,68.66,15,46
7323,64.77,21,24.22,65.59,15,46
7327,2.13,1,5.53,58.18,15,46
7328,0.18,10,51.35,88.77,15,46
7328,4.1,3,32.98,55.33,15,46
7328,50.37,14,27.83,42.63,15,46
7328,78.09,31,32.23,44.81,15,46
7331,90.05,34,24.36,54.13,15,46
7333,3.46,3,31.95,42.39,15,46
7333,4.69,2,27.96,63.43,15,46
7332,86.0,22,25.91,65.45,15,46
7336,61.55,34,6.3,59.31,15,46
7337,45.36,18,29.5,60.08,15,46
7337,0.79,10,32.01,11.14,15,46
7338,4.27,2,32.73,49.82,15,46
7340,0.18,7,27.93,64.12,15,46
7340,40.95,19,9.16,40.94,15,46
7341,0.18,10,25.34,67.72,15,46
7340,40.18,13,33.89,67.91,15,46
7344,31.67,15,7.13,43.24,15,46
7343,71.87,24,24.76,46.82,15,46
7344,38.19,20,8.13,87.92,15,46
7344,2.96,2,25.61,59.72,15,46
7345,72.93,18,31.46,62.91,15,46
7349,1.81,1,24.99,45.36,15,46
7350,132.77120000000002,35,28.52,88.91,15,46
7348,70.92,18,32.51,67.38,15,46
7350,100.54,26,33.63,49.99,15,46
7350,81.56,30,25.22,40.21,15,46
7352,2.91,11,58.45560000000002,54.03,15,46
7353,3.35,5,24.68,45.03,15,46
7354,22.84,12,33.88,14.52,15,46
7354,4.01,6,28.91,49.28,15,46
7356,53.36,24,49.71,46.03,15,46
7359,4.05,10,30.67,87.56,15,46
7360,46.79,18,25.4,13.22,15,46
7360,59.44,23,30.17,51.98,15,46
7361,116.98,32,23.36,57.73,15,46
7363,1.47,8,23.97,50.46,15,46
7361,2.28,4,20.9,44.91,15,46
7363,75.1,20,27.13,41.97,15,46
7364,49.8,12,25.96,46.78,15,46
7367,132.77120000000002,34,21.89,51.74,15,46
7366,4.17,11,24.94,50.74,15,46
7366,90.73,32,31.79,94.03,15,46
7369,116.0,31,23.8,65.85,15,46
7371,0.24,9,29.46,59.92,15,46
7371,106.8,27,22.89,65.24,15,46
7370,30.34,14,20.93,11.26,15,46
7372,93.54,27,23.72,56.21,15,46
7373,43.98,27,5.62,44.04,15,46
7375,64.56,20,28.92,62.5,15,46
7377,69.45,23,30.16,51.75,15,46
7375,107.87,28,34.96,58.38,15,46
7377,32.46,21,45.66,16.45,15,46
7380,0.31,9,20.51,62.07,15,47
7378,3.22,2,32.79,60.82,15,47
7380,33.84,20,56.03,43.37,15,47
7383,36.49,13,29.52,68.46,15,47
7384,68.44,26,34.27,56.76,15,47
7383,24.41,14,8.16,42.78,15,47
7385,106.34,35,24.08,42.18,15,47
7386,67.6,18,23.27,67.59,15,47
7387,94.3,34,32.03,52.76,15,47
7388,54.11,20,31.76,49.73,15,47
7390,3.83,3,31.13,55.36,15,47
7391,38.9,14,34.2,57.54,15,47
7389,62.03,27,55.92,69.42,15,47
7390,57.04,22,29.91,60.35,15,47
7391,110.16,31,25.64,50.02,15,47
7392,76.25,24,26.6,53.24,15,47
7395,68.08,24,25.0,90.55,15,47
7395,30.22,12,30.73,61.86,15,47
7397,3.85,10,21.66,65.53,15,47
7397,1.16,5,23.62,43.86,15,47
7397,78.23,27,24.34,68.9,15,47
7400,80.83,26,32.78,53.6,15,47
7402,58.06,32,46.88,61.48,15,47
7403,114.83,33,20.73,66.07,15,47
7401,70.84,30,52.6,55.1,15,47
7404,101.49,30,32.08,86.87,15,47
7405,2.29,7,22.89,11.3,15,47
7404,3.5,9,7.0,58.21,15,47
7407,1.67,2,28.23,64.01,15,47
7408,76.59,20,33.04,52.18,15,47
7410,22.05,13,7.56,41.33,15,47
7411,83.64,30,33.53,67.71,15,47
7409,38.28,23,7.11,66.5,15,47
7411,28.23,15,22.56,13.11,15,47
7411,69.64,21,25.86,85.28,15,47
7414,55.56,17,23.44,45.65,15,47
7414,0.18,4,45.75,42.1,15,47
7416,1.91,11,24.35,41.09,15,47
7416,52.87,13,21.69,52.85,15,47
7418,1.36,8,28.08,48.41,15,47
7418,91.35,26,33.99,54.82,15,47
7421,2.15,9,6.13,87.11,15,47
7420,4.37,4,23.22,46.18,15,47
7420,77.63,24,27.34,56.17,15,47
7423,2.93,1,32.49,43.43,15,47
7425,36.66,13,29.21,17.11,15,47
7423,96.51,28,23.84,66.62,15,47
7424,91.44,31,23.44,40.9,15,47
7428,50.07,18,31.32,92.12,15,47
7428,96.73,34,26.98,49.58,15,47
7429,1.05,4,20.95,59.21,15,47
7428,52.07,21,26.15,18.2,15,47
7432,78.93,34,28.19,12.51,15,47
7433,3.35,9,28.72,65.18,15,47
7434,35.44,23,53.14,69.58,15,47
7432,0.42,7,31.91,44.89,15,47
7436,71.25,34,20.68,94.03,15,47
7437,64.3,32,5.53,56.43,15,47
7435,0.91,2,31.1,50.18,15,47
7437,125.51,33,24.19,40.16,15,47
7437,92.47,29,26.67,63.83,15,48
7440,3.99,10,25.93,90.05,15,48
7440,1.42,6,32.42,66.96,15,48
7440,126.29,31,21.96,61.7,15,48
7442,93.17,33,24.23,49.67,15,48
7443,1.76,1,6.59,43.41,15,48
7446,69.74,19,33.91,41.85,15,48
7447,49.9,12,24.62,55.41,15,48
7447,95.61,35,31.93,94.03,15,48
7446,3.36,2,30.29,58.93,15,48
7450,69.35,21,25.41,86.38,15,48
7448,125.93,33,27.75,45.87,15,48
7451,40.01,24,7.05,65.85,15,48
7450,87.29,34,34.27,11.76,15,48
7453,106.88,28,33.79,67.25,15,48
7455,2.43,5,26.69,15.56,15,48
7456,69.51,18,27.38,50.76,15,48
7455,45.32,30,52.79,14.31,15,48
7456,72.9,20,29.0,53.32,15,48
7458,1.56,8,22.76,56.73,15,48
7459,68.65,25,26.6,53.59,15,48
7458,106.74,30,29.03,86.2,15,48
7461,59.11,21,28.1,45.03,15,48
7462,2.98,3,29.32,45.38,15,48
7464,58.0,22,31.69,91.0,15,48
7464,4.89,9,31.75,41.56,15,48
7463,4.54,10,32.99,53.33,15,48
7465,51.16,14,30.5,60.82,15,48
7466,40.32,22,58.45560000000002,53.98,15,48
7467,97.59,27,28.17,41.67,15,48
7467,52.3,18,28.49,41.7,15,48
7468,80.86,30,33.4,58.4,15,48
7470,59.49,22,21.02,57.52,15,48
7472,3.35,5,7.28,60.55,15,48
7473,33.46,13,20.54,91.77,15,48
7472,50.87,14,22.2,68.1,15,48
7474,56.4,22,24.96,69.61,15,48
7474,45.16,21,6.39,57.62,15,48
7477,3.55,11,30.15,46.46,15,48
7476,106.67,30,29.55,41.06,15,48
7480,77.19,24,21.2,54.09,15,48
7478,0.18,9,7.71,47.83,15,48
7480,1.71,2,21.1,69.96,15,48
7480,1.39,11,5.87,13.22,15,48
7481,52.55,20,20.13,14.03,15,48
7485,75.42,32,51.17,45.57,15,48
7485,22.54,13,57.81,62.65,15,48
7485,2.76,6,23.88,19.41,15,48
7488,2.44,4,25.58,44.6,15,48
7486,83.6,30,24.58,11.14,15,48
7488,3.99,7,23.72,17.2,15,48
7491,85.09,34,27.1,55.73,15,48
7490,2.49,11,32.75,92.12,15,48
7493,4.08,4,31.04,50.46,15,48
7494,58.5,27,9.72,62.2,15,48
7492,66.16,28,23.12,91.01,15,48
7496,102.97,30,21.76,64.39,15,48
7496,67.74,22,30.41,46.51,15,48
7497,110.86,35,32.14,59.79,15,48
7498,40.0,20,20.24,13.76,15,48
7497,62.58,20,31.04,60.88,15,49
7498,1.72,9,24.05,45.18,15,49
7500,3.26,3,23.12,44.22,15,49
7503,3.85,5,32.78,50.04,15,49
7502,0.4,11,50.45,61.56,15,49
7503,66.24,19,22.49,69.29,15,49
7506,47.91,27,7.47,45.29,15,49
7505,57.3,14,23.49,42.01,15,49
7506,1.34,3,29.18,42.93,15,49
7509,49.5,15,21.03,69.28,15,49
7509,57.09,15,28.87,86.59,15,49
7510,4.18,2,56.91,46.89,15,49
7510,82.6,29,26.14,69.26,15,49
7510,88.6,23,22.83,55.24,15,49
7511,43.77,13,21.4,54.18,15,49
7512,35.4,12,29.23,46.74,15,49
7516,2.07,8,24.62,19.93,15,49
7514,104.11,26,32.99,41.31,15,49
7515,4.55,2,31.05,47.37,15,49
7519,47.57,22,9.65,62.21,15,49
7520,105.65,30,21.22,69.86,15,49
7518,2.94,3,21.37,16.42,15,49
7522,73.99,28,24.25,46.33,15,49
7523,115.29,34,25.66,68.96,15,49
7522,48.84,16,28.13,52.48,15,49
7522,38.07,14,23.0,90.6,15,49
7526,94.96,31,29.53,44.71,15,49
7526,47.46,34,47.26,94.03,15,49
7527,91.79,30,25.16,55.11,15,49
7529,44.48,21,9.6,40.09,15,49
7527,98.8,32,33.98,69.18,15,49
7529,56.16,33,6.59,46.92,15,49
7530,26.28,17,58.45560000000002,90.78,15,49
7530,4.8,5,8.14,88.26,15,49
7531,2.94,8,21.23,17.22,15,49
7533,4.13,7,24.43,50.2,15,49
7534,33.82,19,9.53,61.94,15,49
7534,67.68,31,47.75,68.27,15,49
7536,2.67,7,34.92,58.46,15,49
7538,56.58,25,48.75,52.4,15,49
7539,114.83,29,30.34,46.13,15,49
7539,51.65,18,27.64,44.79,15,49
7542,34.26,23,7.4,93.11,15,49
7541,132.77120000000002,35,21.55,62.03,15,49
7542,4.46,5,6.94,67.14,15,49
7543,61.97,25,27.1,14.04,15,49
7543,1.1,3,20.63,40.9,15,49
7545,3.08,11,33.66,51.99,15,49
7548,0.19,2,45.45,87.47,15,49
7548,103.03,26,28.12,56.04,15,49
7550,55.27,21,26.88,42.8,15,49
7550,2.93,2,24.29,58.18,15,49
7549,3.14,11,24.21,94.03,15,49
7551,1.92,11,29.51,69.53,15,49
7551,1.57,2,9.29,52.0,15,49
7555,3.3,8,24.14,53.95,15,49
7554,15.45,14,56.02,94.03,15,49
7556,43.89,20,54.0,56.49,15,49
7555,54.77,15,34.49,68.7,15,49
7556,120.35,31,21.33,44.85,15,49
7560,1.32,11,33.77,62.73,15,50
7561,4.25,5,53.55,89.04,15,50
7559,47.81,13,32.7,51.96,15,50
7562,3.04,5,5.53,45.62,15,50
7564,67.99,18,22.53,50.49,15,50
7563,74.19,20,24.44,43.13,15,50
7566,53.17,21,26.63,62.04,15,50
7564,98.04,25,32.84,63.08,15,50
7567,72.89,21,26.8,62.3,15,50
7568,122.98,31,26.05,42.99,15,50
7567,37.03,16,6.17,67.28,15,50
7570,3.95,6,31.71,46.61,15,50
7569,52.69,20,33.39,55.96,15,50
7572,43.77,19,49.92,69.62,15,50
7572,0.77,5,31.23,51.88,15,50
7575,79.91,28,31.13,49.67,15,50
7573,88.1,29,20.1,43.34,15,50
7577,52.72,21,22.97,51.93,15,50
7577,91.54,22,29.75,67.49,15,50
7576,49.6,31,5.67,49.33,15,50
7577,3.56,5,20.32,49.0,15,50
7578,86.14,28,31.71,52.94,15,50
7581,91.1,34,20.56,91.38,15,50
7580,4.88,3,33.13,85.36,15,50
7584,50.7,16,20.88,61.91,15,50
7583,0.18,2,23.05,48.13,15,50
7584,96.22,24,33.22,46.32,15,50
7587,126.93,31,26.0,40.84,15,50
7586,88.44,33,25.45,41.32,15,50
7588,132.43,33,31.38,62.14,15,50
7588,63.9,31,52.47,52.88,15,50
7589,4.96,3,23.79,46.26,15,50
7590,126.67,33,34.52,61.17,15,50
7592,54.51,18,21.43,56.78,15,50
7591,22.73,13,5.6,44.6,15,50
7595,70.84,23,26.74,59.64,15,50
7596,0.56,7,54.71,68.69,15,50
7596,46.98,30,5.53,65.85,15,50
7598,2.17,7,24.03,46.78,15,50
7599,80.2,32,24.12,56.15,15,50
7599,2.16,10,32.21,64.57,15,50
7599,77.8,19,27.66,68.89,15,50
7602,49.66,16,30.83,65.15,15,50
7602,80.99,31,34.65,48.17,15,50
7601,27.76,12,51.55,50.42,15,50
7602,43.42,24,7.4,51.38,15,50
7605,86.0,26,22.83,48.37,15,50
7607,3.59,7,6.68,15.32,15,50
7608,51.33,13,30.11,49.11,15,50
7608,3.01,1,23.96,60.59,15,50
7609,68.05,32,31.28,13.45,15,50
7609,87.22,23,30.51,61.96,15,50
7611,63.09,16,27.93,56.67,15,50
7610,0.26,7,23.04,11.86,15,50
7613,47.53,20,32.28,90.55,15,50
7614,72.99,22,32.16,42.92,15,50
7615,4.6,1,28.87,11.14,15,50
7616,3.05,7,30.23,94.03,15,50
7615,2.41,3,28.76,50.05,15,50
7619,40.96,12,28.72,86.7,15,50
7619,3.61,11,27.01,85.05,15,51
7619,37.08,13,21.5,50.2,15,51
7620,4.27,4,28.84,56.11,15,51
7623,77.07,22,21.84,67.11,15,51
7622,2.99,2,32.11,46.15,15,51
7623,58.81,23,24.53,54.42,15,51
7626,80.53,31,25.89,40.44,15,51
7627,0.49,5,24.51,63.86,15,51
7626,2.56,1,33.93,54.84,15,51
7627,1.52,3,32.49,64.25,15,51
7629,21.05,13,6.17,69.6,15,51
7629,93.1,34,26.91,40.65,15,51
7632,76.27,22,26.56,65.89,15,51
7633,42.45,26,52.16,53.97,15,51
7631,3.06,7,31.39,54.9,15,51
7635,1.16,11,5.98,51.75,15,51
7634,40.58,15,32.22,94.03,15,51
7635,2.69,4,21.18,62.05,15,51
7636,3.02,8,5.53,55.3,15,51
7638,88.33,24,20.69,55.69,15,51
7637,63.48,23,27.57,58.62,15,51
7641,2.98,6,34.49,53.61,15,51
7642,1.91,2,53.86,69.75,15,51
7643,63.03,29,8.49,54.05,15,51
7642,68.41,24,25.97,57.88,15,51
7642,87.03,22,26.79,45.48,15,51
7646,3.87,1,55.86,63.96,15,51
7646,4.57,10,32.42,43.33,15,51
7645,1.45,8,31.27,68.94,15,51
7646,78.55,33,7.7,52.23,15,51
7649,115.07,33,29.87,63.01,15,51
7650,1.86,1,24.1,60.59,15,51
7652,63.76,33,31.79,13.5,15,51
7651,30.94,12,23.88,61.38,15,51
7651,86.3,28,24.45,44.8,15,51
7655,3.55,1,23.31,94.03,15,51
7654,83.92,24,33.23,62.37,15,51
7656,3.2,11,32.77,54.47,15,51
7657,95.08,27,22.48,67.91,15,51
7659,1.84,2,31.65,68.18,15,51
7657,46.72,20,6.1,69.36,15,51
7661,4.88,8,28.57,11.14,15,51
7662,47.57,14,24.74,59.28,15,51
7663,3.75,3,20.8,19.97,15,51
7664,65.09,24,29.76,51.29,15,51
7662,69.14,24,26.18,68.81,15,51
7666,51.49,15,30.69,47.17,15,51
7666,51.61,17,32.55,51.4,15,51
7665,76.37,26,29.8,68.76,15,51
7667,102.11,28,31.55,60.68,15,51
7670,67.15,17,26.84,63.99,15,51
7668,63.18,21,23.72,41.76,15,51
7670,1.06,5,30.31,41.26,15,51
7673,2.9,2,30.4,57.06,15,51
7671,1.91,7,25.93,19.93,15,51
7673,77.65,31,22.04,40.31,15,51
7673,33.98,12,31.96,43.81,15,51
7674,1.31,7,31.81,40.72,15,51
7675,120.29,29,28.44,46.84,15,51
7678,1.55,4,30.51,93.94,15,51
7677,36.04,14,34.47,59.22,15,52
7679,2.29,8,21.38,60.38,15,52
7681,84.78,26,31.88,61.5,15,52
7683,1.75,3,30.51,57.01,15,52
7682,2.17,11,28.32,88.92,15,52
7683,43.97,12,33.02,45.51,15,52
7683,4.2,3,9.49,64.29,15,52
7685,1.72,4,28.48,40.47,15,52
7687,51.3,33,7.83,51.29,15,52
7686,57.94,28,45.12,54.91,15,52
7687,32.84,13,22.55,94.03,15,52
7688,3.79,7,28.58,52.85,15,52
7690,51.15,19,27.83,56.04,15,52
7690,121.24,33,20.14,40.67,15,52
7694,60.91,22,33.26,48.11,15,52
7695,61.25,29,5.53,44.14,15,52
7696,0.18,9,23.52,42.56,15,52
7695,61.34,22,29.65,47.76,15,52
7698,132.77120000000002,35,28.64,88.71,15,52
7696,4.56,9,24.4,45.33,15,52
7697,44.97,15,20.75,60.92,15,52
7698,60.2,16,26.3,67.26,15,52
7699,76.47,19,24.75,46.83,15,52
7703,59.36,16,23.34,55.15,15,52
7704,104.71,33,20.91,49.75,15,52
7704,73.71,28,31.58,14.23,15,52
7704,89.45,33,34.61,42.82,15,52
7705,1.67,2,24.18,92.22,15,52
7706,2.53,2,21.14,92.81,15,52
7708,0.88,11,23.46,64.81,15,52
7708,3.33,11,21.03,63.92,15,52
7710,77.98,21,24.94,47.47,15,52
7709,2.06,9,7.41,42.96,15,52
7713,1.52,7,27.18,58.97,15,52
7713,58.72,15,21.76,51.08,15,52
7713,41.08,19,27.42,11.99,15,52
7715,0.79,9,58.45560000000002,40.47,15,52
7714,25.12,13,6.45,52.54,15,52
7717,91.71,26,24.38,60.46,15,52
7718,1.64,1,30.35,65.25,15,52
7717,3.17,11,34.49,94.03,15,52
7719,66.14,26,30.96,68.32,15,52
7722,68.72,21,31.41,47.44,15,52
7723,86.58,29,21.38,46.36,15,52
7721,40.7,14,23.91,90.83,15,52
7725,3.94,6,9.56,41.22,15,52
7723,0.18,2,23.95,47.05,15,52
7727,113.59,31,21.35,48.55,15,52
7727,26.67,15,25.99,92.14,15,52
7728,3.86,10,58.45560000000002,52.88,15,52
7729,55.98,23,29.29,18.04,15,52
7728,2.97,5,28.64,61.57,15,52
7729,83.4,27,20.08,61.54,15,52
7730,66.65,18,25.51,63.29,15,52
7734,58.31,21,21.03,13.37,15,52
7735,65.45,27,31.03,17.03,15,52
7735,2.12,10,31.3,55.72,15,52
7735,93.88,25,33.96,47.81,15,52
7735,79.83,35,9.99,52.6,15,52
7736,114.55,35,22.79,69.9,15,52
7740,31.09,18,7.23,49.79,15,53
7740,70.9,24,24.64,49.3,15,53
7739,99.91,25,29.11,48.0,15,53
7741,3.33,7,5.62,14.96,15,53
7742,44.28,19,54.11,54.19,15,53
7744,57.83,20,27.9,65.97,15,53
7744,61.73,15,20.05,46.3,15,53
7746,39.7,32,6.59,93.55,15,53
7745,3.24,10,5.99,87.26,15,53
7748,81.67,21,34.38,52.54,15,53
7750,28.32,17,9.34,68.63,15,53
7750,123.53,32,28.94,49.45,15,53
7752,56.19,17,27.14,66.07,15,53
7753,84.68,26,20.77,60.66,15,53
7753,47.68,19,25.53,51.68,15,53
7755,68.03,31,7.66,54.35,15,53
7753,61.23,19,20.41,51.22,15,53
7755,3.81,4,26.4,48.05,15,53
7755,49.49,26,32.97,92.12,15,53
7758,1.49,4,33.81,61.26,15,53
7759,120.21,30,31.97,41.11,15,53
7758,0.29,7,25.78,19.16,15,53
7759,99.99,32,26.48,57.28,15,53
7763,1.3,10,22.33,52.43,15,53
7764,2.36,8,58.45560000000002,49.86,15,53
7763,42.72,13,30.59,43.41,15,53
7763,0.5,1,31.15,41.68,15,53
7765,41.69,15,24.98,55.46,15,53
7767,2.85,2,22.03,63.58,15,53
7767,1.6,8,29.59,48.38,15,53
7769,85.61,22,33.6,51.35,15,53
7771,105.85,30,21.34,59.2,15,53
7770,27.03,18,51.77,40.25,15,53
7770,47.01,21,58.37,46.82,15,53
7774,48.98,19,33.74,64.94,15,53
7772,58.33,14,32.03,57.0,15,53
7775,1.6,5,32.07,43.83,15,53
7776,71.79,27,27.1,94.03,15,53
7777,98.08,33,25.55,60.54,15,53
7777,131.95,33,33.92,85.73,15,53
7778,88.01,23,32.48,42.98,15,53
7781,118.89,34,34.04,49.29,15,53
7782,78.25,28,33.7,45.13,15,53
7781,42.4,22,6.65,55.58,15,53
7781,52.9,18,30.35,92.44,15,53
7783,1.83,7,20.02,69.68,15,53
7786,0.31,3,7.06,67.12,15,53
7787,71.6,19,22.7,63.21,15,53
7785,1.41,1,33.44,47.16,15,53
7788,97.96,30,27.7,57.24,15,53
7790,2.25,11,34.75,46.62,15,53
7791,60.54,19,26.35,51.68,15,53
7790,3.71,4,53.68,66.71,15,53
7792,111.56,29,31.06,89.03,15,53
7791,112.2,32,34.71,63.28,15,53
7794,2.89,4,20.26,46.57,15,53
7796,121.63,33,32.84,43.03,15,53
7796,0.37,11,5.96,52.67,15,53
7798,92.42,32,33.23,48.77,15,53
7797,32.0,14,20.12,11.32,15,53
7799,83.08,29,31.51,91.5,15,54
7801,1.07,5,20.38,55.17,15,54
7802,57.64,14,24.72,51.15,15,54
7801,83.68,31,30.35,62.61,15,54
7803,66.68,23,34.59,43.7,15,54
7804,77.98,28,33.06,11.52,15,54
7803,99.85,35,32.91,66.12,15,54
7805,74.84,34,24.36,18.54,15,54
7805,22.81,15,49.25,52.4,15,54
7807,38.65,14,20.65,48.61,15,54
7809,54.83,24,47.8,87.39,15,54
7811,82.9,20,24.79,64.1,15,54
7809,93.57,31,20.96,65.63,15,54
7812,132.77120000000002,32,20.91,56.03,15,54
7811,60.18,22,32.92,11.14,15,54
7814,83.31,23,30.6,69.42,15,54
7816,0.86,4,34.4,64.42,15,54
7816,0.96,6,6.14,60.88,15,54
7817,80.91,24,25.46,86.32,15,54
7818,1.84,9,32.73,58.56,15,54
7820,3.72,9,8.02,67.13,15,54
7818,47.0,17,30.07,55.68,15,54
7821,2.69,6,31.3,68.54,15,54
7821,2.76,6,30.33,93.81,15,54
7823,132.77120000000002,33,22.54,65.27,15,54
7822,90.83,26,26.77,69.02,15,54
7826,4.65,10,26.27,52.77,15,54
7827,1.15,1,26.81,65.45,15,54
7825,41.9,19,28.48,12.94,15,54
7827,90.37,28,33.32,45.55,15,54
7830,71.38,18,29.19,59.4,15,54
7829,41.07,12,34.66,59.75,15,54
7830,63.9,27,57.2,57.24,15,54
7830,0.9,3,29.02,47.03,15,54
7834,47.94,19,31.82,90.07,15,54
7835,90.61,27,31.37,56.23,15,54
7835,39.06,12,26.05,48.89,15,54
7836,60.61,34,58.45560000000002,56.35,15,54
7838,4.88,6,9.22,91.58,15,54
7837,77.91,20,33.24,54.6,15,54
7837,22.26,12,50.75,44.2,15,54
7839,3.01,5,31.69,63.73,15,54
7841,2.82,9,7.67,42.86,15,54
7843,48.24,30,9.78,56.33,15,54
7842,108.45,28,31.47,44.26,15,54
7844,0.55,11,20.99,60.49,15,54
7846,46.18,26,55.56,48.98,15,54
7844,36.02,14,33.32,46.91,15,54
7846,4.18,6,32.24,68.24,15,54
7846,0.88,4,33.42,43.45,15,54
7847,83.96,33,34.58,49.87,15,54
7849,71.61,27,34.06,57.97,15,54
7851,1.66,2,26.07,67.22,15,54
7850,54.09,28,50.32,68.97,15,54
7852,65.42,16,34.44,48.0,15,54
7853,104.36,32,33.44,65.92,15,54
7855,39.75,14,20.35,66.32,15,54
7857,51.75,17,31.17,65.73,15,54
7855,88.32,31,31.84,67.64,15,54
7859,4.33,7,25.9,69.14,15,54
7858,1.64,11,20.23,91.55,15,55
7858,78.23,20,29.45,49.32,15,55
7862,36.35,15,25.88,13.98,15,55
7860,4.8,4,25.34,55.02,15,55
7862,0.49,1,33.42,88.05,15,55
7863,81.78,21,25.16,56.46,15,55
7865,0.53,6,32.08,93.88,15,55
7866,53.66,18,25.59,62.39,15,55
7866,65.6,20,33.32,43.29,15,55
7869,74.49,22,27.33,50.08,15,55
7870,61.76,15,22.88,64.99,15,55
7870,41.79,13,32.75,68.02,15,55
7871,79.5,19,20.48,55.46,15,55
7872,0.37,4,23.64,61.9,15,55
7873,4.33,4,26.24,63.34,15,55
7872,72.77,20,25.68,45.94,15,55
7875,2.88,4,33.21,58.73,15,55
7875,4.93,5,52.82,11.96,15,55
7876,50.25,25,58.37,52.5,15,55
7878,58.35,28,48.63,41.66,15,55
7880,55.29,24,7.32,47.19,15,55
7878,126.58,33,24.32,46.76,15,55
7880,4.73,10,23.84,47.83,15,55
7880,90.18,33,32.72,49.33,15,55
7883,46.8,19,32.79,90.79,15,55
7885,70.05,18,25.09,86.22,15,55
7885,62.62,16,31.06,89.99,15,55
7885,1.26,4,34.8,42.88,15,55
7888,112.95,32,28.15,57.82,15,55
7889,66.32,19,26.65,50.22,15,55
7888,2.9,8,56.11,92.44,15,55
7890,33.25,15,57.2,52.99,15,55
7891,32.8,17,27.63,91.36,15,55
7890,2.17,6,21.4,56.53,15,55
7893,65.59,23,32.35,55.03,15,55
7894,124.87,30,24.1,41.04,15,55
7896,58.15,15,29.24,51.41,15,55
7894,2.16,2,6.02,47.9,15,55
7898,95.87,31,32.0,65.57,15,55
7898,120.07,34,25.14,55.96,15,55
7900,46.52,13,30.7,50.72,15,55
7900,0.57,8,5.53,63.83,15,55
7901,128.61,35,23.02,88.38,15,55
7900,20.01,13,7.5,55.16,15,55
7904,1.78,11,8.53,68.09,15,55
7902,4.33,8,6.01,86.47,15,55
7906,38.95,12,24.38,42.55,15,55
7905,48.62,20,58.45560000000002,57.07,15,55
7908,47.23,16,33.41,42.16,15,55
7907,4.11,2,34.89,13.13,15,55
7909,65.59,19,34.45,51.46,15,55
7909,68.83,20,25.26,55.66,15,55
7909,1.69,8,32.45,94.03,15,55
7910,113.98,29,26.89,48.55,15,55
7913,24.88,22,9.45,17.0,15,55
7915,132.77120000000002,33,22.51,56.23,15,55
7913,2.01,3,31.62,51.45,15,55
7916,60.15,18,22.25,52.93,15,55
7916,52.08,19,21.61,64.15,15,55
7919,34.08,18,21.77,90.27,15,55
7917,131.07,33,30.1,49.95,15,56
7919,52.9,21,33.92,66.77,15,56
7921,38.07,12,27.9,89.67,15,56
7921,127.54,31,27.89,65.52,15,56
7921,86.78,30,25.01,68.05,15,56
7922,4.29,10,34.58,69.3,15,56
7924,50.54,22,7.1,51.51,15,56
7926,66.36,30,55.47,50.27,15,56
7927,56.29,14,21.67,64.51,15,56
7929,4.2,8,58.45560000000002,47.62,15,56
7929,67.17,20,29.55,47.15,15,56
7930,58.9,17,20.64,43.11,15,56
7932,65.62,21,32.56,48.91,15,56
7932,46.01,14,20.76,56.73,15,56
7931,57.94,25,48.09,59.34,15,56
7933,0.34,9,52.94,94.03,15,56
7934,109.15,28,28.4,40.6,15,56
7936,4.03,9,22.31,50.87,15,56
7938,28.58,17,52.07,46.19,15,56
7939,94.48,34,22.33,47.55,15,56
7938,4.85,7,22.4,68.41,15,56
7938,104.2,25,27.42,41.3,15,56
7939,3.87,11,26.73,47.15,15,56
7943,89.7,32,31.16,42.87,15,56
7942,3.72,2,5.55,54.87,15,56
7943,2.45,6,22.89,62.36,15,56
7945,114.33,28,33.23,69.59,15,56
7947,3.26,6,22.82,56.72,15,56
7948,87.49,23,25.11,48.92,15,56
7949,73.27,33,6.66,41.08,15,56
7947,38.21,14,21.79,64.88,15,56
7950,1.57,3,45.32,51.88,15,56
7949,2.37,1,22.52,48.65,15,56
7952,1.57,1,21.14,54.24,15,56
7954,39.37,13,25.97,58.01,15,56
7952,96.69,34,34.37,68.97,15,56
7954,0.88,2,6.89,47.75,15,56
7954,66.63,19,31.72,60.61,15,56
7958,107.71,27,28.51,48.46,15,56
7957,2.87,10,33.05,54.91,15,56
7958,30.48,16,9.32,49.11,15,56
7960,90.57,23,34.09,67.35,15,56
7962,46.47,21,50.99,64.02,15,56
7961,41.93,20,5.53,65.56,15,56
7963,62.12,17,32.79,43.12,15,56
7965,58.5,29,25.09,92.29,15,56
7965,24.53,14,57.29,67.92,15,56
7966,51.69,18,27.06,44.33,15,56
7968,4.53,9,57.82,40.25,15,56
7968,50.29,17,27.28,59.78,15,56
7969,80.68,26,22.9,40.59,15,56
7968,38.4,12,31.06,69.74,15,56
7972,83.3,24,28.79,89.96,15,56
7972,90.49,23,34.03,62.48,15,56
7971,92.09,22,33.91,51.98,15,56
7975,70.27,21,22.91,63.8,15,56
7976,85.1,25,34.82,58.56,15,56
7975,49.77,13,28.26,63.7,15,56
7977,44.08,14,30.91,47.26,15,56
7979,63.25,18,26.67,65.74,15,56
7980,83.85,21,32.9,60.3,15,57
7980,41.67,18,47.11,63.72,15,57
7982,80.2,32,27.59,60.62,15,57
7980,65.24,20,25.09,41.1,15,57
7983,122.22,32,26.18,65.62,15,57
7984,34.89,23,5.53,40.76,15,57
7985,47.03,16,22.17,15.67,15,57
7986,68.36,28,31.23,94.03,15,57
7988,28.46,27,6.97,94.03,15,57
7986,53.15,18,33.59,43.49,15,57
7988,62.17,24,22.0,58.23,15,57
7988,48.26,18,32.85,66.45,15,57
7992,2.96,6,24.55,56.72,15,57
7992,21.8,12,5.74,50.75,15,57
7993,99.85,27,31.88,40.1,15,57
7993,118.65,29,24.61,55.27,15,57
7996,82.97,33,33.93,64.75,15,57
7997,2.95,1,21.29,52.52,15,57
7996,86.46,26,28.47,69.93,15,57
7997,47.63,19,20.08,65.42,15,57
7999,41.1,15,22.45,51.45,15,57
7999,66.43,25,30.25,47.44,15,57
8001,41.35,15,21.25,60.58,15,57
8000,2.41,1,24.12,66.67,15,57
8001,3.9,3,9.41,67.08,15,57
8002,95.11,29,21.89,63.56,15,57
8004,3.41,6,25.59,52.31,15,57
8006,48.19,27,26.95,92.55,15,57
8007,1.14,3,22.52,49.67,15,57
8006,119.02,31,24.04,54.78,15,57
8009,1.43,10,28.19,41.47,15,57
8010,3.08,7,21.06,67.07,15,57
8009,105.93,29,24.73,52.5,15,57
8012,4.74,1,20.08,51.59,15,57
8014,4.52,10,31.03,51.33,15,57
8012,46.57,18,21.72,62.52,15,57
8014,0.43,11,24.59,63.0,15,57
8015,90.67,35,30.78,65.38,15,57
8017,31.08,14,23.06,93.68,15,57
8016,114.24,29,29.72,56.49,15,57
8018,45.36,22,29.41,12.25,15,57
8021,1.61,8,8.28,67.22,15,57
8020,2.19,7,26.39,59.99,15,57
8023,27.33,25,56.49,12.78,15,57
8021,62.27,22,29.47,43.32,15,57
8023,67.75,27,25.2,60.48,15,57
8026,2.89,8,57.26,55.45,15,57
8027,91.71,24,32.02,49.0,15,57
8028,0.58,4,26.62,59.37,15,57
8028,0.69,8,27.43,40.92,15,57
8027,2.57,9,28.28,68.74,15,57
8031,104.67,27,29.6,48.72,15,57
8031,45.88,16,21.05,49.52,15,57
8030,118.92,30,24.84,61.73,15,57
8031,68.51,23,20.53,54.99,15,57
8032,85.7,30,26.4,47.95,15,57
8036,23.02,14,57.83,66.59,15,57
8034,91.55,23,23.78,62.92,15,57
8037,66.1,19,32.51,40.03,15,57
8037,52.33,22,5.53,61.24,15,57
8038,2.1,6,24.9,48.55,15,58
8041,4.67,1,5.88,54.69,15,58
8041,93.83,35,26.41,17.44,15,58
8043,129.11,33,28.44,65.84,15,58
8042,103.43,33,33.22,66.82,15,58
8043,33.15,13,22.16,54.51,15,58
8045,1.73,1,26.17,67.05,15,58
8047,67.04,24,22.21,43.55,15,58
8046,66.53,28,32.09,93.64,15,58
8047,2.73,5,8.91,61.64,15,58
8049,60.79,24,28.45,44.07,15,58
8048,0.37,4,27.07,68.85,15,58
8049,4.2,7,23.92,60.24,15,58
8052,3.16,9,32.47,62.39,15,58
8053,59.77,16,31.67,52.41,15,58
8052,1.98,5,46.63,45.43,15,58
8055,30.16,12,20.7,92.68,15,58
8054,2.62,1,33.53,49.26,15,58
8056,64.92,30,6.82,54.18,15,58
8056,0.2,11,30.78,65.1,15,58
8060,37.69,20,23.1,19.78,15,58
8059,61.85,23,23.77,61.52,15,58
8061,4.84,10,21.58,62.08,15,58
8062,90.35,34,32.47,67.84,15,58
8062,4.15,4,20.54,49.7,15,58
8064,2.53,7,20.89,57.61,15,58
8066,3.34,8,28.26,50.93,15,58
8066,108.08,28,30.98,66.75,15,58
8067,1.34,5,33.72,11.95,15,58
8067,4.44,10,28.62,53.1,15,58
8070,4.55,3,29.6,63.14,15,58
8069,4.88,2,28.23,17.81,15,58
8072,96.45,27,28.45,51.65,15,58
8070,51.78,17,29.79,85.84,15,58
8072,75.15,25,33.5,42.64,15,58
8072,55.08,15,29.98,85.06,15,58
8076,107.64,27,28.93,69.42,15,58
8075,3.15,4,26.51,68.21,15,58
8075,96.49,27,34.25,57.11,15,58
8079,4.63,1,23.58,68.93,15,58
8080,26.91,13,8.37,89.84,15,58
8079,45.91,24,47.7,59.12,15,58
8081,61.52,28,29.36,14.64,15,58
8080,125.52,33,26.92,57.79,15,58
8081,53.86,33,7.43,69.19,15,58
8082,46.79,15,30.16,56.54,15,58
8083,2.41,9,23.06,69.14,15,58
8087,70.76,24,22.37,57.76,15,58
8086,30.53,22,6.53,17.8,15,58
8088,132.77120000000002,35,33.18,42.42,15,58
8090,43.71,12,29.0,48.49,15,58
8088,68.25,21,30.58,57.91,15,58
8089,3.2,3,53.63,59.34,15,58
8092,65.48,27,24.98,93.48,15,58
8091,53.9,15,30.07,55.01,15,58
8092,2.37,11,30.57,64.52,15,58
8094,86.4,34,21.66,69.38,15,58
8096,1.16,3,6.65,48.37,15,58
8096,2.59,1,31.16,50.77,15,58
8098,35.38,16,57.24,44.95,15,58
8097,0.77,10,21.81,54.22,15,59
8101,35.65,15,47.26,62.47,15,59
8099,120.48,31,20.19,53.88,15,59
8101,22.83,13,50.07,44.14,15,59
8103,43.52,12,32.14,65.41,15,59
8102,2.83,5,29.44,59.28,15,59
8104,4.34,8,6.82,94.03,15,59
8104,106.39,34,34.94,52.73,15,59
8106,77.1,24,28.11,47.41,15,59
8108,87.64,33,34.33,60.91,15,59
8107,4.1,8,24.89,58.38,15,59
8110,21.92,19,49.66,92.76,15,59
8112,3.98,8,31.81,68.03,15,59
8112,4.55,1,28.66,58.0,15,59
8114,37.88,29,56.17,14.48,15,59
8112,0.21,9,33.47,54.08,15,59
8115,47.19,13,22.89,55.67,15,59
8115,81.72,20,33.1,49.57,15,59
8115,49.31,27,5.98,65.62,15,59
8118,35.11,18,6.92,59.56,15,59
8118,3.07,5,20.69,56.5,15,59
8120,98.38,28,20.36,45.96,15,59
8120,50.53,30,8.34,53.81,15,59
8120,1.16,4,31.8,51.87,15,59
8121,67.49,18,31.98,43.39,15,59
8123,49.61,21,23.08,94.03,15,59
8126,4.16,8,22.01,46.22,15,59
8124,123.72,33,28.33,56.31,15,59
8126,0.94,6,50.17,64.12,15,59
8126,125.4,35,27.83,40.39,15,59
8130,45.36,12,33.01,51.24,15,59
8131,132.77120000000002,33,29.24,43.21,15,59
8130,44.72,16,32.47,89.95,15,59
8130,3.22,10,6.19,19.78,15,59
8134,79.43,27,24.66,43.18,15,59
8132,4.2,1,24.07,48.17,15,59
8136,4.68,4,23.28,46.57,15,59
8134,49.34,28,51.41,49.34,15,59
8136,81.87,34,8.95,63.71,15,59
8138,132.77120000000002,34,30.03,54.14,15,59
8137,53.61,23,52.81,45.09,15,59
8141,122.38,35,31.17,52.68,15,59
8142,4.34,6,23.29,52.54,15,59
8141,42.65,16,28.0,13.42,15,59
8142,110.04,28,20.07,56.43,15,59
8142,32.74,12,29.56,85.18,15,59
8146,0.21,9,26.66,47.91,15,59
8145,39.02,18,53.27,56.19,15,59
8146,70.09,19,29.25,53.6,15,59
8148,88.81,28,28.16,85.44,15,59
8149,49.2,16,20.24,53.07,15,59
8151,58.26,18,28.64,44.41,15,59
8149,3.27,6,9.68,43.05,15,59
8152,102.41,33,25.11,46.04,15,59
8152,36.31,19,45.18,45.21,15,59
8154,112.15,28,25.58,59.0,15,59
8153,55.97,14,29.74,47.46,15,59
8156,132.72,35,20.38,88.17,15,59
8155,67.13,35,30.36,92.14,15,59
8158,3.33,4,34.38,43.42,15,59
8158,77.69,30,33.04,48.87,16,0
8161,73.36,18,20.8,64.26,16,0
8160,46.65,21,7.96,60.83,16,0
8160,1.39,4,9.47,45.27,16,0
8163,66.55,33,7.55,86.89,16,0
8163,3.02,11,21.84,59.63,16,0
8166,49.25,18,28.47,56.56,16,0
8164,91.92,23,31.22,59.29,16,0
8168,46.68,18,28.09,94.03,16,0
8169,60.95,20,22.41,69.26,16,0
8168,67.84,20,20.95,60.18,16,0
8169,1.66,8,34.23,66.82,16,0
8171,33.17,14,33.25,90.91,16,0
8173,31.75,23,45.98,17.81,16,0
8174,77.27,26,23.73,68.51,16,0
8175,91.92,33,21.7,90.08,16,0
8174,0.24,4,21.13,94.03,16,0
8174,4.07,4,23.33,57.48,16,0
8175,122.74,31,20.93,48.57,16,0
8176,4.6,7,32.03,52.28,16,0
8179,69.44,21,31.08,67.46,16,0
8180,60.96,35,9.69,60.99,16,0
8182,1.32,6,7.05,61.18,16,0
8180,39.93,24,51.26,49.08,16,0
8181,52.22,20,25.9,44.92,16,0
8182,4.53,3,9.45,54.95,16,0
8183,109.17,27,34.01,64.82,16,0
8185,2.25,11,22.79,64.48,16,0
8187,1.32,6,9.67,59.24,16,0
8189,2.06,8,25.01,60.94,16,0
8190,46.23,22,23.77,90.37,16,0
8189,85.67,33,31.99,44.53,16,0
8189,48.03,31,8.19,44.34,16,0
8191,35.77,13,33.17,48.26,16,0
8192,1.81,1,21.76,18.46,16,0
8195,2.04,11,31.92,57.62,16,0
8194,1.73,5,33.5,60.48,16,0
8197,1.7,7,8.81,57.52,16,0
8195,22.87,14,54.79,51.77,16,0
8196,0.18,9,29.98,69.41,16,0
8198,93.93,26,22.95,66.25,16,0
8200,83.37,33,29.84,94.03,16,0
8201,81.37,26,23.53,64.67,16,0
8203,25.13,14,56.7,69.56,16,0
8203,22.89,13,7.07,91.97,16,0
8203,2.03,2,56.4,54.51,16,0
8204,59.7,22,26.42,64.61,16,0
8205,31.7,14,22.92,91.09,16,0
8208,91.02,30,26.35,61.21,16,0
8208,102.55,34,21.49,59.22,16,0
8207,55.06,18,22.66,86.78,16,0
8210,4.12,10,24.65,63.68,16,0
8211,2.04,5,23.38,43.25,16,0
8210,61.57,16,30.49,64.98,16,0
8212,100.19,34,32.87,41.07,16,0
8215,0.56,8,6.99,69.67,16,0
8214,0.31,5,34.25,53.15,16,0
8214,91.88,27,34.61,64.52,16,0
8218,35.5,16,23.51,92.26,16,0
8216,97.68,25,33.0,69.16,16,0
8217,106.52,34,22.12,46.33,16,1
8220,59.08,16,34.56,64.36,16,1
8219,0.18,10,5.53,46.59,16,1
8223,56.79,14,28.53,64.61,16,1
8221,55.7,24,46.92,45.68,16,1
8222,130.54,34,29.77,40.52,16,1
8223,69.31,18,30.87,42.52,16,1
8226,4.31,1,26.79,42.81,16,1
8225,125.12,30,21.88,62.42,16,1
8227,18.71,12,9.41,89.36,16,1
8227,4.02,6,27.79,44.1,16,1
8229,4.8,4,33.63,12.14,16,1
8232,41.66,13,33.49,60.08,16,1
8230,38.73,12,23.68,44.54,16,1
8233,81.87,35,47.46,67.86,16,1
8232,3.42,4,34.17,40.6,16,1
8234,80.45,29,25.27,41.18,16,1
8236,102.92,29,23.22,60.45,16,1
8237,60.73,19,28.39,65.04,16,1
8236,43.99,12,20.01,55.97,16,1
8238,1.31,10,29.89,51.04,16,1
8241,4.98,10,25.04,60.0,16,1
8241,42.94,15,30.02,90.38,16,1
8243,4.52,3,25.18,64.35,16,1
8244,25.5,15,52.1,55.88,16,1
8243,29.1,13,58.45560000000002,43.83,16,1
8245,46.48,15,24.26,60.7,16,1
8245,4.75,1,23.63,54.33,16,1
8245,63.14,25,31.34,41.75,16,1
8248,60.77,35,54.86,11.71,16,1
8248,100.57,34,29.47,51.48,16,1
8250,3.43,4,34.34,53.21,16,1
8252,3.4,3,8.26,55.96,16,1
8250,55.44,20,25.51,86.4,16,1
8253,40.41,22,20.37,90.79,16,1
8254,4.03,3,31.45,63.67,16,1
8253,132.47,35,28.81,57.3,16,1
8256,2.37,7,29.67,40.64,16,1
8256,116.13,30,25.15,42.55,16,1
8259,78.42,22,29.9,60.82,16,1
8258,41.67,14,21.56,60.58,16,1
8259,45.48,15,32.23,41.5,16,1
8260,3.92,8,9.33,14.03,16,1
8262,74.88,20,28.69,40.84,16,1
8264,63.74,21,20.27,48.43,16,1
8265,0.42,6,30.59,87.58,16,1
8264,0.68,4,26.06,53.32,16,1
8267,44.89,12,31.84,45.34,16,1
8266,89.67,31,33.4,19.35,16,1
8268,1.87,9,27.32,63.03,16,1
8268,57.87,15,32.02,40.16,16,1
8268,1.0,4,26.86,64.54,16,1
8269,73.09,25,29.95,52.83,16,1
8271,45.81,24,9.29,66.54,16,1
8271,4.73,6,30.27,50.51,16,1
8273,79.34,31,20.32,49.65,16,1
8276,1.6,5,24.32,86.33,16,1
8276,70.81,22,31.46,42.59,16,1
8278,103.95,34,26.31,58.8,16,1
8277,45.64,26,28.74,13.14,16,1
8277,118.06,32,34.19,85.11,16,2
8281,3.17,10,29.31,62.34,16,2
8281,78.38,28,24.12,49.8,16,2
8281,45.34,12,25.28,61.78,16,2
8282,1.19,1,6.77,67.85,16,2
8283,46.39,13,25.57,55.08,16,2
8284,29.96,13,34.9,91.8,16,2
8286,54.44,23,31.16,14.1,16,2
8285,49.47,23,7.35,89.53,16,2
8289,0.76,1,7.46,11.14,16,2
8289,62.83,24,34.21,60.89,16,2
8291,46.87,20,8.01,43.58,16,2
8291,112.21,32,22.21,54.76,16,2
8290,3.3,3,24.47,56.69,16,2
8294,2.29,8,32.58,40.36,16,2
8294,46.17,19,54.98,58.69,16,2
8293,42.62,23,7.92,44.94,16,2
8294,2.46,11,25.18,54.62,16,2
8297,3.03,7,23.42,58.87,16,2
8296,51.35,29,58.45560000000002,53.78,16,2
8297,70.66,23,20.06,53.22,16,2
8300,70.74,28,33.67,11.66,16,2
8301,1.5,2,30.8,46.69,16,2
8301,4.44,6,7.76,56.28,16,2
8301,63.43,18,28.48,89.73,16,2
8303,58.01,18,34.39,54.74,16,2
8303,76.55,25,20.18,55.21,16,2
8304,35.36,12,34.44,41.28,16,2
8306,2.29,11,8.17,68.01,16,2
8306,67.97,26,32.89,46.37,16,2
8309,2.67,11,32.68,51.43,16,2
8310,3.14,10,28.27,53.23,16,2
8310,42.61,13,29.21,66.02,16,2
8313,62.15,21,28.04,69.64,16,2
8313,88.57,30,27.51,88.79,16,2
8314,65.1,26,23.88,61.64,16,2
8316,0.9,7,30.0,46.69,16,2
8314,33.44,13,20.22,13.29,16,2
8318,54.63,30,7.82,51.46,16,2
8318,4.14,10,31.25,53.82,16,2
8318,130.81,34,22.41,40.4,16,2
8320,93.84,30,27.69,65.14,16,2
8322,4.79,4,27.8,88.94,16,2
8322,2.88,4,24.51,12.77,16,2
8324,2.95,4,54.64,69.26,16,2
8324,0.18,3,21.54,11.14,16,2
8323,60.91,28,8.08,58.39,16,2
8327,105.14,31,23.24,53.33,16,2
8325,33.1,19,55.62,41.96,16,2
8328,62.19,28,33.4,14.35,16,2
8328,1.99,2,57.1,18.92,16,2
8329,74.06,20,24.84,49.16,16,2
8332,112.82,27,34.51,50.32,16,2
8333,64.67,21,22.3,68.46,16,2
8331,47.4,13,23.97,64.98,16,2
8335,116.97,31,30.26,43.74,16,2
8333,114.46,29,32.73,48.27,16,2
8337,93.2,35,22.48,94.03,16,2
8338,3.98,9,22.54,40.25,16,2
8339,0.47,11,29.57,50.34,16,2
8339,2.77,9,33.47,52.44,16,3
8338,90.37,32,26.84,64.04,16,3
8340,53.41,13,30.05,51.82,16,3
8343,1.58,9,28.26,48.07,16,3
8341,129.38,33,23.28,49.1,16,3
8344,90.33,34,25.04,85.43,16,3
8343,85.11,33,29.2,48.52,16,3
8344,92.17,22,28.76,58.93,16,3
8346,79.54,29,31.16,42.69,16,3
8347,1.45,6,22.85,50.64,16,3
8350,124.62,34,26.96,41.9,16,3
8351,82.55,24,24.35,62.34,16,3
8351,25.13,14,9.54,52.09,16,3
8350,102.94,30,20.8,50.42,16,3
8352,27.68,16,58.45560000000002,57.08,16,3
8355,81.23,26,22.64,60.59,16,3
8356,0.63,7,32.03,60.63,16,3
8356,2.04,8,32.16,66.52,16,3
8355,52.21,28,45.93,46.22,16,3
8359,4.03,7,57.32,89.36,16,3
8360,3.27,7,46.42,60.51,16,3
8358,2.76,8,24.68,56.02,16,3
8362,72.98,27,32.27,41.12,16,3
8360,101.85,35,30.51,59.66,16,3
8364,1.06,5,30.97,50.21,16,3
8365,105.56,32,24.92,40.41,16,3
8363,4.96,9,28.19,45.85,16,3
8366,1.21,11,22.92,64.74,16,3
8368,28.32,19,55.39,11.68,16,3
8368,82.93,32,30.53,11.48,16,3
8368,51.23,32,7.61,52.19,16,3
8368,51.79,15,33.42,58.92,16,3
8371,77.18,32,20.69,12.63,16,3
8372,43.25,15,31.36,65.74,16,3
8372,2.4,7,52.76,85.29,16,3
8374,1.95,1,34.98,63.19,16,3
8376,115.49,31,24.91,65.45,16,3
8374,4.94,6,22.82,58.75,16,3
8378,108.82,31,28.17,47.33,16,3
8378,58.76,16,32.68,85.21,16,3
8379,56.11,23,29.91,93.76,16,3
8378,62.29,32,56.46,46.9,16,3
8382,59.75,21,32.66,56.58,16,3
8382,2.18,6,8.92,56.55,16,3
8383,56.57,35,53.92,65.9,16,3
8383,117.72,32,23.13,55.22,16,3
8384,45.39,15,33.3,59.3,16,3
8385,63.94,16,20.24,59.48,16,3
8388,96.5,32,26.9,40.85,16,3
8387,33.72,22,6.01,67.61,16,3
8390,79.93,33,52.92,63.87,16,3
8391,3.37,3,26.82,66.9,16,3
8391,3.2,5,27.25,61.77,16,3
8391,121.47,32,32.32,85.64,16,3
8391,50.59,20,20.65,44.81,16,3
8394,4.1,8,25.58,47.44,16,3
8394,83.26,29,22.68,93.51,16,3
8394,0.79,2,26.6,69.9,16,3
8396,1.87,7,53.75,51.69,16,3
8396,50.89,25,53.79,88.75,16,3
8397,1.44,5,32.36,68.14,16,4
8400,2.5,9,33.71,48.99,16,4
8402,64.38,24,21.04,64.23,16,4
8401,94.76,26,23.34,56.98,16,4
8403,1.91,2,27.53,67.56,16,4
8403,88.39,34,27.77,41.93,16,4
8406,51.03,24,29.19,90.42,16,4
8405,0.33,2,49.32,46.21,16,4
8406,64.36,22,23.82,68.48,16,4
8408,83.26,23,29.7,69.97,16,4
8410,47.74,18,33.71,60.78,16,4
8409,100.95,29,23.14,49.4,16,4
8409,104.54,31,32.02,67.54,16,4
8412,93.49,33,20.34,43.4,16,4
8414,73.24,28,27.36,43.07,16,4
8412,97.27,31,31.58,67.22,16,4
8415,1.35,1,24.36,69.03,16,4
8415,3.71,6,24.69,40.33,16,4
8418,64.45,24,27.96,15.79,16,4
8418,66.36,21,27.75,56.05,16,4
8417,53.6,24,7.58,60.8,16,4
8421,3.11,3,46.84,66.01,16,4
8420,128.92,34,34.08,56.26,16,4
8422,117.93,30,20.07,43.41,16,4
8421,68.89,21,26.75,64.64,16,4
8424,60.26,29,26.01,17.63,16,4
8426,47.29,22,7.62,85.84,16,4
8425,83.4,29,20.63,44.82,16,4
8427,1.72,2,31.51,66.82,16,4
8428,0.45,10,29.75,59.49,16,4
8430,113.35,34,23.98,61.85,16,4
8429,1.08,1,24.34,45.19,16,4
8432,4.04,9,27.31,49.34,16,4
8431,65.37,26,7.71,50.4,16,4
8434,44.91,18,6.94,45.25,16,4
8433,0.29,9,30.64,57.86,16,4
8436,73.38,23,30.02,63.74,16,4
8437,57.51,19,24.53,45.06,16,4
8436,48.82,20,57.41,44.57,16,4
8438,48.85,13,34.1,67.95,16,4
8437,33.91,16,49.46,54.57,16,4
8440,57.59,31,51.0,44.86,16,4
8439,108.99,34,34.36,88.66,16,4
8443,31.77,13,9.89,62.39,16,4
8442,4.13,1,20.07,60.9,16,4
8445,56.92,23,25.3,15.84,16,4
8444,3.49,3,23.43,69.81,16,4
8445,75.48,23,34.24,42.13,16,4
8446,61.64,26,5.78,53.85,16,4
8446,82.05,24,29.68,45.19,16,4
8448,3.85,7,24.93,47.83,16,4
8448,89.99,31,33.36,51.51,16,4
8449,119.23,31,23.8,47.46,16,4
8452,2.74,10,23.36,68.39,16,4
8452,70.1,25,23.54,93.06,16,4
8454,0.88,11,28.22,63.88,16,4
8455,82.03,20,26.65,88.65,16,4
8457,0.66,9,26.55,47.98,16,4
8458,72.8,28,24.32,61.91,16,4
8457,1.62,7,32.68,53.01,16,4
8458,43.91,20,54.17,59.81,16,5
8461,113.24,33,27.14,52.94,16,5
8459,4.4,5,28.07,13.06,16,5
8460,64.13,25,34.21,16.2,16,5
8461,85.04,30,33.36,44.27,16,5
8463,3.11,8,7.54,62.79,16,5
8465,42.03,15,29.25,66.15,16,5
8466,121.35,32,24.56,87.37,16,5
8467,59.52,18,24.58,59.12,16,5
8469,2.02,1,27.45,64.12,16,5
8467,40.23,25,57.98,94.03,16,5
8470,94.77,27,22.67,69.19,16,5
8470,4.88,2,32.38,66.4,16,5
8473,55.38,19,22.34,51.87,16,5
8471,4.87,7,57.51,50.09,16,5
8474,52.4,19,22.7,40.58,16,5
8473,40.01,21,56.61,85.48,16,5
8475,39.37,14,20.86,49.71,16,5
8476,22.84,15,7.76,52.94,16,5
8478,16.08,12,9.16,90.33,16,5
8480,35.94,12,33.6,55.59,16,5
8478,74.75,27,23.05,42.15,16,5
8480,3.25,6,51.34,64.25,16,5
8483,23.56,12,20.74,17.65,16,5
8482,75.71,29,30.75,67.9,16,5
8482,47.24,22,32.62,16.33,16,5
8485,104.77,28,29.84,67.71,16,5
8486,46.94,31,49.72,42.1,16,5
8488,45.12,22,22.75,13.86,16,5
8486,67.21,19,33.1,49.23,16,5
8490,31.8,14,22.64,90.39,16,5
8488,2.04,4,30.77,86.06,16,5
8491,43.69,18,50.62,46.69,16,5
8493,1.81,2,31.07,57.28,16,5
8491,36.16,18,57.24,62.87,16,5
8495,2.52,9,9.07,59.65,16,5
8493,44.95,16,33.98,43.21,16,5
8497,52.93,19,23.47,19.61,16,5
8497,4.06,3,31.83,17.64,16,5
8498,74.06,21,25.91,62.36,16,5
8497,4.73,8,24.18,61.26,16,5
8499,77.06,24,34.45,55.93,16,5
8500,3.31,3,31.08,68.1,16,5
8500,23.95,12,20.63,17.32,16,5
8503,62.18,25,49.65,47.68,16,5
8505,47.13,15,30.5,44.05,16,5
8503,2.5,6,22.72,45.23,16,5
8504,106.33,27,26.97,62.99,16,5
8507,71.48,31,9.79,53.27,16,5
8507,39.25,22,33.2,11.14,16,5
8507,94.37,31,33.02,41.57,16,5
8509,33.26,12,30.68,40.81,16,5
8512,0.5,5,22.09,41.48,16,5
8513,115.02,30,20.37,65.9,16,5
8513,0.18,7,5.56,51.98,16,5
8512,0.7,6,29.58,86.76,16,5
8514,64.76,25,33.85,92.67,16,5
8514,96.28,23,33.05,46.39,16,5
8518,119.57,30,23.02,47.33,16,5
8516,74.65,21,23.15,45.56,16,5
8517,104.42,33,24.72,47.17,16,6
8518,40.03,13,33.85,58.78,16,6
8519,0.49,3,53.64,51.75,16,6
8521,3.12,5,28.19,65.94,16,6
8524,33.85,18,28.99,17.25,16,6
8523,79.45,24,33.4,45.7,16,6
8526,39.83,12,27.62,63.95,16,6
8527,106.31,27,32.73,67.37,16,6
8525,60.65,16,28.19,47.04,16,6
8527,4.29,2,33.49,60.02,16,6
8527,3.76,11,33.87,89.21,16,6
8529,0.83,3,20.83,67.19,16,6
8531,63.39,23,24.85,47.69,16,6
8532,60.08,21,30.39,12.28,16,6
8531,40.12,14,21.9,90.85,16,6
8535,2.57,7,29.44,43.06,16,6
8536,42.68,27,5.53,41.91,16,6
8535,39.73,33,7.19,90.62,16,6
8537,108.46,35,30.38,60.65,16,6
8539,104.99,30,28.68,42.34,16,6
8537,28.72,18,5.78,45.15,16,6
8540,120.67,31,22.05,89.37,16,6
8542,25.13,16,45.92,16.53,16,6
8542,65.34,25,24.62,65.79,16,6
8542,1.29,8,20.56,57.41,16,6
8544,76.16,30,34.71,56.97,16,6
8545,102.04,31,20.24,52.33,16,6
8546,2.3,1,29.4,40.29,16,6
8545,56.64,32,9.63,42.54,16,6
8547,34.41,30,7.15,15.0,16,6
8550,42.02,12,29.95,51.07,16,6
8548,59.83,27,6.58,46.05,16,6
8550,88.08,35,22.31,87.46,16,6
8551,1.62,11,28.64,54.37,16,6
8554,89.33,30,25.76,63.3,16,6
8555,56.15,24,34.45,11.14,16,6
8555,91.78,22,25.77,68.73,16,6
8557,106.1,31,34.33,51.0,16,6
8558,63.01,17,28.41,60.06,16,6
8559,44.81,15,34.2,49.62,16,6
8560,27.96,15,51.28,40.1,16,6
8561,37.51,23,9.61,48.77,16,6
8561,44.37,28,49.86,68.77,16,6
8563,59.28,28,7.46,66.56,16,6
8562,34.96,16,25.06,90.36,16,6
8564,2.19,2,28.27,67.54,16,6
8565,56.34,25,5.53,48.24,16,6
8564,28.06,12,24.7,19.7,16,6
8568,70.03,34,8.25,60.2,16,6
8569,4.69,3,30.32,66.26,16,6
8568,73.55,22,31.16,40.55,16,6
8570,3.74,3,6.64,70.0,16,6
8571,51.49,31,47.56,94.03,16,6
8570,2.3,3,22.38,51.81,16,6
8572,4.17,6,31.98,51.22,16,6
8575,22.28,18,51.08,12.99,16,6
8574,30.76,14,5.74,40.21,16,6
8577,78.64,28,20.71,58.88,16,6
8577,41.75,16,26.83,64.12,16,6
8579,114.93,28,33.8,53.86,16,6
8580,43.16,28,49.39,66.21,16,7
8578,65.82,24,21.94,64.68,16,7
8579,70.46,19,20.2,51.66,16,7
8581,0.79,9,32.98,49.05,16,7
8584,0.31,10,22.93,91.15,16,7
8582,2.17,7,7.11,46.41,16,7
8583,1.03,7,23.73,69.36,16,7
8584,84.31,22,32.23,85.44,16,7
8586,70.16,24,26.34,94.03,16,7
8586,39.33,14,25.87,48.27,16,7
8588,69.29,19,34.37,47.29,16,7
8590,110.41,30,34.23,49.09,16,7
8592,45.69,18,28.8,15.46,16,7
8590,51.18,15,25.14,63.59,16,7
8592,51.39,33,9.51,40.57,16,7
8594,55.04,21,33.91,18.92,16,7
8594,27.24,15,20.91,18.41,16,7
8596,58.46,31,34.23,15.9,16,7
8596,95.12,29,28.38,68.06,16,7
8597,4.92,4,21.61,45.49,16,7
8599,4.95,4,20.38,65.57,16,7
8599,2.88,5,32.23,44.65,16,7
8602,96.95,25,22.33,49.79,16,7
8600,61.24,30,29.26,11.77,16,7
8601,132.77120000000002,33,31.81,40.19,16,7
8604,50.87,21,20.83,92.76,16,7
8606,65.13,17,28.7,86.15,16,7
8604,84.16,28,34.92,57.73,16,7
8605,4.41,8,22.61,65.97,16,7
8606,33.56,14,6.7,56.3,16,7
8610,115.7,28,23.76,55.05,16,7
8608,62.55,22,21.22,55.66,16,7
8609,4.7,1,57.87,58.11,16,7
8611,91.03,22,32.38,87.17,16,7
8613,0.18,1,21.97,64.57,16,7
8615,100.85,29,30.46,46.91,16,7
8615,72.07,24,28.08,52.99,16,7
8615,102.23,28,21.55,59.07,16,7
8617,86.09,27,33.15,58.59,16,7
8616,97.85,30,31.39,60.23,16,7
8619,52.3,19,31.6,49.0,16,7
8619,21.59,16,58.45560000000002,19.84,16,7
8621,33.43,17,54.21,59.35,16,7
8620,3.59,3,23.43,67.79,16,7
8622,2.34,5,20.73,49.9,16,7
8622,29.15,19,54.38,13.48,16,7
8626,2.44,7,31.67,58.9,16,7
8625,96.59,33,26.8,58.87,16,7
8625,1.14,3,32.98,47.0,16,7
8629,96.99,24,20.1,52.2,16,7
8629,45.79,17,29.58,91.05,16,7
8629,77.87,23,33.85,49.75,16,7
8629,68.45,30,45.38,58.0,16,7
8630,62.52,22,27.63,92.29,16,7
8631,42.39,13,28.02,53.62,16,7
8633,36.74,20,20.35,13.15,16,7
8633,2.88,11,6.88,48.7,16,7
8636,101.78,26,30.8,68.56,16,7
8635,0.52,3,9.77,40.56,16,7
8636,35.18,13,29.86,91.81,16,7
8637,41.92,21,32.26,94.03,16,8
8638,106.44,30,23.89,54.81,16,8
8642,1.11,6,31.37,46.8,16,8
8640,1.97,10,20.97,44.63,16,8
8644,23.51,13,8.2,42.81,16,8
8643,69.56,30,8.68,60.92,16,8
8645,0.62,3,29.81,93.61,16,8
8647,2.78,8,6.51,92.04,16,8
8646,3.07,11,20.16,47.11,16,8
8646,82.49,33,28.77,12.83,16,8
8649,60.18,20,26.21,66.31,16,8
8648,118.08,29,25.88,43.72,16,8
8650,4.1,2,23.95,69.67,16,8
8652,3.28,10,48.77,52.34,16,8
8654,4.94,2,7.5,55.1,16,8
8655,72.27,22,31.09,58.83,16,8
8653,61.63,27,55.34,49.99,16,8
8655,44.0,16,22.18,44.52,16,8
8658,100.46,35,26.14,12.36,16,8
8658,56.5,22,22.67,47.62,16,8
8658,3.3,2,24.57,46.91,16,8
8658,2.29,3,20.69,55.54,16,8
8660,4.87,9,20.48,55.73,16,8
8661,126.34,33,20.05,69.42,16,8
8664,29.2,15,31.93,16.36,16,8
8664,86.16,33,34.26,43.53,16,8
8666,68.19,27,20.24,58.81,16,8
8666,53.34,26,25.02,17.59,16,8
8665,0.42,8,29.05,90.36,16,8
8667,0.61,2,45.84,56.07,16,8
8667,4.96,3,29.18,86.08,16,8
8669,39.63,23,9.6,44.6,16,8
8672,42.68,22,26.97,94.03,16,8
8672,91.92,35,24.56,51.26,16,8
8672,44.77,16,26.72,59.04,16,8
8675,98.9,32,23.4,67.1,16,8
8674,102.77,28,28.9,43.6,16,8
8677,120.46,35,28.67,69.85,16,8
8678,0.25,10,33.56,60.17,16,8
8676,45.95,17,20.57,52.42,16,8
8679,0.53,10,24.54,41.28,16,8
8680,60.08,17,29.33,47.61,16,8
8680,4.73,6,31.92,94.03,16,8
8682,73.44,21,30.54,50.37,16,8
8681,56.44,17,34.57,69.99,16,8
8685,1.64,5,34.54,56.96,16,8
8685,70.92,22,26.99,87.44,16,8
8686,79.63,25,24.24,40.8,16,8
8686,117.25,33,32.95,87.15,16,8
8689,30.23,15,56.04,88.75,16,8
8688,26.55,13,21.36,91.86,16,8
8688,41.18,13,26.44,56.83,16,8
8691,47.27,15,21.21,67.45,16,8
8693,90.83,30,32.05,44.59,16,8
8691,3.98,3,28.98,63.22,16,8
8695,0.97,8,32.48,16.5,16,8
8693,98.98,28,26.24,43.7,16,8
8695,69.22,28,7.02,54.72,16,8
8695,48.66,14,31.17,53.55,16,8
8698,1.96,3,45.2,48.81,16,8
8700,107.27,27,34.99,52.78,16,9
8698,22.46,14,47.72,67.13,16,9
8699,3.27,2,21.81,41.66,16,9
8700,60.36,15,30.66,61.77,16,9
8702,4.17,5,33.25,65.72,16,9
8702,68.32,17,27.06,49.27,16,9
8706,24.37,16,5.53,94.03,16,9
8704,82.56,24,30.83,49.86,16,9
8706,89.97,25,32.82,58.78,16,9
8707,67.7,31,49.31,46.47,16,9
8708,1.18,4,6.32,49.79,16,9
8710,77.86,34,25.58,17.14,16,9
8709,24.4,16,53.23,50.69,16,9
8713,64.46,35,31.66,92.24,16,9
8712,92.04,24,26.14,66.8,16,9
8715,0.6,3,28.75,50.05,16,9
8713,59.33,23,29.94,56.79,16,9
8717,44.41,12,34.56,57.18,16,9
8718,4.64,11,32.7,46.42,16,9
8718,47.78,12,29.6,64.91,16,9
8720,40.35,25,8.6,40.81,16,9
8720,60.15,20,21.27,45.59,16,9
8719,94.32,33,24.48,47.15,16,9
8721,23.57,12,6.82,65.46,16,9
8724,3.87,5,30.6,50.77,16,9
8724,27.97,12,47.92,52.95,16,9
8725,3.92,10,30.75,41.21,16,9
8725,3.3,7,27.91,57.09,16,9
8728,78.36,23,32.73,50.48,16,9
8729,86.54,30,30.74,47.5,16,9
8729,103.52,30,24.75,85.66,16,9
8730,62.35,21,28.27,61.55,16,9
8730,123.35,31,33.44,55.82,16,9
8732,36.24,15,47.33,48.52,16,9
8734,41.91,26,55.98,11.14,16,9
8734,68.36,32,8.09,89.34,16,9
8734,2.45,8,28.43,63.87,16,9
8737,3.55,2,30.22,48.91,16,9
8735,116.02,33,28.62,64.75,16,9
8737,29.44,19,7.89,55.26,16,9
8739,4.37,8,33.53,64.37,16,9
8738,77.38,25,27.07,50.65,16,9
8741,88.75,23,32.93,52.78,16,9
8743,118.07,30,29.65,62.29,16,9
8744,1.79,6,30.1,14.64,16,9
8742,49.06,23,47.04,50.85,16,9
8744,72.96,22,20.17,57.14,16,9
8744,2.05,7,24.26,17.92,16,9
8746,91.57,24,21.95,46.3,16,9
8746,54.79,14,30.66,42.47,16,9
8749,3.96,9,31.59,48.01,16,9
8749,78.56,27,23.17,62.32,16,9
8750,3.64,11,26.43,61.91,16,9
8751,77.15,29,26.67,42.59,16,9
8751,96.73,31,20.97,56.92,16,9
8753,58.35,17,26.2,46.4,16,9
8755,114.12,34,27.92,68.11,16,9
8755,32.61,13,30.6,48.2,16,9
8758,41.78,12,30.99,56.48,16,9
8759,85.59,24,26.86,53.25,16,9
8760,88.11,26,30.94,62.85,16,10
8759,53.45,21,28.0,88.61,16,10
8762,42.75,21,31.27,90.95,16,10
8763,0.72,4,22.47,89.34,16,10
8763,1.83,11,24.64,64.47,16,10
8762,107.94,33,30.63,46.15,16,10
8766,49.54,20,33.89,90.98,16,10
8764,45.45,13,29.44,63.85,16,10
8766,76.36,26,32.65,63.75,16,10
8767,20.51,15,9.84,94.03,16,10
8767,82.9,20,31.34,49.18,16,10
8770,2.96,5,52.35,61.98,16,10
8772,91.65,24,26.65,64.37,16,10
8771,70.43,32,23.22,16.56,16,10
8772,42.25,16,26.03,91.38,16,10
8775,30.65,15,22.3,19.56,16,10
8775,3.11,2,27.28,40.73,16,10
8774,101.37,33,28.83,42.4,16,10
8775,41.68,21,6.58,65.5,16,10
8778,119.81,32,21.66,53.39,16,10
8777,71.64,22,22.22,64.53,16,10
8778,3.44,2,27.87,88.28,16,10
8779,40.8,17,20.58,15.59,16,10
8780,66.25,21,26.88,41.54,16,10
8784,1.07,7,21.09,63.88,16,10
8785,3.4,10,27.33,47.34,16,10
8783,132.77120000000002,35,22.49,62.0,16,10
8787,82.62,23,28.34,89.85,16,10
8786,44.41,16,25.62,85.04,16,10
8786,103.11,27,30.92,43.09,16,10
8787,56.48,16,21.42,53.22,16,10
8791,96.84,26,26.22,60.52,16,10
8791,99.42,34,31.58,43.73,16,10
8793,57.53,18,20.74,61.47,16,10
8791,77.56,26,28.54,68.07,16,10
8792,32.08,19,56.72,94.03,16,10
8795,44.2,15,33.45,66.08,16,10
8797,60.97,22,24.68,66.4,16,10
8798,85.41,25,29.7,54.3,16,10
8797,100.01,28,30.41,61.75,16,10
8797,74.33,26,21.77,67.5,16,10
8801,2.52,11,9.46,67.67,16,10
8801,83.18,30,31.93,60.08,16,10
8801,75.7,27,21.62,60.09,16,10
8803,82.27,24,24.87,53.67,16,10
8805,79.98,29,32.35,52.98,16,10
8806,2.31,4,30.94,14.62,16,10
8807,3.4,6,6.51,60.45,16,10
8805,83.07,22,21.44,60.45,16,10
8806,24.37,15,8.91,59.83,16,10
8808,52.84,20,32.45,42.78,16,10
8810,64.52,19,21.06,52.97,16,10
8809,96.47,33,30.17,50.09,16,10
8812,59.21,17,22.32,69.19,16,10
8814,49.51,12,31.94,40.13,16,10
8815,47.25,15,26.36,48.52,16,10
8815,91.61,29,24.01,62.47,16,10
8815,0.48,7,50.9,92.84,16,10
8816,106.93,27,34.39,57.67,16,10
8819,46.98,24,20.83,90.7,16,10
8817,1.17,10,24.5,54.23,16,11
8820,55.24,17,30.32,45.38,16,11
8822,4.6,10,22.11,18.27,16,11
8822,82.79,25,32.21,47.55,16,11
8821,79.35,27,20.99,69.54,16,11
8822,1.28,6,33.29,47.03,16,11
8825,115.77,28,27.46,68.97,16,11
8826,52.8,13,26.68,56.04,16,11
8826,3.67,10,50.03,85.72,16,11
8828,2.32,4,55.52,51.59,16,11
8828,47.55,19,21.22,46.99,16,11
8828,0.18,10,27.83,15.14,16,11
8831,90.18,30,33.39,44.95,16,11
8830,102.3,27,33.36,65.04,16,11
8831,41.31,12,33.96,56.58,16,11
8832,126.01,35,27.61,48.74,16,11
8834,73.23,33,27.92,11.14,16,11
8835,0.67,11,27.62,11.14,16,11
8838,86.45,32,22.75,13.77,16,11
8837,4.28,9,6.25,42.88,16,11
8839,30.98,17,33.03,90.76,16,11
8841,132.77120000000002,35,30.58,58.7,16,11
8841,62.22,25,22.71,94.03,16,11
8843,41.69,17,9.47,45.63,16,11
8844,49.21,14,27.57,59.1,16,11
8845,80.25,23,33.51,68.11,16,11
8844,46.92,26,21.53,18.52,16,11
8844,2.11,4,31.47,66.92,16,11
8845,3.92,5,57.73,45.51,16,11
8848,123.54,32,23.31,63.18,16,11
8849,16.65,15,8.34,93.94,16,11
8850,106.19,26,31.68,49.67,16,11
8852,44.25,24,50.39,41.35,16,11
8851,122.01,34,34.06,66.12,16,11
8854,63.47,20,32.07,52.22,16,11
8855,3.8,3,5.9,17.46,16,11
8854,79.14,20,21.94,48.81,16,11
8856,3.02,7,28.98,11.14,16,11
8856,94.42,28,26.51,54.27,16,11
8856,67.04,25,32.91,86.26,16,11
8859,116.23,29,34.03,85.11,16,11
8858,54.55,20,21.31,45.65,16,11
8859,2.01,4,29.79,50.29,16,11
8862,35.15,14,8.5,57.87,16,11
8864,2.09,9,20.15,68.13,16,11
8865,45.63,29,7.36,63.46,16,11
8864,47.81,12,28.2,40.17,16,11
8867,132.24,35,23.06,60.25,16,11
8866,2.69,1,51.13,50.08,16,11
8866,38.6,16,50.36,63.35,16,11
8868,2.29,8,33.5,44.14,16,11
8870,48.29,22,6.79,57.24,16,11
8871,3.1,8,23.08,42.35,16,11
8873,69.74,26,30.94,15.95,16,11
8873,29.88,19,6.37,56.13,16,11
8872,0.77,6,24.19,53.01,16,11
8873,63.35,18,27.21,56.97,16,11
8876,1.94,2,28.57,92.86,16,11
8876,29.35,16,46.52,52.1,16,11
8876,45.76,16,22.23,58.65,16,11
8878,22.35,15,51.46,13.51,16,12
8880,3.27,6,24.22,86.85,16,12
8882,47.41,14,25.54,68.69,16,12
8882,51.11,17,29.99,57.98,16,12
8881,0.43,8,27.59,50.46,16,12
8885,36.95,14,20.1,59.74,16,12
8884,52.33,26,29.32,93.7,16,12
8887,4.22,2,30.33,61.1,16,12
8886,106.04,29,32.29,50.86,16,12
8887,93.76,25,33.27,47.8,16,12
8889,4.97,7,21.21,14.52,16,12
8888,108.01,32,32.49,57.43,16,12
8892,98.23,25,27.26,86.07,16,12
8890,52.97,30,24.46,90.66,16,12
8894,3.64,10,21.37,54.43,16,12
8893,77.8,35,50.84,57.96,16,12
8896,51.58,15,31.79,45.06,16,12
8896,83.17,31,32.55,52.37,16,12
8896,65.35,27,57.12,48.54,16,12
8897,1.6,11,21.35,65.17,16,12
8897,50.19,22,27.37,11.14,16,12
8901,4.12,7,6.75,52.65,16,12
8900,0.59,2,7.1,58.77,16,12
8900,46.88,13,25.03,49.16,16,12
8904,4.56,7,20.17,50.9,16,12
8905,102.94,29,26.47,69.38,16,12
8903,99.53,25,26.15,45.17,16,12
8905,105.93,30,24.75,69.1,16,12
8906,4.31,5,26.23,43.19,16,12
8908,1.85,1,22.95,43.02,16,12
8908,59.7,33,27.35,92.23,16,12
8908,0.18,9,28.15,51.02,16,12
8911,72.15,35,31.65,15.58,16,12
8913,0.18,6,33.91,67.35,16,12
8912,45.74,21,51.76,41.6,16,12
8914,45.66,16,33.17,54.41,16,12
8915,89.61,26,25.28,40.46,16,12
8914,57.87,23,20.49,58.69,16,12
8917,4.75,2,21.48,56.44,16,12
8919,59.12,20,34.35,51.91,16,12
8919,63.48,23,27.47,64.83,16,12
8921,2.7,6,24.11,64.76,16,12
8919,132.77120000000002,33,23.7,86.33,16,12
8920,61.94,25,7.98,58.61,16,12
8921,53.96,18,27.61,60.12,16,12
8925,47.76,12,32.95,51.0,16,12
8923,46.29,18,34.64,92.79,16,12
8926,81.04,22,27.76,89.97,16,12
8926,31.37,17,57.8,52.87,16,12
8928,78.28,19,29.49,59.06,16,12
8929,44.52,24,7.68,54.7,16,12
8930,63.12,23,24.53,59.68,16,12
8931,0.69,1,33.35,44.07,16,12
8933,62.56,25,25.06,12.41,16,12
8933,1.78,7,28.22,12.18,16,12
8934,0.81,7,32.64,49.42,16,12
8933,75.23,28,21.47,43.56,16,12
8935,4.95,3,30.83,41.17,16,12
8936,36.31,17,6.16,60.62,16,12
8939,115.92,32,24.0,54.93,16,12
8938,0.41,8,23.61,64.14,16,13
8940,46.48,20,8.43,49.08,16,13
8941,4.98,2,25.0,40.78,16,13
8943,56.83,14,29.95,49.63,16,13
8942,111.31,27,22.51,46.85,16,13
8945,47.6,19,32.06,65.73,16,13
8944,26.46,25,52.95,14.11,16,13
8944,48.96,12,29.51,62.29,16,13
8948,0.62,4,9.84,40.76,16,13
8946,71.51,26,27.69,64.41,16,13
8947,0.61,1,8.87,50.36,16,13
8950,3.46,8,31.25,53.03,16,13
8950,62.9,20,30.9,67.53,16,13
8950,27.26,23,7.22,17.88,16,13
8952,66.63,29,49.01,87.91,16,13
8955,118.67,32,26.53,63.74,16,13
8955,2.55,11,25.1,41.8,16,13
8957,52.72,26,26.59,90.14,16,13
8957,1.78,5,30.24,62.33,16,13
8957,4.19,11,34.34,66.83,16,13
8960,119.11,35,23.06,51.28,16,13
8961,1.14,7,20.2,58.37,16,13
8961,59.93,32,8.38,59.36,16,13
8961,61.29,15,26.39,54.03,16,13
8964,51.71,19,31.63,53.75,16,13
8963,80.81,22,27.22,58.35,16,13
8966,86.59,26,31.43,64.09,16,13
8967,45.46,35,54.94,19.84,16,13
8967,64.79,21,26.04,57.62,16,13
8968,71.09,25,24.45,56.68,16,13
8969,77.68,35,51.05,85.25,16,13
8971,81.21,21,27.04,56.4,16,13
8971,1.83,8,33.82,58.94,16,13
8971,50.1,12,33.03,53.74,16,13
8971,50.05,13,27.93,50.11,16,13
8974,38.35,19,33.16,15.78,16,13
8974,57.9,21,28.41,53.21,16,13
8975,4.86,7,57.24,62.14,16,13
8977,41.17,13,29.76,50.94,16,13
8976,2.8,9,24.28,64.84,16,13
8979,106.18,28,29.17,40.92,16,13
8981,62.85,19,34.17,66.78,16,13
8981,122.53,33,23.06,68.48,16,13
8982,115.36,32,31.37,68.18,16,13
8984,57.65,17,25.01,54.72,16,13
8982,60.83,19,25.29,59.86,16,13
8986,124.54,35,31.97,56.73,16,13
8986,1.64,9,30.71,64.21,16,13
8985,115.15,32,23.52,69.44,16,13
8987,89.2,31,31.13,46.12,16,13
8989,0.18,6,6.34,15.09,16,13
8991,65.78,19,21.99,52.94,16,13
8989,80.81,30,30.41,46.07,16,13
8993,71.02,25,24.23,50.9,16,13
8992,48.95,15,24.1,43.64,16,13
8994,86.74,33,29.59,68.4,16,13
8995,77.49,26,26.93,51.34,16,13
8995,0.18,3,8.21,66.66,16,13
8998,47.06,22,20.06,11.23,16,13
8998,69.73,35,47.44,52.34,16,13
8997,100.11,29,22.11,65.92,16,14
9001,132.77120000000002,35,29.93,66.61,16,14
9001,45.07,24,9.68,58.45,16,14
9000,92.85,24,27.22,45.75,16,14
9003,125.14,34,23.88,63.8,16,14
9002,3.53,8,25.28,93.55,16,14
9005,97.67,31,28.81,55.97,16,14
9007,48.14,17,31.65,92.02,16,14
9007,1.56,11,24.56,50.74,16,14
9008,4.77,2,27.55,43.36,16,14
9009,0.81,3,27.99,48.23,16,14
9008,1.09,2,30.77,54.05,16,14
9012,48.33,17,27.82,44.82,16,14
9012,43.94,17,22.77,90.88,16,14
9014,52.54,21,54.6,56.17,16,14
9015,68.67,35,53.94,65.12,16,14
9015,62.26,29,45.7,55.53,16,14
9017,22.16,12,9.38,58.92,16,14
9018,1.89,1,21.91,87.23,16,14
9019,125.94,31,30.78,41.73,16,14
9018,0.31,1,27.34,59.7,16,14
9021,64.08,27,8.56,42.12,16,14
9019,60.9,18,23.68,67.33,16,14
9021,108.52,27,26.45,62.23,16,14
9023,110.53,31,21.18,49.39,16,14
9022,1.41,1,20.76,19.54,16,14
9026,1.65,4,32.0,42.1,16,14
9027,48.93,20,33.86,13.88,16,14
9025,39.89,19,9.46,69.44,16,14
9027,85.57,29,34.88,67.82,16,14
9030,132.77120000000002,33,33.28,46.63,16,14
9028,50.44,18,29.38,14.41,16,14
9031,91.99,26,33.76,62.04,16,14
9031,115.41,35,26.39,45.12,16,14
9033,37.59,12,23.49,52.41,16,14
9033,2.3,5,7.85,66.61,16,14
9034,48.31,22,51.28,67.47,16,14
9035,126.71,34,34.05,89.91,16,14
9037,45.2,18,26.05,13.08,16,14
9036,40.34,17,24.05,17.51,16,14
9038,1.49,9,33.66,60.24,16,14
9039,57.37,18,22.17,50.59,16,14
9042,37.34,20,7.83,49.73,16,14
9041,4.18,10,51.31,55.33,16,14
9041,0.56,4,26.19,45.78,16,14
9043,45.41,20,34.48,11.14,16,14
9043,4.27,7,58.45560000000002,48.13,16,14
9044,48.37,24,8.59,53.24,16,14
9048,102.39,33,26.62,67.2,16,14
9048,93.28,32,23.98,15.13,16,14
9050,103.19,27,23.14,64.48,16,14
9051,3.0,2,24.25,45.42,16,14
9052,52.97,26,8.9,61.8,16,14
9052,99.06,35,28.4,64.1,16,14
9052,75.51,21,25.95,49.86,16,14
9053,49.93,21,23.14,16.24,16,14
9054,66.96,22,33.76,43.74,16,14
9057,32.57,14,7.52,55.75,16,14
9058,59.2,35,6.82,59.51,16,14
9059,58.03,15,22.79,51.5,16,14
9058,38.19,21,7.92,53.28,16,15
9061,2.41,3,25.75,46.64,16,15
9061,103.37,26,24.62,66.01,16,15
9061,122.46,30,20.46,89.77,16,15
9062,41.2,15,21.23,44.2,16,15
9065,32.07,22,9.77,15.59,16,15
9063,95.6,29,32.7,41.42,16,15
9065,2.59,4,24.22,51.02,16,15
9068,3.06,4,23.55,52.77,16,15
9066,40.92,15,25.9,52.21,16,15
9067,58.96,15,20.68,57.8,16,15
9071,2.41,9,21.79,44.88,16,15
9069,56.89,18,28.7,47.47,16,15
9072,71.85,32,49.77,61.37,16,15
9071,47.05,17,32.72,40.41,16,15
9072,60.65,23,22.56,52.07,16,15
9076,40.8,14,29.47,18.13,16,15
9077,4.57,7,28.56,64.75,16,15
9075,70.93,19,21.68,61.41,16,15
9077,22.02,12,20.81,91.93,16,15
9080,56.18,24,32.55,92.68,16,15
9078,75.88,19,24.0,50.22,16,15
9081,98.17,27,26.26,55.56,16,15
9081,65.22,20,23.33,48.78,16,15
9082,33.83,12,32.23,44.12,16,15
9084,59.48,20,24.75,65.93,16,15
9086,33.97,12,30.95,64.81,16,15
9085,91.1,25,29.05,56.24,16,15
9086,41.94,17,25.41,16.21,16,15
9088,64.24,22,27.94,12.97,16,15
9090,109.81,32,31.85,46.85,16,15
9091,2.12,3,24.58,41.38,16,15
9089,50.6,26,51.69,54.39,16,15
9090,39.01,20,5.53,44.05,16,15
9094,64.22,30,47.84,65.71,16,15
9095,1.62,2,21.53,45.73,16,15
9095,79.01,23,22.72,56.84,16,15
9094,80.32,26,25.37,51.02,16,15
9096,4.98,8,52.29,59.44,16,15
9096,49.27,15,28.58,65.34,16,15
9100,51.38,13,29.04,56.87,16,15
9098,67.22,22,21.49,89.48,16,15
9101,50.53,31,9.13,52.69,16,15
9100,74.12,20,32.5,45.26,16,15
9102,27.44,13,46.68,54.89,16,15
9105,84.83,26,31.14,69.84,16,15
9103,90.54,32,34.37,86.07,16,15
9105,48.6,31,7.64,16.16,16,15
9105,2.73,9,24.92,52.37,16,15
9106,92.28,26,33.0,64.45,16,15
9107,4.6,7,47.26,49.0,16,15
9111,1.02,1,29.2,63.57,16,15
9109,2.47,2,30.31,94.03,16,15
9110,2.31,8,34.5,48.46,16,15
9112,33.88,13,27.31,91.76,16,15
9112,61.17,18,21.83,58.35,16,15
9116,2.97,3,48.92,57.05,16,15
9116,1.58,5,9.06,63.68,16,15
9116,67.49,34,8.37,49.35,16,15
9118,0.92,11,21.94,59.01,16,15
9120,102.34,27,29.68,41.1,16,16
9121,55.36,20,27.15,49.51,16,16
9120,68.08,21,29.0,49.49,16,16
9121,67.34,20,30.06,56.0,16,16
9124,35.64,12,22.53,40.15,16,16
9123,51.73,21,8.37,45.25,16,16
9124,2.16,3,5.53,54.77,16,16
9127,1.96,3,34.53,46.46,16,16
9127,89.32,29,24.28,41.69,16,16
9128,58.23,14,22.65,52.48,16,16
9127,0.75,7,46.98,62.7,16,16
9131,4.2,6,8.46,52.77,16,16
9129,100.29,24,29.83,60.53,16,16
9133,84.39,22,22.39,62.57,16,16
9133,60.76,23,27.15,54.69,16,16
9135,71.66,35,53.86,44.72,16,16
9133,47.17,19,58.45560000000002,54.6,16,16
9134,74.79,26,31.49,44.96,16,16
9138,2.2,6,28.97,15.08,16,16
9136,110.53,28,32.35,69.6,16,16
9140,34.78,14,9.72,66.14,16,16
9139,62.57,21,35.0,58.67,16,16
9141,107.92,27,20.26,58.39,16,16
9141,74.61,34,7.33,62.31,16,16
9141,0.56,9,31.34,58.58,16,16
9144,80.51,20,26.1,65.94,16,16
9145,0.77,3,28.87,56.77,16,16
9147,66.91,24,27.72,63.44,16,16
9148,3.17,6,23.23,47.51,16,16
9148,52.1,13,29.97,43.46,16,16
9147,72.23,18,26.28,67.93,16,16
9148,57.39,15,27.02,43.39,16,16
9151,38.1,22,7.59,55.94,16,16
9151,38.4,20,7.9,45.38,16,16
9151,98.99,29,23.25,54.09,16,16
9153,3.73,3,29.62,58.08,16,16
9155,4.33,6,21.19,56.05,16,16
9155,0.18,7,27.74,53.72,16,16
9157,45.59,12,24.58,46.22,16,16
9159,55.91,15,27.06,49.96,16,16
9159,53.65,17,29.27,65.34,16,16
9160,1.37,7,28.55,64.17,16,16
9159,4.4,6,26.41,56.27,16,16
9161,56.79,27,7.96,45.08,16,16
9162,132.77120000000002,35,31.23,43.9,16,16
9163,4.61,5,6.5,43.88,16,16
9164,49.87,18,27.73,15.8,16,16
9164,4.3,8,6.87,62.49,16,16
9165,36.19,13,26.48,67.86,16,16
9167,0.9,9,30.34,67.84,16,16
9170,90.08,24,20.95,48.36,16,16
9171,53.27,13,31.57,57.58,16,16
9170,103.71,26,26.6,68.97,16,16
9170,51.46,19,28.48,53.67,16,16
9174,85.75,27,32.53,47.95,16,16
9174,1.99,11,5.53,60.29,16,16
9174,78.67,29,20.3,52.13,16,16
9177,20.65,12,53.09,68.79,16,16
9176,89.3,26,30.38,56.97,16,16
9179,4.67,4,31.58,44.79,16,16
9178,4.24,10,34.84,43.68,16,17
9179,4.65,2,26.21,59.88,16,17
9181,44.26,13,23.34,52.12,16,17
9180,2.62,10,28.36,53.95,16,17
9184,1.27,2,9.89,48.16,16,17
9182,0.18,10,25.48,41.28,16,17
9184,4.08,6,28.44,64.65,16,17
9187,35.96,12,29.72,44.86,16,17
9188,102.94,26,29.71,62.75,16,17
9186,3.96,2,5.58,44.34,16,17
9187,39.66,23,6.61,40.09,16,17
9189,74.75,19,33.96,55.87,16,17
9189,57.89,16,22.66,65.0,16,17
9190,57.88,33,7.2,62.43,16,17
9192,0.18,8,22.04,88.81,16,17
9195,95.93,25,28.58,41.93,16,17
9193,53.65,15,21.36,64.97,16,17
9197,1.51,10,48.08,87.3,16,17
9195,28.26,14,7.34,43.56,16,17
9196,0.37,10,23.69,40.1,16,17
9197,0.65,1,32.54,48.65,16,17
9201,49.71,14,26.73,57.51,16,17
9201,56.57,15,29.29,52.65,16,17
9200,84.22,22,33.68,47.57,16,17
9202,2.14,10,21.24,18.02,16,17
9204,87.08,33,23.59,62.15,16,17
9206,98.04,27,32.9,69.17,16,17
9207,91.06,26,22.96,48.44,16,17
9207,3.75,7,27.47,54.94,16,17
9207,81.73,30,29.52,15.35,16,17
9209,2.96,7,26.36,54.2,16,17
9211,0.63,8,50.61,12.82,16,17
9209,35.42,15,8.11,53.52,16,17
9211,42.88,24,56.25,66.09,16,17
9211,100.28,26,31.24,44.76,16,17
9214,106.72,29,26.5,62.78,16,17
9214,30.76,12,28.77,44.7,16,17
9217,60.17,33,53.15,42.91,16,17
9218,4.64,2,30.92,43.02,16,17
9219,3.1,4,25.22,61.51,16,17
9220,4.24,8,34.1,48.39,16,17
9218,100.35,33,21.56,47.89,16,17
9222,3.67,6,20.9,11.14,16,17
9221,77.43,29,22.05,88.0,16,17
9221,46.62,22,23.2,16.84,16,17
9225,3.95,7,53.16,44.07,16,17
9225,95.86,29,27.15,42.45,16,17
9227,76.26,23,30.8,55.99,16,17
9225,3.73,3,28.67,40.35,16,17
9228,49.04,13,22.88,47.14,16,17
9230,54.09,13,26.69,68.93,16,17
9231,65.05,27,33.9,18.83,16,17
9231,1.82,6,29.55,52.41,16,17
9230,70.92,18,22.66,53.64,16,17
9232,3.54,6,50.37,48.47,16,17
9232,0.91,5,30.89,68.45,16,17
9234,2.22,2,31.63,44.4,16,17
9237,2.94,9,25.34,13.84,16,17
9235,88.09,22,22.42,68.03,16,17
9237,3.87,11,32.38,64.31,16,17
9237,116.02,33,29.65,66.07,16,18
9238,63.82,18,22.71,55.91,16,18
9240,1.73,5,34.58,60.9,16,18
9243,0.99,2,21.71,62.02,16,18
9243,80.69,33,46.03,52.46,16,18
9245,51.31,17,25.92,51.49,16,18
9243,122.62,35,34.38,64.93,16,18
9247,74.94,22,26.02,56.49,16,18
9248,1.27,8,33.9,15.99,16,18
9247,36.15,14,34.46,64.53,16,18
9247,74.12,24,21.31,65.8,16,18
9251,108.91,34,28.9,69.47,16,18
9251,3.14,8,8.99,92.73,16,18
9251,30.23,20,5.53,47.08,16,18
9251,48.35,18,34.71,56.64,16,18
9255,63.05,16,34.87,51.55,16,18
9255,3.36,9,9.54,88.34,16,18
9254,3.71,3,48.75,88.33,16,18
9257,0.71,4,53.99,51.5,16,18
9258,31.19,20,49.01,59.43,16,18
9259,1.06,11,25.72,47.33,16,18
9258,57.66,23,31.23,54.19,16,18
9261,35.66,12,34.27,45.59,16,18
9261,51.06,14,25.96,57.27,16,18
9264,132.77120000000002,35,34.85,57.59,16,18
9265,2.64,1,49.2,61.71,16,18
9263,112.62,30,25.31,42.81,16,18
9266,3.56,11,34.64,44.7,16,18
9265,1.39,4,6.37,56.21,16,18
9268,68.88,18,31.62,55.15,16,18
9267,28.12,16,55.91,93.11,16,18
9270,2.21,5,24.76,54.73,16,18
9272,22.0,12,45.59,88.68,16,18
9270,39.93,18,55.82,53.81,16,18
9272,55.07,16,21.57,46.85,16,18
9272,36.35,20,56.3,50.25,16,18
9275,69.23,27,31.92,47.8,16,18
9275,37.59,12,29.3,56.07,16,18
9276,55.56,27,6.11,67.54,16,18
9276,50.28,21,7.9,52.7,16,18
9278,39.16,23,5.53,43.27,16,18
9280,0.27,3,47.69,51.52,16,18
9280,77.05,31,33.35,20.0,16,18
9281,4.97,7,7.1,51.18,16,18
9282,33.57,18,27.31,19.92,16,18
9283,26.8,15,25.13,90.26,16,18
9285,59.69,18,30.02,48.82,16,18
9285,52.37,27,29.03,18.12,16,18
9287,2.92,3,23.7,67.49,16,18
9289,1.46,2,24.67,59.62,16,18
9290,31.53,12,33.02,50.83,16,18
9289,95.84,24,24.31,64.66,16,18
9292,69.15,21,33.56,46.99,16,18
9293,1.59,1,28.18,40.64,16,18
9294,64.28,23,30.34,63.68,16,18
9292,3.59,11,31.06,11.21,16,18
9295,59.87,31,9.6,44.22,16,18
9295,27.93,17,50.3,60.59,16,18
9298,0.64,5,22.08,61.55,16,18
9298,1.07,10,21.06,42.89,16,18
9297,63.91,18,32.03,58.74,16,19
9300,130.56,33,29.57,67.53,16,19
9299,24.14,12,25.69,15.55,16,19
9300,1.09,4,25.06,60.28,16,19
9302,48.11,17,20.49,48.28,16,19
9303,2.95,6,28.13,66.87,16,19
9306,50.3,22,49.72,52.27,16,19
9305,44.9,18,31.9,19.43,16,19
9305,42.34,16,20.64,46.3,16,19
9308,110.7,28,34.94,65.12,16,19
9307,80.48,29,32.5,54.03,16,19
9308,4.77,10,6.24,52.97,16,19
9309,63.69,29,20.43,93.4,16,19
9311,124.24,31,31.73,64.09,16,19
9313,2.5,4,29.34,17.76,16,19
9314,49.79,22,20.83,18.0,16,19
9315,30.17,17,6.28,52.25,16,19
9316,131.42,35,32.91,42.17,16,19
9316,56.41,15,31.38,88.34,16,19
9319,2.84,11,21.6,16.19,16,19
9318,0.99,9,27.99,94.03,16,19
9320,91.27,28,25.08,57.78,16,19
9321,66.23,16,28.87,86.38,16,19
9323,66.31,27,30.07,18.95,16,19
9323,89.81,23,27.23,67.58,16,19
9324,2.88,11,8.48,19.17,16,19
9325,46.32,14,23.5,63.26,16,19
9325,1.17,11,7.03,89.63,16,19
9326,1.29,8,30.52,12.52,16,19
9326,78.88,31,22.17,45.74,16,19
9327,86.11,25,21.55,66.89,16,19
9330,78.75,21,34.25,40.35,16,19
9332,1.01,3,24.93,58.67,16,19
9332,99.99,29,29.59,56.88,16,19
9332,28.87,19,50.55,12.01,16,19
9333,78.71,21,21.86,43.55,16,19
9334,98.4,28,20.94,59.15,16,19
9334,1.62,7,8.22,40.26,16,19
9336,97.78,26,33.95,67.16,16,19
9338,44.72,16,25.06,87.97,16,19
9339,90.55,22,28.24,67.66,16,19
9340,132.77120000000002,34,26.04,63.5,16,19
9342,65.98,16,32.77,68.01,16,19
9342,72.13,30,30.54,17.2,16,19
9344,70.14,19,34.27,42.13,16,19
9345,68.76,20,20.47,69.98,16,19
9344,42.99,23,54.58,64.31,16,19
9347,1.66,6,32.9,46.86,16,19
9348,2.34,11,22.4,92.62,16,19
9346,0.44,6,34.37,61.51,16,19
9348,95.03,33,23.07,46.26,16,19
9349,3.15,2,30.47,45.76,16,19
9352,36.79,21,23.88,91.76,16,19
9351,4.02,3,21.18,47.35,16,19
9352,2.82,4,33.33,47.18,16,19
9354,36.26,18,7.14,48.3,16,19
9354,50.85,13,28.45,44.3,16,19
9354,37.73,13,26.03,65.57,16,19
9358,69.16,25,26.95,11.57,16,19
9357,69.99,17,28.89,50.52,16,19
9360,118.88,33,23.31,43.16,16,20
9358,56.92,33,7.84,69.02,16,20
9360,22.9,14,5.53,49.33,16,20
9363,110.21,27,22.65,59.84,16,20
9362,51.15,34,57.19,50.06,16,20
9364,72.26,21,24.4,65.34,16,20
9363,41.02,13,24.03,52.48,16,20
9364,78.98,28,32.82,49.18,16,20
9368,1.09,11,34.75,91.86,16,20
9366,32.99,19,8.68,44.24,16,20
9367,54.63,20,21.26,63.01,16,20
9369,66.16,18,22.25,56.14,16,20
9371,55.11,19,21.19,52.89,16,20
9372,37.51,13,34.03,68.51,16,20
9374,1.81,1,27.3,55.67,16,20
9373,25.37,15,52.45,19.43,16,20
9375,2.92,5,29.31,61.76,16,20
9375,4.19,2,31.68,14.36,16,20
9378,96.66,35,26.95,62.82,16,20
9376,32.56,13,28.15,44.13,16,20
9378,46.05,13,24.28,57.58,16,20
9380,39.47,25,57.5,94.0,16,20
9380,3.32,5,34.01,19.17,16,20
9381,0.46,3,33.5,64.68,16,20
9383,3.92,3,26.55,67.33,16,20
9383,22.31,12,21.49,19.98,16,20
9385,132.77120000000002,34,21.65,60.5,16,20
9386,75.72,26,32.8,91.56,16,20
9385,48.22,12,27.07,64.23,16,20
9386,0.18,7,53.2,87.21,16,20
9387,2.26,9,24.62,59.74,16,20
9388,3.37,8,26.41,42.84,16,20
9389,3.05,7,22.07,91.77,16,20
9392,66.36,29,30.11,17.46,16,20
9394,3.17,8,31.05,66.03,16,20
9395,57.55,31,9.5,47.28,16,20
9395,78.42,33,21.89,11.73,16,20
9394,78.26,20,20.05,44.87,16,20
9397,46.8,20,33.31,93.62,16,20
9399,0.94,9,26.73,65.55,16,20
9398,1.14,9,7.17,55.16,16,20
9399,2.77,8,8.92,55.21,16,20
9399,56.26,15,33.99,69.99,16,20
9402,90.39,22,20.99,42.15,16,20
9403,3.41,3,22.11,45.9,16,20
9402,72.41,34,7.42,62.9,16,20
9403,63.51,23,29.96,63.73,16,20
9407,61.42,23,20.44,18.29,16,20
9406,64.25,34,8.09,53.96,16,20
9406,41.1,19,31.32,12.39,16,20
9407,73.94,30,24.73,94.03,16,20
9409,94.6,34,20.78,92.02,16,20
9410,45.38,25,27.86,19.81,16,20
9412,43.66,14,23.18,62.53,16,20
9413,78.0,28,21.99,58.69,16,20
9415,48.79,13,22.84,67.91,16,20
9414,0.28,5,6.96,85.84,16,20
9415,4.69,3,27.29,19.78,16,20
9418,34.66,23,49.17,49.2,16,20
9417,1.07,2,21.55,49.06,16,20
9419,3.95,2,33.17,85.45,16,21
9420,26.71,16,45.08,41.18,16,21
9420,44.72,22,7.26,48.73,16,21
9422,3.02,8,33.71,49.37,16,21
9423,89.38,33,20.63,67.14,16,21
9422,115.4,34,33.25,46.86,16,21
9425,49.95,17,21.57,65.12,16,21
9427,54.94,16,33.82,53.33,16,21
9427,71.93,25,30.79,50.02,16,21
9427,119.74,35,31.86,43.46,16,21
9430,54.42,24,32.62,91.4,16,21
9430,93.81,24,21.12,43.36,16,21
9430,3.04,6,24.55,56.62,16,21
9430,75.69,22,22.59,43.2,16,21
9433,1.57,11,34.32,90.73,16,21
9435,0.76,3,32.12,59.52,16,21
9433,48.8,14,31.38,55.04,16,21
9437,2.59,3,22.41,48.59,16,21
9437,46.67,18,31.86,52.86,16,21
9437,0.43,5,22.71,19.51,16,21
9439,81.7,22,31.85,63.24,16,21
9440,34.4,12,26.01,48.79,16,21
9442,47.22,20,31.75,92.59,16,21
9441,55.13,22,54.63,40.07,16,21
9443,109.17,27,28.32,52.43,16,21
9443,3.74,5,30.19,54.1,16,21
9446,1.9,10,22.44,40.21,16,21
9445,2.19,9,24.57,14.66,16,21
9445,55.64,16,28.25,69.79,16,21
9448,4.16,4,34.16,89.23,16,21
9449,103.6,32,28.17,55.32,16,21
9448,112.5,30,31.9,88.23,16,21
9449,77.4,24,22.82,61.57,16,21
9450,59.61,23,34.77,43.33,16,21
9453,45.61,27,57.67,16.57,16,21
9453,43.98,15,34.31,12.7,16,21
9453,43.85,15,31.18,87.26,16,21
9455,5.0,4,25.56,49.53,16,21
9455,0.58,5,33.27,54.31,16,21
9459,79.59,20,25.31,53.49,16,21
9457,2.56,4,28.17,58.12,16,21
9460,43.85,13,27.01,42.85,16,21
9459,102.12,29,33.5,61.98,16,21
9460,89.51,25,27.41,57.97,16,21
9461,25.26,12,21.89,12.03,16,21
9462,120.46,29,26.33,44.44,16,21
9466,95.47,30,29.56,43.67,16,21
9467,74.95,22,22.76,41.9,16,21
9465,2.75,6,26.15,68.08,16,21
9466,112.55,32,29.26,44.43,16,21
9469,47.37,26,20.78,92.76,16,21
9468,45.07,13,23.16,65.23,16,21
9469,80.24,24,24.63,56.7,16,21
9471,3.45,2,20.18,55.13,16,21
9473,47.55,23,9.8,65.09,16,21
9474,2.01,2,22.55,43.03,16,21
9475,71.3,31,49.95,43.0,16,21
9476,3.55,3,32.23,45.88,16,21
9476,2.41,5,22.43,61.81,16,21
9479,4.37,5,33.0,65.16,16,21
9478,0.18,6,48.8,60.19,16,22
9481,38.4,14,20.34,51.56,16,22
9482,105.8,30,29.83,49.86,16,22
9481,2.34,10,33.27,44.57,16,22
9482,2.34,11,48.66,60.38,16,22
9482,4.24,3,31.54,68.8,16,22
9483,0.18,1,28.66,53.67,16,22
9485,28.26,15,46.34,45.18,16,22
9486,39.64,13,29.27,87.13,16,22
9489,55.91,23,28.56,12.85,16,22
9490,69.24,18,25.38,66.24,16,22
9490,15.73,12,58.45560000000002,93.5,16,22
9492,81.17,22,26.56,65.6,16,22
9492,71.41,20,24.52,40.06,16,22
9493,46.68,18,27.03,41.37,16,22
9495,90.7,31,31.24,53.67,16,22
9495,57.79,21,22.91,45.68,16,22
9495,3.14,4,30.02,50.95,16,22
9495,99.29,30,28.03,56.61,16,22
9498,94.28,25,29.48,61.72,16,22
9500,124.31,34,21.57,55.63,16,22
9499,0.6,4,30.56,59.19,16,22
9501,86.81,25,32.71,67.23,16,22
9501,4.98,2,30.41,50.1,16,22
9501,37.29,13,33.46,47.58,16,22
9504,68.23,29,7.1,66.57,16,22
9505,110.18,32,31.38,41.78,16,22
9505,1.89,2,32.74,11.74,16,22
9508,83.25,25,34.09,49.19,16,22
9508,106.43,33,26.6,67.36,16,22
9509,46.72,16,33.21,52.17,16,22
9510,36.65,19,32.16,90.71,16,22
9512,0.68,9,34.19,88.36,16,22
9512,3.62,9,58.45560000000002,16.68,16,22
9514,28.34,16,7.53,67.75,16,22
9513,84.7,31,27.83,85.03,16,22
9514,2.56,10,30.48,64.8,16,22
9514,4.14,11,28.84,44.72,16,22
9517,2.89,1,46.98,55.37,16,22
9517,45.55,19,29.64,92.1,16,22
9519,3.17,11,30.39,49.09,16,22
9518,1.12,8,30.56,65.32,16,22
9520,47.74,22,28.33,90.96,16,22
9521,3.46,1,28.5,60.82,16,22
9522,88.65,30,25.49,48.25,16,22
9525,2.74,2,27.07,54.02,16,22
9523,36.0,13,33.43,56.67,16,22
9527,107.65,30,21.76,45.42,16,22
9526,27.88,13,9.96,50.65,16,22
9526,73.68,23,33.1,61.97,16,22
9529,69.72,27,25.15,68.24,16,22
9531,57.43,18,20.03,54.07,16,22
9532,89.74,30,24.12,56.56,16,22
9532,77.11,22,32.76,48.09,16,22
9533,3.76,2,29.44,64.09,16,22
9533,68.28,19,20.45,50.54,16,22
9533,52.73,33,6.21,62.95,16,22
9534,27.92,16,49.89,17.9,16,22
9537,121.11,35,29.44,69.87,16,22
9539,112.75,29,21.79,57.36,16,22
9540,49.25,29,54.97,43.72,16,23
9538,109.49,33,31.85,59.71,16,23
9541,4.07,4,32.38,45.3,16,23
9540,38.19,15,20.43,52.43,16,23
9543,51.66,17,24.96,56.32,16,23
9542,57.76,19,34.69,43.74,16,23
9544,112.2,31,27.36,41.17,16,23
9545,46.0,15,30.8,47.68,16,23
9546,66.6,16,31.89,61.41,16,23
9546,36.55,22,8.03,61.2,16,23
9550,0.18,11,53.92,16.87,16,23
9548,59.41,29,7.76,45.32,16,23
9549,1.66,10,34.28,52.77,16,23
9550,132.77120000000002,33,34.8,58.72,16,23
9551,3.8,2,25.89,43.97,16,23
9552,3.72,11,29.81,48.24,16,23
9556,57.39,22,33.53,55.97,16,23
9554,4.9,6,20.79,59.61,16,23
9557,92.61,27,28.21,51.9,16,23
9557,83.63,26,21.98,40.9,16,23
9559,112.94,27,27.07,87.75,16,23
9561,67.15,21,25.82,63.72,16,23
9559,80.92,34,6.19,68.93,16,23
9560,38.89,21,54.59,63.01,16,23
9564,2.85,4,46.02,41.36,16,23
9562,67.01,28,45.89,64.93,16,23
9563,92.86,25,31.08,58.04,16,23
9567,3.31,10,28.9,62.31,16,23
9566,79.23,19,26.67,45.49,16,23
9567,79.22,35,27.62,14.62,16,23
9567,39.83,14,21.65,66.15,16,23
9570,39.21,28,6.58,17.13,16,23
9570,43.75,21,7.86,67.62,16,23
9571,22.59,13,8.72,52.94,16,23
9573,4.65,10,6.86,57.88,16,23
9575,89.91,29,22.44,52.41,16,23
9575,2.91,3,25.51,60.13,16,23
9575,52.53,13,21.61,65.26,16,23
9577,74.0,25,24.05,55.16,16,23
9578,95.61,28,26.38,57.04,16,23
9578,35.24,20,34.69,90.07,16,23
9579,59.78,28,27.2,16.94,16,23
9581,75.42,25,25.89,55.1,16,23
9583,72.45,33,58.45560000000002,65.0,16,23
9584,65.88,18,21.37,67.53,16,23
9584,3.03,11,30.24,40.75,16,23
9584,31.39,14,5.53,69.55,16,23
9585,0.74,5,8.74,93.94,16,23
9586,42.58,12,32.9,42.53,16,23
9586,45.15,14,20.93,65.03,16,23
9587,38.5,12,31.06,54.97,16,23
9588,76.87,21,28.27,67.4,16,23
9589,107.25,32,22.57,44.87,16,23
9592,0.3,7,53.72,42.05,16,23
9592,75.87,21,33.24,67.74,16,23
9592,45.0,16,24.9,40.95,16,23
9595,45.31,15,28.17,89.43,16,23
9595,85.04,26,34.4,53.13,16,23
9597,32.08,18,6.13,65.95,16,23
9596,119.9,32,33.29,67.57,16,23
9599,59.38,22,22.82,11.14,16,24
9598,86.47,31,29.49,42.69,16,24
9600,56.39,29,49.66,69.62,16,24
9602,46.96,20,33.54,16.63,16,24
9603,24.49,15,58.45560000000002,18.35,16,24
9604,71.24,24,22.7,42.8,16,24
9605,42.05,19,56.33,61.09,16,24
9606,96.45,34,32.79,56.68,16,24
9605,36.74,13,20.72,40.63,16,24
9606,88.31,32,27.38,50.23,16,24
9609,80.84,28,22.44,40.71,16,24
9610,65.15,25,31.32,49.12,16,24
9610,53.13,15,23.27,50.08,16,24
9613,4.94,8,27.85,46.82,16,24
9612,3.08,3,23.68,18.78,16,24
9612,82.22,33,6.29,85.03,16,24
9614,85.37,28,23.84,45.35,16,24
9615,4.56,1,29.72,42.65,16,24
9616,90.5,26,33.94,62.44,16,24
9619,48.1,14,33.91,49.31,16,24
9617,77.09,34,9.74,42.3,16,24
9620,0.86,8,9.26,56.01,16,24
9621,53.83,22,9.06,48.65,16,24
9620,71.93,19,21.7,48.44,16,24
9623,117.91,33,21.48,57.52,16,24
9622,2.03,8,31.99,52.01,16,24
9624,26.52,14,8.36,60.86,16,24
9625,80.52,23,26.63,63.58,16,24
9625,58.65,29,8.73,63.99,16,24
9627,72.72,29,34.8,94.03,16,24
9627,76.76,31,6.53,67.92,16,24
9628,4.55,2,20.76,43.81,16,24
9630,1.42,5,9.54,54.85,16,24
9631,115.13,33,20.14,60.45,16,24
9632,51.37,13,31.45,57.91,16,24
9633,0.24,3,23.09,61.26,16,24
9636,2.52,2,27.67,61.56,16,24
9635,22.03,17,52.34,92.2,16,24
9637,61.95,24,30.84,57.07,16,24
9637,1.68,10,32.91,15.19,16,24
9640,92.55,24,23.55,43.25,16,24
9641,82.97,23,26.73,59.11,16,24
9642,22.02,13,9.62,67.88,16,24
9643,4.61,8,23.4,92.88,16,24
9641,4.16,10,34.05,60.93,16,24
9643,3.96,10,34.39,50.49,16,24
9644,108.38,33,24.47,56.67,16,24
9646,67.67,34,22.31,90.34,16,24
9648,104.32,28,28.9,51.29,16,24
9649,91.58,24,30.88,61.81,16,24
9648,107.69,26,20.54,50.24,16,24
9648,95.58,35,29.83,61.73,16,24
9651,58.83,19,30.92,58.13,16,24
9652,27.09,15,5.53,64.0,16,24
9651,52.73,28,8.82,60.58,16,24
9654,1.62,1,25.88,46.6,16,24
9654,63.9,33,49.65,48.89,16,24
9654,1.78,1,25.23,65.7,16,24
9656,81.1,23,31.16,40.43,16,24
9656,47.83,12,22.41,43.82,16,24
9659,41.21,25,48.6,14.41,16,25
9659,3.24,3,27.42,94.03,16,25
9662,92.24,34,24.09,57.02,16,25
9661,57.19,21,21.27,46.19,16,25
9663,119.5,30,24.22,48.55,16,25
9662,40.3,17,31.34,17.25,16,25
9664,105.54,35,24.92,64.93,16,25
9667,0.82,2,26.24,58.05,16,25
9668,106.17,34,30.29,40.56,16,25
9668,44.55,15,30.23,57.8,16,25
9667,104.72,25,27.88,53.36,16,25
9670,57.47,20,20.53,51.52,16,25
9671,108.76,31,24.36,54.94,16,25
9671,101.26,35,33.63,65.49,16,25
9671,51.86,22,5.53,48.84,16,25
9672,64.84,35,55.94,66.8,16,25
9676,1.12,3,32.68,65.54,16,25
9674,49.86,19,30.07,94.03,16,25
9677,97.11,34,22.1,48.7,16,25
9678,56.32,15,32.16,66.47,16,25
9680,79.2,26,28.09,69.31,16,25
9681,81.77,34,8.63,48.55,16,25
9680,57.29,14,25.51,63.74,16,25
9683,59.05,26,58.45560000000002,49.93,16,25
9682,103.72,35,20.29,43.28,16,25
9682,73.08,19,22.45,63.96,16,25
9683,2.07,6,26.61,13.45,16,25
9685,83.88,22,24.63,65.68,16,25
9688,2.01,6,28.11,61.29,16,25
9687,48.17,34,49.8,93.36,16,25
9689,94.66,24,24.62,65.12,16,25
9688,62.15,19,21.65,67.49,16,25
9691,20.15,12,7.99,59.61,16,25
9692,0.5,9,58.45560000000002,44.22,16,25
9693,4.42,11,33.95,18.04,16,25
9694,125.06,35,26.41,47.86,16,25
9696,103.25,25,21.98,48.88,16,25
9697,57.71,30,22.88,93.66,16,25
9695,1.07,10,30.88,58.75,16,25
9697,96.44,33,27.78,43.24,16,25
9698,85.46,32,33.1,93.58,16,25
9700,38.23,27,8.43,13.28,16,25
9701,45.21,19,6.75,60.3,16,25
9703,109.34,33,33.67,50.78,16,25
9702,40.12,21,47.08,56.28,16,25
9704,93.37,23,29.03,47.61,16,25
9706,35.85,12,34.5,45.05,16,25
9704,122.79,30,32.04,47.5,16,25
9707,26.43,14,55.74,40.61,16,25
9707,1.65,8,7.0,56.2,16,25
9708,68.57,25,20.12,47.71,16,25
9711,0.27,6,30.27,52.71,16,25
9709,44.93,13,26.79,85.89,16,25
9711,64.64,21,21.72,60.74,16,25
9711,55.83,16,28.19,55.94,16,25
9715,32.55,24,9.22,92.57,16,25
9713,3.44,3,24.74,47.82,16,25
9714,3.48,1,26.75,52.25,16,25
9716,130.12,34,28.61,46.25,16,25
9717,1.75,3,21.73,45.57,16,25
9719,36.73,12,27.63,50.31,16,26
9719,33.01,29,50.86,90.12,16,26
9721,49.89,18,26.98,65.26,16,26
9721,73.36,31,8.98,65.43,16,26
9721,1.53,11,31.11,59.46,16,26
9724,2.97,1,32.06,47.55,16,26
9723,97.87,26,32.58,69.82,16,26
9726,28.5,13,7.79,85.8,16,26
9728,1.22,2,25.07,65.95,16,26
9729,61.36,15,22.27,66.04,16,26
9729,96.0,33,22.57,47.2,16,26
9729,0.18,10,32.5,43.35,16,26
9731,2.25,8,31.93,53.71,16,26
9731,44.9,18,26.34,91.13,16,26
9731,58.71,20,21.61,59.32,16,26
9734,67.17,23,20.43,59.17,16,26
9735,3.62,4,48.94,12.34,16,26
9737,59.57,15,33.34,62.74,16,26
9735,2.07,9,28.03,54.06,16,26
9736,0.91,3,30.29,63.36,16,26
9740,96.44,28,27.93,61.79,16,26
9741,4.33,8,30.2,56.2,16,26
9742,0.53,2,24.08,56.46,16,26
9741,24.55,12,23.46,12.77,16,26
9743,0.4,11,25.35,60.78,16,26
9742,3.99,6,9.42,60.92,16,26
9744,4.35,5,20.04,58.88,16,26
9747,24.35,13,52.14,61.28,16,26
9746,49.49,12,31.91,51.83,16,26
9746,107.4,26,30.05,54.7,16,26
9748,3.28,11,24.84,68.07,16,26
9751,108.03,31,32.49,61.3,16,26
9751,64.6,25,27.29,43.08,16,26
9750,58.82,18,24.81,50.06,16,26
9753,56.65,23,57.25,52.85,16,26
9753,43.9,19,58.01,58.7,16,26
9753,74.83,21,33.29,46.59,16,26
9754,102.05,35,34.01,17.27,16,26
9756,3.11,8,57.46,16.17,16,26
9759,62.52,22,28.09,62.44,16,26
9757,102.88,25,21.71,43.41,16,26
9760,56.93,24,52.71,59.65,16,26
9761,2.36,9,8.25,55.62,16,26
9760,93.8,31,27.75,64.81,16,26
9763,38.8,13,30.54,41.16,16,26
9763,0.18,3,26.36,48.46,16,26
9766,88.84,34,31.07,45.49,16,26
9766,1.51,10,8.2,44.72,16,26
9767,4.81,9,21.44,88.46,16,26
9769,93.95,29,27.08,44.64,16,26
9770,32.5,16,27.96,13.18,16,26
9771,4.31,3,29.96,48.21,16,26
9772,47.39,14,20.33,49.19,16,26
9772,0.43,7,8.93,44.74,16,26
9772,57.46,30,31.64,90.54,16,26
9774,90.76,27,24.44,40.34,16,26
9776,66.97,16,34.28,59.81,16,26
9777,53.75,16,24.94,63.0,16,26
9778,72.71,19,24.28,60.93,16,26
9777,4.76,3,25.51,66.53,16,26
9778,1.74,4,21.23,60.53,16,27
9780,47.16,15,22.2,85.99,16,27
9781,75.19,27,27.24,42.63,16,27
9781,3.83,9,46.1,61.42,16,27
9783,80.17,20,31.98,65.55,16,27
9782,37.26,20,20.24,15.48,16,27
9786,47.77,12,34.79,53.37,16,27
9785,116.82,35,28.37,44.44,16,27
9785,132.77120000000002,33,27.53,44.45,16,27
9787,113.1,28,23.68,64.36,16,27
9788,4.91,9,9.89,48.9,16,27
9791,51.81,33,7.73,52.07,16,27
9789,45.28,14,22.79,70.0,16,27
9792,63.68,32,7.67,43.82,16,27
9794,39.56,15,25.2,60.04,16,27
9793,102.05,34,26.91,88.98,16,27
9795,47.0,16,21.81,12.41,16,27
9795,41.31,15,25.36,87.34,16,27
9796,52.1,15,31.2,45.37,16,27
9797,37.77,35,7.34,17.72,16,27
9800,124.17,34,21.39,60.05,16,27
9798,29.79,12,8.55,61.2,16,27
9799,52.62,18,33.35,57.49,16,27
9801,79.23,35,51.8,88.12,16,27
9803,68.84,33,31.79,94.03,16,27
9805,3.26,2,23.42,49.27,16,27
9803,84.29,26,31.0,65.82,16,27
9805,72.65,20,32.24,49.42,16,27
9808,86.9,26,28.19,67.2,16,27
9807,34.07,13,22.93,58.07,16,27
9808,55.97,16,22.82,58.82,16,27
9810,40.01,16,9.04,61.21,16,27
9809,0.8,10,23.35,16.83,16,27
9812,1.13,9,27.7,49.18,16,27
9813,132.77120000000002,35,33.43,45.5,16,27
9814,53.58,22,24.27,18.72,16,27
9813,66.58,26,34.86,41.34,16,27
9817,30.43,16,5.99,64.39,16,27
9818,82.45,33,34.99,16.93,16,27
9818,60.03,30,27.85,18.84,16,27
9819,1.24,4,24.13,62.9,16,27
9820,53.41,15,29.91,60.44,16,27
9819,34.13,16,9.6,53.02,16,27
9823,131.28,34,34.85,45.81,16,27
9823,99.15,28,24.46,43.85,16,27
9825,96.59,32,24.79,45.4,16,27
9826,39.93,15,31.77,60.87,16,27
9825,66.26,16,20.59,57.76,16,27
9825,54.72,20,32.37,12.55,16,27
9826,61.95,22,26.46,15.25,16,27
9830,4.28,4,32.54,59.76,16,27
9828,88.43,25,25.54,55.25,16,27
9829,48.05,25,8.38,65.37,16,27
9833,69.12,20,23.8,47.88,16,27
9832,129.98,33,28.43,67.68,16,27
9833,37.8,12,21.92,41.2,16,27
9833,44.13,18,50.5,65.12,16,27
9837,4.4,10,27.39,53.36,16,27
9838,83.79,27,32.58,54.67,16,27
9837,30.85,14,56.58,52.98,16,27
9837,50.8,15,31.02,63.04,16,28
9840,4.59,9,32.42,45.38,16,28
9842,0.53,4,45.72,40.76,16,28
9841,116.35,35,21.21,54.86,16,28
9843,0.18,2,32.12,52.46,16,28
9842,28.91,16,32.01,90.45,16,28
9845,126.71,31,28.29,62.97,16,28
9847,24.74,12,26.25,90.04,16,28
9847,57.31,26,56.88,69.96,16,28
9847,2.95,5,5.53,63.73,16,28
9849,3.33,7,24.54,47.81,16,28
9850,2.72,4,31.81,61.64,16,28
9849,4.08,5,57.69,56.48,16,28
9850,116.14,34,29.46,43.53,16,28
9853,40.73,12,26.08,40.57,16,28
9852,81.92,23,20.32,46.61,16,28
9856,0.37,10,27.68,55.71,16,28
9854,121.22,34,33.63,68.96,16,28
9858,0.45,2,29.23,12.96,16,28
9859,107.92,33,29.27,61.1,16,28
9859,88.26,33,31.34,66.14,16,28
9861,0.42,7,25.37,41.32,16,28
9859,4.7,4,6.79,51.45,16,28
9862,61.22,16,33.16,45.24,16,28
9861,67.4,27,48.19,63.04,16,28
9863,69.22,23,27.41,51.28,16,28
9863,132.77120000000002,34,33.47,58.37,16,28
9864,72.87,34,31.56,13.44,16,28
9865,82.43,22,29.86,62.41,16,28
9866,3.08,6,24.75,57.39,16,28
9867,30.41,16,9.61,54.56,16,28
9869,26.95,13,27.0,93.72,16,28
9869,34.46,22,46.32,85.65,16,28
9871,69.1,19,32.25,62.92,16,28
9871,128.42,35,30.11,60.4,16,28
9872,3.11,8,26.63,45.89,16,28
9875,79.39,30,20.64,56.44,16,28
9877,0.48,8,25.78,88.25,16,28
9875,21.7,20,58.45560000000002,91.36,16,28
9878,79.29,24,22.41,48.5,16,28
9879,75.17,23,29.58,63.57,16,28
9879,0.51,10,33.14,57.93,16,28
9882,86.7,22,31.22,45.81,16,28
9880,0.97,10,20.05,48.74,16,28
9881,1.95,11,24.49,15.84,16,28
9884,119.18,29,31.77,55.27,16,28
9886,81.59,31,33.46,48.38,16,28
9885,4.38,9,31.03,52.78,16,28
9886,2.48,9,8.28,41.85,16,28
9889,63.01,23,34.46,58.2,16,28
9889,2.7,8,31.76,68.15,16,28
9891,93.75,24,30.66,47.74,16,28
9892,59.58,23,22.59,45.71,16,28
9892,61.56,23,23.54,69.11,16,28
9893,46.11,14,34.85,51.12,16,28
9894,0.18,10,5.71,65.81,16,28
9893,97.62,31,33.71,56.08,16,28
9896,2.47,1,22.69,52.94,16,28
9897,52.07,23,51.28,62.34,16,28
9899,82.92,20,30.85,48.62,16,28
9897,30.68,16,8.27,47.42,16,29
9898,92.38,24,30.65,64.68,16,29
9900,0.24,5,30.35,53.75,16,29
9900,22.67,15,58.45560000000002,52.44,16,29
9902,96.28,30,28.87,44.06,16,29
9904,0.44,3,23.09,56.64,16,29
9906,117.11,30,28.7,43.72,16,29
9904,92.15,26,26.92,67.17,16,29
9905,93.72,29,26.96,88.32,16,29
9908,90.89,22,28.73,44.79,16,29
9910,112.65,31,22.34,63.12,16,29
9908,73.08,18,22.51,41.54,16,29
9909,0.67,10,32.69,61.48,16,29
9912,2.23,5,23.57,48.43,16,29
9911,132.43,34,31.76,47.35,16,29
9915,2.67,7,28.74,58.17,16,29
9915,56.62,19,27.73,46.18,16,29
9917,67.85,35,5.53,50.84,16,29
9915,99.33,24,25.12,63.98,16,29
9916,38.54,13,28.28,47.24,16,29
9917,78.14,22,23.5,68.87,16,29
9920,80.58,20,24.31,66.85,16,29
9919,4.12,10,30.85,50.28,16,29
9921,79.91,21,34.05,51.11,16,29
9921,64.59,19,33.69,49.92,16,29
9923,72.72,28,30.34,51.47,16,29
9925,33.11,12,25.35,41.05,16,29
9926,1.77,11,54.44,85.38,16,29
9928,85.59,32,27.99,47.4,16,29
9926,132.77120000000002,35,20.23,43.86,16,29
9928,1.58,8,20.82,45.51,16,29
9929,32.04,15,47.94,52.96,16,29
9929,70.92,18,27.38,58.41,16,29
9931,3.11,6,26.68,17.93,16,29
9934,75.75,20,22.22,44.13,16,29
9933,52.42,24,9.5,41.71,16,29
9933,3.73,10,32.12,85.52,16,29
9935,56.74,21,30.16,45.1,16,29
9936,31.25,12,20.75,94.03,16,29
9937,1.95,8,20.82,62.36,16,29
9938,24.1,14,49.07,88.41,16,29
9938,0.38,2,29.8,67.12,16,29
9942,50.6,22,47.14,42.15,16,29
9942,112.66,33,30.32,61.05,16,29
9942,89.58,22,32.44,43.1,16,29
9942,2.05,10,29.2,47.18,16,29
9943,0.87,8,34.3,58.08,16,29
9946,87.87,25,34.72,52.83,16,29
9945,4.01,3,22.84,59.45,16,29
9948,82.1,30,21.65,13.59,16,29
9950,4.51,8,34.52,60.9,16,29
9950,70.68,28,34.24,42.25,16,29
9952,2.67,6,33.84,54.3,16,29
9953,95.43,23,22.83,63.79,16,29
9952,1.77,4,7.15,61.2,16,29
9952,1.59,1,21.83,13.64,16,29
9953,2.74,9,32.66,13.08,16,29
9957,42.94,18,51.13,55.24,16,29
9957,51.86,14,34.08,45.71,16,29
9959,47.33,12,26.23,46.29,16,29
9957,44.01,13,26.71,52.48,16,30
9961,0.77,9,23.51,52.63,16,30
9960,78.72,20,33.31,46.85,16,30
9961,4.99,2,9.06,49.88,16,30
9964,51.32,29,50.12,64.85,16,30
9965,97.37,24,31.57,65.22,16,30
9965,55.35,16,33.32,56.06,16,30
9966,92.48,27,20.46,64.28,16,30
9966,1.41,11,34.01,44.22,16,30
9969,41.3,17,22.66,17.1,16,30
9970,106.94,34,34.21,61.57,16,30
9969,0.18,6,5.86,49.34,16,30
9971,92.25,31,23.74,43.58,16,30
9971,68.72,33,6.2,53.33,16,30
9971,87.93,27,22.46,46.98,16,30
9972,1.03,3,21.38,40.98,16,30
9976,1.67,4,33.84,49.34,16,30
9977,103.09,26,29.84,49.02,16,30
9977,2.01,1,22.49,57.38,16,30
9977,68.08,27,30.03,67.21,16,30
9977,4.79,2,21.62,43.21,16,30
9980,115.81,30,29.67,55.58,16,30
9980,2.73,8,29.14,57.66,16,30
9982,3.6,3,23.66,91.44,16,30
9984,59.49,15,29.0,85.07,16,30
9985,106.81,27,33.14,65.65,16,30
9983,4.24,5,28.69,67.78,16,30
9986,3.62,6,26.18,44.96,16,30
9985,1.59,8,56.24,55.69,16,30
9987,117.86,34,21.0,50.03,16,30
9989,97.97,24,30.47,41.61,16,30
9991,132.77120000000002,35,30.02,41.38,16,30
9991,2.47,2,53.94,60.73,16,30
9991,85.11,30,22.5,61.88,16,30
9992,68.22,22,22.87,67.88,16,30
9995,126.94,32,26.02,47.57,16,30
9995,115.12,29,24.68,56.4,16,30
9994,73.54,28,30.42,67.08,16,30
9998,94.97,25,25.66,61.51,16,30
9998,78.11,26,32.42,48.5,16,30
9999,1.62,1,28.5,89.46,16,30
10001,97.7,30,28.88,52.89,16,30
9999,1.36,2,31.91,68.05,16,30
10001,83.36,22,29.27,62.62,16,30
10004,1.19,8,26.62,60.83,16,30
10005,3.05,7,32.11,67.6,16,30
10003,53.27,16,22.07,47.7,16,30
10006,70.46,23,21.54,88.79,16,30
10005,64.22,31,29.79,12.11,16,30
10008,4.39,7,22.38,59.5,16,30
10008,0.62,4,27.77,63.29,16,30
10009,91.91,28,23.1,53.35,16,30
10009,84.52,32,26.35,55.03,16,30
10011,1.39,3,5.87,87.9,16,30
10011,69.58,26,21.97,66.09,16,30
10014,50.02,16,20.35,55.74,16,30
10013,80.53,21,31.09,88.8,16,30
10016,119.94,33,23.22,45.43,16,30
10017,3.72,1,27.43,40.7,16,30
10017,72.67,22,28.62,85.8,16,30
10020,3.43,4,56.86,11.37,16,31
10020,61.33,15,33.42,41.13,16,31
10022,65.76,29,7.54,86.6,16,31
10021,126.65,32,24.69,55.2,16,31
10021,77.48,27,24.13,54.29,16,31
10022,26.5,12,52.12,63.3,16,31
10025,70.24,22,29.09,66.77,16,31
10026,36.66,20,53.05,41.32,16,31
10028,70.65,17,28.57,51.97,16,31
10027,3.05,3,31.19,65.5,16,31
10028,129.64,33,34.84,49.92,16,31
10030,79.51,19,33.3,68.55,16,31
10030,79.07,26,24.24,41.75,16,31
10030,66.26,29,58.45560000000002,57.91,16,31
10034,109.29,34,24.5,65.66,16,31
10033,0.53,5,25.88,14.38,16,31
10034,70.93,24,26.65,64.62,16,31
10037,3.89,11,56.71,44.45,16,31
10037,0.87,9,33.82,44.61,16,31
10038,73.33,32,24.37,18.97,16,31
10038,91.53,32,21.43,51.98,16,31
10041,32.81,20,5.81,51.18,16,31
10039,56.4,21,22.19,44.66,16,31
10041,104.98,27,22.22,59.76,16,31
10043,52.78,24,25.96,94.03,16,31
10045,0.47,2,29.73,43.65,16,31
10044,59.6,21,28.46,63.93,16,31
10044,4.53,11,27.16,64.22,16,31
10046,2.98,3,7.73,56.81,16,31
10047,57.37,31,46.54,64.44,16,31
10047,0.32,9,7.75,51.59,16,31
10050,59.7,31,20.31,11.14,16,31
10049,2.64,3,29.73,89.77,16,31
10050,1.76,2,54.08,59.3,16,31
10052,98.38,30,20.81,66.36,16,31
10052,21.94,12,49.28,49.83,16,31
10054,90.03,22,22.72,41.6,16,31
10055,3.3,9,55.33,88.7,16,31
10056,57.14,14,26.05,53.12,16,31
10057,1.07,9,27.12,18.13,16,31
10057,1.25,7,33.84,55.03,16,31
10059,110.97,28,21.06,59.9,16,31
10059,81.01,21,20.9,44.45,16,31
10062,41.31,24,6.55,48.67,16,31
10062,95.18,28,26.26,50.85,16,31
10063,1.01,2,30.58,65.59,16,31
10066,49.53,14,21.93,66.86,16,31
10066,83.63,23,20.78,59.08,16,31
10065,4.22,5,27.85,64.32,16,31
10067,74.71,31,55.93,54.26,16,31
10069,55.11,23,7.59,41.74,16,31
10069,47.7,20,27.33,19.89,16,31
10070,34.09,12,28.78,57.19,16,31
10072,58.72,26,20.02,92.25,16,31
10071,63.04,33,28.6,19.51,16,31
10073,41.91,27,10.0,12.61,16,31
10074,0.76,6,25.79,19.11,16,31
10076,2.19,10,29.99,52.52,16,31
10078,98.0,28,27.3,62.77,16,31
10076,65.8,22,32.35,57.51,16,31
10079,4.58,11,30.29,85.47,16,32
10078,44.95,13,34.67,60.93,16,32
10080,0.56,2,5.53,65.84,16,32
10083,4.27,4,6.63,18.98,16,32
10082,124.66,34,26.96,59.9,16,32
10083,108.66,26,29.84,59.56,16,32
10084,74.33,34,23.12,16.24,16,32
10086,0.18,9,49.91,62.78,16,32
10088,117.96,34,33.72,48.61,16,32
10088,3.73,5,54.39,42.63,16,32
10087,70.79,21,23.11,40.03,16,32
10091,82.87,32,33.11,91.58,16,32
10091,34.65,12,34.95,53.68,16,32
10093,4.6,5,26.03,59.18,16,32
10094,2.3,7,56.63,56.04,16,32
10095,1.16,5,28.91,64.92,16,32
10094,63.22,29,29.34,14.36,16,32
10097,72.55,28,29.4,61.93,16,32
10097,4.21,10,25.03,45.06,16,32
10097,35.28,19,5.96,61.43,16,32
10097,29.97,12,5.57,62.99,16,32
10100,51.78,22,31.36,94.03,16,32
10100,3.93,1,20.83,69.69,16,32
10100,95.29,31,31.61,46.93,16,32
10104,40.43,25,9.52,49.57,16,32
10105,96.43,28,28.89,59.72,16,32
10106,58.64,35,7.64,14.37,16,32
10107,62.13,17,27.39,66.71,16,32
10107,53.76,14,27.35,40.02,16,32
10108,66.85,16,33.64,68.49,16,32
10108,56.36,14,20.52,50.42,16,32
10109,40.24,15,32.18,45.7,16,32
10111,4.91,4,22.67,61.77,16,32
10111,51.46,14,27.95,59.89,16,32
10114,48.24,28,5.55,40.15,16,32
10112,49.58,14,22.69,62.92,16,32
10115,87.94,35,47.64,61.98,16,32
10117,2.25,1,21.47,55.32,16,32
10116,53.41,15,30.09,55.9,16,32
10119,104.57,30,31.3,50.7,16,32
10119,61.59,30,50.82,67.34,16,32
10120,57.56,23,34.17,68.62,16,32
10121,24.64,12,7.29,67.28,16,32
10123,121.61,32,34.3,46.87,16,32
10123,0.66,3,25.77,56.57,16,32
10125,77.7,24,26.83,62.0,16,32
10123,26.64,16,56.52,46.54,16,32
10126,3.96,11,23.37,49.67,16,32
10125,0.23,8,30.89,47.53,16,32
10128,73.16,26,26.16,94.03,16,32
10130,55.51,20,28.35,59.98,16,32
10129,40.1,13,21.61,61.68,16,32
10129,108.51,27,30.48,51.0,16,32
10131,72.58,19,32.33,86.91,16,32
10134,2.43,11,25.67,68.57,16,32
10132,2.42,6,30.51,60.83,16,32
10136,37.45,14,33.04,57.9,16,32
10134,56.34,35,48.07,43.23,16,32
10135,30.74,18,55.56,50.14,16,32
10136,70.03,26,29.75,54.17,16,32
10138,29.96,17,5.75,14.4,16,33
10139,29.59,15,8.53,62.61,16,33
10141,3.43,1,27.54,17.64,16,33
10140,97.69,27,31.39,50.02,16,33
10142,47.65,22,21.01,12.23,16,33
10144,64.62,19,21.32,69.99,16,33
10145,2.62,3,29.01,59.31,16,33
10144,37.57,15,23.85,45.31,16,33
10145,91.35,24,33.63,59.61,16,33
10147,3.01,11,32.67,51.4,16,33
10149,114.09,29,23.57,46.55,16,33
10150,2.98,9,20.42,44.46,16,33
10151,132.77120000000002,35,25.23,58.72,16,33
10152,46.71,31,55.26,61.38,16,33
10151,88.15,32,31.69,59.51,16,33
10152,86.61,25,20.05,51.61,16,33
10155,71.3,21,29.88,61.96,16,33
10154,62.22,15,27.17,56.21,16,33
10157,124.75,32,27.95,40.65,16,33
10158,3.53,1,52.0,87.28,16,33
10157,43.82,16,26.06,49.59,16,33
10161,115.18,33,24.35,69.87,16,33
10159,41.37,12,34.7,41.87,16,33
10161,0.53,5,32.41,52.85,16,33
10161,81.32,28,20.62,17.71,16,33
10164,31.62,12,31.76,58.7,16,33
10165,81.29,24,23.42,47.15,16,33
10164,83.41,25,28.39,55.21,16,33
10167,4.78,9,24.85,41.69,16,33
10168,0.81,7,34.85,62.45,16,33
10169,69.68,34,5.53,68.75,16,33
10170,74.26,20,28.86,48.81,16,33
10169,0.18,1,30.84,58.09,16,33
10172,65.99,19,20.41,57.0,16,33
10173,0.84,10,22.74,43.44,16,33
10174,54.3,16,29.51,41.13,16,33
10173,2.48,8,20.89,60.42,16,33
10177,95.6,29,33.94,40.15,16,33
10176,45.79,18,32.03,68.25,16,33
10178,32.06,20,48.04,60.4,16,33
10180,0.84,2,23.03,86.89,16,33
10179,75.07,21,24.43,57.54,16,33
10182,0.76,9,22.68,64.06,16,33
10183,32.86,16,8.43,61.17,16,33
10183,1.14,5,30.25,12.24,16,33
10182,91.85,25,30.44,68.7,16,33
10184,4.61,8,24.13,42.11,16,33
10186,2.79,5,55.7,45.02,16,33
10188,106.43,31,23.13,61.17,16,33
10187,0.18,7,28.99,86.22,16,33
10189,75.42,27,34.3,58.05,16,33
10189,123.35,33,28.68,68.61,16,33
10191,1.27,1,28.08,61.46,16,33
10191,0.23,8,26.05,51.57,16,33
10192,0.24,5,27.38,44.94,16,33
10195,58.92,15,29.39,57.78,16,33
10194,3.02,1,31.58,57.54,16,33
10195,2.16,7,22.3,63.8,16,33
10196,3.3,5,22.9,50.12,16,33
10196,104.28,25,32.93,60.72,16,33
10198,1.25,2,6.12,61.44,16,34
10200,83.66,22,24.51,87.39,16,34
10202,50.08,13,30.46,49.68,16,34
10200,108.36,30,30.89,50.7,16,34
10204,97.89,30,31.0,88.2,16,34
10205,96.97,28,25.32,63.44,16,34
10205,43.44,24,22.76,13.25,16,34
10206,132.77120000000002,35,23.98,53.41,16,34
10207,83.42,25,20.11,49.3,16,34
10209,1.36,8,23.12,54.89,16,34
10208,4.69,2,51.09,63.44,16,34
10208,72.13,33,47.31,40.88,16,34
10212,1.66,7,6.39,44.65,16,34
10212,127.09,35,21.27,47.86,16,34
10211,82.88,30,28.14,63.52,16,34
10212,102.54,27,25.15,42.17,16,34
10215,41.77,14,28.11,60.45,16,34
10214,87.91,22,34.17,43.66,16,34
10215,95.52,25,28.05,60.33,16,34
10219,122.2,33,22.01,63.21,16,34
10217,3.22,9,29.75,60.81,16,34
10219,85.64,26,22.79,89.1,16,34
10220,41.08,16,27.33,11.67,16,34
10222,100.43,24,31.72,42.14,16,34
10221,53.46,15,31.72,48.05,16,34
10222,40.56,15,28.9,60.0,16,34
10225,59.46,22,28.65,11.14,16,34
10226,47.13,15,26.44,69.02,16,34
10227,3.96,7,24.18,68.03,16,34
10228,3.04,7,49.57,65.53,16,34
10228,59.01,23,20.04,56.86,16,34
10231,127.74,31,21.23,45.17,16,34
10230,92.67,25,20.05,43.21,16,34
10233,2.68,11,25.49,44.46,16,34
10232,2.06,9,6.34,43.95,16,34
10233,31.29,12,24.17,58.49,16,34
10233,1.49,8,48.42,53.62,16,34
10237,0.55,10,26.45,47.5,16,34
10235,20.33,12,6.57,47.88,16,34
10238,2.83,5,49.22,69.35,16,34
10240,87.33,28,31.06,46.68,16,34
10239,3.27,8,24.34,46.31,16,34
10242,0.26,5,34.9,43.81,16,34
10241,28.08,13,22.14,11.14,16,34
10244,4.24,8,5.53,60.08,16,34
10244,0.68,10,22.35,44.42,16,34
10244,63.27,31,55.35,67.43,16,34
10244,2.93,9,5.97,85.08,16,34
10246,67.2,20,32.29,68.59,16,34
10246,128.06,33,31.64,60.3,16,34
10247,107.78,30,23.2,49.24,16,34
10249,3.41,10,29.83,88.7,16,34
10251,1.74,5,21.03,65.66,16,34
10252,0.18,11,23.97,58.97,16,34
10253,82.97,27,20.93,69.32,16,34
10254,32.17,20,8.13,46.02,16,34
10255,122.54,31,33.02,67.57,16,34
10254,114.49,35,25.52,54.92,16,34
10257,32.24,13,31.65,90.94,16,34
10258,118.71,32,24.38,53.63,16,34
10260,30.4,25,48.57,94.03,16,35
10261,41.21,20,55.16,66.32,16,35
10259,57.08,28,57.43,40.86,16,35
10261,1.21,1,49.75,59.61,16,35
10261,91.38,29,32.67,64.93,16,35
10265,3.13,7,28.38,92.77,16,35
10264,40.02,19,52.39,63.13,16,35
10264,59.94,32,55.36,51.65,16,35
10267,4.85,2,22.89,50.58,16,35
10269,1.45,1,24.28,18.04,16,35
10268,63.33,20,27.22,47.27,16,35
10270,3.24,7,24.08,93.99,16,35
10272,69.96,23,22.93,53.52,16,35
10271,54.35,25,28.19,19.23,16,35
10274,47.17,23,8.89,89.43,16,35
10272,35.7,14,27.91,49.3,16,35
10273,51.36,16,28.96,49.24,16,35
10277,0.97,1,20.53,43.34,16,35
10278,95.38,31,31.92,41.71,16,35
10279,70.88,23,23.97,67.95,16,35
10280,3.52,8,20.54,91.25,16,35
10278,77.56,29,22.21,15.32,16,35
10280,102.68,28,25.44,53.03,16,35
10283,47.01,24,6.28,40.51,16,35
10284,43.91,18,5.78,54.72,16,35
10283,126.17,32,29.48,52.33,16,35
10284,2.34,4,22.48,65.92,16,35
10286,4.19,10,9.61,41.88,16,35
10288,1.72,3,33.76,64.64,16,35
10286,0.77,6,34.07,45.23,16,35
10289,4.98,3,54.01,17.89,16,35
10288,105.44,26,31.15,47.38,16,35
10291,1.02,2,24.14,64.04,16,35
10292,77.09,19,27.01,65.67,16,35
10291,121.41,34,22.49,43.18,16,35
10293,3.23,11,29.86,57.02,16,35
10295,84.22,26,26.46,45.84,16,35
10296,3.39,9,21.74,51.78,16,35
10297,2.94,5,26.08,54.66,16,35
10297,64.4,16,27.87,67.91,16,35
10297,2.73,5,25.15,41.02,16,35
10301,40.43,17,9.98,60.95,16,35
10300,57.03,15,32.6,61.46,16,35
10301,22.56,14,7.63,61.23,16,35
10302,33.88,19,54.12,86.42,16,35
10302,3.24,3,30.28,42.67,16,35
10305,105.97,31,24.53,60.67,16,35
10307,44.98,15,30.26,88.38,16,35
10307,105.03,26,22.05,50.94,16,35
10307,51.4,18,26.55,17.32,16,35
10307,3.84,10,22.8,44.02,16,35
10308,4.22,2,34.31,64.55,16,35
10310,38.54,21,5.79,46.07,16,35
10313,3.08,8,29.43,61.26,16,35
10314,4.76,7,51.13,61.21,16,35
10313,73.29,18,20.73,52.3,16,35
10315,2.0,2,21.68,58.38,16,35
10314,59.62,18,25.55,53.57,16,35
10315,103.71,28,29.43,47.0,16,35
10319,52.96,20,20.85,46.22,16,35
10317,79.35,31,33.42,40.81,16,36
10320,40.94,12,26.95,41.2,16,36
10320,0.45,8,34.27,57.97,16,36
10320,70.1,17,32.76,55.15,16,36
10324,132.77120000000002,34,28.25,68.16,16,36
10324,33.24,12,28.1,93.93,16,36
10325,4.3,1,25.16,65.29,16,36
10325,87.38,22,28.32,62.55,16,36
10327,75.45,25,26.71,57.16,16,36
10327,29.73,17,9.67,66.32,16,36
10327,28.27,13,24.84,13.72,16,36
10328,26.42,18,48.93,94.03,16,36
10331,105.18,26,21.12,66.03,16,36
10332,81.49,31,29.4,68.26,16,36
10332,52.58,25,6.77,49.19,16,36
10332,45.25,13,31.41,88.78,16,36
10335,29.36,14,20.17,17.62,16,36
10336,33.44,21,7.89,46.73,16,36
10336,61.28,23,33.52,42.93,16,36
10337,81.85,30,23.1,87.61,16,36
10339,114.99,31,28.83,49.82,16,36
10338,3.92,1,26.83,89.29,16,36
10339,74.0,25,30.18,58.09,16,36
10341,51.41,13,32.86,56.28,16,36
10341,2.42,6,24.98,49.81,16,36
10344,69.12,27,33.42,54.61,16,36
10343,67.58,27,8.97,42.45,16,36
10346,0.6,8,26.52,47.09,16,36
10345,113.35,31,30.77,48.44,16,36
10346,2.68,11,30.21,61.72,16,36
10350,53.08,14,30.47,48.87,16,36
10348,42.89,35,57.01,13.79,16,36
10349,3.54,4,20.59,12.32,16,36
10352,96.05,34,31.09,55.26,16,36
10354,62.85,25,32.38,50.86,16,36
10355,1.85,2,24.9,15.18,16,36
10355,26.91,15,27.87,18.44,16,36
10355,0.64,4,27.31,67.25,16,36
10357,59.77,35,49.1,67.35,16,36
10357,88.25,22,30.75,67.35,16,36
10359,2.47,4,28.96,63.26,16,36
10361,1.86,7,21.33,69.12,16,36
10359,47.06,26,48.07,48.04,16,36
10362,74.5,27,23.85,45.14,16,36
10361,45.07,12,34.12,42.48,16,36
10364,132.77120000000002,35,34.17,62.37,16,36
10363,64.36,21,28.24,59.64,16,36
10367,4.58,2,29.26,54.6,16,36
10366,49.06,20,20.83,13.63,16,36
10366,77.28,28,21.13,57.81,16,36
10370,2.85,4,24.85,58.11,16,36
10369,1.01,6,30.24,68.76,16,36
10372,42.35,16,25.59,12.26,16,36
10371,95.03,23,24.9,52.77,16,36
10373,63.56,21,33.39,65.18,16,36
10372,3.62,10,32.26,62.53,16,36
10375,4.59,8,34.96,50.01,16,36
10376,65.25,16,24.62,53.94,16,36
10377,4.69,2,33.23,11.67,16,36
10376,53.17,14,22.81,51.38,16,36
10379,45.42,12,28.51,46.42,16,37
10379,0.6,11,23.85,41.83,16,37
10381,3.03,3,33.05,45.91,16,37
10382,126.1,31,33.45,68.44,16,37
10384,27.99,15,9.74,69.88,16,37
10385,1.23,2,30.72,61.14,16,37
10383,30.97,19,6.29,49.97,16,37
10387,51.59,26,47.5,53.38,16,37
10386,3.17,2,32.78,43.19,16,37
10389,1.16,2,27.56,58.13,16,37
10388,92.42,24,23.84,41.54,16,37
10390,55.3,17,33.22,57.96,16,37
10389,96.18,27,23.27,47.56,16,37
10393,38.27,22,46.1,86.07,16,37
10391,48.76,29,56.71,90.79,16,37
10392,3.5,11,30.09,50.93,16,37
10396,81.53,25,28.4,47.06,16,37
10394,90.55,27,21.0,56.51,16,37
10398,88.8,29,30.91,68.12,16,37
10399,112.01,34,31.41,65.87,16,37
10400,86.22,28,28.21,42.59,16,37
10398,132.77120000000002,33,21.99,57.26,16,37
10402,4.63,5,33.61,67.46,16,37
10401,46.71,17,31.06,55.91,16,37
10401,85.5,25,33.84,65.36,16,37
10403,3.57,7,29.91,14.72,16,37
10403,107.49,27,32.9,49.17,16,37
10407,87.42,26,34.25,63.14,16,37
10405,90.95,31,28.47,54.37,16,37
10407,72.02,21,29.72,41.1,16,37
10407,61.61,22,22.32,67.35,16,37
10410,2.02,8,9.95,50.91,16,37
10411,26.59,13,50.92,49.18,16,37
10413,43.13,12,23.9,56.46,16,37
10413,89.22,25,22.49,49.1,16,37
10412,3.88,2,20.25,60.38,16,37
10416,69.81,30,26.59,14.8,16,37
10415,73.17,26,34.14,15.02,16,37
10418,40.82,21,51.42,65.07,16,37
10417,3.49,7,23.34,69.62,16,37
10420,64.7,35,30.97,14.8,16,37
10421,62.16,35,7.67,51.69,16,37
10421,56.02,16,33.6,61.43,16,37
10422,1.14,2,29.56,41.64,16,37
10423,88.12,33,31.73,56.03,16,37
10423,4.21,7,9.88,89.88,16,37
10423,52.09,33,54.84,59.24,16,37
10424,2.58,8,24.88,41.7,16,37
10427,57.25,21,34.51,63.34,16,37
10426,4.64,11,29.31,60.95,16,37
10428,77.71,33,24.91,92.15,16,37
10428,54.61,21,26.71,90.36,16,37
10431,51.26,16,33.98,47.21,16,37
10433,1.86,1,21.74,50.11,16,37
10433,42.09,17,32.99,91.61,16,37
10432,132.77120000000002,35,30.17,45.91,16,37
10434,0.39,9,29.96,92.83,16,37
10435,94.91,30,27.62,61.44,16,37
10436,98.58,28,29.48,44.8,16,37
10436,54.45,15,31.63,44.46,16,37
10439,3.47,2,21.39,62.13,16,38
10438,88.92,22,21.1,61.29,16,38
10441,132.77120000000002,34,31.29,48.56,16,38
10440,4.92,1,33.46,88.91,16,38
10444,127.69,35,24.88,63.96,16,38
10444,100.38,35,25.31,62.85,16,38
10443,93.45,27,21.79,46.61,16,38
10446,41.31,22,57.59,65.16,16,38
10447,4.25,1,28.76,64.32,16,38
10448,3.31,11,26.47,41.9,16,38
10448,80.94,35,27.78,15.19,16,38
10449,52.9,13,29.26,56.29,16,38
10452,0.18,4,32.67,50.74,16,38
10453,107.33,33,26.82,62.43,16,38
10451,76.45,20,24.09,55.32,16,38
10453,100.73,29,26.4,50.9,16,38
10456,102.4,25,34.9,67.19,16,38
10457,102.6,28,30.57,58.62,16,38
10456,82.03,25,31.51,44.08,16,38
10457,69.68,26,25.5,93.0,16,38
10458,76.1,20,29.96,57.7,16,38
10459,50.53,28,20.74,16.39,16,38
10462,43.23,17,34.47,68.8,16,38
10461,4.49,11,20.91,62.03,16,38
10464,53.39,20,25.67,48.57,16,38
10464,55.87,19,28.79,66.91,16,38
10466,70.5,32,9.66,63.6,16,38
10466,77.75,29,21.92,47.98,16,38
10466,86.52,31,26.71,90.87,16,38
10467,4.94,1,20.89,14.53,16,38
10470,41.63,15,24.32,68.14,16,38
10470,4.03,11,27.43,62.39,16,38
10472,76.04,28,20.6,41.86,16,38
10472,2.79,5,23.88,69.9,16,38
10472,2.85,4,25.68,65.16,16,38
10472,0.6,7,33.72,45.69,16,38
10474,61.27,24,32.97,66.54,16,38
10476,2.77,2,29.32,86.2,16,38
10478,3.17,5,27.53,63.97,16,38
10476,35.23,18,33.61,17.07,16,38
10477,68.29,17,20.85,62.45,16,38
10478,65.64,31,24.51,19.55,16,38
10481,42.47,23,8.26,63.25,16,38
10481,3.46,5,32.52,52.19,16,38
10483,3.4,8,6.82,63.34,16,38
10484,107.06,30,29.03,54.03,16,38
10484,3.86,6,34.71,67.37,16,38
10484,4.33,7,28.06,66.55,16,38
10487,79.88,25,23.83,87.41,16,38
10489,74.75,22,30.89,63.89,16,38
10490,45.89,21,8.89,51.15,16,38
10491,84.86,25,31.44,86.95,16,38
10491,1.16,7,23.64,49.57,16,38
10492,86.96,21,22.9,67.46,16,38
10493,127.67,33,34.0,52.24,16,38
10494,0.7,1,23.73,52.66,16,38
10494,116.92,35,22.89,59.09,16,38
10497,1.97,6,7.05,91.75,16,38
10497,40.66,23,25.91,94.0,16,38
10497,54.26,13,24.61,40.87,16,38
10499,39.73,13,31.82,46.21,16,39
10499,77.17,29,23.19,61.0,16,39
10499,32.47,19,8.58,46.1,16,39
10500,50.81,24,24.58,17.9,16,39
10501,2.84,3,20.36,45.6,16,39
10505,57.7,19,28.48,54.64,16,39
10504,107.11,26,30.6,49.63,16,39
10507,125.23,33,23.53,50.74,16,39
10507,2.73,3,25.61,46.57,16,39
10509,57.47,22,26.78,68.89,16,39
10507,1.6,10,33.43,67.88,16,39
10511,0.38,6,27.88,60.54,16,39
10510,2.6,8,9.73,68.24,16,39
10512,70.45,34,22.59,11.14,16,39
10514,103.14,26,27.02,47.61,16,39
10513,58.65,18,26.02,68.88,16,39
10515,113.46,28,21.37,56.68,16,39
10515,47.63,15,29.25,87.28,16,39
10516,35.17,16,48.14,43.92,16,39
10518,4.94,2,55.35,92.11,16,39
10519,2.26,10,47.02,55.21,16,39
10520,64.33,33,30.15,12.33,16,39
10522,46.95,22,51.75,58.08,16,39
10520,32.71,12,20.22,50.96,16,39
10521,1.51,1,32.76,52.32,16,39
10524,1.0,6,20.93,62.38,16,39
10524,99.55,25,22.6,59.74,16,39
10526,3.25,1,27.25,68.73,16,39
10526,38.36,17,9.43,44.92,16,39
10526,37.08,20,6.35,48.47,16,39
10529,70.64,20,25.12,63.56,16,39
10528,4.24,9,27.91,48.55,16,39
10531,48.93,16,21.88,63.16,16,39
10533,100.07,30,30.01,46.75,16,39
10532,49.71,18,23.76,92.9,16,39
10532,127.57,35,29.5,55.97,16,39
10534,2.35,3,33.82,58.11,16,39
10537,107.09,26,20.17,67.08,16,39
10538,122.43,33,25.49,63.96,16,39
10537,0.92,3,29.89,49.62,16,39
10537,54.0,29,21.21,12.72,16,39
10540,2.91,2,21.82,61.0,16,39
10541,80.2,20,29.8,47.6,16,39
10541,96.56,35,32.63,43.26,16,39
10543,80.64,25,26.85,63.85,16,39
10542,66.72,16,32.39,43.93,16,39
10546,2.56,6,29.42,88.94,16,39
10545,2.82,5,45.89,59.21,16,39
10545,3.56,8,20.12,89.74,16,39
10549,33.65,14,32.73,13.91,16,39
10547,65.95,26,23.76,43.58,16,39
10550,2.2,7,20.27,94.03,16,39
10552,0.41,9,31.32,47.09,16,39
10553,3.74,1,55.31,88.18,16,39
10553,3.24,4,27.15,41.48,16,39
10552,2.49,1,24.31,52.8,16,39
10553,60.04,19,31.59,69.89,16,39
10554,39.54,12,21.38,55.8,16,39
10558,38.95,13,33.83,50.41,16,39
10556,1.72,9,27.83,13.47,16,39
10558,1.81,6,25.26,45.29,16,40
10561,1.94,8,56.23,54.6,16,40
10561,1.54,2,31.31,69.72,16,40
10560,0.42,2,25.73,53.65,16,40
10562,4.48,11,29.43,88.15,16,40
10563,4.45,4,26.86,66.49,16,40
10566,2.01,7,30.61,42.14,16,40
10567,57.36,26,7.41,55.3,16,40
10567,32.39,21,54.4,85.23,16,40
10566,81.09,23,30.88,61.79,16,40
10569,2.48,6,29.36,59.32,16,40
10568,2.75,9,20.02,40.34,16,40
10572,3.04,7,28.33,61.7,16,40
10570,1.4,11,31.9,56.19,16,40
10573,48.63,16,21.81,55.69,16,40
10574,70.07,31,20.13,91.83,16,40
10576,37.22,13,31.72,67.33,16,40
10576,2.36,3,32.37,41.17,16,40
10575,41.38,15,33.88,17.83,16,40
10577,111.89,34,33.84,54.76,16,40
10580,56.27,30,32.58,91.73,16,40
10579,27.25,12,32.98,14.27,16,40
10582,86.71,23,24.84,55.36,16,40
10583,132.77120000000002,34,26.02,65.52,16,40
10583,128.47,31,30.2,59.98,16,40
10584,75.93,23,24.53,52.72,16,40
10583,124.23,30,20.53,86.78,16,40
10584,3.15,2,5.53,66.9,16,40
10586,91.98,33,26.97,59.14,16,40
10589,50.48,30,6.27,52.21,16,40
10587,36.34,19,20.62,19.3,16,40
10588,3.04,9,47.45,55.49,16,40
10590,60.22,21,28.31,53.98,16,40
10591,109.14,35,26.68,64.31,16,40
10592,3.64,3,53.59,40.18,16,40
10595,20.79,13,57.69,90.45,16,40
10596,65.09,33,5.81,59.36,16,40
10595,2.64,1,5.53,45.77,16,40
10595,3.54,8,9.49,54.91,16,40
10597,132.77120000000002,35,25.51,58.19,16,40
10600,4.64,5,45.34,45.36,16,40
10599,127.25,33,24.29,65.93,16,40
10601,38.42,18,52.95,54.4,16,40
10602,72.52,26,21.29,61.72,16,40
10604,1.5,2,45.32,87.49,16,40
10604,32.1,25,7.04,17.52,16,40
10606,1.88,6,34.53,53.03,16,40
10604,90.07,32,34.02,53.31,16,40
10607,2.41,7,28.05,58.79,16,40
10608,89.12,26,33.21,50.44,16,40
10607,62.01,22,28.6,65.39,16,40
10608,112.43,35,26.57,51.1,16,40
10610,1.09,1,21.59,65.19,16,40
10610,77.08,19,22.38,61.12,16,40
10614,40.36,21,9.42,67.3,16,40
10613,43.19,20,6.85,50.45,16,40
10614,1.64,1,26.66,40.54,16,40
10617,100.62,33,25.33,59.36,16,40
10615,1.58,1,20.4,45.62,16,40
10619,2.59,4,24.32,60.93,16,40
10617,41.16,18,30.71,19.15,16,41
10618,50.75,28,49.35,89.61,16,41
10621,61.14,25,9.66,60.45,16,41
10620,93.83,26,24.73,68.73,16,41
10621,117.02,32,21.47,58.65,16,41
10623,1.83,5,30.23,92.05,16,41
10625,40.55,24,9.97,59.47,16,41
10624,38.47,19,6.55,58.41,16,41
10627,80.43,24,31.35,58.35,16,41
10626,3.92,4,24.9,54.35,16,41
10629,79.15,23,22.3,48.26,16,41
10631,3.9,1,22.95,50.68,16,41
10629,3.71,6,23.3,14.18,16,41
10630,40.01,12,28.18,43.49,16,41
10634,110.17,30,31.98,64.43,16,41
10634,49.2,27,57.9,69.69,16,41
10634,83.79,35,47.11,85.27,16,41
10637,51.76,28,25.82,11.59,16,41
10638,0.71,6,24.93,60.95,16,41
10638,83.31,26,25.13,46.81,16,41
10640,3.98,1,28.25,55.64,16,41
10641,29.82,12,55.12,44.11,16,41
10642,51.5,26,29.97,16.31,16,41
10642,37.69,13,29.77,64.39,16,41
10641,100.27,35,24.2,94.02,16,41
10643,2.46,8,31.8,64.12,16,41
10643,70.69,31,25.24,92.64,16,41
10647,55.91,19,29.35,55.6,16,41
10646,0.9,3,29.12,13.38,16,41
10648,52.55,16,28.94,47.04,16,41
10649,1.34,11,33.92,60.09,16,41
10651,1.47,6,48.69,64.83,16,41
10650,80.66,30,25.03,17.9,16,41
10651,3.07,3,26.62,48.33,16,41
10653,40.69,31,55.98,93.46,16,41
10653,69.89,19,34.43,55.31,16,41
10654,4.45,5,22.06,66.38,16,41
10656,1.59,3,6.95,51.44,16,41
10658,67.21,18,20.07,48.6,16,41
10656,4.24,4,30.62,87.73,16,41
10660,100.2,34,20.44,62.92,16,41
10660,3.06,4,21.49,65.78,16,41
10660,39.5,13,34.65,62.25,16,41
10661,1.01,9,21.36,85.05,16,41
10663,2.82,10,56.95,46.34,16,41
10663,35.61,13,32.06,54.75,16,41
10666,2.83,7,32.42,43.73,16,41
10666,2.1,8,28.06,19.86,16,41
10668,3.6,8,22.24,49.93,16,41
10666,78.0,22,32.32,65.27,16,41
10667,53.39,20,28.25,14.27,16,41
10668,48.88,27,50.89,52.29,16,41
10670,76.97,19,30.99,59.58,16,41
10672,4.38,9,26.24,59.15,16,41
10671,3.19,11,34.57,87.39,16,41
10673,77.04,30,20.99,67.45,16,41
10676,60.65,15,22.25,62.19,16,41
10676,34.02,21,47.36,62.25,16,41
10678,0.4,9,30.77,11.14,16,41
10676,68.99,34,22.26,19.37,16,41
10679,24.17,15,58.45560000000002,43.51,16,42
10681,1.63,7,31.35,63.1,16,42
10682,61.82,15,33.26,43.22,16,42
10680,48.62,21,53.22,45.11,16,42
10681,116.48,30,21.19,44.31,16,42
10682,62.74,34,8.89,65.6,16,42
10683,1.85,1,54.81,55.82,16,42
10687,31.67,15,31.22,12.59,16,42
10686,70.85,27,20.47,16.86,16,42
10688,107.0,28,25.96,44.5,16,42
10688,2.98,3,55.71,58.93,16,42
10689,1.33,3,20.35,66.62,16,42
10690,43.8,22,58.45560000000002,60.79,16,42
10690,91.3,23,23.4,41.96,16,42
10693,3.55,2,25.24,40.72,16,42
10693,66.34,23,30.32,65.17,16,42
10695,94.93,26,28.84,58.52,16,42
10696,47.43,15,32.49,62.81,16,42
10695,31.97,12,25.74,18.33,16,42
10697,65.95,16,27.49,40.84,16,42
10700,61.59,21,29.74,62.99,16,42
10700,56.81,23,33.56,94.03,16,42
10700,67.07,17,31.36,53.93,16,42
10703,58.82,33,5.53,42.15,16,42
10701,52.11,15,22.59,45.77,16,42
10705,132.77120000000002,33,34.47,58.58,16,42
10706,110.54,30,30.66,67.75,16,42
10707,1.98,9,29.02,45.3,16,42
10708,4.41,1,22.52,57.69,16,42
10708,51.64,16,23.2,44.27,16,42
10710,78.04,19,22.62,69.6,16,42
10710,0.21,3,22.45,66.56,16,42
10712,65.43,23,21.06,13.51,16,42
10711,75.9,20,25.54,66.19,16,42
10712,2.89,1,6.17,40.56,16,42
10714,100.29,33,34.78,40.58,16,42
10714,3.13,8,6.83,69.6,16,42
10716,3.99,6,22.31,49.89,16,42
10718,69.56,19,21.26,57.88,16,42
10717,2.86,10,9.61,54.53,16,42
10717,1.44,11,24.07,52.8,16,42
10721,18.47,13,5.53,11.14,16,42
10721,56.76,19,30.61,50.47,16,42
10721,108.45,33,30.64,57.24,16,42
10723,1.21,6,29.27,62.49,16,42
10724,46.02,19,54.51,40.71,16,42
10723,87.84,35,27.53,48.4,16,42
10726,59.19,25,51.54,60.29,16,42
10726,67.17,16,28.73,57.9,16,42
10726,97.46,32,20.34,60.16,16,42
10729,55.25,20,24.73,64.32,16,42
10729,2.21,11,24.07,86.38,16,42
10730,59.01,25,9.84,43.5,16,42
10733,79.27,26,26.44,62.12,16,42
10733,132.77120000000002,34,25.61,66.67,16,42
10734,0.18,3,33.76,60.71,16,42
10736,77.76,27,28.16,94.03,16,42
10734,19.61,13,9.78,66.17,16,42
10735,67.36,30,31.64,15.21,16,42
10738,112.38,31,29.31,65.63,16,42
10738,48.1,20,7.62,41.69,16,43
10741,3.78,10,22.5,57.56,16,43
10740,48.42,15,28.46,41.1,16,43
10741,68.51,21,26.21,68.68,16,43
10741,95.02,25,23.38,69.61,16,43
10744,4.47,1,29.46,46.14,16,43
10743,132.77120000000002,34,24.31,48.99,16,43
10746,46.05,18,28.08,62.85,16,43
10747,0.86,1,21.37,51.89,16,43
10746,24.27,15,55.7,94.03,16,43
10748,75.09,23,33.85,52.36,16,43
10748,28.0,15,46.09,49.95,16,43
10750,2.84,10,30.15,46.61,16,43
10753,89.64,30,24.87,48.57,16,43
10753,42.88,12,31.96,86.15,16,43
10755,69.01,17,29.17,57.03,16,43
10756,38.76,25,56.36,61.59,16,43
10757,124.41,35,27.56,67.18,16,43
10755,2.65,10,27.42,58.32,16,43
10756,92.95,26,31.2,45.07,16,43
10757,99.66,26,25.72,42.11,16,43
10760,4.35,10,33.06,17.26,16,43
10760,38.64,21,48.72,61.75,16,43
10763,67.77,27,26.38,18.96,16,43
10761,0.73,2,33.45,54.35,16,43
10764,132.77120000000002,34,22.91,68.67,16,43
10765,48.12,17,20.82,11.65,16,43
10764,80.88,20,21.74,42.11,16,43
10765,71.02,19,30.29,49.06,16,43
10769,52.52,23,34.57,93.58,16,43
10767,4.88,4,21.36,64.13,16,43
10770,114.01,35,31.78,52.26,16,43
10771,51.11,15,25.76,53.55,16,43
10770,95.55,26,32.28,56.21,16,43
10771,45.7,15,28.24,48.01,16,43
10774,36.8,20,9.51,44.01,16,43
10775,45.89,24,7.12,47.7,16,43
10776,75.15,31,21.12,15.04,16,43
10776,52.17,26,58.45560000000002,54.77,16,43
10776,53.85,18,20.88,64.57,16,43
10780,97.9,34,24.12,61.96,16,43
10778,59.47,25,49.25,51.24,16,43
10780,2.79,8,34.64,69.0,16,43
10782,119.59,30,20.36,52.01,16,43
10784,75.01,26,25.78,91.45,16,43
10785,3.22,8,25.07,44.51,16,43
10786,67.98,18,28.69,49.05,16,43
10784,96.15,28,30.45,69.48,16,43
10788,3.22,6,23.84,54.48,16,43
10788,57.28,18,29.21,88.74,16,43
10788,76.29,22,34.58,46.04,16,43
10788,35.47,13,25.28,42.85,16,43
10789,1.36,7,29.16,69.73,16,43
10793,27.08,15,23.54,13.86,16,43
10792,40.93,14,22.84,66.77,16,43
10794,0.36,5,31.95,66.51,16,43
10795,48.62,14,32.13,48.25,16,43
10796,3.2,11,31.74,43.98,16,43
10797,3.14,7,20.14,59.81,16,43
10796,0.18,7,5.54,59.13,16,43
10797,113.37,27,30.38,48.34,16,44
10800,106.24,33,28.26,58.6,16,44
10802,110.82,27,24.45,53.57,16,44
10802,4.38,3,28.89,45.46,16,44
10803,37.94,14,30.75,89.32,16,44
10805,71.99,28,30.92,40.9,16,44
10805,4.72,9,33.41,47.95,16,44
10804,65.55,24,24.74,94.03,16,44
10805,129.98,32,26.57,67.09,16,44
10809,50.89,19,30.04,63.76,16,44
10808,74.12,26,24.99,16.08,16,44
10808,95.31,25,33.77,52.93,16,44
10809,56.08,19,24.32,61.54,16,44
10812,91.22,32,21.92,11.14,16,44
10813,35.81,12,30.68,69.42,16,44
10812,108.39,33,20.89,49.87,16,44
10816,50.84,25,33.42,93.39,16,44
10817,98.09,29,23.22,52.1,16,44
10818,67.83,27,23.65,40.93,16,44
10817,76.35,28,31.33,65.49,16,44
10820,103.57,30,27.52,43.02,16,44
10820,3.53,1,32.15,42.24,16,44
10822,4.13,10,25.93,44.04,16,44
10821,120.9,32,27.82,68.43,16,44
10822,66.85,32,7.41,62.09,16,44
10822,48.4,17,28.74,52.25,16,44
10826,62.13,17,34.17,64.71,16,44
10824,3.16,9,31.86,54.26,16,44
10828,62.09,18,20.33,42.49,16,44
10828,97.64,25,30.38,55.55,16,44
10827,106.35,32,23.2,41.94,16,44
10828,2.78,1,33.39,50.0,16,44
10830,85.02,29,27.83,59.24,16,44
10830,47.73,18,34.33,59.45,16,44
10834,4.5,4,23.86,44.19,16,44
10832,50.36,17,20.8,68.35,16,44
10834,105.65,27,34.24,42.53,16,44
10836,45.88,17,32.2,42.14,16,44
10836,81.97,23,30.66,54.34,16,44
10836,4.35,9,26.38,40.48,16,44
10840,0.46,4,22.45,52.22,16,44
10839,55.97,20,23.69,57.99,16,44
10841,4.38,2,26.71,67.23,16,44
10840,96.14,25,25.4,40.8,16,44
10841,78.84,30,32.47,17.19,16,44
10845,1.91,2,33.38,45.38,16,44
10843,81.05,21,33.7,40.05,16,44
10846,0.8,8,55.31,85.79,16,44
10847,2.02,4,33.68,66.61,16,44
10848,38.04,12,32.08,64.16,16,44
10848,3.53,11,23.87,67.41,16,44
10851,93.21,28,23.49,42.91,16,44
10851,81.62,30,22.8,49.43,16,44
10853,82.65,30,30.83,44.4,16,44
10853,43.1,12,22.29,67.71,16,44
10854,50.92,29,23.83,19.79,16,44
10853,2.65,5,24.67,19.78,16,44
10855,53.61,14,25.38,44.99,16,44
10857,46.04,18,29.76,68.83,16,44
10859,61.4,26,58.45560000000002,59.15,16,44
10859,46.96,16,30.17,18.24,16,45
10859,128.22,35,23.47,58.66,16,45
10861,3.65,1,34.7,50.35,16,45
10863,4.59,8,28.61,89.51,16,45
10863,64.21,21,30.82,57.67,16,45
10865,38.36,12,25.44,62.28,16,45
10866,2.77,6,24.47,16.36,16,45
10865,34.43,14,24.13,13.42,16,45
10865,73.0,20,30.2,52.36,16,45
10867,35.47,19,22.52,14.05,16,45
10869,70.4,18,23.33,56.46,16,45
10871,4.83,1,31.32,40.6,16,45
10872,33.87,15,50.05,49.4,16,45
10870,43.51,15,31.11,47.02,16,45
10873,24.67,22,58.45560000000002,16.47,16,45
10873,73.82,22,24.02,41.52,16,45
10876,1.61,9,22.97,52.78,16,45
10875,96.8,30,33.85,58.06,16,45
10878,2.63,4,49.26,53.46,16,45
10879,76.17,27,26.62,94.03,16,45
10879,31.47,16,56.17,69.25,16,45
10878,84.95,28,24.99,59.38,16,45
10879,109.99,27,29.77,46.97,16,45
10880,97.91,29,34.94,56.12,16,45
10881,54.1,22,52.36,46.87,16,45
10884,0.69,10,24.0,47.09,16,45
10883,68.39,22,24.18,40.86,16,45
10886,87.1,30,32.19,53.9,16,45
10887,1.08,8,30.61,46.59,16,45
10887,67.41,24,25.34,57.83,16,45
10887,49.64,29,48.87,66.21,16,45
10889,4.89,5,28.74,55.03,16,45
10892,98.97,25,31.59,59.28,16,45
10893,50.81,23,46.07,61.38,16,45
10892,61.57,16,28.88,57.87,16,45
10895,77.03,35,7.56,64.98,16,45
10893,2.37,6,30.47,65.57,16,45
10896,16.95,16,6.31,14.78,16,45
10895,33.9,13,21.61,68.61,16,45
10897,28.14,13,34.6,11.8,16,45
10898,49.9,14,28.49,47.95,16,45
10898,47.37,12,25.96,40.2,16,45
10900,70.01,22,30.2,40.88,16,45
10902,75.35,30,31.59,11.44,16,45
10904,1.83,7,28.25,67.54,16,45
10902,61.69,34,46.2,51.69,16,45
10905,55.31,30,49.84,88.69,16,45
10907,61.15,28,58.45560000000002,41.23,16,45
10905,1.95,10,6.25,50.18,16,45
10908,44.41,18,8.07,65.02,16,45
10907,47.65,19,33.0,16.76,16,45
10909,105.09,35,30.62,69.79,16,45
10909,44.04,15,28.44,91.7,16,45
10910,84.37,32,33.04,61.02,16,45
10912,2.9,7,22.07,57.73,16,45
10913,94.94,30,25.93,42.97,16,45
10913,0.41,1,28.51,55.78,16,45
10914,1.05,11,58.45560000000002,47.52,16,45
10917,117.31,34,29.42,42.66,16,45
10919,0.28,9,25.38,66.61,16,45
10918,131.26,34,21.04,43.52,16,46
10919,84.54,21,34.43,43.67,16,46
10920,47.16,15,32.11,65.25,16,46
10920,118.35,31,26.66,46.85,16,46
10923,0.28,3,32.15,67.34,16,46
10925,101.53,30,22.59,66.96,16,46
10925,59.94,22,27.17,91.94,16,46
10924,2.92,8,28.08,88.48,16,46
10927,98.46,31,31.31,54.46,16,46
10928,3.38,4,30.47,67.94,16,46
10927,63.66,19,28.45,54.0,16,46
10930,94.93,25,32.62,69.46,16,46
10931,59.32,29,55.39,57.65,16,46
10933,2.84,5,54.56,58.41,16,46
10934,3.17,1,29.08,93.37,16,46
10934,100.27,31,32.6,64.75,16,46
10934,54.93,19,23.73,14.67,16,46
10934,41.26,19,9.05,62.53,16,46
10935,3.22,5,6.95,89.18,16,46
10939,89.96,35,25.62,66.38,16,46
10938,4.9,6,33.01,45.04,16,46
10941,78.42,20,29.56,41.81,16,46
10942,0.81,6,30.48,15.92,16,46
10940,2.35,10,29.0,92.11,16,46
10942,59.21,32,30.77,91.5,16,46
10944,2.56,10,23.81,43.34,16,46
10946,37.02,12,30.65,58.22,16,46
10947,21.38,12,28.28,90.43,16,46
10947,4.73,2,5.53,88.54,16,46
10947,59.26,18,34.5,46.52,16,46
10949,1.0,8,22.71,65.0,16,46
10948,29.72,16,32.74,17.49,16,46
10951,39.38,16,33.54,16.75,16,46
10950,3.09,8,26.02,61.36,16,46
10951,30.17,17,20.49,93.64,16,46
10954,112.04,27,30.54,43.31,16,46
10956,42.3,15,28.22,66.2,16,46
10956,2.67,9,9.69,63.84,16,46
10955,3.95,4,26.63,51.01,16,46
10958,82.15,33,28.25,15.14,16,46
10958,4.15,1,26.11,52.51,16,46
10959,4.55,10,56.1,52.37,16,46
10962,32.04,16,34.83,12.92,16,46
10961,45.03,16,32.03,58.3,16,46
10961,94.92,33,22.33,56.46,16,46
10965,30.04,12,28.62,44.66,16,46
10963,38.34,13,34.44,50.72,16,46
10966,1.25,2,26.34,87.55,16,46
10965,47.2,13,20.11,40.05,16,46
10967,79.03,33,33.71,16.53,16,46
10970,70.88,21,27.39,69.82,16,46
10971,1.21,11,8.39,57.02,16,46
10970,2.82,11,9.77,40.5,16,46
10971,1.05,9,31.92,47.69,16,46
10971,107.68,31,24.48,87.87,16,46
10975,55.65,22,29.78,45.75,16,46
10973,61.51,15,34.34,62.35,16,46
10974,118.67,33,23.78,46.34,16,46
10976,85.89,25,33.02,64.99,16,46
10976,2.03,4,28.76,11.14,16,46
10979,2.63,2,9.63,58.15,16,47
10980,96.74,35,21.24,92.56,16,47
10980,44.24,20,33.15,17.95,16,47
10980,77.45,35,45.44,69.32,16,47
10982,3.19,8,45.71,91.22,16,47
10982,117.55,35,26.13,69.23,16,47
10983,55.79,20,33.17,59.7,16,47
10986,42.9,14,26.57,54.79,16,47
10988,4.18,2,33.1,41.35,16,47
10987,55.47,21,25.24,65.34,16,47
10990,46.76,12,26.88,67.85,16,47
10989,104.89,28,31.65,67.15,16,47
10991,127.43,33,26.83,43.5,16,47
10992,47.73,23,29.84,17.11,16,47
10992,1.09,8,21.71,44.1,16,47
10992,51.5,19,23.6,51.55,16,47
10993,27.85,14,48.66,63.19,16,47
10995,107.39,27,27.5,46.09,16,47
10997,74.02,24,21.83,47.38,16,47
10999,2.93,8,45.17,59.79,16,47
10998,59.18,18,33.84,69.22,16,47
10999,74.86,19,23.78,52.64,16,47
11000,2.46,5,5.62,63.51,16,47
11000,74.16,31,26.44,11.25,16,47
11003,3.65,7,20.13,65.99,16,47
11003,48.4,24,29.73,16.63,16,47
11003,132.77120000000002,35,20.76,68.88,16,47
11007,58.3,16,31.35,69.75,16,47
11007,99.92,24,27.65,53.84,16,47
11009,75.4,18,25.33,64.27,16,47
11008,1.76,1,28.72,53.09,16,47
11010,117.45,30,26.92,54.62,16,47
11011,1.2,7,33.58,85.49,16,47
11013,1.71,7,20.56,54.03,16,47
11014,1.64,8,24.34,64.16,16,47
11012,41.18,13,26.76,52.55,16,47
11013,132.16,32,32.44,49.33,16,47
11017,97.29,33,28.55,87.72,16,47
11015,4.59,11,20.12,54.72,16,47
11018,45.31,28,58.45560000000002,54.06,16,47
11018,49.37,31,9.17,67.31,16,47
11020,1.99,11,57.92,45.39,16,47
11022,67.52,35,6.27,63.2,16,47
11022,2.62,10,29.48,43.67,16,47
11021,81.36,23,28.83,58.1,16,47
11025,36.47,13,24.91,49.22,16,47
11026,66.21,23,29.53,19.82,16,47
11027,54.27,18,27.92,53.55,16,47
11028,97.91,27,34.59,51.98,16,47
11027,4.08,2,7.53,52.08,16,47
11029,57.98,31,34.4,12.77,16,47
11029,53.03,25,5.98,44.27,16,47
11032,83.26,29,28.69,66.48,16,47
11032,3.64,8,24.3,44.21,16,47
11031,100.64,26,31.24,53.44,16,47
11035,57.15,16,27.15,57.92,16,47
11036,55.71,25,28.66,12.37,16,47
11037,34.52,20,7.01,57.41,16,47
11038,84.78,25,29.1,51.88,16,47
11036,0.4,9,52.64,15.84,16,47
11037,45.88,21,9.85,61.12,16,48
11041,3.19,10,24.96,86.84,16,48
11040,3.49,6,28.92,42.1,16,48
11040,17.03,13,6.94,17.14,16,48
11042,32.65,12,31.23,46.72,16,48
11043,3.39,6,21.89,65.02,16,48
11044,104.01,32,23.53,66.74,16,48
11046,64.74,20,29.23,40.16,16,48
11047,78.59,28,21.65,18.57,16,48
11048,0.89,6,27.53,93.44,16,48
11048,0.79,9,30.36,54.67,16,48
11050,63.66,20,22.33,69.94,16,48
11050,1.81,4,20.14,65.97,16,48
11053,85.69,30,22.82,40.69,16,48
11054,0.67,4,31.58,67.73,16,48
11053,83.51,28,20.84,56.87,16,48
11056,61.74,23,30.69,55.4,16,48
11057,61.07,30,9.56,85.47,16,48
11057,2.36,8,47.3,50.08,16,48
11059,85.24,27,22.51,86.96,16,48
11059,3.5,3,34.79,11.39,16,48
11059,72.49,28,20.4,46.55,16,48
11062,2.74,4,28.49,89.58,16,48
11063,1.97,9,22.53,49.84,16,48
11063,121.78,34,25.95,61.82,16,48
11062,63.21,17,34.84,62.41,16,48
11066,132.77120000000002,35,29.5,51.6,16,48
11065,104.14,26,28.36,46.83,16,48
11067,83.06,21,28.45,61.63,16,48
11068,69.39,23,26.53,43.69,16,48
11067,38.64,14,30.19,64.52,16,48
11070,1.14,10,30.99,67.28,16,48
11069,99.3,29,22.25,51.96,16,48
11071,91.63,35,34.48,51.36,16,48
11073,4.55,4,20.09,89.97,16,48
11072,3.5,7,22.4,85.1,16,48
11073,25.96,14,50.76,48.89,16,48
11075,3.62,4,24.98,52.41,16,48
11075,1.53,10,30.57,51.96,16,48
11078,81.13,27,33.85,66.6,16,48
11078,84.09,25,28.1,65.55,16,48
11080,1.93,9,32.79,44.27,16,48
11082,43.39,22,58.45560000000002,40.39,16,48
11080,4.22,9,28.61,44.52,16,48
11083,132.77120000000002,34,34.25,62.01,16,48
11083,114.37,31,21.85,59.65,16,48
11086,47.09,28,50.41,65.47,16,48
11087,3.22,6,34.69,51.81,16,48
11088,59.14,27,58.17,58.94,16,48
11088,3.3,7,45.71,40.18,16,48
11090,124.75,30,24.06,86.81,16,48
11089,66.97,17,23.85,44.18,16,48
11092,0.63,3,20.56,46.3,16,48
11092,49.98,12,26.56,44.3,16,48
11091,92.8,34,32.96,54.52,16,48
11095,70.23,17,29.25,44.49,16,48
11093,106.57,35,21.45,68.97,16,48
11095,40.27,23,52.46,48.38,16,48
11095,88.39,22,24.17,87.49,16,48
11099,1.59,6,26.15,64.21,16,48
11097,76.61,21,20.68,57.88,16,49
11101,3.07,11,33.41,40.35,16,49
11102,75.57,19,29.72,41.91,16,49
11102,132.77120000000002,34,21.76,59.81,16,49
11102,62.54,21,28.02,64.09,16,49
11104,65.17,23,21.61,45.22,16,49
11106,53.21,17,33.34,50.95,16,49
11105,48.93,28,53.88,51.45,16,49
11106,1.07,5,24.49,50.96,16,49
11106,74.42,18,25.49,63.76,16,49
11107,94.94,27,30.59,86.81,16,49
11110,52.78,33,7.04,65.73,16,49
11110,132.77120000000002,35,23.24,50.59,16,49
11110,132.77120000000002,35,29.66,64.34,16,49
11112,47.35,19,31.21,16.77,16,49
11115,70.41,35,31.7,15.17,16,49
11115,1.11,5,25.16,55.52,16,49
11116,37.41,15,33.2,11.14,16,49
11116,4.46,11,21.94,86.45,16,49
11116,77.53,27,23.06,68.57,16,49
11119,60.23,18,33.07,40.85,16,49
11119,97.49,28,31.48,43.99,16,49
11122,30.7,21,49.06,92.92,16,49
11123,53.21,13,29.65,45.64,16,49
11123,1.96,9,7.05,41.11,16,49
11123,3.59,2,29.46,52.84,16,49
11124,92.98,35,33.25,53.91,16,49
11125,104.39,27,22.8,40.98,16,49
11125,2.79,1,51.46,13.6,16,49
11126,65.19,32,49.47,52.55,16,49
11130,1.25,10,33.17,67.37,16,49
11129,93.53,27,22.79,63.51,16,49
11130,2.37,7,26.74,61.29,16,49
11131,71.08,26,25.2,65.1,16,49
11134,4.76,11,33.86,57.51,16,49
11132,0.18,5,20.76,11.48,16,49
11136,0.96,1,25.43,47.3,16,49
11135,53.58,15,29.41,46.88,16,49
11137,69.92,21,33.23,86.51,16,49
11136,52.75,30,58.12,19.63,16,49
11138,0.35,9,31.56,65.34,16,49
11140,0.58,5,28.81,51.88,16,49
11142,4.06,4,27.73,67.06,16,49
11142,0.26,11,20.97,59.26,16,49
11143,23.88,12,26.66,19.69,16,49
11145,58.94,17,20.32,69.63,16,49
11145,91.79,32,34.61,56.39,16,49
11146,1.91,9,34.99,53.71,16,49
11146,1.56,8,33.1,69.45,16,49
11146,76.1,28,23.0,67.52,16,49
11147,4.4,5,27.91,50.05,16,49
11150,103.36,30,22.21,46.44,16,49
11149,73.26,18,22.49,49.41,16,49
11152,4.39,6,29.02,61.37,16,49
11152,42.17,16,23.36,69.96,16,49
11155,117.63,34,31.27,46.37,16,49
11153,4.55,7,31.87,65.16,16,49
11157,94.84,33,26.54,50.79,16,49
11156,4.24,10,21.17,19.21,16,49
11157,2.66,10,24.82,46.79,16,49
11160,4.75,11,26.27,17.04,16,50
11161,104.41,27,30.53,52.16,16,50
11162,38.46,20,25.26,16.13,16,50
11162,2.08,9,20.64,56.9,16,50
11161,22.99,13,5.8,88.99,16,50
11165,51.47,16,31.19,62.9,16,50
11165,0.87,8,32.6,61.82,16,50
11167,54.38,21,28.37,12.09,16,50
11165,14.62,13,8.28,93.15,16,50
11167,58.06,18,33.13,66.81,16,50
11169,101.17,33,32.33,53.93,16,50
11168,89.53,28,27.67,51.29,16,50
11171,42.45,28,45.42,63.62,16,50
11172,79.31,34,6.76,52.32,16,50
11173,4.99,3,29.84,68.01,16,50
11174,77.49,30,21.07,56.44,16,50
11173,0.51,6,27.48,41.09,16,50
11176,33.02,30,48.92,16.86,16,50
11176,70.74,31,33.58,15.25,16,50
11178,108.18,32,20.3,44.72,16,50
11177,2.46,8,26.53,64.01,16,50
11180,1.55,2,34.57,61.39,16,50
11179,98.07,28,28.15,49.83,16,50
11182,69.36,19,24.4,54.42,16,50
11183,86.63,31,34.91,91.77,16,50
11183,53.75,14,34.85,40.07,16,50
11186,56.23,25,8.89,49.44,16,50
11187,3.38,4,22.69,63.77,16,50
11187,1.11,6,26.63,54.43,16,50
11189,2.2,8,27.85,18.61,16,50
11187,62.53,34,20.73,11.83,16,50
11188,2.4,6,23.07,42.41,16,50
11189,110.61,32,21.38,57.28,16,50
11191,3.72,8,32.24,90.25,16,50
11194,111.76,33,32.54,65.51,16,50
11195,131.51,32,34.65,57.52,16,50
11196,0.65,3,28.96,50.5,16,50
11194,61.26,15,31.58,65.11,16,50
11197,3.45,3,33.72,42.55,16,50
11199,4.31,7,29.63,42.79,16,50
11200,48.02,19,21.35,11.14,16,50
11199,4.32,1,9.99,14.95,16,50
11199,85.32,34,30.4,61.59,16,50
11202,0.5,3,20.34,65.12,16,50
11203,49.87,27,28.69,18.79,16,50
11202,30.03,14,30.75,13.97,16,50
11206,3.78,11,57.03,45.54,16,50
11205,83.32,27,26.8,40.98,16,50
11207,60.69,31,22.61,15.06,16,50
11206,110.32,35,20.58,59.83,16,50
11209,45.14,13,24.77,42.78,16,50
11209,4.16,4,58.45560000000002,62.5,16,50
11210,54.19,25,9.19,85.88,16,50
11212,55.6,27,26.15,11.14,16,50
11211,2.71,10,31.62,66.07,16,50
11215,1.02,5,30.33,69.36,16,50
11213,131.58,33,34.03,60.64,16,50
11217,3.02,3,31.09,93.86,16,50
11216,67.63,18,34.53,64.5,16,50
11218,75.49,29,24.02,11.14,16,50
11220,86.63,32,27.56,93.0,16,51
11220,0.55,1,31.21,59.94,16,51
11222,2.01,3,22.13,65.02,16,51
11223,76.15,19,23.33,68.81,16,51
11221,1.44,2,28.38,69.54,16,51
11225,98.86,28,29.35,67.03,16,51
11223,116.74,34,27.0,52.28,16,51
11227,41.19,15,22.1,47.3,16,51
11226,78.38,34,49.09,56.09,16,51
11227,2.5,9,7.21,61.73,16,51
11227,1.99,6,22.84,62.03,16,51
11229,2.65,6,29.89,92.64,16,51
11231,3.78,9,9.8,46.3,16,51
11232,21.42,13,48.38,12.08,16,51
11234,104.58,31,23.37,46.7,16,51
11232,52.69,21,45.21,62.49,16,51
11234,67.5,21,26.77,48.59,16,51
11236,114.72,35,27.98,67.57,16,51
11238,86.36,27,33.81,55.61,16,51
11239,68.47,18,21.48,50.44,16,51
11237,47.0,12,20.95,43.07,16,51
11239,73.12,34,9.2,45.5,16,51
11242,111.7,29,21.13,58.65,16,51
11242,31.44,25,58.45560000000002,15.69,16,51
11242,2.89,9,9.96,61.97,16,51
11245,35.65,30,55.87,93.71,16,51
11245,132.77120000000002,33,28.82,57.94,16,51
11244,0.75,9,32.13,60.2,16,51
11247,51.43,17,25.46,45.08,16,51
11248,1.39,2,27.47,65.68,16,51
11247,35.29,13,22.99,68.82,16,51
11249,2.38,11,6.36,62.02,16,51
11250,0.7,3,33.56,86.77,16,51
11251,119.78,35,20.52,85.3,16,51
11252,132.77120000000002,35,22.49,63.46,16,51
11254,2.49,11,30.13,53.32,16,51
11256,54.36,29,28.01,13.97,16,51
11257,66.88,18,31.05,68.49,16,51
11256,54.52,13,25.25,59.57,16,51
11258,104.05,25,24.6,44.91,16,51
11260,69.86,20,20.46,63.24,16,51
11259,97.11,25,29.83,56.77,16,51
11260,119.83,34,28.1,56.64,16,51
11260,38.86,12,24.1,47.73,16,51
11263,44.13,20,45.63,59.09,16,51
11263,0.84,2,30.47,62.29,16,51
11266,75.35,27,26.89,40.05,16,51
11266,112.57,30,22.38,88.43,16,51
11266,108.97,26,32.89,47.55,16,51
11267,66.76,20,33.82,52.61,16,51
11270,69.28,17,29.51,41.0,16,51
11271,2.05,8,21.46,44.51,16,51
11270,81.58,33,9.56,44.0,16,51
11271,3.2,2,20.86,43.12,16,51
11274,0.41,2,46.7,59.74,16,51
11274,61.78,15,28.22,51.62,16,51
11275,41.4,13,28.56,57.43,16,51
11277,20.75,12,7.44,51.39,16,51
11277,3.89,11,31.28,41.9,16,51
11277,56.48,23,7.39,62.75,16,51
11279,96.16,35,26.91,54.9,16,52
11279,62.34,34,47.37,53.48,16,52
11282,115.45,30,31.95,60.99,16,52
11283,74.15,33,7.39,49.87,16,52
11282,2.78,1,27.79,57.72,16,52
11282,71.66,30,50.58,45.41,16,52
11283,3.88,5,28.2,56.44,16,52
11287,22.0,13,52.32,68.95,16,52
11288,59.22,17,21.94,64.36,16,52
11286,80.0,29,25.52,60.65,16,52
11289,56.26,19,24.49,54.98,16,52
11290,2.69,4,33.75,43.03,16,52
11289,0.88,3,23.69,49.72,16,52
11293,98.73,31,20.51,44.39,16,52
11294,46.79,13,32.65,53.16,16,52
11295,74.84,18,31.39,66.4,16,52
11293,39.6,15,25.12,64.37,16,52
11297,81.8,23,22.14,44.14,16,52
11298,2.73,11,46.75,58.2,16,52
11296,98.17,31,25.18,59.96,16,52
11298,60.6,33,23.96,15.4,16,52
11299,2.03,7,30.42,49.26,16,52
11302,89.73,28,30.72,87.83,16,52
11303,60.11,24,7.44,63.16,16,52
11304,4.66,4,31.86,66.32,16,52
11303,90.15,33,28.94,49.95,16,52
11306,82.93,31,30.06,93.21,16,52
11307,95.98,25,33.24,68.28,16,52
11308,70.8,20,27.04,54.94,16,52
11309,2.13,2,31.59,93.44,16,52
11307,70.8,29,58.45560000000002,41.24,16,52
11310,49.77,19,33.58,62.7,16,52
11311,43.86,14,27.52,64.76,16,52
11310,63.47,35,21.27,11.23,16,52
11313,82.7,29,22.64,89.75,16,52
11313,58.76,14,33.39,69.3,16,52
11315,66.86,17,32.85,65.53,16,52
11316,50.3,17,32.11,60.83,16,52
11315,3.1,4,21.83,13.55,16,52
11318,0.27,6,56.58,46.86,16,52
11318,42.57,23,54.73,65.34,16,52
11320,82.06,20,24.82,67.63,16,52
11322,1.03,9,56.09,45.24,16,52
11321,29.12,16,25.92,15.79,16,52
11321,0.47,8,23.45,40.75,16,52
11325,4.73,2,32.93,49.9,16,52
11324,2.96,10,56.69,43.43,16,52
11325,4.91,3,33.7,11.14,16,52
11325,51.75,29,20.47,91.35,16,52
11327,35.54,13,24.32,90.01,16,52
11327,1.39,10,25.5,86.14,16,52
11328,74.59,24,29.51,63.08,16,52
11330,108.38,35,24.84,52.05,16,52
11331,82.73,25,23.51,60.88,16,52
11331,99.1,35,21.91,48.21,16,52
11333,45.44,19,53.5,67.79,16,52
11334,0.76,1,20.66,58.68,16,52
11335,62.09,34,50.16,66.19,16,52
11335,60.24,28,28.2,93.98,16,52
11338,39.48,13,21.36,40.37,16,52
11337,66.81,35,56.49,56.26,16,53
11340,45.67,13,32.73,46.84,16,53
11340,24.99,23,46.76,18.49,16,53
11342,97.84,29,22.92,55.64,16,53
11342,71.02,23,34.41,54.5,16,53
11342,85.17,21,26.17,66.3,16,53
11346,80.61,28,28.23,65.59,16,53
11344,3.79,10,31.11,44.16,16,53
11348,4.96,8,20.91,92.84,16,53
11349,50.02,16,22.97,54.31,16,53
11347,75.03,31,20.53,19.97,16,53
11350,50.36,22,51.72,49.02,16,53
11349,2.65,6,28.98,66.97,16,53
11351,3.6,7,34.25,45.29,16,53
11352,59.39,19,26.26,64.5,16,53
11352,0.18,8,32.91,57.7,16,53
11353,0.18,11,30.1,67.8,16,53
11355,4.72,8,28.01,18.72,16,53
11357,54.93,14,31.38,55.37,16,53
11357,3.73,10,27.66,40.3,16,53
11359,83.26,27,24.49,41.01,16,53
11359,55.44,32,55.8,42.29,16,53
11362,1.52,9,26.8,55.96,16,53
11361,64.05,19,21.68,52.38,16,53
11362,4.24,3,29.7,92.15,16,53
11364,2.38,3,8.9,63.49,16,53
11366,28.7,24,57.25,93.67,16,53
11367,82.23,23,31.04,57.97,16,53
11365,38.64,23,46.26,58.65,16,53
11366,83.08,20,28.83,89.16,16,53
11367,41.26,15,30.77,61.96,16,53
11370,59.73,19,33.87,41.49,16,53
11369,101.22,31,33.19,60.43,16,53
11373,35.81,15,8.45,54.44,16,53
11373,1.38,10,32.32,47.76,16,53
11374,0.44,10,24.75,85.58,16,53
11376,113.3,32,20.19,54.19,16,53
11374,104.03,34,30.59,63.55,16,53
11378,106.75,34,24.74,43.78,16,53
11379,0.66,11,23.43,93.06,16,53
11378,79.84,28,25.38,62.16,16,53
11380,3.01,9,30.97,68.7,16,53
11381,90.7,26,32.5,66.61,16,53
11382,40.22,22,52.43,48.49,16,53
11383,74.49,21,21.65,40.74,16,53
11382,3.6,7,31.67,87.82,16,53
11384,56.22,19,29.66,59.56,16,53
11387,60.51,21,30.22,49.34,16,53
11385,2.39,2,21.74,51.69,16,53
11388,68.07,26,20.4,57.14,16,53
11388,0.18,8,34.97,19.91,16,53
11391,47.38,12,21.06,49.25,16,53
11391,122.56,30,29.46,59.9,16,53
11392,38.17,24,46.47,46.51,16,53
11394,88.49,26,24.14,49.44,16,53
11394,116.96,28,21.54,47.48,16,53
11393,1.4,10,20.95,66.45,16,53
11395,67.75,24,22.96,61.65,16,53
11396,1.12,8,9.6,16.42,16,53
11399,101.44,32,20.95,63.27,16,53
11400,2.35,7,32.18,56.71,16,54
11398,124.44,31,33.16,59.97,16,54
11402,35.69,14,34.14,57.12,16,54
11402,54.8,19,23.36,58.98,16,54
11404,111.49,27,33.81,41.67,16,54
11403,95.36,27,27.89,43.25,16,54
11406,48.2,15,31.32,49.23,16,54
11405,71.24,22,21.38,67.69,16,54
11405,36.24,14,27.52,64.85,16,54
11407,62.99,33,20.14,14.1,16,54
11407,94.99,24,22.4,54.27,16,54
11408,44.55,21,5.8,58.27,16,54
11409,4.61,1,32.31,93.97,16,54
11412,84.58,28,25.82,46.61,16,54
11413,3.86,7,46.96,58.05,16,54
11415,73.52,29,31.23,18.7,16,54
11415,0.53,2,21.34,14.01,16,54
11416,4.26,4,26.48,63.72,16,54
11417,68.13,33,30.56,92.63,16,54
11417,125.99,35,20.25,57.72,16,54
11420,3.86,11,21.74,55.15,16,54
11421,59.67,20,28.8,45.12,16,54
11421,49.9,18,30.57,52.74,16,54
11420,132.77120000000002,35,34.01,52.58,16,54
11424,2.72,6,27.38,51.3,16,54
11425,66.45,28,56.44,44.82,16,54
11426,48.19,13,31.88,55.39,16,54
11427,94.66,24,27.45,62.01,16,54
11428,3.66,8,30.23,46.69,16,54
11426,76.66,31,8.34,65.05,16,54
11428,58.47,19,22.66,58.11,16,54
11430,47.22,16,31.95,58.33,16,54
11432,41.14,18,57.15,89.81,16,54
11431,70.2,24,30.94,54.2,16,54
11431,56.28,33,7.91,69.67,16,54
11435,64.59,23,32.26,69.8,16,54
11435,120.39,30,20.11,45.92,16,54
11436,31.42,12,31.12,44.41,16,54
11436,112.77,27,27.08,65.26,16,54
11438,93.55,24,21.74,44.11,16,54
11439,70.15,24,29.28,52.11,16,54
11440,38.33,28,6.73,90.07,16,54
11440,3.63,3,28.31,69.73,16,54
11441,87.87,25,20.83,59.79,16,54
11443,4.91,11,24.24,55.91,16,54
11444,88.26,26,33.86,65.28,16,54
11445,84.75,22,26.33,52.75,16,54
11447,72.34,18,24.57,66.71,16,54
11446,57.34,31,22.99,93.23,16,54
11447,44.92,12,33.26,57.55,16,54
11447,63.14,23,26.6,92.82,16,54
11450,41.09,20,29.04,16.28,16,54
11451,87.19,32,25.75,69.29,16,54
11453,59.17,22,32.81,46.42,16,54
11452,83.79,26,31.85,45.86,16,54
11454,53.23,17,31.66,69.51,16,54
11456,71.65,22,27.17,55.3,16,54
11454,58.35,28,7.7,44.51,16,54
11456,2.88,9,34.87,13.77,16,54
11457,64.32,19,24.53,64.36,16,54
11459,77.64,21,22.0,46.71,16,55
11459,57.3,22,34.79,11.22,16,55
11461,68.48,24,33.01,41.84,16,55
11462,70.32,19,27.77,55.41,16,55
11462,116.07,30,33.65,59.99,16,55
11463,0.21,8,21.05,51.36,16,55
11463,94.13,30,22.87,58.89,16,55
11466,51.83,20,26.39,56.21,16,55
11466,41.32,16,21.07,56.5,16,55
11467,62.13,16,30.48,68.31,16,55
11469,4.54,4,27.86,55.06,16,55
11468,78.8,20,31.99,48.74,16,55
11471,88.32,33,32.57,53.91,16,55
11473,61.79,15,30.52,54.12,16,55
11473,112.63,35,30.19,47.41,16,55
11473,55.12,26,6.8,42.22,16,55
11475,67.17,24,34.05,54.82,16,55
11475,73.44,24,27.86,64.64,16,55
11478,49.5,17,20.37,53.22,16,55
11479,117.89,29,24.16,55.69,16,55
11477,46.95,18,22.9,60.66,16,55
11478,55.56,16,23.09,62.57,16,55
11480,82.39,26,20.95,43.85,16,55
11480,3.31,10,23.82,19.93,16,55
11481,98.92,30,29.33,69.07,16,55
11482,69.42,32,31.62,11.14,16,55
11484,73.6,25,33.62,60.83,16,55
11486,63.66,18,30.24,40.57,16,55
11487,43.76,15,20.02,58.91,16,55
11487,4.2,11,27.93,51.74,16,55
11487,31.09,15,5.53,47.04,16,55
11489,1.68,1,28.08,50.65,16,55
11491,52.49,15,30.26,89.06,16,55
11492,68.0,25,34.98,67.94,16,55
11493,4.3,9,23.36,19.07,16,55
11495,23.77,15,46.86,69.16,16,55
11493,1.58,3,29.61,50.19,16,55
11495,3.23,2,29.75,88.02,16,55
11495,129.67,34,29.39,54.72,16,55
11497,0.44,7,31.85,18.76,16,55
11499,43.45,17,24.84,63.43,16,55
11498,75.01,27,20.95,50.65,16,55
11501,2.41,2,28.38,41.92,16,55
11502,42.21,13,32.52,56.41,16,55
11501,29.66,15,51.62,40.12,16,55
11505,132.77120000000002,35,22.68,55.46,16,55
11503,114.35,30,25.65,55.9,16,55
11505,4.52,4,25.22,53.74,16,55
11508,58.22,17,27.3,67.5,16,55
11507,131.35,34,33.21,44.43,16,55
11507,85.55,31,32.69,68.99,16,55
11509,4.38,6,8.57,63.76,16,55
11510,1.86,4,30.11,55.59,16,55
11511,104.73,34,25.59,86.86,16,55
11513,45.16,14,20.58,40.64,16,55
11515,81.82,26,24.78,56.58,16,55
11513,86.99,24,32.85,41.03,16,55
11517,3.22,2,21.64,56.38,16,55
11515,47.05,31,7.68,63.51,16,55
11516,112.73,28,27.07,60.55,16,55
11520,84.9,22,22.01,57.5,16,56
11520,73.58,26,21.41,41.0,16,56
11521,19.84,12,7.07,17.74,16,56
11521,69.76,27,30.8,11.14,16,56
11524,65.38,17,29.52,67.13,16,56
11524,80.75,22,34.08,66.94,16,56
11523,89.6,33,26.05,54.15,16,56
11524,2.82,9,21.52,89.83,16,56
11528,103.13,35,21.57,43.74,16,56
11528,49.81,13,21.55,69.01,16,56
11529,2.89,8,20.41,42.69,16,56
11530,1.13,8,6.99,54.77,16,56
11532,2.01,4,27.09,58.1,16,56
11530,0.25,4,22.25,85.97,16,56
11534,4.11,2,8.67,51.79,16,56
11534,46.19,30,6.74,19.98,16,56
11534,68.72,35,45.03,43.48,16,56
11535,121.92,32,30.03,85.39,16,56
11538,4.27,11,26.45,18.85,16,56
11538,3.81,9,27.87,45.36,16,56
11538,4.38,4,32.37,54.85,16,56
11539,3.23,11,53.43,62.0,16,56
11539,1.4,10,24.71,53.63,16,56
11541,99.95,35,25.4,13.49,16,56
11543,4.76,5,34.46,49.04,16,56
11544,2.25,3,32.57,93.85,16,56
11544,127.06,31,32.36,62.44,16,56
11544,54.81,14,20.03,85.09,16,56
11548,41.67,26,5.92,40.54,16,56
11546,1.31,3,29.0,59.68,16,56
11550,75.28,29,26.1,11.3,16,56
11548,65.09,24,25.47,42.95,16,56
11552,88.75,28,32.35,55.14,16,56
11551,57.97,26,24.7,14.93,16,56
11554,105.6,26,32.77,42.03,16,56
11553,19.95,12,50.04,42.29,16,56
11556,40.33,23,56.82,40.69,16,56
11557,96.54,33,28.72,53.39,16,56
11556,118.15,34,25.5,40.88,16,56
11556,1.84,5,53.18,46.0,16,56
11560,1.01,10,23.56,67.1,16,56
11559,66.42,18,21.7,54.21,16,56
11561,80.49,29,25.26,68.09,16,56
11561,31.72,17,56.03,42.85,16,56
11563,35.05,31,9.62,11.14,16,56
11565,2.35,5,29.35,52.35,16,56
11565,53.01,16,33.33,49.66,16,56
11566,69.26,21,28.56,46.32,16,56
11567,91.99,30,22.28,66.46,16,56
11568,84.08,21,20.13,69.51,16,56
11570,67.65,34,27.44,94.03,16,56
11568,72.91,32,33.5,16.42,16,56
11570,1.53,6,22.76,58.11,16,56
11571,74.79,28,26.69,42.48,16,56
11572,4.3,5,5.53,45.2,16,56
11574,2.03,5,24.01,87.12,16,56
11574,4.17,5,9.94,92.71,16,56
11574,55.42,21,30.01,57.27,16,56
11576,42.31,15,31.37,52.46,16,56
11577,0.74,10,30.06,58.43,16,56
11578,88.97,26,29.59,51.68,16,57
11581,31.91,17,20.96,16.21,16,57
11582,43.91,20,8.23,61.68,16,57
11583,59.39,19,33.31,45.1,16,57
11581,3.99,11,21.8,93.68,16,57
11585,43.82,14,20.63,67.9,16,57
11585,1.18,3,50.31,65.29,16,57
11585,74.25,25,28.48,55.12,16,57
11586,83.1,20,31.39,62.9,16,57
11589,0.62,4,49.08,57.04,16,57
11589,3.34,7,47.48,61.67,16,57
11591,58.35,20,25.31,56.74,16,57
11589,0.75,8,21.45,59.14,16,57
11591,3.36,11,21.62,47.36,16,57
11594,34.23,12,30.25,86.41,16,57
11592,95.56,33,23.22,65.07,16,57
11593,4.72,9,32.36,64.72,16,57
11597,3.52,10,33.93,51.72,16,57
11597,4.73,8,25.37,55.34,16,57
11596,32.95,12,24.09,14.35,16,57
11598,110.36,31,20.38,67.51,16,57
11600,71.01,23,27.43,63.84,16,57
11599,3.68,5,9.88,64.92,16,57
11601,66.16,21,26.68,47.1,16,57
11604,2.56,5,23.96,13.93,16,57
11603,67.29,23,21.23,60.23,16,57
11606,57.57,34,57.76,60.91,16,57
11606,126.09,32,24.45,48.77,16,57
11608,63.4,24,34.16,52.16,16,57
11608,80.44,31,24.74,42.99,16,57
11609,0.79,4,34.22,40.31,16,57
11610,2.43,4,9.66,51.43,16,57
11609,67.93,21,27.57,66.44,16,57
11611,93.15,31,23.92,52.55,16,57
11613,72.54,25,21.07,45.37,16,57
11613,102.49,27,33.75,50.73,16,57
11616,61.19,24,30.05,53.47,16,57
11617,3.22,9,20.31,57.57,16,57
11618,4.2,1,24.06,60.55,16,57
11618,33.35,24,56.53,91.05,16,57
11618,3.65,4,33.25,44.07,16,57
11620,57.87,31,58.45560000000002,45.37,16,57
11622,74.29,25,20.47,69.83,16,57
11623,68.87,17,21.04,53.13,16,57
11623,89.93,22,29.45,65.01,16,57
11625,4.91,5,25.55,53.51,16,57
11623,83.86,29,26.32,89.23,16,57
11624,73.8,25,23.97,67.44,16,57
11626,48.5,16,23.62,56.33,16,57
11626,82.2,35,28.23,92.9,16,57
11628,1.72,8,32.75,86.64,16,57
11629,105.32,31,26.48,47.65,16,57
11630,4.24,7,33.64,62.24,16,57
11631,63.83,24,26.02,61.81,16,57
11634,38.71,14,28.56,43.53,16,57
11634,71.11,19,28.47,43.15,16,57
11633,59.1,31,29.02,13.05,16,57
11635,4.51,8,21.83,58.59,16,57
11637,96.22,23,33.75,66.3,16,57
11637,2.98,1,30.18,91.4,16,57
11640,4.42,3,29.71,48.17,16,58
11640,58.4,15,22.04,46.08,16,58
11640,37.45,20,30.45,94.03,16,58
11642,98.8,29,34.39,43.26,16,58
11644,0.74,10,28.15,16.28,16,58
11642,82.69,29,30.11,51.44,16,58
11645,26.35,17,54.05,52.78,16,58
11647,4.96,9,28.94,45.31,16,58
11646,85.46,24,27.44,58.92,16,58
11648,66.75,33,46.24,45.52,16,58
11649,1.59,1,23.78,53.38,16,58
11648,2.81,1,31.03,67.54,16,58
11649,2.25,4,8.39,56.51,16,58
11652,3.5,2,25.68,52.46,16,58
11651,93.79,27,29.05,42.66,16,58
11653,44.38,19,32.11,12.62,16,58
11654,95.51,26,26.25,47.2,16,58
11656,45.96,13,23.06,40.46,16,58
11657,64.86,23,27.38,52.02,16,58
11659,82.54,24,25.12,58.48,16,58
11658,4.47,10,28.34,69.96,16,58
11660,47.78,12,29.99,42.54,16,58
11661,94.91,34,27.69,12.93,16,58
11663,109.58,28,23.3,57.86,16,58
11661,56.56,26,27.99,94.03,16,58
11664,84.65,22,22.91,42.73,16,58
11665,115.15,35,29.51,68.94,16,58
11664,36.28,23,5.71,68.75,16,58
11667,47.82,15,30.08,60.26,16,58
11667,95.42,29,27.69,55.58,16,58
11669,59.01,23,29.47,57.91,16,58
11670,55.59,19,32.87,45.59,16,58
11670,49.2,19,27.92,94.03,16,58
11673,118.08,30,23.78,66.27,16,58
11673,0.62,7,26.04,93.03,16,58
11672,77.65,31,28.76,45.71,16,58
11673,30.93,22,51.61,13.25,16,58
11676,23.98,14,47.65,50.2,16,58
11678,1.64,1,6.39,67.36,16,58
11676,132.77120000000002,35,23.92,46.06,16,58
11680,74.85,34,58.45560000000002,57.89,16,58
11681,60.75,15,27.53,87.54,16,58
11682,94.54,30,28.11,57.31,16,58
11682,54.47,17,32.19,58.06,16,58
11681,75.34,20,30.16,43.51,16,58
11685,76.28,22,32.49,44.41,16,58
11684,48.66,28,9.7,64.81,16,58
11686,39.78,14,29.69,64.91,16,58
11688,31.06,18,5.53,68.51,16,58
11689,63.43,20,29.01,85.73,16,58
11690,85.57,27,32.76,45.97,16,58
11690,2.29,5,25.72,41.92,16,58
11691,1.33,4,21.19,48.01,16,58
11691,29.27,13,7.95,67.01,16,58
11692,28.91,13,6.46,66.84,16,58
11694,105.05,28,32.82,87.69,16,58
11693,95.3,31,28.66,41.78,16,58
11694,87.3,23,29.55,46.69,16,58
11697,1.11,1,31.22,58.71,16,58
11698,1.89,8,23.9,41.26,16,58
11699,63.19,23,23.96,65.03,16,59
11698,87.86,22,33.52,45.96,16,59
11700,52.95,19,23.58,11.14,16,59
11702,44.82,21,9.89,52.23,16,59
11702,0.45,2,28.66,44.86,16,59
11705,102.3,26,22.2,42.24,16,59
11706,132.77120000000002,34,32.4,40.83,16,59
11705,1.9,1,25.39,62.08,16,59
11706,1.09,8,26.64,60.27,16,59
11708,57.86,25,7.16,50.87,16,59
11710,117.28,31,26.76,41.97,16,59
11710,51.76,16,25.22,52.54,16,59
11710,67.27,23,22.51,53.46,16,59
11711,0.95,3,33.28,64.34,16,59
11713,39.7,12,22.35,56.57,16,59
11712,120.28,31,21.16,42.27,16,59
11714,74.75,22,27.56,66.71,16,59
11716,85.6,29,34.49,67.6,16,59
11718,49.65,12,22.4,43.92,16,59
11717,72.32,35,8.36,56.41,16,59
11719,35.11,14,58.45560000000002,89.58,16,59
11720,3.62,2,32.58,69.37,16,59
11720,4.22,7,24.59,58.44,16,59
11721,4.88,8,51.13,89.93,16,59
11722,46.4,14,27.3,46.82,16,59
11725,96.31,30,28.34,45.07,16,59
11726,106.16,30,27.59,64.85,16,59
11727,0.76,2,28.9,48.06,16,59
11727,2.01,2,55.09,44.75,16,59
11728,59.53,24,34.05,12.69,16,59
11729,63.22,19,28.53,54.87,16,59
11731,0.86,9,27.62,60.88,16,59
11731,100.19,26,22.69,65.53,16,59
11733,126.92,31,31.9,68.48,16,59
11731,59.76,25,51.76,58.89,16,59
11735,47.45,13,34.97,56.1,16,59
11736,120.35,31,33.53,61.86,16,59
11736,82.5,33,49.37,46.06,16,59
11735,49.5,18,23.55,40.57,16,59
11736,42.13,16,32.48,92.68,16,59
11737,125.07,33,26.2,57.24,16,59
11739,3.84,4,27.29,59.72,16,59
11741,1.3,7,21.33,61.34,16,59
11742,3.85,3,30.99,94.03,16,59
11741,2.79,7,22.99,12.01,16,59
11744,69.55,18,20.81,66.37,16,59
11744,64.98,19,32.92,67.88,16,59
11747,0.65,9,23.28,42.43,16,59
11746,55.44,15,34.32,59.54,16,59
11749,61.17,21,27.19,41.86,16,59
11749,3.14,3,21.13,54.09,16,59
11748,35.01,14,29.76,56.59,16,59
11750,90.65,22,27.98,41.12,16,59
11753,2.26,11,29.1,50.02,16,59
11752,3.84,6,30.74,69.31,16,59
11752,39.13,15,29.53,18.44,16,59
11756,72.88,21,23.49,68.0,16,59
11754,70.9,19,21.13,62.93,16,59
11757,72.38,20,23.88,50.11,16,59
11758,0.98,3,22.04,61.79,16,59
11757,101.12,25,23.74,47.97,17,0
11760,39.78,12,22.52,62.79,17,0
11759,81.99,27,28.42,50.62,17,0
11761,72.41,19,25.56,67.78,17,0
11763,61.37,22,34.89,66.61,17,0
11765,41.79,32,5.53,12.86,17,0
11764,1.55,10,26.77,69.66,17,0
11767,67.52,25,30.79,55.27,17,0
11768,1.81,1,29.54,58.43,17,0
11766,47.24,18,27.64,94.03,17,0
11768,0.51,2,29.03,59.98,17,0
11769,81.82,32,33.91,62.73,17,0
11771,82.48,23,32.34,61.1,17,0
11773,107.41,28,31.7,58.14,17,0
11774,37.73,14,30.67,57.15,17,0
11772,62.31,28,5.53,55.81,17,0
11776,1.67,5,26.96,44.51,17,0
11777,34.85,16,21.78,18.44,17,0
11777,29.6,14,5.53,69.9,17,0
11777,0.94,7,33.23,56.3,17,0
11777,50.06,17,29.99,49.69,17,0
11780,36.67,15,29.17,93.01,17,0
11781,19.7,13,8.34,16.72,17,0
11783,51.29,16,27.22,47.02,17,0
11784,33.43,13,27.03,40.23,17,0
11783,1.51,1,30.9,48.74,17,0
11784,55.4,27,6.18,52.82,17,0
11786,96.76,26,31.99,52.86,17,0
11788,58.36,22,29.78,68.63,17,0
11788,4.83,11,34.23,49.12,17,0
11790,101.88,31,27.51,52.06,17,0
11788,105.86,31,34.54,42.16,17,0
11791,48.07,14,29.21,62.78,17,0
11792,43.38,22,34.91,19.4,17,0
11794,3.59,3,28.7,88.63,17,0
11794,52.6,17,23.68,44.92,17,0
11793,55.72,14,25.91,43.1,17,0
11797,33.25,12,31.66,48.58,17,0
11797,40.26,13,29.25,52.94,17,0
11796,2.06,9,29.17,52.29,17,0
11800,3.95,4,22.37,18.56,17,0
11801,46.63,26,7.44,44.81,17,0
11800,47.94,26,23.79,93.12,17,0
11801,110.44,30,30.6,56.37,17,0
11801,129.29,33,31.93,43.97,17,0
11803,33.37,14,26.42,18.24,17,0
11803,47.07,18,32.85,11.14,17,0
11804,74.66,19,24.05,63.33,17,0
11808,62.84,24,24.99,41.79,17,0
11806,4.0,5,21.85,60.08,17,0
11809,82.2,33,57.31,62.69,17,0
11811,53.82,16,20.23,53.76,17,0
11810,121.91,35,28.52,49.96,17,0
11811,1.18,3,29.76,92.56,17,0
11811,118.24,34,26.05,49.67,17,0
11813,74.91,21,30.32,55.86,17,0
11816,3.17,6,5.53,52.51,17,0
11816,74.33,24,20.5,59.27,17,0
11816,40.07,12,22.53,65.43,17,0
11818,49.24,13,25.67,50.11,17,0
11820,40.94,13,27.23,45.38,17,1
11821,93.68,33,30.72,51.45,17,1
11820,1.93,3,23.02,56.39,17,1
11823,4.39,11,27.22,64.62,17,1
11821,103.41,35,25.15,50.45,17,1
11822,56.41,22,29.93,50.14,17,1
11823,66.8,19,25.27,57.89,17,1
11826,4.75,4,30.85,54.51,17,1
11828,2.5,2,30.52,40.71,17,1
11826,0.18,6,24.32,65.51,17,1
11829,50.3,19,25.98,19.93,17,1
11828,35.46,15,5.53,54.26,17,1
11831,3.83,2,25.99,69.72,17,1
11833,3.63,10,22.29,11.14,17,1
11831,54.65,19,30.51,51.23,17,1
11833,40.7,26,55.13,41.26,17,1
11833,72.17,34,6.16,50.72,17,1
11837,2.58,11,25.21,45.28,17,1
11837,37.72,12,25.66,45.83,17,1
11838,0.73,5,20.42,58.99,17,1
11838,90.45,25,33.31,65.58,17,1
11840,106.76,33,33.24,56.95,17,1
11840,0.3,10,34.68,93.85,17,1
11841,95.05,26,28.75,85.33,17,1
11841,1.86,11,24.44,58.34,17,1
11845,102.76,33,29.72,49.24,17,1
11844,108.51,26,20.81,63.54,17,1
11847,3.06,9,33.45,85.71,17,1
11847,59.1,16,28.87,67.01,17,1
11847,65.8,21,33.02,69.8,17,1
11848,55.34,31,48.14,48.42,17,1
11850,34.25,13,25.98,19.14,17,1
11850,4.57,4,9.56,87.49,17,1
11851,2.65,8,23.58,63.12,17,1
11854,2.67,2,54.14,62.44,17,1
11852,98.3,32,32.05,55.46,17,1
11855,126.59,35,22.13,40.41,17,1
11855,1.56,3,27.28,11.52,17,1
11857,2.67,4,20.77,87.82,17,1
11857,62.58,23,29.54,67.03,17,1
11860,66.74,25,25.58,50.94,17,1
11861,28.85,12,28.82,92.81,17,1
11861,3.54,6,7.19,85.35,17,1
11863,61.1,17,23.62,59.6,17,1
11862,32.94,31,9.07,90.57,17,1
11865,62.12,24,24.01,40.8,17,1
11864,54.54,21,33.61,67.14,17,1
11865,29.38,12,49.46,51.21,17,1
11867,116.55,29,31.61,59.29,17,1
11869,68.32,25,24.79,65.2,17,1
11867,132.77120000000002,35,28.49,66.79,17,1
11871,75.76,20,22.66,59.79,17,1
11869,111.09,30,33.82,54.18,17,1
11871,71.35,30,7.1,45.02,17,1
11871,1.77,5,28.85,64.18,17,1
11874,3.77,10,32.08,92.22,17,1
11874,109.53,29,28.3,42.46,17,1
11877,34.7,22,52.63,11.17,17,1
11876,85.58,28,22.37,42.87,17,1
11877,34.1,25,7.19,15.4,17,1
11879,84.2,21,28.83,44.1,17,2
11880,4.57,9,8.56,51.07,17,2
11879,95.4,31,24.6,45.59,17,2
11881,121.31,35,30.11,60.57,17,2
11884,1.0,5,25.39,46.73,17,2
11882,53.59,21,25.06,91.97,17,2
11884,51.97,33,9.95,51.6,17,2
11886,63.47,19,25.41,47.57,17,2
11887,54.57,28,47.51,58.13,17,2
11888,61.85,27,8.42,63.35,17,2
11888,2.03,4,33.6,45.62,17,2
11891,118.61,31,21.16,45.91,17,2
11889,52.48,25,7.13,47.76,17,2
11890,67.64,24,30.65,87.0,17,2
11894,4.74,8,24.66,65.06,17,2
11895,63.86,17,33.31,58.01,17,2
11894,29.26,14,49.91,48.77,17,2
11896,72.1,33,31.3,16.91,17,2
11895,55.36,28,25.04,12.9,17,2
11897,80.13,20,34.8,45.83,17,2
11899,66.98,17,31.06,60.61,17,2
11899,98.51,25,32.77,85.78,17,2
11899,69.66,23,30.02,54.87,17,2
11902,79.66,19,29.7,66.28,17,2
11902,64.57,18,22.6,51.37,17,2
11902,70.35,34,52.07,59.04,17,2
11906,74.3,18,21.58,46.58,17,2
11904,71.06,34,7.64,62.29,17,2
11908,64.5,30,8.51,61.13,17,2
11906,4.56,9,7.7,65.59,17,2
11910,68.32,32,55.68,68.26,17,2
11910,0.36,4,5.79,55.6,17,2
11910,78.77,30,26.76,11.15,17,2
11910,38.38,15,30.13,85.78,17,2
11911,0.2,5,32.37,41.13,17,2
11915,56.42,18,30.36,43.37,17,2
11916,60.64,17,23.27,53.57,17,2
11916,97.68,33,31.95,53.13,17,2
11915,4.0,3,51.2,45.47,17,2
11919,39.67,14,29.67,47.05,17,2
11918,68.81,18,31.8,47.37,17,2
11918,74.33,27,20.18,42.14,17,2
11919,0.18,7,23.96,54.23,17,2
11922,68.32,30,5.86,68.35,17,2
11921,3.67,7,54.61,62.11,17,2
11922,62.76,16,26.1,55.97,17,2
11924,0.74,3,7.34,59.34,17,2
11924,0.68,9,6.25,64.46,17,2
11928,132.77120000000002,35,29.53,68.57,17,2
11928,49.29,14,25.99,57.96,17,2
11930,73.76,29,31.09,66.15,17,2
11928,72.28,24,27.18,46.33,17,2
11930,1.39,3,22.95,11.47,17,2
11933,0.63,1,21.42,66.97,17,2
11931,3.54,6,24.29,57.84,17,2
11934,61.0,23,29.12,91.87,17,2
11935,48.72,14,33.75,45.32,17,2
11935,91.84,35,32.84,19.04,17,2
11937,4.91,7,32.21,52.02,17,2
11939,68.63,27,23.65,62.52,17,2
11937,63.1,27,34.45,93.45,17,3
11939,1.49,8,22.27,45.3,17,3
11942,3.87,9,27.3,11.14,17,3
11940,0.38,11,26.94,54.97,17,3
11944,1.3,5,22.98,55.91,17,3
11944,59.52,27,34.95,94.03,17,3
11944,81.92,23,32.83,57.19,17,3
11944,61.4,23,28.24,57.88,17,3
11947,54.64,25,34.44,16.47,17,3
11949,27.94,12,9.72,46.82,17,3
11948,96.53,30,24.79,68.25,17,3
11948,100.76,35,25.86,54.97,17,3
11950,63.3,34,5.97,86.93,17,3
11952,4.58,4,45.1,62.69,17,3
11952,1.16,11,53.03,57.96,17,3
11953,4.46,1,21.74,11.14,17,3
11953,73.08,22,21.04,61.89,17,3
11955,39.05,26,45.11,93.76,17,3
11957,2.63,4,54.23,65.53,17,3
11959,4.09,4,20.51,60.81,17,3
11959,70.86,23,21.22,61.43,17,3
11958,37.99,13,24.46,43.29,17,3
11962,121.06,30,33.23,63.43,17,3
11962,0.64,9,28.57,67.05,17,3
11963,3.65,5,9.39,40.05,17,3
11965,1.34,4,8.21,60.82,17,3
11963,1.47,2,24.1,86.71,17,3
11964,4.59,9,20.09,49.88,17,3
11966,44.68,20,47.18,40.16,17,3
11966,2.75,10,34.5,56.82,17,3
11970,109.05,27,22.83,59.65,17,3
11969,43.01,28,7.73,53.38,17,3
11971,41.51,16,28.29,19.25,17,3
11971,42.72,13,31.42,43.56,17,3
11974,73.36,19,23.82,58.73,17,3
11972,3.61,6,26.1,58.31,17,3
11976,3.05,1,6.44,68.15,17,3
11975,124.55,31,20.7,51.0,17,3
11976,70.3,17,34.7,59.6,17,3
11977,3.65,1,25.0,48.89,17,3
11979,2.07,8,54.94,61.64,17,3
11981,101.48,28,31.34,54.57,17,3
11981,102.16,27,29.71,48.04,17,3
11980,3.07,10,24.24,55.65,17,3
11981,0.86,2,32.49,48.84,17,3
11984,80.45,29,22.84,12.86,17,3
11986,2.47,9,6.2,43.56,17,3
11984,3.77,9,30.88,51.72,17,3
11988,129.93,34,27.94,49.17,17,3
11989,39.89,25,55.21,18.9,17,3
11987,40.74,16,27.39,44.13,17,3
11990,2.39,1,27.04,63.55,17,3
11992,33.94,12,23.6,90.3,17,3
11990,38.1,18,24.0,14.43,17,3
11992,77.73,29,26.36,93.76,17,3
11994,103.68,31,32.83,53.09,17,3
11995,0.59,1,32.71,65.43,17,3
11995,61.04,20,27.06,57.7,17,3
11996,36.3,16,51.15,62.32,17,3
11997,4.1,6,28.24,67.74,17,3
12000,48.62,20,31.85,16.42,17,4
12000,64.12,20,29.92,63.5,17,4
12000,1.59,9,28.5,12.72,17,4
12001,69.55,17,31.38,55.76,17,4
12001,52.72,31,46.84,68.85,17,4
12004,72.64,19,26.82,46.13,17,4
12004,0.73,11,24.12,56.88,17,4
12006,99.78,31,28.91,43.21,17,4
12005,105.05,33,27.46,66.9,17,4
12007,47.77,18,26.47,61.89,17,4
12008,0.29,2,21.62,67.24,17,4
12010,77.45,22,34.59,63.75,17,4
12012,132.77120000000002,35,24.43,57.82,17,4
12010,3.99,8,34.04,51.25,17,4
12014,73.78,31,9.82,56.44,17,4
12013,39.23,16,48.66,45.76,17,4
12016,64.06,35,54.17,61.88,17,4
12016,51.08,25,8.98,46.64,17,4
12018,41.08,18,21.07,14.04,17,4
12018,51.05,16,31.39,50.89,17,4
12020,93.59,30,22.94,69.88,17,4
12020,86.53,31,22.48,65.08,17,4
12022,107.59,28,25.13,87.68,17,4
12021,53.15,20,33.89,65.21,17,4
12024,60.32,32,46.09,55.95,17,4
12022,3.74,5,29.51,90.49,17,4
12024,129.49,31,22.31,40.52,17,4
12024,41.65,12,24.83,87.96,17,4
12028,1.59,8,26.27,89.85,17,4
12026,76.43,21,32.46,65.34,17,4
12027,3.89,5,9.8,86.96,17,4
12028,0.64,2,22.72,11.83,17,4
12031,51.74,15,33.93,48.85,17,4
12033,3.03,10,22.28,67.01,17,4
12032,1.14,11,26.37,93.85,17,4
12035,102.67,29,25.59,46.36,17,4
12033,84.67,33,25.25,47.43,17,4
12037,78.31,27,27.24,93.39,17,4
12036,1.81,6,28.56,62.53,17,4
12039,0.36,6,52.65,89.4,17,4
12040,0.83,1,28.96,66.19,17,4
12041,92.12,25,31.13,64.9,17,4
12042,1.38,10,21.51,86.28,17,4
12041,84.84,23,30.01,58.95,17,4
12042,3.42,6,22.89,87.54,17,4
12042,41.65,20,30.74,12.5,17,4
12045,74.59,18,24.0,59.32,17,4
12046,4.87,3,30.36,59.12,17,4
12047,69.45,27,28.02,58.61,17,4
12047,2.38,1,54.28,66.26,17,4
12050,85.57,29,28.08,46.04,17,4
12050,62.48,32,22.06,11.14,17,4
12052,1.97,8,48.1,94.03,17,4
12053,1.72,1,31.05,13.41,17,4
12053,73.26,27,23.24,40.69,17,4
12054,45.02,20,34.53,93.79,17,4
12054,1.05,3,7.36,40.54,17,4
12055,126.04,35,30.94,68.15,17,4
12056,51.36,21,21.97,14.96,17,4
12059,85.13,24,33.78,51.35,17,4
12057,39.18,19,54.37,64.38,17,5
12060,2.85,9,28.38,45.15,17,5
12061,86.77,21,21.74,56.58,17,5
12061,0.18,5,27.79,52.09,17,5
12061,75.71,30,28.88,85.72,17,5
12063,0.18,4,27.02,16.03,17,5
12063,2.59,8,30.06,15.78,17,5
12064,3.98,8,23.85,43.89,17,5
12068,1.07,5,31.57,58.42,17,5
12067,3.68,5,28.96,41.77,17,5
12070,89.43,34,21.46,13.67,17,5
12069,37.78,12,28.15,53.07,17,5
12071,114.54,28,24.44,55.76,17,5
12071,0.22,2,5.53,58.21,17,5
12071,3.34,2,26.24,87.42,17,5
12074,46.14,22,51.87,52.7,17,5
12074,3.31,10,24.96,58.47,17,5
12077,132.77120000000002,35,20.27,52.06,17,5
12078,62.89,31,20.3,12.92,17,5
12077,2.68,2,27.42,67.49,17,5
12077,54.39,14,26.34,68.44,17,5
12081,40.22,16,29.25,61.45,17,5
12082,74.52,23,27.01,67.33,17,5
12081,58.43,34,6.54,42.28,17,5
12083,76.53,34,58.2,65.16,17,5
12082,54.44,15,20.92,40.77,17,5
12084,92.31,27,29.78,43.93,17,5
12086,110.61,30,22.58,61.88,17,5
12087,1.26,1,9.7,55.86,17,5
12088,123.19,31,24.54,63.05,17,5
12088,36.04,14,21.28,57.86,17,5
12091,92.6,28,22.38,55.19,17,5
12092,75.31,22,24.35,68.24,17,5
12093,77.83,26,33.64,48.73,17,5
12091,2.07,10,28.56,58.68,17,5
12092,76.58,30,30.57,93.98,17,5
12095,4.78,9,54.66,93.17,17,5
12096,38.46,15,21.65,15.43,17,5
12097,85.42,26,28.08,68.54,17,5
12096,110.6,28,27.82,43.21,17,5
12099,69.53,20,28.2,54.73,17,5
12098,126.99,33,29.66,52.95,17,5
12100,4.06,2,23.1,45.2,17,5
12102,2.9,6,30.7,52.24,17,5
12101,87.15,22,29.96,86.75,17,5
12102,4.66,2,25.89,59.18,17,5
12104,1.98,1,24.19,50.51,17,5
12104,56.79,18,26.08,59.0,17,5
12107,85.44,22,22.07,45.81,17,5
12106,1.67,1,20.17,45.51,17,5
12107,78.16,20,31.18,43.91,17,5
12111,132.77120000000002,35,27.99,68.28,17,5
12109,40.19,17,49.71,56.07,17,5
12111,4.87,9,29.16,55.46,17,5
12111,80.61,26,31.12,55.54,17,5
12113,62.03,20,26.39,55.23,17,5
12114,110.49,29,25.65,53.0,17,5
12114,2.98,4,29.7,66.04,17,5
12118,1.06,3,30.7,43.44,17,5
12116,92.56,28,29.63,69.7,17,5
12117,59.98,16,28.71,61.27,17,6
12120,3.4,8,23.37,88.62,17,6
12122,96.03,25,33.93,57.11,17,6
12123,0.32,10,6.64,61.93,17,6
12124,69.03,18,28.1,44.26,17,6
12125,48.5,13,25.79,65.69,17,6
12124,0.18,5,30.94,52.4,17,6
12127,78.28,28,21.7,60.22,17,6
12126,37.77,14,28.66,47.77,17,6
12129,3.15,2,8.85,57.98,17,6
12129,26.15,15,53.25,48.46,17,6
12129,52.2,20,21.52,41.19,17,6
12131,39.92,15,28.8,90.87,17,6
12133,3.48,6,34.66,52.58,17,6
12131,80.51,30,34.9,88.08,17,6
12133,87.41,30,32.3,44.55,17,6
12133,104.18,32,34.67,54.09,17,6
12134,132.77120000000002,35,22.33,49.17,17,6
12135,3.48,4,24.34,63.26,17,6
12139,92.88,29,27.83,43.7,17,6
12139,0.59,2,23.89,61.39,17,6
12141,94.46,33,28.06,17.9,17,6
12139,58.92,17,26.27,55.74,17,6
12140,101.84,25,22.79,49.66,17,6
12142,108.13,33,31.18,50.78,17,6
12143,73.52,33,22.45,16.69,17,6
12143,4.45,10,31.95,46.24,17,6
12145,28.37,13,7.58,85.37,17,6
12145,1.07,3,7.87,48.44,17,6
12147,68.11,17,25.65,66.41,17,6
12150,60.24,29,7.31,43.07,17,6
12148,3.69,9,31.36,63.78,17,6
12151,39.62,15,21.42,59.49,17,6
12150,40.44,21,31.93,16.23,17,6
12154,3.36,9,34.23,64.68,17,6
12155,4.36,9,24.09,46.0,17,6
12153,4.93,10,31.92,47.65,17,6
12154,60.88,17,34.89,48.07,17,6
12155,77.1,24,31.35,60.46,17,6
12157,3.95,9,23.83,44.08,17,6
12159,81.12,35,34.31,91.09,17,6
12161,60.57,30,9.23,69.49,17,6
12160,38.02,12,24.18,64.97,17,6
12160,79.42,33,7.73,88.2,17,6
12163,2.03,5,52.9,66.2,17,6
12163,56.55,26,9.12,60.68,17,6
12166,30.9,17,27.37,12.03,17,6
12164,78.14,24,27.73,66.83,17,6
12166,0.55,9,21.57,54.1,17,6
12166,40.15,15,24.74,61.71,17,6
12170,70.86,28,31.33,42.7,17,6
12171,0.18,5,26.99,13.77,17,6
12171,61.65,23,25.91,51.39,17,6
12171,66.7,26,27.16,63.8,17,6
12174,117.11,35,22.51,47.22,17,6
12175,46.53,13,27.47,48.39,17,6
12175,104.18,34,31.15,46.05,17,6
12176,4.18,8,45.11,53.55,17,6
12178,67.04,35,30.87,15.75,17,6
12177,79.85,20,24.94,61.42,17,6
12180,48.44,17,33.62,94.03,17,7
12180,1.79,5,51.39,68.77,17,7
12180,1.93,9,56.56,51.63,17,7
12180,4.0,4,21.61,51.96,17,7
12182,65.71,27,34.22,91.64,17,7
12182,132.77120000000002,35,33.98,46.49,17,7
12184,96.82,33,25.24,52.68,17,7
12184,59.81,24,52.13,60.31,17,7
12188,60.34,34,7.9,56.2,17,7
12187,55.38,22,27.87,93.52,17,7
12187,0.76,11,22.83,44.86,17,7
12190,67.12,32,27.54,11.14,17,7
12192,42.7,32,8.9,15.06,17,7
12192,94.54,26,28.23,56.83,17,7
12194,0.9,7,33.6,59.74,17,7
12194,124.85,30,33.75,68.78,17,7
12196,108.93,31,21.92,41.5,17,7
12197,2.51,6,32.24,41.57,17,7
12195,0.37,10,21.93,46.62,17,7
12197,58.02,17,22.76,43.4,17,7
12199,46.16,16,25.9,43.07,17,7
12198,1.55,7,27.83,47.24,17,7
12202,2.66,6,20.88,61.82,17,7
12201,30.02,14,32.14,91.89,17,7
12202,1.5,10,20.02,57.07,17,7
12204,43.15,25,47.69,41.82,17,7
12204,20.14,13,56.69,50.83,17,7
12207,114.48,32,33.34,60.63,17,7
12205,65.93,20,27.17,59.58,17,7
12206,55.15,22,33.48,66.31,17,7
12208,70.9,26,21.29,11.14,17,7
12209,68.68,32,49.71,62.95,17,7
12211,2.43,2,29.4,41.82,17,7
12212,94.55,27,29.87,45.29,17,7
12213,4.34,9,24.43,69.88,17,7
12215,2.15,7,30.81,52.48,17,7
12215,49.82,18,20.12,90.19,17,7
12215,47.56,31,5.56,67.07,17,7
12218,80.38,30,33.1,14.2,17,7
12216,34.57,13,33.83,63.88,17,7
12219,86.38,30,26.66,51.19,17,7
12219,89.39,23,20.51,43.55,17,7
12221,64.05,32,34.23,16.88,17,7
12221,108.74,26,22.99,52.45,17,7
12224,0.31,4,21.72,53.69,17,7
12222,65.59,18,32.94,56.23,17,7
12226,93.79,28,28.97,61.67,17,7
12224,71.42,23,21.35,56.96,17,7
12227,40.36,12,27.21,54.17,17,7
12228,4.07,7,30.27,14.3,17,7
12228,94.0,27,27.83,44.05,17,7
12230,19.88,15,50.15,13.86,17,7
12232,99.63,35,21.25,13.13,17,7
12233,0.62,5,25.58,52.38,17,7
12233,38.78,14,25.94,48.26,17,7
12232,104.22,26,25.65,53.28,17,7
12235,64.97,26,25.81,19.82,17,7
12235,70.72,26,21.53,42.01,17,7
12235,1.31,3,21.9,65.36,17,7
12236,26.18,12,30.73,17.35,17,7
12238,92.08,25,28.57,42.98,17,8
12239,39.71,18,7.89,68.63,17,8
12239,84.22,24,26.53,56.03,17,8
12243,69.22,26,26.24,90.32,17,8
12241,4.65,3,28.09,54.78,17,8
12245,34.02,18,51.63,60.01,17,8
12244,48.96,19,24.65,63.7,17,8
12244,47.49,27,5.53,43.91,17,8
12245,80.25,29,33.37,54.25,17,8
12249,1.24,3,48.51,61.2,17,8
12248,78.68,30,21.94,15.96,17,8
12251,0.69,4,9.81,14.96,17,8
12252,60.91,19,20.26,46.65,17,8
12250,55.05,32,45.87,57.45,17,8
12253,120.69,34,21.52,86.28,17,8
12254,1.86,1,32.63,59.59,17,8
12253,59.03,18,28.52,59.84,17,8
12255,49.55,12,21.91,69.43,17,8
12258,107.28,28,30.73,59.0,17,8
12257,100.58,25,24.18,41.57,17,8
12258,0.56,2,25.34,48.93,17,8
12258,63.32,21,32.1,46.9,17,8
12261,65.87,27,33.57,15.3,17,8
12261,119.32,29,28.75,68.62,17,8
12261,32.41,28,8.06,92.62,17,8
12265,95.54,23,27.04,45.18,17,8
12266,72.58,30,23.43,94.03,17,8
12267,50.66,28,32.96,92.62,17,8
12266,75.61,22,33.82,44.49,17,8
12268,114.4,29,31.83,86.91,17,8
12268,70.56,19,34.69,65.06,17,8
12271,72.97,27,21.04,65.56,17,8
12271,78.46,27,26.99,50.24,17,8
12272,69.71,21,34.67,45.45,17,8
12274,99.22,24,22.64,62.63,17,8
12274,91.33,34,30.21,49.49,17,8
12275,4.38,9,23.06,55.63,17,8
12274,86.34,21,29.99,41.54,17,8
12275,2.36,4,5.53,89.74,17,8
12277,3.76,3,27.51,90.61,17,8
12279,47.79,18,21.49,65.1,17,8
12279,82.6,31,23.6,11.14,17,8
12280,35.37,14,20.26,48.77,17,8
12283,31.82,12,29.5,49.31,17,8
12282,2.51,10,31.04,40.94,17,8
12282,49.11,23,58.45560000000002,64.61,17,8
12286,65.13,21,24.2,53.46,17,8
12285,83.85,31,32.5,49.8,17,8
12288,1.55,9,21.02,41.65,17,8
12289,2.91,11,20.69,66.97,17,8
12287,31.43,14,7.77,67.76,17,8
12291,2.43,1,34.04,68.14,17,8
12292,99.27,28,22.14,52.73,17,8
12290,64.86,17,30.75,88.02,17,8
12292,32.53,17,48.22,58.23,17,8
12293,0.19,1,26.55,59.55,17,8
12294,81.1,31,24.27,53.72,17,8
12295,60.55,22,30.0,41.75,17,8
12296,114.54,29,27.48,68.91,17,8
12296,124.7,31,23.27,54.06,17,8
12300,2.03,5,56.36,40.22,17,9
12301,41.76,15,30.1,46.52,17,9
12301,1.66,2,33.31,47.86,17,9
12303,47.17,12,33.39,50.67,17,9
12301,110.46,27,20.38,59.35,17,9
12303,4.29,11,31.72,85.11,17,9
12305,54.89,16,31.52,43.78,17,9
12306,0.18,9,26.28,64.36,17,9
12308,21.45,12,49.2,53.69,17,9
12306,47.54,16,20.62,49.35,17,9
12310,110.03,27,32.32,60.28,17,9
12311,65.96,24,34.47,58.14,17,9
12311,27.27,16,52.39,91.48,17,9
12312,96.12,27,21.56,58.09,17,9
12312,91.21,27,29.84,46.82,17,9
12312,60.29,32,30.65,93.33,17,9
12315,58.15,28,31.68,90.5,17,9
12316,55.5,19,32.22,42.85,17,9
12315,2.13,1,29.68,63.56,17,9
12316,1.73,10,22.75,67.05,17,9
12317,2.59,3,21.06,48.39,17,9
12319,115.54,35,27.11,46.84,17,9
12319,1.78,6,22.62,67.19,17,9
12321,67.38,18,30.3,43.55,17,9
12322,78.77,31,28.94,60.53,17,9
12322,114.83,32,20.51,46.96,17,9
12326,34.57,13,25.45,45.59,17,9
12326,0.96,8,28.67,50.84,17,9
12326,94.01,24,20.47,42.43,17,9
12328,82.39,26,24.95,61.78,17,9
12329,49.31,18,34.56,93.97,17,9
12329,38.0,23,58.45560000000002,51.82,17,9
12331,73.47,26,27.78,44.73,17,9
12332,113.03,28,20.71,67.15,17,9
12331,39.87,26,9.4,92.26,17,9
12332,2.63,9,31.99,63.91,17,9
12335,78.1,26,31.74,42.62,17,9
12334,123.42,32,22.03,46.96,17,9
12337,2.67,3,24.17,68.84,17,9
12339,0.52,9,23.67,14.76,17,9
12340,1.77,1,24.21,49.76,17,9
12340,115.37,34,26.23,63.2,17,9
12342,45.53,23,6.77,60.74,17,9
12341,108.62,34,32.86,52.09,17,9
12344,3.05,11,26.02,42.09,17,9
12343,113.48,33,32.82,65.8,17,9
12344,46.13,20,30.67,17.85,17,9
12346,69.12,24,32.92,63.36,17,9
12348,39.17,25,55.6,42.94,17,9
12346,2.02,3,31.54,68.79,17,9
12349,67.23,24,21.4,19.78,17,9
12351,54.67,23,57.12,55.75,17,9
12351,102.46,26,29.68,85.72,17,9
12351,50.56,26,32.28,92.99,17,9
12353,40.51,14,20.93,69.43,17,9
12353,100.14,32,21.02,56.52,17,9
12356,76.32,19,26.95,58.22,17,9
12355,2.74,1,48.55,59.56,17,9
12356,4.66,5,20.81,65.25,17,9
12358,2.44,4,51.71,48.19,17,9
12360,68.08,29,23.05,93.19,17,10
12360,28.02,12,49.32,40.27,17,10
12360,60.45,24,28.5,46.11,17,10
12361,2.18,4,31.24,66.16,17,10
12361,3.25,8,5.53,41.75,17,10
12362,3.73,2,33.47,61.41,17,10
12363,52.19,13,32.78,49.55,17,10
12364,99.52,32,24.44,56.57,17,10
12367,4.76,3,25.18,59.17,17,10
12367,25.68,12,27.71,14.25,17,10
12369,109.19,27,24.52,58.32,17,10
12368,58.05,18,30.83,56.87,17,10
12369,63.98,27,51.02,61.0,17,10
12371,70.95,25,30.78,17.75,17,10
12374,36.52,14,29.14,91.37,17,10
12375,2.85,4,31.59,60.92,17,10
12376,52.18,26,21.63,12.53,17,10
12374,31.0,19,50.36,43.44,17,10
12377,123.98,33,34.55,52.95,17,10
12376,76.67,24,26.0,89.57,17,10
12377,0.62,1,29.9,18.26,17,10
12379,93.38,26,25.6,62.03,17,10
12381,45.61,13,33.11,47.77,17,10
12381,3.57,11,22.41,17.67,17,10
12383,132.77120000000002,34,21.6,48.88,17,10
12384,42.08,13,25.03,40.1,17,10
12385,4.35,2,32.34,65.03,17,10
12386,59.89,21,27.35,69.37,17,10
12388,2.91,5,24.02,62.19,17,10
12389,94.82,33,27.28,17.88,17,10
12388,1.54,1,24.45,59.67,17,10
12390,2.75,5,25.05,94.03,17,10
12390,39.68,15,31.04,55.98,17,10
12390,59.56,16,26.27,43.62,17,10
12393,93.86,28,29.39,64.71,17,10
12392,84.47,21,33.67,49.55,17,10
12395,1.47,6,25.15,41.37,17,10
12396,114.57,35,32.73,59.47,17,10
12396,79.05,21,21.68,59.0,17,10
12397,33.2,19,47.52,57.65,17,10
12399,77.78,20,27.08,48.13,17,10
12400,89.42,26,32.35,44.35,17,10
12399,43.99,27,8.43,59.45,17,10
12401,85.31,33,32.91,64.63,17,10
12401,88.91,25,33.73,87.17,17,10
12402,4.9,5,49.51,88.49,17,10
12405,46.39,20,29.96,91.03,17,10
12407,121.56,33,34.56,56.95,17,10
12407,62.23,15,21.56,57.95,17,10
12409,66.34,26,31.13,68.79,17,10
12410,1.24,11,20.68,52.59,17,10
12408,46.5,14,29.68,44.96,17,10
12411,80.9,23,27.59,41.46,17,10
12413,1.46,5,21.25,62.54,17,10
12411,4.15,11,32.02,57.95,17,10
12415,2.4,7,23.18,45.96,17,10
12415,56.91,20,27.08,40.37,17,10
12414,0.67,1,25.61,91.08,17,10
12417,68.23,26,34.36,49.03,17,10
12418,63.22,30,25.21,14.62,17,10
12417,3.18,7,32.7,49.49,17,11
12418,40.07,30,9.84,17.7,17,11
12422,67.97,17,30.63,47.79,17,11
12420,71.09,30,24.31,12.77,17,11
12421,101.53,31,21.86,57.57,17,11
12422,27.75,18,56.5,57.63,17,11
12426,29.37,14,34.84,18.31,17,11
12426,114.04,28,28.5,63.64,17,11
12426,80.46,29,28.67,48.96,17,11
12427,0.26,10,34.84,90.76,17,11
12428,3.13,9,26.19,66.34,17,11
12430,33.72,14,32.83,17.52,17,11
12429,27.8,23,58.19,11.57,17,11
12432,132.76,33,23.75,59.28,17,11
12434,89.64,33,22.07,55.44,17,11
12432,2.49,2,51.17,94.03,17,11
12436,55.53,14,28.78,86.16,17,11
12437,66.94,26,23.3,19.9,17,11
12436,102.69,28,22.01,61.21,17,11
12437,61.16,25,21.81,93.71,17,11
12437,66.15,18,28.18,41.21,17,11
12441,77.17,20,33.47,60.56,17,11
12442,35.95,12,28.16,55.76,17,11
12441,76.07,29,25.83,46.03,17,11
12443,30.85,17,53.2,60.56,17,11
12445,0.18,5,27.54,69.54,17,11
12444,1.33,9,21.0,56.68,17,11
12445,75.06,23,24.51,66.29,17,11
12447,3.17,8,20.52,40.41,17,11
12449,64.67,18,23.41,64.87,17,11
12450,49.67,25,26.6,93.68,17,11
12450,3.78,7,22.62,50.39,17,11
12452,52.9,26,48.52,56.97,17,11
12451,59.74,21,32.32,43.91,17,11
12453,55.51,16,26.71,46.1,17,11
12452,103.32,31,22.13,61.29,17,11
12456,48.73,12,29.95,66.66,17,11
12454,0.36,8,26.6,43.93,17,11
12456,93.82,29,28.41,64.74,17,11
12456,80.43,34,26.53,12.78,17,11
12457,110.94,27,34.31,69.16,17,11
12460,0.29,1,33.17,49.78,17,11
12459,1.93,7,20.02,69.28,17,11
12461,34.08,13,25.23,67.6,17,11
12463,96.93,27,23.5,64.17,17,11
12464,49.34,30,9.36,17.21,17,11
12463,26.42,14,8.24,66.14,17,11
12467,1.03,10,32.86,69.96,17,11
12465,67.91,24,31.94,43.73,17,11
12469,68.96,19,32.05,68.91,17,11
12469,25.09,15,5.63,55.36,17,11
12471,0.18,5,27.08,63.31,17,11
12471,43.39,13,20.95,49.55,17,11
12472,62.99,23,23.45,53.14,17,11
12471,3.73,1,32.09,89.14,17,11
12472,59.77,23,23.47,49.61,17,11
12473,127.08,31,22.65,49.74,17,11
12476,101.63,27,31.0,56.18,17,11
12475,27.72,14,23.46,93.91,17,11
12476,71.88,32,29.35,15.14,17,11
12478,118.62,29,34.96,60.89,17,12
12481,42.21,14,30.26,49.39,17,12
12480,52.84,18,23.79,58.53,17,12
12482,0.89,4,5.53,54.78,17,12
12481,4.5,10,30.09,66.24,17,12
12482,126.28,33,33.16,49.67,17,12
12486,123.01,30,31.89,60.87,17,12
12484,0.45,9,32.41,59.71,17,12
12487,66.8,22,31.19,68.49,17,12
12489,40.68,14,31.43,54.7,17,12
12487,61.51,21,28.69,56.13,17,12
12490,3.63,1,34.98,51.41,17,12
12492,4.03,8,25.55,46.13,17,12
12492,73.31,25,25.82,52.18,17,12
12491,37.04,12,23.14,60.84,17,12
12494,2.85,10,24.5,67.83,17,12
12495,2.23,6,24.22,41.79,17,12
12494,0.21,5,28.68,46.74,17,12
12497,112.68,29,30.91,43.27,17,12
12499,2.85,5,21.04,43.66,17,12
12499,49.54,27,9.55,66.16,17,12
12500,0.29,10,8.34,62.55,17,12
12501,1.62,6,33.66,62.39,17,12
12501,37.99,13,22.03,93.1,17,12
12504,0.2,9,30.27,14.72,17,12
12504,108.83,27,23.23,67.66,17,12
12506,3.22,4,25.76,44.64,17,12
12507,33.86,24,51.53,93.41,17,12
12507,90.6,35,24.88,62.04,17,12
12509,99.16,26,27.78,57.49,17,12
12509,99.65,34,24.78,45.96,17,12
12511,0.39,9,28.93,12.74,17,12
12510,2.35,4,30.51,91.96,17,12
12512,1.74,1,50.63,16.5,17,12
12513,1.59,2,32.24,52.91,17,12
12514,70.78,19,25.59,67.18,17,12
12515,75.7,23,24.05,85.97,17,12
12517,39.62,15,26.44,91.92,17,12
12518,3.08,10,5.53,11.14,17,12
12519,97.75,29,22.27,53.22,17,12
12519,29.1,13,9.51,54.36,17,12
12518,62.23,19,29.78,45.02,17,12
12520,68.86,24,28.44,50.56,17,12
12521,92.9,23,30.46,58.55,17,12
12521,44.5,15,20.38,40.44,17,12
12525,75.28,25,27.02,51.59,17,12
12526,123.58,33,22.3,57.03,17,12
12525,52.77,19,28.07,11.81,17,12
12526,104.96,27,21.33,59.7,17,12
12529,128.89,33,31.62,51.68,17,12
12530,120.36,34,33.23,69.63,17,12
12530,93.31,27,27.31,59.03,17,12
12532,71.06,20,22.19,60.34,17,12
12532,90.6,22,25.46,45.31,17,12
12532,76.92,28,34.55,63.01,17,12
12532,20.5,12,57.93,65.65,17,12
12536,88.35,31,31.73,61.81,17,12
12536,37.7,15,47.77,64.25,17,12
12537,3.86,4,22.43,65.14,17,12
12537,3.71,7,33.33,46.02,17,12
12540,2.04,10,32.51,52.17,17,13
12539,72.65,22,26.77,56.19,17,13
12542,1.85,1,6.65,66.09,17,13
12541,1.68,8,33.19,55.0,17,13
12542,89.09,29,29.64,55.39,17,13
12544,45.67,18,23.16,52.78,17,13
12544,39.61,15,22.94,66.36,17,13
12544,0.57,3,21.64,60.44,17,13
12547,123.81,31,24.39,44.95,17,13
12548,115.79,33,34.94,65.21,17,13
12550,81.46,31,24.7,15.59,17,13
12549,89.25,24,21.54,42.47,17,13
12550,1.51,2,55.57,69.44,17,13
12552,0.91,2,34.29,90.48,17,13
12554,90.99,32,30.96,63.18,17,13
12553,117.96,32,21.91,47.43,17,13
12555,51.73,22,54.38,59.45,17,13
12556,66.51,16,32.57,43.55,17,13
12557,113.36,33,33.37,64.35,17,13
12556,0.2,5,24.36,45.33,17,13
12557,62.33,17,29.83,47.03,17,13
12561,2.94,8,20.1,52.05,17,13
12561,1.14,4,21.17,47.36,17,13
12562,0.83,1,28.96,19.67,17,13
12563,27.49,21,51.7,13.22,17,13
12562,102.85,27,23.52,40.41,17,13
12564,79.96,20,25.95,40.41,17,13
12566,3.78,10,26.3,60.35,17,13
12566,1.13,4,25.54,88.11,17,13
12568,86.91,23,34.64,49.71,17,13
12568,44.88,17,29.44,58.52,17,13
12570,2.44,2,26.42,14.23,17,13
12571,102.82,34,33.31,63.09,17,13
12570,49.62,19,24.99,64.59,17,13
12571,86.7,31,25.72,44.24,17,13
12575,65.81,21,22.43,62.84,17,13
12574,80.83,23,21.69,44.85,17,13
12577,53.99,14,26.63,44.55,17,13
12578,99.11,28,25.67,52.29,17,13
12577,52.25,15,23.24,55.47,17,13
12578,55.04,31,7.56,59.11,17,13
12578,63.95,31,22.27,93.48,17,13
12580,4.55,2,20.19,43.31,17,13
12581,56.67,17,31.39,56.37,17,13
12582,3.63,7,48.86,44.22,17,13
12585,3.76,3,58.45560000000002,50.78,17,13
12586,95.03,35,32.18,60.94,17,13
12587,77.38,22,23.09,62.74,17,13
12587,109.55,29,25.97,67.38,17,13
12588,29.15,19,57.5,66.13,17,13
12589,40.66,13,33.59,86.65,17,13
12591,4.82,9,31.34,53.46,17,13
12590,47.94,13,29.46,43.33,17,13
12591,79.23,26,25.8,46.6,17,13
12593,53.72,32,51.48,62.23,17,13
12595,81.53,32,24.92,14.64,17,13
12594,2.21,4,21.12,47.79,17,13
12595,1.92,6,29.98,58.54,17,13
12597,132.77120000000002,32,25.04,89.49,17,13
12598,35.4,17,7.23,54.47,17,13
12597,3.01,8,22.97,58.91,17,14
12598,3.9,11,28.79,53.67,17,14
12602,0.52,6,24.76,49.91,17,14
12601,3.54,5,29.43,54.68,17,14
12604,67.97,22,23.94,47.03,17,14
12602,24.06,19,9.77,18.39,17,14
12605,54.66,26,7.85,61.74,17,14
12607,77.07,19,31.74,58.79,17,14
12605,4.56,8,22.36,49.38,17,14
12607,1.19,5,30.01,44.56,17,14
12609,95.93,23,26.61,42.44,17,14
12611,84.68,30,21.83,44.14,17,14
12610,1.82,8,25.91,50.1,17,14
12611,1.56,7,47.42,41.71,17,14
12611,40.35,15,31.05,69.93,17,14
12613,38.68,23,55.45,47.67,17,14
12616,45.46,14,20.26,60.98,17,14
12615,28.73,18,5.74,93.07,17,14
12616,50.96,17,28.24,53.73,17,14
12616,47.36,23,34.15,15.6,17,14
12617,74.5,26,33.74,40.11,17,14
12620,95.89,27,23.29,65.33,17,14
12619,2.32,8,33.92,42.68,17,14
12621,52.91,31,49.2,68.38,17,14
12621,33.23,17,7.13,49.23,17,14
12622,3.15,5,45.77,45.92,17,14
12626,16.01,12,58.45560000000002,11.14,17,14
12624,27.43,14,5.77,68.78,17,14
12628,89.64,30,20.19,53.76,17,14
12628,0.95,9,21.8,86.56,17,14
12628,59.95,16,26.88,66.08,17,14
12631,4.24,2,30.49,63.41,17,14
12632,41.35,19,52.41,57.27,17,14
12632,84.6,30,32.87,94.03,17,14
12633,51.41,30,8.19,66.1,17,14
12634,65.15,16,24.55,55.85,17,14
12633,99.08,25,25.94,41.87,17,14
12636,1.15,8,25.8,52.69,17,14
12635,118.29,29,21.42,49.19,17,14
12637,2.3,2,25.55,86.46,17,14
12640,39.88,14,24.07,69.94,17,14
12638,46.16,20,55.78,68.78,17,14
12639,77.98,28,23.46,45.27,17,14
12643,54.68,33,56.12,42.86,17,14
12643,81.4,21,26.88,61.42,17,14
12644,4.45,9,24.25,87.07,17,14
12646,3.45,10,32.02,65.23,17,14
12644,77.01,27,30.05,66.52,17,14
12646,111.24,29,27.79,56.57,17,14
12649,35.52,21,57.26,57.15,17,14
12649,101.11,33,26.57,57.06,17,14
12651,2.34,4,20.32,41.25,17,14
12649,1.39,2,29.9,50.01,17,14
12653,49.57,29,52.06,58.66,17,14
12651,3.76,9,8.47,94.03,17,14
12655,3.17,10,48.33,46.51,17,14
12656,54.13,14,28.91,47.61,17,14
12655,2.77,9,30.19,69.64,17,14
12657,91.81,22,29.41,62.12,17,14
12657,93.42,26,31.33,49.63,17,14
12659,98.16,35,31.18,58.91,17,15
12660,0.18,6,32.48,49.92,17,15
12661,0.18,6,32.9,68.37,17,15
12663,0.67,10,30.33,43.4,17,15
12662,54.03,15,34.93,44.55,17,15
12664,108.23,31,20.64,63.72,17,15
12663,99.37,33,33.93,69.65,17,15
12667,81.35,21,28.96,42.07,17,15
12666,48.73,18,25.57,90.62,17,15
12668,1.65,7,24.81,51.64,17,15
12668,1.54,3,29.32,45.33,17,15
12668,2.63,6,6.53,42.87,17,15
12670,121.37,32,28.99,47.59,17,15
12672,90.6,28,24.26,49.54,17,15
12671,55.59,23,55.77,52.18,17,15
12673,45.68,21,8.85,64.14,17,15
12675,70.23,21,32.42,55.61,17,15
12674,0.86,6,24.35,69.56,17,15
12676,2.44,5,33.18,52.0,17,15
12679,54.12,20,22.22,65.51,17,15
12678,52.09,20,23.27,92.62,17,15
12679,78.83,28,33.86,65.23,17,15
12682,65.98,27,46.51,57.27,17,15
12682,47.06,25,27.01,93.59,17,15
12684,0.33,7,33.9,67.72,17,15
12684,3.2,3,27.44,89.32,17,15
12685,0.92,5,31.5,46.96,17,15
12684,69.24,21,24.8,62.45,17,15
12687,40.09,12,27.4,56.86,17,15
12687,46.43,29,55.07,18.08,17,15
12688,49.77,13,21.17,65.93,17,15
12690,1.07,4,25.64,93.26,17,15
12690,110.55,27,27.1,54.37,17,15
12691,129.21,31,22.54,45.7,17,15
12691,0.98,3,29.19,49.98,17,15
12694,30.35,13,53.88,47.56,17,15
12693,38.07,12,21.59,41.7,17,15
12694,66.22,35,9.36,45.25,17,15
12695,4.23,10,20.03,45.4,17,15
12699,48.08,24,45.54,53.43,17,15
12698,40.32,16,20.79,62.83,17,15
12700,93.64,23,32.16,55.5,17,15
12699,73.0,35,20.66,16.96,17,15
12700,1.34,1,5.53,51.46,17,15
12703,1.25,10,30.06,45.49,17,15
12704,39.9,24,8.86,15.52,17,15
12704,39.35,18,27.73,92.34,17,15
12706,128.76,35,26.91,50.85,17,15
12706,1.8,1,8.22,66.78,17,15
12706,110.62,28,34.48,40.15,17,15
12709,1.56,4,29.42,40.33,17,15
12708,3.86,11,22.69,85.05,17,15
12710,3.53,10,21.44,52.69,17,15
12711,80.21,27,33.38,52.31,17,15
12713,47.71,28,54.95,47.24,17,15
12715,60.06,29,8.77,49.86,17,15
12714,1.98,8,8.47,47.55,17,15
12714,3.48,7,27.13,19.05,17,15
12715,87.64,25,27.03,68.13,17,15
12719,2.81,11,32.64,57.03,17,15
12717,0.72,8,21.91,68.67,17,16
12719,93.04,33,31.56,62.75,17,16
12721,103.16,35,24.81,49.12,17,16
12721,80.55,24,20.59,58.77,17,16
12724,0.53,1,20.61,66.59,17,16
12722,53.75,13,29.11,61.47,17,16
12724,112.7,30,35.0,45.46,17,16
12727,3.47,11,8.45,50.74,17,16
12725,3.4,1,33.63,56.49,17,16
12729,2.88,2,34.8,47.5,17,16
12727,29.81,17,50.22,88.94,17,16
12728,66.63,20,25.96,54.98,17,16
12730,58.78,20,31.81,89.88,17,16
12731,48.28,25,57.94,61.29,17,16
12734,47.51,17,22.5,61.14,17,16
12733,4.98,6,58.45560000000002,66.69,17,16
12736,126.13,35,24.97,41.14,17,16
12734,71.85,32,45.43,55.61,17,16
12737,126.78,33,26.24,48.11,17,16
12738,88.0,30,21.68,13.05,17,16
12740,100.74,30,24.94,57.57,17,16
12738,72.24,22,33.74,89.54,17,16
12742,82.68,26,25.3,86.07,17,16
12742,90.79,23,27.45,57.49,17,16
12741,95.95,33,26.62,85.09,17,16
12743,0.18,11,50.83,59.1,17,16
12744,86.5,22,21.42,68.35,17,16
12747,41.62,16,22.86,41.09,17,16
12746,3.3,4,54.86,55.94,17,16
12748,67.35,19,28.34,57.11,17,16
12747,64.58,31,31.4,90.89,17,16
12750,119.79,31,24.4,89.84,17,16
12751,2.41,11,34.22,93.43,17,16
12751,1.72,5,30.04,56.95,17,16
12751,3.39,8,26.85,45.35,17,16
12752,3.37,2,30.81,94.03,17,16
12753,84.16,31,30.51,59.78,17,16
12754,2.11,9,29.0,67.72,17,16
12757,93.95,35,31.59,90.83,17,16
12757,117.19,31,25.0,50.6,17,16
12759,33.04,20,6.17,49.65,17,16
12759,90.4,34,28.63,58.08,17,16
12762,72.61,22,32.11,52.19,17,16
12760,1.26,10,29.79,52.56,17,16
12761,3.99,1,53.69,45.57,17,16
12765,0.92,2,21.87,44.97,17,16
12766,1.5,10,24.93,41.71,17,16
12767,62.14,19,27.93,48.21,17,16
12765,1.51,11,46.47,40.97,17,16
12768,47.55,27,54.31,93.99,17,16
12770,107.88,29,25.47,54.89,17,16
12769,53.32,33,8.36,90.64,17,16
12771,85.4,30,33.78,60.7,17,16
12771,2.97,9,33.02,63.27,17,16
12773,3.27,5,33.86,42.8,17,16
12774,102.04,31,29.05,47.13,17,16
12774,36.01,21,45.6,67.99,17,16
12777,55.08,14,31.85,58.79,17,16
12776,51.46,29,29.71,18.83,17,16
12776,66.98,34,5.6,44.69,17,16
12777,87.17,24,26.02,55.06,17,17
12779,55.03,17,20.29,60.47,17,17
12782,54.75,18,29.24,42.34,17,17
12782,99.27,25,25.1,64.67,17,17
12784,51.13,30,51.82,46.06,17,17
12782,45.96,28,6.16,62.39,17,17
12784,102.19,29,33.57,67.44,17,17
12784,4.51,6,9.67,54.33,17,17
12788,31.79,17,6.55,50.99,17,17
12786,2.45,8,31.88,89.13,17,17
12788,1.6,2,6.97,50.5,17,17
12790,1.98,9,30.48,63.43,17,17
12791,4.63,6,22.52,52.42,17,17
12792,26.51,17,8.69,63.82,17,17
12794,36.21,21,58.45560000000002,63.99,17,17
12792,55.39,22,34.15,47.58,17,17
12795,79.42,28,22.35,45.94,17,17
12794,46.99,13,22.42,55.37,17,17
12796,100.53,29,22.9,62.48,17,17
12798,2.4,9,28.34,61.1,17,17
12800,58.28,25,25.6,94.03,17,17
12801,107.29,30,27.59,69.82,17,17
12800,4.34,7,30.18,49.19,17,17
12803,53.62,28,50.32,48.04,17,17
12802,89.86,31,27.04,59.08,17,17
12802,39.04,23,54.5,50.69,17,17
12805,21.4,12,58.45560000000002,67.68,17,17
12806,0.82,10,22.4,46.89,17,17
12805,0.83,6,25.37,68.85,17,17
12809,48.0,21,26.74,90.47,17,17
12810,4.35,4,30.02,68.12,17,17
12810,38.93,32,6.74,18.66,17,17
12811,63.98,21,26.53,66.55,17,17
12812,65.79,24,33.12,46.11,17,17
12811,99.9,32,24.8,50.41,17,17
12812,94.35,28,29.12,67.75,17,17
12814,87.25,35,57.05,50.13,17,17
12814,56.49,22,25.48,56.54,17,17
12816,79.09,20,28.29,54.72,17,17
12816,87.45,26,32.2,44.51,17,17
12820,4.98,8,7.33,87.6,17,17
12819,4.26,7,30.82,69.6,17,17
12819,77.63,22,26.1,64.68,17,17
12820,1.68,8,21.05,54.12,17,17
12824,45.76,14,22.89,65.14,17,17
12823,4.81,4,25.86,44.12,17,17
12825,50.48,27,5.71,89.41,17,17
12827,95.04,27,27.31,65.33,17,17
12827,51.77,13,20.34,51.19,17,17
12827,47.74,17,24.42,53.71,17,17
12827,117.94,32,26.26,57.53,17,17
12829,30.81,12,33.78,85.6,17,17
12829,31.04,20,8.21,43.59,17,17
12830,72.4,31,52.0,56.79,17,17
12834,2.25,2,30.6,45.02,17,17
12832,63.28,26,22.35,19.01,17,17
12836,1.04,8,9.89,66.85,17,17
12835,1.74,2,9.48,19.34,17,17
12835,2.79,8,30.91,69.86,17,17
12839,3.08,8,20.42,42.23,17,17
12840,64.13,28,23.33,90.49,17,18
12841,3.88,11,56.67,44.97,17,18
12842,0.74,11,22.21,55.36,17,18
12841,42.91,13,22.46,51.25,17,18
12844,2.4,6,22.71,45.95,17,18
12845,3.09,1,53.94,57.19,17,18
12846,37.65,15,30.96,66.18,17,18
12845,2.56,6,23.22,16.78,17,18
12847,4.48,11,6.47,55.79,17,18
12847,24.81,12,6.55,45.33,17,18
12848,46.68,12,27.27,58.19,17,18
12849,67.41,20,30.49,60.07,17,18
12849,23.93,14,47.94,63.01,17,18
12852,2.36,3,22.63,50.71,17,18
12851,67.38,21,22.78,62.19,17,18
12854,4.86,5,28.32,60.36,17,18
12854,58.13,20,24.56,94.03,17,18
12856,68.71,26,34.83,49.4,17,18
12857,41.29,18,32.47,11.14,17,18
12858,85.97,26,34.51,65.35,17,18
12860,47.45,14,21.74,53.18,17,18
12861,85.92,23,20.25,45.05,17,18
12861,40.67,14,33.36,59.6,17,18
12860,1.28,2,30.49,85.49,17,18
12861,54.45,21,21.72,41.55,17,18
12862,27.13,18,8.64,57.98,17,18
12864,75.18,18,21.43,41.89,17,18
12864,4.55,2,25.46,51.77,17,18
12868,0.76,7,32.26,44.59,17,18
12866,117.6,30,31.78,44.06,17,18
12869,36.35,20,28.62,15.86,17,18
12869,2.53,4,34.99,67.07,17,18
12872,116.75,28,33.57,51.07,17,18
12873,117.51,29,34.89,42.92,17,18
12873,46.36,20,8.08,61.41,17,18
12874,22.82,20,8.16,94.03,17,18
12874,55.09,23,8.36,52.24,17,18
12875,4.95,2,7.38,66.97,17,18
12877,3.22,1,28.7,41.32,17,18
12878,44.24,29,7.06,52.03,17,18
12880,1.22,6,34.28,64.7,17,18
12880,66.66,26,21.65,88.63,17,18
12880,2.18,6,45.09,49.32,17,18
12882,60.98,17,22.85,68.49,17,18
12884,2.66,1,5.53,68.94,17,18
12884,0.96,8,48.12,44.22,17,18
12883,52.6,25,6.62,45.65,17,18
12885,1.66,7,32.15,53.36,17,18
12887,107.9,28,20.14,69.49,17,18
12888,59.43,16,31.26,49.81,17,18
12890,22.51,14,47.57,91.89,17,18
12891,51.08,13,21.16,69.23,17,18
12889,45.41,12,22.16,60.58,17,18
12892,57.42,16,31.51,47.58,17,18
12892,132.77120000000002,33,34.36,65.91,17,18
12894,56.63,29,20.9,13.43,17,18
12895,52.74,28,8.23,49.29,17,18
12895,79.53,34,46.82,57.52,17,18
12896,65.14,30,9.71,59.53,17,18
12897,35.56,14,27.21,19.68,17,18
12898,66.6,24,30.32,46.93,17,19
12898,48.88,17,32.29,56.82,17,19
12901,42.76,17,22.43,53.38,17,19
12901,48.49,17,29.8,93.35,17,19
12903,55.58,20,28.29,86.32,17,19
12904,44.68,26,6.99,60.4,17,19
12906,2.86,7,47.6,14.77,17,19
12905,3.43,9,21.57,89.32,17,19
12905,68.16,20,30.56,50.44,17,19
12909,55.38,26,31.04,11.14,17,19
12907,1.4,4,26.29,40.92,17,19
12911,4.91,8,53.5,18.32,17,19
12911,4.3,9,24.62,40.23,17,19
12911,0.86,4,5.59,47.44,17,19
12913,4.3,10,57.45,52.13,17,19
12914,87.85,25,22.97,48.5,17,19
12915,0.36,8,31.81,89.82,17,19
12917,81.04,23,25.85,40.32,17,19
12915,60.55,20,32.96,85.17,17,19
12917,19.59,12,6.29,45.79,17,19
12917,53.03,26,52.88,87.08,17,19
12920,4.61,6,25.08,43.69,17,19
12921,44.62,25,55.58,86.15,17,19
12921,77.18,28,25.77,13.43,17,19
12924,100.96,35,28.9,45.76,17,19
12924,80.69,32,30.3,58.34,17,19
12924,28.09,16,54.66,53.82,17,19
12927,2.73,7,26.09,58.09,17,19
12925,85.75,31,25.63,68.15,17,19
12926,75.0,18,31.37,54.4,17,19
12930,85.36,32,20.83,18.72,17,19
12929,74.82,28,28.6,46.73,17,19
12930,39.19,23,55.3,86.4,17,19
12932,103.03,34,34.84,64.11,17,19
12934,72.62,19,24.0,67.55,17,19
12932,69.77,25,29.64,56.87,17,19
12934,64.8,21,28.85,56.58,17,19
12935,1.54,3,25.88,61.78,17,19
12938,47.71,12,33.37,61.92,17,19
12936,48.3,14,25.84,58.83,17,19
12940,76.87,27,29.62,14.74,17,19
12940,85.7,24,33.09,57.04,17,19
12940,0.8,6,33.9,43.44,17,19
12942,51.77,17,23.63,49.55,17,19
12942,4.99,6,27.54,64.54,17,19
12942,76.53,21,31.92,64.23,17,19
12943,92.15,26,28.28,64.95,17,19
12945,1.2,3,30.68,51.27,17,19
12946,1.8,10,33.54,65.61,17,19
12947,41.74,12,28.5,85.38,17,19
12947,93.66,32,21.13,86.14,17,19
12950,69.72,35,5.53,67.4,17,19
12952,24.15,12,6.03,86.2,17,19
12951,3.52,2,31.24,50.11,17,19
12953,102.64,35,33.77,47.72,17,19
12953,4.99,8,22.89,85.3,17,19
12954,77.74,23,21.12,55.67,17,19
12957,70.5,19,26.91,57.46,17,19
12955,47.91,17,33.4,66.7,17,19
12957,3.17,9,32.24,16.41,17,19
12957,85.27,26,27.99,50.72,17,20
12961,109.73,29,22.99,66.34,17,20
12960,4.72,6,7.21,43.5,17,20
12963,71.33,21,31.76,40.71,17,20
12961,14.34,12,57.1,94.03,17,20
12965,1.23,5,7.9,57.79,17,20
12965,47.91,17,28.39,62.49,17,20
12967,52.11,14,27.76,59.59,17,20
12966,2.91,9,20.89,48.71,17,20
12969,38.13,13,32.03,62.43,17,20
12968,0.18,11,30.28,43.29,17,20
12968,76.89,24,20.72,43.6,17,20
12971,76.53,25,30.31,63.43,17,20
12970,1.9,10,25.39,87.39,17,20
12971,3.34,5,31.44,15.74,17,20
12974,61.54,25,56.95,57.06,17,20
12976,81.76,26,21.67,40.62,17,20
12975,2.58,5,20.82,41.47,17,20
12976,4.31,1,28.58,61.42,17,20
12976,88.93,28,28.95,61.39,17,20
12979,89.48,35,25.5,16.33,17,20
12978,1.15,8,56.69,40.83,17,20
12979,2.9,3,30.84,14.31,17,20
12981,124.73,35,30.74,57.23,17,20
12984,54.52,19,22.4,58.96,17,20
12984,70.03,21,32.96,49.59,17,20
12983,68.07,30,8.44,45.21,17,20
12984,59.77,31,26.59,16.65,17,20
12985,54.79,14,28.06,49.15,17,20
12989,81.57,30,23.13,63.76,17,20
12990,0.85,1,32.64,14.61,17,20
12990,75.46,26,26.16,14.39,17,20
12991,24.8,22,51.63,16.52,17,20
12991,0.23,8,31.39,63.02,17,20
12993,44.19,13,33.6,44.57,17,20
12995,66.27,21,25.57,69.03,17,20
12996,107.45,33,30.73,60.78,17,20
12994,107.87,34,30.21,63.35,17,20
12997,3.5,3,27.15,41.91,17,20
12997,67.75,34,8.44,86.15,17,20
12997,1.6,9,21.38,46.06,17,20
13000,3.8,9,23.52,62.46,17,20
13002,2.92,9,31.1,67.89,17,20
13002,1.92,1,9.8,12.04,17,20
13002,3.94,3,27.59,41.49,17,20
13003,103.32,31,20.75,57.49,17,20
13005,35.58,13,20.13,93.05,17,20
13004,67.03,24,23.18,11.14,17,20
13005,52.55,18,20.09,55.17,17,20
13008,42.57,18,28.24,94.03,17,20
13008,2.2,3,7.69,55.44,17,20
13010,39.7,15,30.37,47.56,17,20
13012,82.79,20,20.34,68.01,17,20
13010,42.27,19,32.24,93.04,17,20
13013,4.67,7,26.62,50.26,17,20
13012,3.6,4,23.25,43.75,17,20
13016,3.91,9,7.39,48.65,17,20
13014,87.7,22,23.81,63.27,17,20
13018,2.33,2,24.13,67.45,17,20
13016,55.24,31,9.46,64.55,17,20
13017,79.35,20,20.28,67.29,17,21
13021,88.9,31,25.36,64.52,17,21
13022,51.15,21,32.3,16.71,17,21
13022,0.51,11,5.9,63.09,17,21
13024,113.13,34,28.79,55.83,17,21
13022,41.8,23,58.43,59.83,17,21
13023,98.13,24,24.55,61.56,17,21
13024,67.38,31,53.98,47.15,17,21
13027,45.58,25,6.89,49.14,17,21
13026,0.21,3,7.47,42.95,17,21
13030,74.05,31,9.5,89.22,17,21
13031,57.79,21,26.26,58.22,17,21
13030,3.98,2,32.81,19.51,17,21
13033,121.6,33,23.71,53.23,17,21
13033,66.07,25,28.64,68.1,17,21
13035,78.41,19,32.01,63.19,17,21
13036,63.88,19,23.27,48.74,17,21
13034,31.7,20,6.8,44.26,17,21
13036,56.65,18,24.49,54.53,17,21
13036,75.05,22,22.22,41.19,17,21
13040,4.89,3,54.08,47.36,17,21
13039,40.05,35,53.32,16.38,17,21
13039,70.12,21,29.77,40.8,17,21
13042,76.24,25,32.46,54.93,17,21
13042,100.72,34,25.19,50.23,17,21
13044,86.17,21,34.46,65.28,17,21
13043,40.54,20,33.08,93.6,17,21
13044,0.41,7,21.13,93.85,17,21
13048,66.06,26,30.54,40.21,17,21
13047,4.27,11,25.15,55.91,17,21
13049,3.28,10,33.31,57.14,17,21
13048,1.39,10,29.09,53.33,17,21
13049,73.03,24,32.92,54.22,17,21
13053,66.46,23,26.51,93.34,17,21
13052,3.29,9,5.53,92.13,17,21
13054,23.8,13,9.43,56.16,17,21
13053,77.93,27,22.96,44.0,17,21
13056,34.34,21,55.67,54.0,17,21
13056,34.94,12,34.88,55.75,17,21
13059,91.83,29,26.77,50.18,17,21
13060,27.64,12,47.44,64.34,17,21
13059,3.17,5,46.12,43.61,17,21
13060,74.12,19,21.91,50.39,17,21
13063,46.59,13,27.28,52.12,17,21
13062,35.57,23,50.1,54.49,17,21
13065,4.17,5,27.84,50.33,17,21
13066,27.98,12,47.97,54.18,17,21
13066,81.6,22,31.28,59.68,17,21
13065,94.49,33,22.58,61.68,17,21
13067,2.38,5,9.5,68.69,17,21
13069,0.96,11,30.62,66.01,17,21
13068,38.65,17,25.2,18.13,17,21
13070,59.04,24,25.6,92.93,17,21
13070,85.5,23,24.5,66.15,17,21
13073,47.5,16,34.55,60.42,17,21
13075,124.82,33,26.77,86.53,17,21
13075,61.75,25,22.26,17.09,17,21
13077,4.1,8,45.38,41.99,17,21
13077,52.53,17,34.64,63.77,17,21
13079,21.99,18,6.43,94.03,17,21
13077,37.29,25,9.35,16.15,17,22
13080,3.8,9,20.89,19.17,17,22
13080,47.11,17,28.14,56.03,17,22
13083,3.9,1,26.42,58.38,17,22
13082,1.84,7,30.47,19.54,17,22
13083,38.88,22,8.72,56.4,17,22
13083,3.12,10,21.97,68.25,17,22
13086,0.43,4,21.48,54.48,17,22
13087,57.58,19,21.04,52.06,17,22
13087,2.93,1,34.24,53.66,17,22
13089,4.33,6,9.81,57.23,17,22
13088,58.23,33,47.69,85.21,17,22
13089,63.31,20,32.08,51.92,17,22
13091,96.48,34,29.27,18.83,17,22
13091,105.2,33,32.56,58.25,17,22
13094,49.43,17,29.82,85.02,17,22
13093,4.55,10,22.94,59.95,17,22
13095,115.85,35,31.45,40.75,17,22
13097,106.2,30,24.52,41.07,17,22
13099,93.62,29,22.0,54.93,17,22
13099,3.59,2,32.14,48.54,17,22
13099,99.15,33,26.35,67.07,17,22
13102,31.75,13,7.39,46.06,17,22
13101,3.46,3,26.97,64.12,17,22
13104,57.92,30,58.41,89.81,17,22
13102,2.92,8,29.25,64.86,17,22
13106,29.61,14,24.34,94.03,17,22
13104,93.31,33,20.43,85.97,17,22
13107,36.62,18,52.27,62.43,17,22
13108,80.49,32,20.79,48.86,17,22
13110,4.85,7,21.22,48.17,17,22
13108,66.59,26,21.61,61.19,17,22
13112,70.04,24,30.15,40.76,17,22
13112,0.49,9,33.35,42.52,17,22
13112,56.26,20,32.7,14.26,17,22
13112,2.67,9,23.46,15.94,17,22
13115,51.89,13,24.93,51.54,17,22
13115,2.17,5,33.38,54.71,17,22
13117,53.0,19,27.6,41.28,17,22
13116,36.28,26,49.79,94.03,17,22
13117,2.27,8,23.92,64.71,17,22
13121,60.34,18,31.84,53.36,17,22
13119,63.59,17,34.1,51.61,17,22
13121,50.77,28,32.28,13.35,17,22
13123,83.46,21,29.04,53.44,17,22
13125,1.17,7,20.11,64.1,17,22
13125,1.19,3,54.61,17.88,17,22
13127,0.87,8,33.98,41.59,17,22
13125,48.07,18,21.91,45.9,17,22
13127,81.29,29,31.49,66.76,17,22
13128,2.45,9,45.32,51.27,17,22
13129,2.75,1,56.08,41.8,17,22
13132,1.62,1,20.54,66.95,17,22
13130,89.53,30,29.9,42.42,17,22
13133,3.88,5,26.28,52.68,17,22
13135,4.92,9,33.73,11.38,17,22
13133,42.95,12,31.59,63.39,17,22
13134,57.24,16,28.86,45.88,17,22
13135,51.95,28,9.19,46.53,17,22
13139,87.71,24,24.14,60.56,17,22
13140,105.05,31,30.34,42.21,17,23
13140,44.3,12,33.84,54.92,17,23
13142,66.55,21,27.95,57.22,17,23
13140,4.61,4,27.04,11.14,17,23
13144,1.73,10,58.39,86.02,17,23
13145,104.98,33,23.43,42.9,17,23
13144,42.86,12,21.39,66.65,17,23
13146,77.93,26,20.18,52.25,17,23
13145,4.93,2,29.82,69.26,17,23
13147,115.76,30,30.35,59.62,17,23
13147,66.44,26,30.98,65.3,17,23
13151,90.05,23,26.7,60.92,17,23
13152,114.31,30,27.44,48.61,17,23
13151,94.48,30,30.98,86.98,17,23
13154,3.74,6,28.7,43.99,17,23
13155,45.32,30,8.36,87.92,17,23
13154,23.73,13,22.89,92.83,17,23
13154,51.79,33,46.8,16.78,17,23
13157,56.28,29,51.5,47.63,17,23
13159,1.62,11,52.42,60.71,17,23
13158,4.93,10,25.91,41.19,17,23
13161,122.0,33,28.01,50.01,17,23
13162,1.58,1,31.06,45.2,17,23
13163,86.13,32,30.38,55.47,17,23
13161,77.44,28,26.44,12.44,17,23
13162,24.99,13,28.09,92.02,17,23
13164,4.58,11,32.07,43.98,17,23
13164,56.92,22,31.14,51.84,17,23
13165,45.52,18,34.58,60.29,17,23
13166,24.97,13,33.98,93.34,17,23
13169,71.72,28,25.19,94.03,17,23
13170,53.79,14,24.89,53.41,17,23
13170,2.73,4,33.36,41.64,17,23
13170,2.45,7,24.72,49.29,17,23
13174,1.73,4,21.83,88.82,17,23
13173,0.42,2,24.93,56.95,17,23
13176,52.23,18,31.85,63.31,17,23
13177,99.39,25,26.02,54.69,17,23
13176,92.1,29,26.49,49.71,17,23
13178,38.46,12,27.61,41.09,17,23
13179,45.23,16,34.69,66.87,17,23
13181,1.32,5,24.61,63.33,17,23
13180,4.54,10,58.45560000000002,66.88,17,23
13181,45.92,25,58.45,40.19,17,23
13181,72.81,34,25.32,11.65,17,23
13184,4.1,4,32.14,43.07,17,23
13186,130.64,33,34.71,68.69,17,23
13187,0.21,11,45.47,48.27,17,23
13185,4.47,3,28.64,47.59,17,23
13187,4.71,11,32.51,40.55,17,23
13190,1.94,2,30.58,13.6,17,23
13188,47.63,13,24.33,62.62,17,23
13190,18.23,12,58.45560000000002,49.2,17,23
13191,50.87,26,53.88,64.93,17,23
13194,63.91,34,5.56,58.56,17,23
13194,0.18,11,20.25,59.14,17,23
13195,111.12,34,28.07,64.19,17,23
13195,97.04,31,27.12,62.66,17,23
13198,3.74,6,29.45,50.94,17,23
13196,69.79,17,31.85,62.41,17,23
13197,38.49,20,55.24,57.91,17,24
13198,46.66,23,6.79,56.09,17,24
13200,0.43,7,24.74,12.53,17,24
13202,47.95,12,23.9,65.6,17,24
13204,91.87,26,20.77,44.43,17,24
13203,1.08,6,20.25,61.15,17,24
13206,52.73,14,29.66,65.32,17,24
13206,3.83,7,26.36,60.7,17,24
13206,75.23,26,22.06,62.8,17,24
13208,2.69,2,20.64,88.48,17,24
13209,46.25,16,30.93,63.48,17,24
13211,57.02,22,24.57,48.4,17,24
13211,48.93,25,8.96,52.81,17,24
13211,65.68,31,27.85,14.26,17,24
13214,45.12,22,52.35,60.67,17,24
13214,57.67,15,20.4,61.59,17,24
13214,72.76,21,24.75,53.64,17,24
13214,36.15,13,29.15,86.1,17,24
13215,70.22,19,24.29,69.98,17,24
13218,62.84,17,33.79,66.14,17,24
13219,4.8,5,48.13,56.69,17,24
13219,132.77120000000002,35,31.98,40.12,17,24
13221,2.41,6,28.38,61.16,17,24
13222,52.83,29,55.32,67.89,17,24
13222,67.61,22,24.48,45.89,17,24
13223,3.07,10,26.7,62.62,17,24
13225,3.46,5,33.14,92.81,17,24
13226,3.21,9,27.12,57.69,17,24
13226,35.73,22,5.61,56.67,17,24
13229,4.27,10,58.45560000000002,52.62,17,24
13227,80.05,20,20.16,68.71,17,24
13231,60.56,16,28.35,65.97,17,24
13229,48.79,24,20.29,92.18,17,24
13230,61.58,30,6.39,43.82,17,24
13233,67.78,21,32.29,55.01,17,24
13233,0.7,1,22.85,88.99,17,24
13234,4.79,8,25.37,14.91,17,24
13236,3.01,6,31.0,58.99,17,24
13235,65.64,31,47.21,65.62,17,24
13236,99.52,28,34.99,64.44,17,24
13240,27.96,13,58.45560000000002,40.5,17,24
13240,43.3,15,30.01,93.37,17,24
13242,72.7,27,31.02,88.38,17,24
13240,1.23,6,20.23,19.7,17,24
13241,116.76,33,33.47,41.37,17,24
13243,49.53,27,8.28,59.2,17,24
13246,52.01,17,28.9,66.78,17,24
13246,56.19,17,31.88,56.84,17,24
13246,4.6,3,30.73,61.4,17,24
13248,4.17,6,21.02,53.07,17,24
13248,38.46,12,24.24,43.88,17,24
13250,110.22,33,26.98,65.98,17,24
13252,54.76,30,58.45560000000002,57.31,17,24
13251,77.72,23,27.09,42.42,17,24
13251,0.53,11,57.37,47.03,17,24
13253,31.85,26,56.16,11.31,17,24
13253,57.86,15,22.11,67.25,17,24
13254,28.34,16,26.37,12.03,17,24
13256,0.52,4,22.24,48.57,17,24
13257,110.93,35,31.82,64.35,17,24
13260,37.68,15,34.37,40.16,17,25
13258,96.55,34,24.45,59.42,17,25
13261,1.21,9,28.12,51.11,17,25
13260,94.88,34,22.59,90.44,17,25
13263,4.43,5,7.66,49.98,17,25
13263,109.07,27,26.19,42.91,17,25
13265,33.7,12,25.53,41.06,17,25
13264,70.0,24,33.51,61.25,17,25
13266,124.36,31,26.14,63.96,17,25
13269,1.71,6,33.88,46.29,17,25
13270,23.76,16,58.45560000000002,19.78,17,25
13270,70.01,17,22.81,47.47,17,25
13271,90.17,34,30.49,68.39,17,25
13271,4.8,6,25.46,56.55,17,25
13274,1.68,4,34.8,54.02,17,25
13275,34.45,13,21.12,58.07,17,25
13273,97.82,34,34.31,60.9,17,25
13277,51.59,33,6.41,87.19,17,25
13276,77.42,26,30.82,66.34,17,25
13276,4.29,7,9.73,18.99,17,25
13278,22.33,17,7.95,11.14,17,25
13278,38.18,14,21.53,55.44,17,25
13281,72.64,18,28.19,66.25,17,25
13281,47.61,12,22.73,44.84,17,25
13282,1.55,2,27.84,52.15,17,25
13282,132.77120000000002,35,21.28,49.63,17,25
13283,88.11,22,29.49,42.13,17,25
13286,63.91,19,27.31,41.27,17,25
13285,4.21,2,31.72,61.12,17,25
13288,59.18,28,23.47,12.38,17,25
13289,3.8,3,25.67,11.89,17,25
13290,3.56,8,25.65,63.09,17,25
13292,109.4,34,23.68,89.59,17,25
13292,1.77,3,29.37,65.67,17,25
13294,61.3,15,20.53,64.62,17,25
13295,110.67,28,25.21,59.27,17,25
13293,43.43,20,24.66,91.92,17,25
13295,30.3,22,8.08,16.62,17,25
13298,90.17,25,27.88,52.7,17,25
13298,61.82,17,26.78,67.58,17,25
13299,90.28,33,30.35,50.29,17,25
13300,0.64,2,32.58,50.63,17,25
13300,4.68,6,31.81,40.57,17,25
13302,2.4,2,7.17,63.23,17,25
13303,77.02,25,24.98,69.45,17,25
13303,63.53,21,22.95,40.53,17,25
13306,80.53,23,26.19,55.67,17,25
13307,51.85,15,26.24,66.99,17,25
13307,53.7,20,20.96,54.46,17,25
13308,54.03,33,6.38,11.56,17,25
13309,37.03,13,27.89,45.67,17,25
13309,121.63,32,23.67,52.5,17,25
13309,95.74,24,20.9,41.57,17,25
13310,125.75,33,33.37,41.81,17,25
13311,64.26,31,47.99,46.25,17,25
13314,3.82,9,30.49,12.85,17,25
13313,82.45,28,26.98,47.07,17,25
13316,109.32,34,22.9,43.23,17,25
13315,60.9,27,7.06,63.56,17,25
13317,48.54,18,24.54,43.27,17,25
13319,93.21,24,21.41,67.64,17,26
13318,84.3,26,32.89,52.4,17,26
13321,83.74,33,24.77,53.27,17,26
13321,65.43,22,30.65,57.53,17,26
13322,81.43,28,24.47,57.09,17,26
13325,2.88,7,33.86,48.09,17,26
13326,53.82,25,7.17,66.31,17,26
13327,78.52,34,58.45560000000002,56.79,17,26
13327,70.58,18,29.8,55.21,17,26
13326,32.41,14,8.69,42.19,17,26
13329,3.19,4,26.73,67.9,17,26
13329,49.37,26,7.43,57.28,17,26
13329,44.8,12,26.83,57.42,17,26
13332,4.15,2,22.13,67.45,17,26
13334,124.47,35,31.07,65.65,17,26
13333,43.56,13,34.74,59.13,17,26
13336,110.5,33,31.37,61.4,17,26
13334,0.64,7,50.61,48.18,17,26
13337,64.66,16,30.45,67.28,17,26
13339,132.77120000000002,34,29.1,85.83,17,26
13337,2.96,8,26.32,41.57,17,26
13338,132.77120000000002,33,21.5,49.43,17,26
13339,72.75,25,23.11,51.26,17,26
13343,49.97,16,25.16,46.96,17,26
13342,93.64,25,24.13,57.01,17,26
13344,64.72,24,23.93,69.32,17,26
13345,2.82,3,6.36,66.51,17,26
13345,69.71,32,27.9,92.3,17,26
13345,54.51,25,24.71,11.6,17,26
13348,2.73,4,32.64,43.74,17,26
13347,92.27,33,34.96,46.49,17,26
13348,47.68,19,32.08,85.86,17,26
13350,65.57,31,26.84,93.9,17,26
13353,69.48,19,29.11,62.33,17,26
13351,88.37,34,29.81,59.46,17,26
13354,70.49,22,28.42,48.22,17,26
13354,58.47,14,31.55,57.78,17,26
13356,2.37,2,29.43,86.33,17,26
13357,41.28,20,47.25,53.56,17,26
13358,72.18,23,29.18,63.58,17,26
13358,2.74,3,24.34,68.33,17,26
13361,43.89,29,54.44,47.58,17,26
13361,53.57,19,25.66,85.31,17,26
13360,80.48,27,22.24,66.7,17,26
13364,4.81,8,29.55,89.96,17,26
13364,40.11,15,34.37,48.78,17,26
13366,3.21,8,34.37,47.61,17,26
13366,76.41,19,31.82,65.77,17,26
13365,110.03,28,22.01,52.22,17,26
13367,95.78,28,28.53,61.64,17,26
13369,1.29,1,27.82,40.86,17,26
13371,25.28,13,5.97,45.63,17,26
13371,66.65,22,32.03,53.07,17,26
13371,71.24,34,29.43,92.8,17,26
13374,92.36,30,29.15,46.86,17,26
13374,38.53,14,21.7,40.53,17,26
13376,27.38,14,58.45560000000002,63.93,17,26
13377,67.08,16,22.72,47.25,17,26
13377,61.28,23,20.56,50.49,17,26
13379,48.68,17,23.66,68.29,17,26
13379,1.32,5,32.55,48.42,17,27
13381,80.67,33,33.83,12.79,17,27
13381,62.37,17,21.97,61.41,17,27
13382,2.23,11,8.38,49.34,17,27
13381,0.65,1,6.62,93.81,17,27
13383,29.81,12,23.0,17.39,17,27
13384,89.5,25,31.27,53.76,17,27
13386,1.62,2,30.35,11.14,17,27
13388,3.78,9,32.48,11.14,17,27
13388,82.15,24,29.78,42.36,17,27
13388,1.33,3,25.86,11.14,17,27
13389,2.24,11,32.64,50.93,17,27
13391,2.41,11,29.85,43.03,17,27
13393,44.95,18,47.66,51.84,17,27
13393,4.26,2,20.06,16.57,17,27
13395,74.72,30,7.8,60.31,17,27
13395,25.3,15,6.99,49.33,17,27
13395,81.67,26,22.08,44.58,17,27
13396,2.62,5,8.68,55.02,17,27
13398,71.85,31,6.73,48.31,17,27
13397,80.53,22,31.56,41.6,17,27
13399,4.59,3,26.19,69.21,17,27
13399,1.03,6,25.19,53.72,17,27
13403,60.13,19,34.65,55.0,17,27
13404,62.31,26,8.89,51.96,17,27
13402,94.91,24,31.34,55.81,17,27
13406,58.07,31,5.53,56.87,17,27
13406,4.0,5,20.42,60.06,17,27
13407,95.25,27,30.64,48.58,17,27
13406,4.65,11,27.01,53.8,17,27
13407,61.21,15,32.48,42.41,17,27
13409,1.19,1,28.92,40.9,17,27
13410,3.58,8,31.59,89.85,17,27
13413,84.2,26,32.91,41.96,17,27
13413,4.46,5,29.77,56.81,17,27
13413,83.99,24,23.45,41.42,17,27
13414,1.21,9,27.64,40.54,17,27
13414,109.39,32,22.76,43.51,17,27
13418,54.53,17,23.36,64.8,17,27
13418,2.73,7,32.44,65.61,17,27
13418,75.09,20,34.88,67.19,17,27
13421,51.66,34,48.59,64.14,17,27
13420,81.26,31,32.34,52.44,17,27
13422,1.21,3,26.83,41.01,17,27
13422,62.0,16,29.78,89.43,17,27
13423,38.94,18,54.55,60.67,17,27
13426,84.68,29,25.08,52.21,17,27
13426,28.92,12,6.79,48.52,17,27
13425,4.24,11,23.12,51.07,17,27
13428,4.58,7,32.5,69.04,17,27
13430,74.9,24,21.55,52.71,17,27
13431,34.82,13,30.0,51.64,17,27
13430,48.87,20,5.53,62.25,17,27
13431,33.9,19,6.23,52.64,17,27
13434,3.64,11,29.14,64.97,17,27
13435,3.94,4,58.19,52.71,17,27
13434,2.76,9,29.45,12.19,17,27
13435,39.31,12,21.81,46.02,17,27
13438,108.85,28,22.1,59.69,17,27
13437,99.19,27,31.37,43.77,17,27
13440,3.72,3,22.38,45.93,17,28
13440,81.49,28,20.11,13.66,17,28
13439,54.59,16,32.61,63.03,17,28
13442,89.08,27,28.31,48.87,17,28
13442,128.43,32,32.9,47.67,17,28
13445,92.45,32,26.0,15.22,17,28
13444,52.69,21,50.77,69.56,17,28
13444,47.13,30,8.86,62.0,17,28
13446,77.01,25,32.16,47.59,17,28
13449,49.36,12,27.29,67.66,17,28
13450,66.74,17,23.37,46.03,17,28
13448,35.78,14,29.39,17.16,17,28
13452,112.89,35,32.0,53.58,17,28
13450,3.68,11,29.12,43.75,17,28
13453,102.12,29,24.19,87.37,17,28
13455,96.38,33,27.37,59.24,17,28
13453,60.19,17,23.26,45.71,17,28
13456,2.94,9,24.67,61.88,17,28
13456,96.19,31,34.37,45.23,17,28
13458,96.03,25,30.22,59.07,17,28
13459,2.63,2,50.18,91.51,17,28
13460,98.03,34,20.39,54.83,17,28
13459,54.6,19,20.09,14.96,17,28
13462,76.12,31,32.85,15.66,17,28
13462,47.13,13,22.79,50.61,17,28
13462,94.31,33,20.7,59.1,17,28
13464,83.94,33,33.02,55.82,17,28
13465,4.2,9,34.74,53.99,17,28
13468,89.09,24,28.28,53.09,17,28
13469,4.87,11,31.11,64.12,17,28
13468,58.25,19,29.05,64.05,17,28
13470,3.64,5,23.3,44.44,17,28
13472,72.59,35,7.31,45.71,17,28
13471,2.76,8,30.47,61.95,17,28
13471,80.9,31,25.86,60.62,17,28
13475,52.04,29,58.45560000000002,51.21,17,28
13475,1.63,6,23.22,47.02,17,28
13474,85.53,24,24.39,56.96,17,28
13477,89.58,27,25.62,55.09,17,28
13478,74.76,23,25.82,50.02,17,28
13480,66.74,16,33.94,40.44,17,28
13478,0.37,8,25.45,15.66,17,28
13479,1.83,3,32.99,50.02,17,28
13480,4.23,1,34.18,44.39,17,28
13484,55.59,18,20.75,40.57,17,28
13484,88.9,31,22.4,49.88,17,28
13484,83.01,28,31.49,53.73,17,28
13484,50.64,20,30.28,65.47,17,28
13485,89.85,29,25.65,57.75,17,28
13486,2.9,10,30.67,63.54,17,28
13489,57.63,14,24.69,58.95,17,28
13490,127.45,33,31.18,51.49,17,28
13491,4.65,11,29.4,63.62,17,28
13492,114.06,32,26.1,54.56,17,28
13494,3.56,8,57.32,59.66,17,28
13492,52.51,15,23.28,52.89,17,28
13496,76.47,24,20.45,60.86,17,28
13497,57.08,26,28.55,11.14,17,28
13497,94.61,34,31.18,85.89,17,28
13498,2.44,5,47.1,65.24,17,28
13500,0.18,7,34.14,66.86,17,29
13501,2.07,7,25.47,47.04,17,29
13500,106.62,31,21.09,44.01,17,29
13500,131.1,35,26.73,47.63,17,29
13502,0.77,1,47.77,13.17,17,29
13505,72.01,28,25.6,40.97,17,29
13506,64.98,18,28.28,67.68,17,29
13506,3.74,7,23.94,57.56,17,29
13505,75.36,18,30.25,68.61,17,29
13506,37.56,22,52.92,43.72,17,29
13510,53.9,21,23.67,43.2,17,29
13510,50.42,18,34.32,51.0,17,29
13509,60.61,24,30.21,52.35,17,29
13512,57.99,20,24.04,61.62,17,29
13514,113.22,32,25.54,55.91,17,29
13515,53.19,16,33.25,49.97,17,29
13514,4.3,9,53.68,85.16,17,29
13517,64.49,20,29.8,61.37,17,29
13515,75.05,25,30.04,85.72,17,29
13519,93.34,33,32.6,91.88,17,29
13517,2.89,6,34.66,88.6,17,29
13518,73.76,26,28.52,59.58,17,29
13522,66.99,23,23.61,93.56,17,29
13523,29.72,19,45.02,55.35,17,29
13522,51.38,14,20.3,69.18,17,29
13524,45.69,13,30.96,86.77,17,29
13525,97.47,29,31.03,44.41,17,29
13526,48.26,22,58.45560000000002,64.07,17,29
13526,39.68,24,46.75,52.86,17,29
13528,97.32,27,33.36,44.57,17,29
13527,1.0,10,28.79,60.52,17,29
13528,127.05,32,28.54,55.75,17,29
13532,85.74,31,20.62,60.2,17,29
13530,71.4,33,5.75,85.77,17,29
13532,3.7,7,21.41,92.44,17,29
13535,103.79,29,25.61,67.26,17,29
13535,0.61,10,23.71,69.08,17,29
13535,128.0,35,34.13,86.79,17,29
13537,80.81,34,28.67,17.09,17,29
13538,37.11,20,7.09,62.26,17,29
13537,76.94,28,30.52,89.16,17,29
13539,60.71,20,21.17,52.75,17,29
13542,68.94,33,52.7,55.69,17,29
13541,67.35,22,29.22,63.16,17,29
13543,45.18,12,30.74,62.63,17,29
13542,110.97,29,30.2,63.33,17,29
13546,3.73,4,54.59,52.39,17,29
13545,4.92,2,24.1,48.09,17,29
13546,75.96,25,26.18,69.98,17,29
13546,89.2,32,34.65,51.59,17,29
13549,29.41,12,6.33,89.0,17,29
13548,98.87,29,25.51,55.67,17,29
13552,92.37,23,21.72,69.66,17,29
13553,4.0,7,34.34,55.41,17,29
13554,4.28,10,26.4,63.23,17,29
13555,73.4,27,24.15,48.15,17,29
13556,0.74,4,29.21,40.47,17,29
13556,1.49,1,24.84,66.73,17,29
13555,4.74,6,33.44,89.77,17,29
13557,42.55,14,22.15,43.08,17,29
13557,119.9,35,29.81,68.23,17,30
13561,34.59,12,27.09,47.89,17,30
13560,83.09,20,22.77,47.09,17,30
13562,50.41,15,25.12,48.7,17,30
13564,80.43,31,26.41,90.98,17,30
13565,2.68,4,25.55,60.91,17,30
13566,57.31,14,27.98,48.35,17,30
13564,1.97,5,33.13,63.78,17,30
13565,40.83,24,48.98,57.08,17,30
13566,1.12,6,57.63,52.86,17,30
13569,85.02,21,26.95,64.06,17,30
13569,82.29,23,24.35,41.78,17,30
13572,4.37,7,22.37,18.06,17,30
13572,63.57,34,8.6,43.46,17,30
13571,92.62,24,29.41,50.98,17,30
13575,78.57,32,6.32,60.38,17,30
13573,51.72,23,20.99,17.03,17,30
13577,75.03,27,28.66,94.03,17,30
13575,64.69,25,25.1,42.16,17,30
13578,64.57,20,34.56,42.94,17,30
13580,0.62,11,26.64,58.3,17,30
13581,44.7,14,22.77,87.36,17,30
13579,75.3,18,21.09,48.01,17,30
13582,82.16,28,27.61,42.33,17,30
13584,45.31,12,23.33,42.96,17,30
13583,2.52,10,55.85,53.88,17,30
13583,41.43,30,51.68,16.86,17,30
13586,68.0,26,25.15,16.26,17,30
13586,42.57,16,34.7,45.28,17,30
13589,58.88,22,31.34,51.31,17,30
13590,47.81,14,26.74,59.08,17,30
13589,0.18,2,5.65,69.42,17,30
13591,27.21,12,9.41,51.34,17,30
13593,61.93,15,28.44,46.15,17,30
13592,65.23,24,31.65,64.25,17,30
13593,68.61,25,23.76,69.44,17,30
13593,66.86,24,30.51,19.18,17,30
13594,69.35,18,27.78,45.34,17,30
13595,95.82,27,22.45,40.57,17,30
13599,62.1,23,21.25,67.87,17,30
13597,100.47,26,34.63,53.07,17,30
13598,126.31,35,33.65,57.02,17,30
13599,83.98,27,34.99,54.15,17,30
13603,127.3,33,26.49,47.44,17,30
13603,2.5,9,27.38,50.25,17,30
13604,42.87,14,24.49,52.6,17,30
13603,55.29,17,31.1,61.62,17,30
13607,99.84,26,26.61,54.02,17,30
13605,2.0,3,32.09,65.78,17,30
13609,66.99,28,29.17,12.42,17,30
13607,106.09,28,33.86,66.75,17,30
13610,73.85,29,28.46,42.84,17,30
13612,34.11,19,57.02,58.78,17,30
13613,33.78,22,8.55,69.48,17,30
13614,83.72,27,33.66,58.69,17,30
13615,113.28,27,32.66,68.18,17,30
13613,56.16,21,31.39,60.96,17,30
13614,2.98,2,23.01,44.1,17,30
13617,68.91,22,28.75,49.18,17,30
13618,33.63,14,9.28,48.54,17,30
13620,1.28,6,31.72,59.35,17,31
13621,77.64,29,31.6,87.07,17,31
13621,70.46,18,34.97,49.98,17,31
13623,2.39,1,29.75,60.58,17,31
13622,2.44,8,26.19,59.71,17,31
13625,107.7,33,23.27,49.08,17,31
13624,2.17,1,9.64,50.18,17,31
13625,1.28,5,48.44,64.91,17,31
13628,1.52,3,23.6,56.4,17,31
13629,41.13,15,24.32,59.58,17,31
13630,54.07,26,46.58,49.48,17,31
13628,87.94,25,25.91,50.7,17,31
13631,64.24,16,29.35,58.35,17,31
13631,1.3,11,31.77,57.73,17,31
13632,0.75,1,20.18,40.16,17,31
13633,52.58,19,26.66,88.97,17,31
13633,34.61,20,8.98,89.49,17,31
13636,112.65,31,27.34,44.22,17,31
13637,0.88,10,29.32,53.26,17,31
13639,96.71,30,33.96,44.33,17,31
13638,2.8,6,34.79,55.58,17,31
13641,68.76,19,32.26,56.78,17,31
13640,50.07,31,6.3,47.48,17,31
13642,107.09,30,28.81,53.68,17,31
13644,115.25,30,34.18,64.91,17,31
13643,28.71,19,9.11,88.56,17,31
13646,37.3,17,6.99,43.44,17,31
13645,38.95,19,55.79,47.89,17,31
13645,72.91,27,22.91,67.99,17,31
13649,55.23,21,28.85,87.94,17,31
13647,3.92,8,9.56,68.55,17,31
13648,2.9,10,28.39,61.05,17,31
13650,51.87,24,5.53,40.89,17,31
13651,74.46,28,32.87,19.6,17,31
13654,128.9,35,33.87,44.1,17,31
13652,24.69,14,57.11,13.56,17,31
13656,3.87,7,22.26,40.01,17,31
13657,69.97,26,30.43,65.56,17,31
13655,3.28,9,31.54,89.74,17,31
13658,4.98,9,45.95,85.82,17,31
13658,3.67,9,32.12,55.22,17,31
13661,94.01,27,28.82,46.73,17,31
13660,0.18,2,31.62,40.33,17,31
13661,104.3,33,33.15,58.58,17,31
13664,0.18,5,7.63,64.29,17,31
13665,40.28,21,55.12,55.73,17,31
13664,76.48,30,23.85,60.33,17,31
13665,2.03,8,27.59,93.34,17,31
13665,65.32,35,29.71,15.66,17,31
13667,4.22,2,21.93,54.64,17,31
13667,79.33,30,31.6,17.58,17,31
13671,0.99,11,24.91,64.47,17,31
13669,1.93,4,34.32,45.08,17,31
13672,111.84,27,31.28,43.54,17,31
13674,129.57,31,21.17,57.83,17,31
13675,95.89,31,22.16,66.14,17,31
13676,72.66,22,33.02,48.78,17,31
13674,0.61,8,9.93,51.95,17,31
13675,67.98,23,25.11,46.98,17,31
13677,95.14,33,33.31,87.82,17,31
13677,50.63,13,24.62,55.66,17,32
13680,61.99,24,29.3,59.45,17,32
13681,120.69,32,25.67,42.85,17,32
13683,51.4,18,20.77,42.69,17,32
13684,85.84,23,26.29,56.38,17,32
13683,74.87,27,24.94,49.38,17,32
13684,32.52,15,5.8,53.62,17,32
13684,37.21,21,5.91,55.8,17,32
13685,92.82,27,29.88,67.32,17,32
13689,77.77,19,33.63,48.35,17,32
13688,55.73,15,25.24,69.04,17,32
13690,29.31,19,5.53,46.95,17,32
13691,95.68,31,27.08,61.79,17,32
13690,98.39,31,26.03,54.53,17,32
13693,49.83,31,51.73,50.9,17,32
13695,103.73,27,31.15,44.17,17,32
13695,40.8,28,6.31,11.55,17,32
13694,102.57,28,34.79,88.17,17,32
13696,48.65,17,25.82,40.93,17,32
13698,64.27,25,28.59,60.6,17,32
13700,54.74,18,30.91,51.06,17,32
13698,0.54,7,28.78,69.6,17,32
13702,4.73,9,21.74,49.95,17,32
13701,96.93,33,27.6,53.42,17,32
13704,58.37,21,34.51,19.85,17,32
13703,3.05,6,6.28,50.45,17,32
13704,4.85,7,27.49,92.55,17,32
13704,87.81,33,28.73,62.02,17,32
13707,115.45,32,24.78,65.23,17,32
13707,101.24,29,21.73,53.79,17,32
13707,3.11,10,34.6,68.5,17,32
13708,25.13,13,32.18,11.14,17,32
13711,3.84,7,33.15,43.3,17,32
13710,0.77,3,5.53,11.14,17,32
13714,61.62,15,23.46,66.2,17,32
13715,3.16,8,6.01,48.36,17,32
13713,52.62,14,31.87,55.68,17,32
13714,2.67,2,27.35,62.62,17,32
13717,86.28,30,34.17,45.32,17,32
13716,132.77120000000002,34,28.3,41.11,17,32
13717,71.48,22,32.03,42.71,17,32
13720,91.77,33,34.97,58.06,17,32
13720,67.35,22,26.43,42.27,17,32
13723,35.48,13,23.17,89.08,17,32
13722,15.27,13,56.07,17.67,17,32
13725,76.43,25,24.79,65.75,17,32
13725,62.17,28,6.3,52.17,17,32
13727,2.94,6,21.2,64.87,17,32
13726,84.56,30,22.49,49.85,17,32
13728,36.72,13,26.34,14.04,17,32
13728,28.06,14,26.28,91.32,17,32
13728,18.94,12,8.69,44.92,17,32
13730,75.08,23,23.89,68.33,17,32
13732,2.76,11,7.51,66.94,17,32
13733,56.44,20,23.35,57.32,17,32
13735,58.42,22,20.4,57.41,17,32
13734,69.39,24,20.32,51.26,17,32
13735,79.42,28,23.9,64.51,17,32
13736,1.71,1,20.72,41.1,17,32
13738,51.67,29,9.25,58.23,17,32
13740,93.09,24,27.18,43.91,17,33
13740,69.49,23,28.91,46.31,17,33
13739,49.02,13,31.18,86.34,17,33
13743,37.93,12,32.36,47.46,17,33
13741,45.86,16,30.31,41.8,17,33
13744,84.85,30,31.73,66.41,17,33
13743,62.48,17,31.43,67.39,17,33
13745,3.07,4,33.66,56.12,17,33
13748,2.3,11,34.81,52.59,17,33
13746,43.22,23,53.39,51.27,17,33
13750,100.44,28,25.66,65.48,17,33
13750,0.51,9,26.82,89.35,17,33
13750,1.2,5,21.59,49.43,17,33
13752,0.58,6,23.28,17.03,17,33
13753,89.76,28,22.53,52.86,17,33
13755,3.98,3,30.27,15.46,17,33
13755,4.66,9,9.48,16.84,17,33
13754,96.58,35,28.69,45.01,17,33
13756,40.68,20,52.35,85.49,17,33
13757,64.82,28,6.29,50.69,17,33
13757,119.84,35,28.9,44.13,17,33
13760,79.07,32,6.34,41.91,17,33
13759,99.26,26,23.9,55.89,17,33
13763,1.33,8,32.61,15.07,17,33
13763,64.18,16,32.65,53.94,17,33
13763,4.72,7,21.0,45.76,17,33
13763,4.14,10,30.33,93.12,17,33
13767,1.05,8,27.22,65.6,17,33
13768,3.76,5,30.39,62.28,17,33
13766,33.63,13,22.75,85.64,17,33
13770,1.89,5,30.73,15.62,17,33
13771,132.77120000000002,35,25.79,63.37,17,33
13770,3.89,8,22.15,50.61,17,33
13772,53.39,34,9.99,45.34,17,33
13774,58.23,14,31.36,56.62,17,33
13775,94.05,30,24.84,67.77,17,33
13774,31.26,12,33.45,19.22,17,33
13776,116.97,28,33.68,47.09,17,33
13776,116.31,34,30.92,41.05,17,33
13776,55.29,16,30.25,43.77,17,33
13780,104.91,27,24.18,56.6,17,33
13781,107.94,26,20.95,44.98,17,33
13782,85.05,23,33.63,55.49,17,33
13780,71.21,25,27.84,65.72,17,33
13784,28.28,13,52.97,43.64,17,33
13784,50.16,21,6.85,49.4,17,33
13785,75.4,30,30.77,59.08,17,33
13785,32.3,18,5.53,56.16,17,33
13786,100.5,31,20.41,47.9,17,33
13786,0.91,6,21.75,55.67,17,33
13789,55.92,14,23.21,62.33,17,33
13788,4.0,5,27.41,62.19,17,33
13789,2.35,5,30.02,61.44,17,33
13793,86.94,26,31.41,40.79,17,33
13791,22.6,12,29.93,93.0,17,33
13794,1.58,5,32.85,56.26,17,33
13794,99.55,33,31.61,53.74,17,33
13794,48.88,17,28.32,67.31,17,33
13795,94.99,34,21.88,11.14,17,33
13797,82.36,23,34.74,40.83,17,33
13800,49.74,18,34.4,60.9,17,34
13799,97.18,25,23.15,51.09,17,34
13802,1.44,5,31.4,53.29,17,34
13802,68.87,27,31.94,17.78,17,34
13803,70.67,19,21.02,51.07,17,34
13805,103.81,34,33.82,52.09,17,34
13803,42.86,24,26.57,17.66,17,34
13807,3.0,7,32.59,12.19,17,34
13807,87.61,24,23.72,67.94,17,34
13809,0.18,1,32.06,16.09,17,34
13809,101.52,34,30.47,45.89,17,34
13810,95.38,26,28.83,60.16,17,34
13809,31.11,12,30.91,68.94,17,34
13811,2.88,11,24.5,40.38,17,34
13811,51.85,18,27.14,11.14,17,34
13813,86.14,24,28.26,65.17,17,34
13816,84.12,21,33.62,45.62,17,34
13817,91.75,29,34.37,63.09,17,34
13815,26.16,14,29.37,11.86,17,34
13819,3.73,10,23.07,42.56,17,34
13820,104.68,30,26.17,60.06,17,34
13818,4.4,5,5.53,55.27,17,34
13821,4.39,11,22.05,68.08,17,34
13820,38.49,16,57.79,58.44,17,34
13824,132.77120000000002,35,25.58,44.09,17,34
13822,131.2,35,23.73,67.16,17,34
13825,72.66,27,31.23,69.57,17,34
13826,83.65,29,33.91,41.45,17,34
13826,43.61,23,56.56,45.07,17,34
13827,67.46,32,58.45560000000002,89.84,17,34
13829,132.77120000000002,35,22.44,56.34,17,34
13830,37.38,13,26.8,41.71,17,34
13831,69.77,18,22.78,57.76,17,34
13833,3.4,2,21.13,17.02,17,34
13834,57.81,19,32.98,48.63,17,34
13835,124.61,31,28.44,50.26,17,34
13836,47.29,34,9.87,14.0,17,34
13836,0.18,5,23.28,58.37,17,34
13835,43.23,19,7.32,48.91,17,34
13837,56.55,15,26.27,61.85,17,34
13840,66.88,24,31.01,93.56,17,34
13838,44.49,15,32.25,87.78,17,34
13841,0.84,2,25.6,64.4,17,34
13843,47.05,12,27.89,48.51,17,34
13841,0.73,9,33.59,49.15,17,34
13844,35.61,21,55.97,87.52,17,34
13846,4.83,10,31.68,54.59,17,34
13847,102.82,29,26.25,40.99,17,34
13845,91.3,34,22.22,11.14,17,34
13847,47.89,17,21.4,11.14,17,34
13849,75.8,28,25.67,88.79,17,34
13850,81.59,21,30.95,88.02,17,34
13849,78.52,34,7.83,54.93,17,34
13853,80.92,20,29.7,46.1,17,34
13852,30.08,12,53.79,49.56,17,34
13854,74.97,18,23.37,57.01,17,34
13853,0.89,4,27.4,19.96,17,34
13857,41.01,19,31.71,90.61,17,34
13857,3.44,4,32.94,42.1,17,34
13856,74.0,27,24.51,54.87,17,34
13858,44.18,14,22.79,66.9,17,35
13860,1.73,10,8.33,56.76,17,35
13859,18.32,12,8.84,89.93,17,35
13860,127.89,35,23.37,41.48,17,35
13861,1.55,6,57.96,67.47,17,35
13865,0.48,1,30.08,45.83,17,35
13864,4.94,3,30.7,90.29,17,35
13867,68.93,25,29.72,44.16,17,35
13866,70.57,35,6.56,45.42,17,35
13869,61.58,19,32.15,48.51,17,35
13870,64.55,33,48.24,48.45,17,35
13871,4.25,5,30.89,11.93,17,35
13872,3.42,1,33.16,65.17,17,35
13873,83.08,30,21.34,41.58,17,35
13874,85.85,27,21.21,56.19,17,35
13874,69.68,30,33.86,12.59,17,35
13874,31.76,19,8.57,56.3,17,35
13876,0.18,4,20.86,40.85,17,35
13875,38.79,18,58.45560000000002,59.74,17,35
13879,48.67,19,23.92,42.65,17,35
13878,114.99,30,33.63,50.46,17,35
13879,4.27,10,21.62,56.7,17,35
13879,55.52,22,34.96,47.67,17,35
13881,3.81,11,58.45560000000002,46.39,17,35
13884,1.85,6,54.03,60.92,17,35
13883,4.09,9,20.42,14.12,17,35
13886,82.25,21,24.09,60.49,17,35
13887,2.98,7,27.62,62.61,17,35
13887,1.53,8,21.52,64.34,17,35
13888,65.46,21,24.26,57.26,17,35
13888,27.58,12,5.94,43.79,17,35
13890,68.87,26,30.88,58.98,17,35
13890,101.14,29,24.81,67.53,17,35
13893,58.83,23,28.67,68.21,17,35
13891,27.35,14,49.46,54.86,17,35
13894,1.92,2,58.45560000000002,68.7,17,35
13896,27.98,22,6.99,16.4,17,35
13894,2.16,11,32.39,17.79,17,35
13897,4.45,11,30.2,51.71,17,35
13899,77.93,31,26.53,46.53,17,35
13899,69.39,19,34.34,40.95,17,35
13898,84.15,27,22.37,68.48,17,35
13900,65.96,21,32.37,53.94,17,35
13903,1.26,8,49.03,41.5,17,35
13903,4.62,2,8.62,89.91,17,35
13903,97.96,33,34.88,52.4,17,35
13903,105.32,27,25.89,52.14,17,35
13905,75.69,26,28.54,46.17,17,35
13907,86.21,25,20.44,64.98,17,35
13909,69.29,28,58.37,64.28,17,35
13907,85.02,29,27.55,62.75,17,35
13909,2.39,4,24.25,46.13,17,35
13909,88.09,23,32.33,66.79,17,35
13911,43.77,15,21.21,42.73,17,35
13912,29.04,16,23.51,18.51,17,35
13913,36.63,25,58.45560000000002,14.47,17,35
13915,113.09,31,23.8,54.62,17,35
13917,1.52,4,32.31,43.73,17,35
13917,37.68,19,49.65,64.06,17,35
13918,45.8,23,9.84,58.8,17,35
13919,61.41,21,30.31,48.48,17,36
13921,62.63,22,33.32,63.1,17,36
13920,62.52,22,27.07,59.22,17,36
13920,84.53,30,27.53,58.45,17,36
13922,35.52,17,33.82,14.02,17,36
13924,63.87,30,34.37,91.69,17,36
13926,4.66,4,33.64,46.49,17,36
13926,41.53,14,26.1,58.04,17,36
13927,4.99,5,20.81,61.16,17,36
13927,45.56,29,53.64,65.88,17,36
13929,68.3,23,33.86,65.9,17,36
13929,1.0,2,25.56,56.11,17,36
13931,75.25,27,22.03,44.2,17,36
13930,3.91,4,26.78,61.91,17,36
13933,2.51,9,32.83,40.5,17,36
13932,3.45,2,24.28,52.73,17,36
13933,84.19,27,30.89,56.48,17,36
13934,118.98,32,30.79,63.7,17,36
13938,91.52,22,33.92,58.59,17,36
13939,0.43,5,23.42,41.52,17,36
13937,48.06,18,33.67,65.13,17,36
13941,4.19,7,28.79,53.57,17,36
13941,23.75,12,8.73,54.36,17,36
13941,76.93,29,24.41,56.3,17,36
13943,4.27,9,5.53,66.39,17,36
13943,99.9,35,23.58,90.53,17,36
13944,78.44,25,25.48,43.57,17,36
13946,77.71,28,23.54,50.88,17,36
13945,88.68,24,22.64,54.39,17,36
13949,82.36,31,25.14,16.76,17,36
13949,45.8,26,22.36,14.37,17,36
13950,61.47,23,30.77,57.95,17,36
13950,4.94,1,26.81,66.88,17,36
13952,0.18,9,27.55,59.21,17,36
13954,18.53,12,52.31,40.42,17,36
13952,0.39,2,49.51,54.12,17,36
13956,3.1,5,22.4,66.52,17,36
13957,4.51,3,20.77,60.1,17,36
13956,3.18,2,22.66,53.97,17,36
13957,102.4,30,24.59,48.44,17,36
13959,36.97,20,53.96,45.52,17,36
13959,50.08,19,30.52,58.61,17,36
13960,42.09,26,9.94,58.3,17,36
13960,119.63,33,29.5,44.17,17,36
13963,0.38,4,27.98,57.84,17,36
13964,2.79,10,48.71,62.18,17,36
13965,4.65,4,6.79,53.48,17,36
13967,3.25,3,27.06,64.22,17,36
13968,76.48,19,33.74,85.48,17,36
13969,99.58,31,24.71,61.35,17,36
13970,1.96,1,26.85,47.51,17,36
13968,77.75,19,30.47,59.11,17,36
13972,56.61,20,29.68,42.38,17,36
13972,4.39,8,51.4,54.85,17,36
13973,68.15,26,27.22,54.71,17,36
13975,39.78,15,29.08,55.82,17,36
13976,106.92,30,27.22,50.37,17,36
13976,2.26,7,34.23,64.75,17,36
13976,3.44,2,21.58,67.31,17,36
13977,60.5,23,32.53,59.27,17,36
13977,3.89,8,24.98,94.03,17,37
13981,79.12,30,25.5,45.15,17,37
13982,4.44,4,23.66,67.98,17,37
13983,52.82,13,28.91,53.06,17,37
13982,4.72,9,33.68,65.41,17,37
13985,3.04,2,8.6,86.26,17,37
13985,74.18,23,31.96,63.95,17,37
13987,3.71,4,20.08,61.16,17,37
13987,0.23,2,51.55,52.44,17,37
13986,55.95,23,30.34,14.31,17,37
13988,66.8,25,25.2,69.37,17,37
13988,4.33,11,32.9,93.62,17,37
13989,107.19,33,20.64,56.92,17,37
13991,120.58,31,34.51,52.96,17,37
13992,68.16,22,25.86,56.94,17,37
13992,54.79,19,24.72,61.18,17,37
13996,46.58,23,45.03,43.18,17,37
13997,79.34,31,33.14,88.15,17,37
13996,71.96,26,20.97,50.45,17,37
13999,116.59,33,28.57,64.07,17,37
13997,84.34,25,32.53,63.36,17,37
13999,3.36,11,33.49,69.4,17,37
14000,40.59,15,32.67,50.18,17,37
14003,83.37,21,28.23,60.05,17,37
14001,35.79,27,8.4,11.14,17,37
14002,3.46,9,20.17,63.99,17,37
14004,4.71,2,21.15,66.78,17,37
14004,2.69,9,28.35,53.33,17,37
14007,4.39,7,27.23,65.28,17,37
14007,2.29,3,32.19,90.66,17,37
14007,52.08,17,24.98,44.76,17,37
14010,1.06,1,23.97,42.94,17,37
14011,79.05,19,21.75,55.36,17,37
14011,44.63,12,28.83,42.08,17,37
14012,4.87,5,34.96,46.16,17,37
14014,76.99,19,28.86,53.35,17,37
14014,4.75,5,31.47,56.54,17,37
14016,57.54,21,29.66,52.84,17,37
14018,4.37,11,34.45,57.18,17,37
14019,58.53,23,22.31,41.28,17,37
14018,129.64,31,27.26,86.36,17,37
14020,79.0,27,26.51,43.69,17,37
14022,72.58,22,33.3,48.68,17,37
14021,87.35,25,23.52,56.72,17,37
14022,65.01,25,28.69,58.67,17,37
14023,2.0,3,9.51,63.81,17,37
14024,4.42,2,31.09,94.03,17,37
14025,36.39,12,33.94,54.98,17,37
14028,1.85,2,34.67,50.64,17,37
14027,41.94,15,25.37,53.19,17,37
14029,3.63,5,26.21,59.42,17,37
14030,4.13,7,20.82,43.99,17,37
14032,105.63,27,32.07,56.89,17,37
14032,40.52,26,50.23,58.83,17,37
14033,49.47,18,27.6,52.52,17,37
14034,2.27,5,20.78,68.53,17,37
14035,64.11,27,54.59,42.5,17,37
14036,112.89,32,30.06,54.41,17,37
14038,58.59,15,25.6,59.59,17,37
14037,2.77,9,45.86,43.14,17,37
14039,61.74,23,27.5,17.78,17,38
14038,0.35,4,29.66,68.12,17,38
14039,102.48,29,24.12,66.38,17,38
14042,1.76,10,24.92,61.09,17,38
14043,3.54,9,53.6,42.37,17,38
14044,4.61,2,22.17,87.44,17,38
14043,2.35,3,31.8,12.82,17,38
14047,106.99,30,25.17,63.24,17,38
14046,97.91,35,24.98,40.63,17,38
14048,32.27,12,32.82,93.47,17,38
14048,1.36,8,26.24,56.95,17,38
14050,1.26,3,6.12,60.19,17,38
14049,108.7,35,25.47,46.19,17,38
14053,68.76,32,46.36,62.75,17,38
14053,42.62,17,5.53,46.58,17,38
14053,55.17,22,28.68,51.43,17,38
14053,71.33,19,24.84,68.7,17,38
14056,59.56,20,34.13,56.36,17,38
14055,104.62,28,32.99,62.21,17,38
14059,62.51,20,30.22,40.91,17,38
14059,43.4,12,28.25,40.01,17,38
14061,60.52,17,27.67,53.93,17,38
14062,50.27,24,26.82,17.85,17,38
14063,2.43,3,23.33,14.52,17,38
14061,3.92,2,52.49,69.13,17,38
14062,0.18,10,33.62,87.48,17,38
14066,68.38,32,49.26,66.55,17,38
14065,3.6,6,24.7,68.98,17,38
14068,97.46,24,22.69,45.38,17,38
14068,79.76,27,20.32,49.62,17,38
14068,104.5,25,27.01,65.01,17,38
14069,57.06,14,28.07,51.25,17,38
14070,44.4,13,34.61,69.44,17,38
14073,41.35,14,22.98,49.87,17,38
14074,48.06,13,32.25,59.86,17,38
14075,2.15,10,24.91,45.65,17,38
14076,1.26,6,25.43,66.23,17,38
14074,33.44,20,8.07,85.59,17,38
14078,73.69,35,57.56,42.86,17,38
14079,3.53,9,31.92,45.71,17,38
14080,2.13,3,25.82,61.69,17,38
14078,65.33,33,28.38,16.5,17,38
14080,4.46,4,25.87,48.64,17,38
14083,3.69,3,32.52,91.46,17,38
14081,1.69,8,24.57,51.52,17,38
14082,79.0,34,5.53,56.72,17,38
14084,119.85,33,24.02,60.79,17,38
14087,3.27,3,6.89,53.34,17,38
14088,34.23,13,21.36,61.87,17,38
14086,2.86,8,33.74,59.89,17,38
14088,49.17,31,9.52,60.33,17,38
14091,62.11,24,29.99,56.52,17,38
14089,1.59,5,26.5,44.49,17,38
14091,57.07,14,29.83,66.9,17,38
14094,3.55,11,8.31,60.83,17,38
14093,100.87,25,33.39,46.75,17,38
14093,72.03,23,29.67,64.31,17,38
14094,0.44,11,23.18,54.0,17,38
14097,0.88,5,21.61,63.66,17,38
14096,84.84,28,32.98,56.75,17,38
14100,4.73,7,30.22,42.88,17,39
14100,3.19,9,33.81,43.14,17,39
14102,101.68,35,32.7,69.97,17,39
14102,46.73,16,21.67,67.13,17,39
14104,47.08,34,50.39,14.57,17,39
14104,26.48,14,6.45,45.18,17,39
14103,46.84,18,23.98,55.53,17,39
14105,1.98,7,20.71,94.03,17,39
14106,19.47,16,8.82,11.35,17,39
14107,55.21,26,7.4,63.25,17,39
14107,61.51,17,32.96,41.46,17,39
14109,3.35,11,32.65,89.52,17,39
14110,86.32,33,33.13,85.31,17,39
14113,39.26,15,25.06,85.79,17,39
14112,106.15,28,21.95,61.07,17,39
14113,28.9,13,48.36,54.41,17,39
14116,30.2,12,32.12,11.14,17,39
14114,1.61,4,32.52,66.68,17,39
14117,67.09,17,29.65,57.46,17,39
14116,40.38,20,56.23,86.5,17,39
14118,78.44,20,23.83,52.31,17,39
14118,3.62,3,30.87,13.54,17,39
14121,26.89,15,7.51,61.49,17,39
14120,103.94,28,31.82,62.8,17,39
14123,100.28,30,24.55,44.21,17,39
14123,81.88,26,23.59,86.81,17,39
14125,48.33,16,31.52,48.83,17,39
14125,85.1,33,24.49,56.2,17,39
14125,0.75,11,30.6,57.86,17,39
14129,55.62,23,53.58,69.07,17,39
14130,70.45,28,22.39,62.43,17,39
14128,3.2,6,34.76,52.37,17,39
14131,53.0,32,45.28,61.16,17,39
14130,70.67,26,20.76,16.99,17,39
14133,4.93,11,26.32,69.56,17,39
14133,82.43,26,30.23,85.53,17,39
14133,4.7,6,25.82,67.04,17,39
14135,44.59,16,32.06,16.26,17,39
14138,62.36,23,27.56,92.09,17,39
14139,44.15,23,58.45560000000002,67.75,17,39
14137,128.56,32,21.04,42.03,17,39
14139,4.11,10,29.82,47.02,17,39
14141,54.39,30,31.35,90.3,17,39
14140,3.49,11,34.84,90.5,17,39
14144,49.32,12,33.17,58.04,17,39
14142,53.92,30,5.98,42.39,17,39
14144,41.55,12,28.62,44.86,17,39
14146,101.71,28,27.94,47.87,17,39
14148,0.18,7,8.57,58.74,17,39
14148,57.15,30,6.64,46.6,17,39
14150,93.2,31,33.6,66.7,17,39
14149,43.85,19,58.39,42.6,17,39
14152,106.09,33,30.88,65.56,17,39
14151,4.8,5,22.13,52.13,17,39
14154,60.45,25,8.49,58.55,17,39
14153,32.45,12,23.39,40.21,17,39
14155,91.73,23,27.1,45.77,17,39
14155,99.35,24,34.76,51.87,17,39
14156,26.13,13,9.96,56.04,17,39
14157,74.7,23,33.74,51.36,17,39
14158,0.9,6,22.36,67.02,17,40
14160,50.76,14,34.47,58.58,17,40
14162,4.38,5,52.88,45.84,17,40
14161,86.02,27,28.67,66.41,17,40
14164,2.9,5,55.96,65.35,17,40
14165,78.33,29,24.17,15.7,17,40
14165,1.81,11,58.45560000000002,56.2,17,40
14167,100.67,29,24.13,52.05,17,40
14165,74.9,35,5.95,67.49,17,40
14166,0.89,1,29.45,51.03,17,40
14169,54.22,17,32.63,55.37,17,40
14168,34.19,13,34.65,55.8,17,40
14170,3.85,3,31.37,14.33,17,40
14172,2.96,2,47.53,59.25,17,40
14172,0.32,6,27.93,18.38,17,40
14174,3.61,9,27.2,40.37,17,40
14173,74.13,20,33.4,65.76,17,40
14175,70.0,29,5.53,53.89,17,40
14177,129.81,35,20.82,65.55,17,40
14176,72.24,19,29.62,52.9,17,40
14178,65.35,26,23.92,69.51,17,40
14181,76.04,29,31.02,40.16,17,40
14180,58.31,21,34.79,60.52,17,40
14180,124.09,32,31.27,45.09,17,40
14181,2.15,11,31.91,19.55,17,40
14183,1.64,6,32.42,57.63,17,40
14186,75.6,27,30.4,54.93,17,40
14185,2.98,11,34.63,51.53,17,40
14188,2.54,7,24.76,48.96,17,40
14187,97.76,25,23.37,65.75,17,40
14188,67.96,26,24.59,93.46,17,40
14189,82.02,23,24.69,41.36,17,40
14191,1.12,4,31.34,52.51,17,40
14193,34.09,13,31.03,48.05,17,40
14193,48.52,13,32.09,67.43,17,40
14192,62.75,32,56.63,61.87,17,40
14195,25.12,15,9.04,85.51,17,40
14195,49.97,17,33.45,51.18,17,40
14198,99.27,30,21.64,53.93,17,40
14197,4.51,8,27.7,44.51,17,40
14198,90.87,33,29.7,69.88,17,40
14199,79.91,26,24.37,67.18,17,40
14199,87.1,33,33.46,19.15,17,40
14201,83.35,25,21.54,88.22,17,40
14201,60.38,15,21.08,66.53,17,40
14203,49.29,30,57.69,53.7,17,40
14204,57.92,28,55.14,52.98,17,40
14206,23.39,13,24.0,11.82,17,40
14207,65.07,24,34.86,53.26,17,40
14206,76.77,22,30.38,43.35,17,40
14210,78.73,24,20.09,61.77,17,40
14209,130.09,31,26.0,45.74,17,40
14210,130.18,34,30.52,44.84,17,40
14211,78.3,27,25.21,53.14,17,40
14213,75.66,19,33.82,66.74,17,40
14215,52.45,32,53.42,51.42,17,40
14214,0.53,6,33.44,40.32,17,40
14216,72.29,18,31.29,46.09,17,40
14215,119.48,31,34.49,64.46,17,40
14217,4.83,5,26.52,49.17,17,40
14219,26.57,12,8.8,69.71,17,41
14218,76.84,33,25.4,13.54,17,41
14221,65.81,24,21.32,43.77,17,41
14221,42.55,22,8.01,53.98,17,41
14222,46.31,15,32.96,40.27,17,41
14224,75.05,27,26.71,66.25,17,41
14223,1.11,11,21.6,42.6,17,41
14224,43.26,25,8.28,57.31,17,41
14228,29.47,16,52.54,63.92,17,41
14229,132.77120000000002,33,20.27,86.76,17,41
14230,37.78,20,9.14,86.31,17,41
14228,55.24,19,29.98,61.59,17,41
14232,2.66,5,32.08,53.79,17,41
14230,58.84,22,31.8,51.4,17,41
14232,85.12,27,24.3,53.66,17,41
14235,3.34,1,22.04,59.55,17,41
14234,2.05,5,33.39,67.15,17,41
14235,76.77,34,53.92,51.68,17,41
14238,30.35,15,28.46,18.98,17,41
14238,59.78,19,26.86,50.06,17,41
14237,46.95,12,21.08,65.14,17,41
14241,115.03,30,30.44,54.77,17,41
14242,4.73,7,6.81,52.33,17,41
14243,3.46,6,28.07,57.41,17,41
14244,3.57,8,22.16,17.12,17,41
14244,103.3,33,30.01,56.06,17,41
14245,38.74,18,9.39,49.06,17,41
14246,3.72,1,20.1,92.56,17,41
14247,4.77,6,9.25,62.7,17,41
14247,1.67,11,28.01,48.23,17,41
14249,61.03,17,21.11,58.08,17,41
14250,67.78,18,24.66,52.48,17,41
14250,4.51,11,9.46,41.37,17,41
14253,4.08,6,30.96,57.85,17,41
14253,79.61,25,25.64,48.8,17,41
14252,22.89,14,55.91,52.05,17,41
14254,81.75,30,21.5,46.25,17,41
14254,54.7,17,34.53,47.57,17,41
14258,42.16,22,58.31,87.17,17,41
14257,1.87,1,28.91,11.88,17,41
14257,74.32,18,20.74,45.03,17,41
14259,0.5,7,30.09,59.57,17,41
14260,4.63,9,33.78,60.4,17,41
14261,74.98,26,23.19,91.78,17,41
14264,3.4,5,22.61,87.4,17,41
14265,104.94,26,21.28,49.77,17,41
14264,4.99,3,32.77,44.02,17,41
14267,132.77120000000002,33,27.4,52.04,17,41
14266,55.07,17,25.48,54.43,17,41
14267,34.16,14,27.64,17.14,17,41
14269,56.46,21,28.1,59.54,17,41
14271,90.5,35,26.2,49.64,17,41
14272,48.76,13,25.94,66.91,17,41
14272,3.44,4,29.37,90.41,17,41
14271,4.3,7,32.65,47.88,17,41
14275,31.64,13,6.46,57.98,17,41
14275,2.34,4,26.13,64.54,17,41
14275,68.54,18,24.71,62.31,17,41
14276,34.82,30,50.64,19.48,17,41
14278,71.76,33,29.1,14.96,17,41
14277,49.51,12,26.44,42.39,17,42
14281,24.44,21,6.02,18.12,17,42
14280,68.34,22,28.89,66.92,17,42
14281,117.76,30,23.99,69.04,17,42
14284,55.45,17,24.49,40.51,17,42
14282,36.12,14,20.18,67.66,17,42
14284,2.57,9,30.14,68.19,17,42
14284,4.38,3,22.34,45.64,17,42
14286,105.59,29,30.69,50.88,17,42
14286,105.2,27,20.62,40.95,17,42
14289,46.02,22,9.72,66.1,17,42
14291,117.47,29,22.11,41.88,17,42
14291,0.18,8,28.05,49.78,17,42
14293,2.67,5,29.61,48.25,17,42
14294,54.57,30,31.98,16.14,17,42
14295,25.3,16,47.43,12.63,17,42
14296,53.51,18,31.43,47.98,17,42
14296,39.82,12,23.79,45.93,17,42
14298,36.6,13,23.33,50.63,17,42
14297,58.22,22,25.91,13.66,17,42
14298,3.55,8,30.92,49.4,17,42
14301,1.21,11,34.0,53.55,17,42
14300,65.35,30,22.13,16.52,17,42
14300,91.95,28,34.21,40.97,17,42
14302,4.57,6,29.68,44.48,17,42
14305,80.69,26,20.21,54.45,17,42
14305,46.54,26,49.13,46.6,17,42
14307,78.63,22,28.37,59.18,17,42
14306,60.32,21,32.67,15.41,17,42
14306,50.7,33,6.47,42.32,17,42
14307,101.61,26,29.14,44.88,17,42
14311,36.57,15,52.66,63.59,17,42
14312,92.08,34,23.88,68.29,17,42
14313,84.7,31,30.4,44.87,17,42
14313,3.5,11,33.24,16.15,17,42
14315,51.47,23,25.21,12.48,17,42
14314,3.56,11,50.78,42.53,17,42
14315,64.76,22,27.57,50.75,17,42
14318,87.99,32,23.0,11.33,17,42
14318,82.32,27,28.68,43.85,17,42
14318,0.87,9,29.35,67.64,17,42
14320,40.94,16,30.47,19.82,17,42
14320,50.28,12,30.64,69.32,17,42
14323,132.05,34,24.26,44.12,17,42
14322,63.0,22,22.4,65.95,17,42
14323,55.6,15,32.3,60.1,17,42
14326,0.28,7,25.84,67.71,17,42
14325,57.2,21,33.21,13.41,17,42
14328,74.67,18,34.06,63.89,17,42
14326,27.32,12,31.22,18.87,17,42
14329,44.23,21,9.67,68.6,17,42
14331,47.58,12,23.72,50.77,17,42
14332,57.01,26,33.88,13.25,17,42
14332,110.52,34,29.92,61.12,17,42
14333,55.27,16,32.48,53.0,17,42
14332,55.43,21,24.54,51.69,17,42
14336,85.67,32,25.05,41.92,17,42
14334,1.14,7,25.08,63.77,17,42
14336,104.57,28,21.7,46.55,17,42
14337,110.32,32,30.67,41.3,17,42
14340,80.41,21,34.05,48.8,17,43
14338,3.95,4,31.58,93.48,17,43
14339,63.76,18,33.26,50.69,17,43
14340,4.16,10,21.97,53.31,17,43
14343,79.38,34,28.89,11.96,17,43
14342,85.93,32,21.91,11.58,17,43
14343,102.17,25,34.2,55.44,17,43
14345,0.37,8,31.5,44.83,17,43
14347,4.23,9,22.32,41.63,17,43
14347,1.52,6,23.05,69.15,17,43
14349,72.23,32,30.41,12.93,17,43
14349,78.14,19,21.87,40.66,17,43
14352,132.77120000000002,34,21.87,89.68,17,43
14351,65.7,22,32.92,61.14,17,43
14354,1.66,6,25.3,47.68,17,43
14352,46.95,12,24.65,57.02,17,43
14356,84.21,28,29.15,43.11,17,43
14356,46.17,15,22.32,44.35,17,43
14355,50.76,19,27.64,67.96,17,43
14357,86.91,33,21.36,57.1,17,43
14357,39.2,26,7.87,93.67,17,43
14359,64.78,17,30.04,45.02,17,43
14359,52.06,17,27.02,47.45,17,43
14360,85.35,33,29.13,64.54,17,43
14361,107.19,31,25.43,67.01,17,43
14364,132.77120000000002,34,32.04,61.12,17,43
14364,82.59,33,52.04,66.66,17,43
14365,61.48,31,8.69,50.04,17,43
14366,69.07,20,31.05,57.04,17,43
14368,50.6,20,28.97,55.53,17,43
14369,72.9,20,24.79,52.38,17,43
14371,52.09,17,24.31,59.32,17,43
14371,58.65,24,58.45560000000002,50.88,17,43
14373,4.71,4,31.3,54.49,17,43
14371,3.63,5,28.97,60.14,17,43
14375,1.35,3,22.77,55.86,17,43
14375,1.84,2,31.55,40.1,17,43
14375,54.43,20,28.53,69.68,17,43
14376,50.62,16,30.07,68.7,17,43
14377,57.08,18,29.47,67.2,17,43
14380,68.67,18,33.05,49.87,17,43
14380,98.98,28,25.27,41.18,17,43
14379,83.72,30,32.04,63.86,17,43
14383,80.71,30,34.52,54.69,17,43
14383,3.85,1,23.78,64.65,17,43
14384,40.38,22,6.74,69.52,17,43
14384,57.38,19,20.12,66.62,17,43
14384,59.52,27,8.82,41.78,17,43
14387,47.34,12,33.07,61.89,17,43
14387,31.61,15,20.08,18.83,17,43
14389,3.24,4,7.59,67.17,17,43
14391,2.75,4,24.35,49.21,17,43
14389,117.43,35,29.94,44.1,17,43
14393,3.89,2,33.86,53.98,17,43
14391,60.01,27,28.27,15.27,17,43
14392,55.45,22,23.37,45.66,17,43
14394,92.24,24,24.84,65.75,17,43
14394,0.49,5,20.86,50.63,17,43
14396,48.14,21,5.53,64.75,17,43
14397,4.32,5,30.74,58.45,17,43
14400,35.88,13,28.99,90.75,17,44
14401,78.04,22,31.43,68.97,17,44
14401,89.05,24,28.18,64.76,17,44
14401,70.45,23,27.68,45.76,17,44
14401,88.66,33,20.67,52.95,17,44
14405,53.93,34,49.16,55.9,17,44
14406,43.39,28,5.99,19.23,17,44
14405,131.37,35,26.32,55.01,17,44
14406,30.97,20,6.66,68.66,17,44
14408,46.13,14,24.38,65.28,17,44
14408,0.76,9,20.35,50.3,17,44
14411,60.85,33,45.8,66.58,17,44
14411,93.95,24,34.22,50.3,17,44
14411,0.47,7,33.79,67.52,17,44
14413,0.18,2,22.28,58.6,17,44
14413,4.95,4,34.55,93.67,17,44
14414,98.55,30,26.08,66.9,17,44
14414,4.43,3,29.14,50.06,17,44
14417,113.44,29,24.99,67.2,17,44
14416,53.2,25,6.65,42.33,17,44
14418,119.44,34,26.53,54.2,17,44
14420,37.63,13,34.02,55.98,17,44
14420,83.07,21,31.94,52.06,17,44
14422,3.33,10,25.74,47.17,17,44
14421,3.4,9,22.47,40.49,17,44
14423,44.66,21,54.29,49.92,17,44
14426,86.96,30,26.5,46.08,17,44
14424,123.27,34,33.0,48.65,17,44
14427,91.51,33,28.98,12.95,17,44
14426,98.39,33,25.04,56.76,17,44
14429,46.31,12,29.24,69.13,17,44
14429,48.84,12,20.5,41.2,17,44
14430,2.62,3,32.85,58.82,17,44
14433,57.93,31,22.24,13.92,17,44
14434,1.11,4,50.55,89.42,17,44
14432,82.91,30,20.32,86.09,17,44
14434,4.24,3,29.61,53.77,17,44
14437,66.84,27,22.18,91.2,17,44
14435,70.51,27,28.13,52.86,17,44
14438,70.47,17,32.3,64.69,17,44
14438,90.59,28,26.76,61.94,17,44
14439,1.3,3,32.16,58.93,17,44
14442,3.77,10,24.78,42.02,17,44
14441,68.42,24,34.64,40.07,17,44
14442,110.81,30,25.98,65.67,17,44
14445,55.07,22,33.96,93.32,17,44
14445,0.18,10,23.16,46.17,17,44
14444,48.79,15,29.12,58.9,17,44
14448,50.37,13,30.28,88.75,17,44
14447,85.44,34,5.53,60.78,17,44
14447,104.41,31,31.38,43.27,17,44
14449,0.95,2,25.45,48.36,17,44
14452,62.4,15,28.32,50.43,17,44
14451,49.63,17,27.03,60.15,17,44
14452,1.3,9,24.98,41.14,17,44
14454,82.53,23,20.26,44.32,17,44
14453,33.62,22,54.7,58.55,17,44
14457,39.44,12,23.41,63.8,17,44
14456,4.4,9,6.5,49.92,17,44
14456,72.01,20,30.31,88.51,17,44
14458,45.7,22,53.02,66.33,17,45
14461,97.23,33,24.07,66.36,17,45
14459,77.84,24,32.39,63.73,17,45
14461,48.51,14,32.72,50.07,17,45
14461,41.0,13,26.43,42.84,17,45
14462,82.86,20,23.51,53.96,17,45
14464,1.33,7,31.87,42.53,17,45
14466,62.98,28,24.81,90.65,17,45
14466,4.43,8,31.03,49.69,17,45
14469,77.91,22,29.29,48.92,17,45
14469,69.67,24,33.53,57.47,17,45
14469,70.23,19,30.34,52.21,17,45
14469,70.68,25,28.9,57.74,17,45
14473,4.0,6,27.44,54.1,17,45
14473,2.94,3,22.61,53.59,17,45
14472,39.54,15,22.96,53.45,17,45
14476,97.37,29,31.07,60.76,17,45
14475,52.98,15,20.1,51.17,17,45
14478,74.56,25,32.07,56.02,17,45
14477,45.06,17,31.1,11.63,17,45
14477,75.72,26,29.25,48.91,17,45
14481,32.25,13,32.63,12.64,17,45
14482,4.78,7,32.81,43.51,17,45
14481,0.71,7,31.76,65.18,17,45
14484,3.49,3,23.88,61.56,17,45
14485,1.04,3,32.39,61.7,17,45
14484,31.48,29,53.45,93.51,17,45
14485,2.56,1,32.01,61.53,17,45
14488,37.99,13,29.76,51.99,17,45
14489,83.29,21,34.11,87.98,17,45
14490,59.43,24,50.94,45.49,17,45
14491,3.89,5,34.1,43.13,17,45
14491,64.71,17,25.98,49.74,17,45
14490,1.45,1,6.13,52.76,17,45
14494,34.85,13,20.41,55.53,17,45
14494,42.91,15,34.19,94.03,17,45
14494,0.69,6,52.09,41.02,17,45
14495,46.38,12,34.77,47.39,17,45
14496,3.71,8,21.54,46.79,17,45
14496,97.91,31,24.02,50.52,17,45
14498,0.78,7,6.57,55.87,17,45
14501,40.69,16,23.69,68.33,17,45
14501,0.18,4,23.71,41.69,17,45
14501,80.78,25,27.24,41.53,17,45
14501,88.85,29,28.85,50.82,17,45
14503,2.49,7,32.44,58.92,17,45
14506,4.44,8,32.4,51.74,17,45
14504,79.0,30,25.15,61.28,17,45
14505,71.22,24,22.12,58.77,17,45
14508,39.25,15,28.37,42.47,17,45
14507,96.34,23,32.29,43.65,17,45
14508,3.96,1,22.88,64.76,17,45
14509,4.19,2,9.03,56.78,17,45
14510,108.41,33,25.45,69.61,17,45
14513,0.18,2,30.55,66.62,17,45
14515,0.72,1,29.8,89.62,17,45
14515,1.94,6,7.99,62.18,17,45
14517,0.35,4,29.41,59.57,17,45
14515,3.54,6,51.89,45.5,17,45
14518,0.22,6,34.01,67.26,17,45
14519,83.33,22,28.04,89.79,17,46
14518,3.92,7,30.27,52.08,17,46
14522,42.54,12,28.22,56.38,17,46
14520,46.36,31,6.36,17.94,17,46
14523,100.6,32,34.56,62.38,17,46
14523,96.79,31,32.25,68.23,17,46
14525,1.16,10,29.77,42.01,17,46
14525,39.77,27,47.31,11.14,17,46
14526,121.37,29,32.27,40.21,17,46
14528,81.0,29,34.0,65.85,17,46
14529,132.77120000000002,35,27.07,56.63,17,46
14530,56.16,19,28.7,41.24,17,46
14530,29.21,25,46.15,11.14,17,46
14533,4.39,8,26.14,64.74,17,46
14531,78.51,24,21.39,54.45,17,46
14535,4.22,1,28.44,40.56,17,46
14536,90.72,35,26.5,19.48,17,46
14535,69.78,24,28.12,43.51,17,46
14537,4.93,8,27.35,17.86,17,46
14537,80.64,24,33.55,54.86,17,46
14540,91.26,25,20.65,67.24,17,46
14540,1.48,11,28.72,55.32,17,46
14539,93.23,30,22.93,69.98,17,46
14541,102.81,33,26.38,40.5,17,46
14544,92.02,27,20.27,48.02,17,46
14544,85.19,21,26.81,46.8,17,46
14546,50.88,18,31.03,40.39,17,46
14547,42.82,12,30.38,57.89,17,46
14545,85.33,24,24.29,51.57,17,46
14546,43.84,15,30.15,43.22,17,46
14550,3.89,2,25.99,44.72,17,46
14550,58.81,21,32.63,93.98,17,46
14552,1.43,5,26.95,92.03,17,46
14553,0.7,4,32.72,46.31,17,46
14554,75.65,27,27.89,90.41,17,46
14554,30.2,19,9.92,92.93,17,46
14553,59.48,21,28.02,46.06,17,46
14557,99.54,31,26.16,65.83,17,46
14556,27.59,15,7.28,67.1,17,46
14558,41.59,22,47.22,40.74,17,46
14560,48.68,12,23.2,45.92,17,46
14559,4.65,3,20.91,66.54,17,46
14559,40.54,12,25.86,46.14,17,46
14562,3.89,11,27.52,66.63,17,46
14562,1.97,10,26.11,58.35,17,46
14564,100.92,34,27.71,51.58,17,46
14563,63.44,34,23.31,18.67,17,46
14567,74.81,18,27.46,46.58,17,46
14565,31.95,15,26.53,18.56,17,46
14567,4.68,6,34.86,87.9,17,46
14569,4.9,7,34.31,58.05,17,46
14570,2.35,3,30.0,57.6,17,46
14571,34.15,12,25.37,62.67,17,46
14570,125.99,30,33.7,64.12,17,46
14572,61.75,29,28.39,91.86,17,46
14575,75.28,26,31.82,53.83,17,46
14575,44.78,16,29.58,51.75,17,46
14575,48.45,30,7.39,52.61,17,46
14575,54.51,23,6.97,48.27,17,46
14577,3.84,9,24.43,52.07,17,46
14580,44.28,15,31.8,62.44,17,47
14580,109.71,27,20.96,49.72,17,47
14581,43.31,24,22.0,12.19,17,47
14581,56.0,34,50.89,59.92,17,47
14583,0.18,1,23.52,11.28,17,47
14585,60.39,17,27.99,59.29,17,47
14583,63.29,22,29.24,42.77,17,47
14584,89.71,24,25.78,40.59,17,47
14586,107.92,29,27.46,68.69,17,47
14586,23.84,15,5.6,64.86,17,47
14590,0.84,5,33.6,40.26,17,47
14591,0.18,3,33.44,55.53,17,47
14589,34.6,12,33.26,60.14,17,47
14593,1.49,1,31.61,53.78,17,47
14594,85.5,21,21.17,41.06,17,47
14592,0.4,8,46.2,58.4,17,47
14595,3.07,7,32.58,61.3,17,47
14594,125.83,30,30.55,53.44,17,47
14598,61.64,17,31.91,67.62,17,47
14597,23.37,13,46.17,45.09,17,47
14597,2.67,1,30.48,69.91,17,47
14600,86.0,24,31.8,49.84,17,47
14600,54.66,19,23.63,88.61,17,47
14600,46.08,14,25.79,49.12,17,47
14604,1.78,2,30.82,61.1,17,47
14602,43.06,16,22.84,93.51,17,47
14603,90.41,24,20.03,43.71,17,47
14604,79.45,28,25.62,15.3,17,47
14605,76.64,23,24.9,62.88,17,47
14609,37.35,19,48.92,47.29,17,47
14608,48.0,19,31.34,11.14,17,47
14611,62.46,16,20.13,42.93,17,47
14609,104.95,27,25.53,54.97,17,47
14610,83.05,25,25.01,40.27,17,47
14611,66.54,22,33.48,46.92,17,47
14615,90.72,29,28.22,50.09,17,47
14615,94.87,23,33.8,50.47,17,47
14616,2.87,11,33.43,88.1,17,47
14616,43.89,23,5.53,42.86,17,47
14619,89.67,29,27.67,54.01,17,47
14619,2.02,11,23.93,49.24,17,47
14619,102.13,34,31.57,56.68,17,47
14619,74.75,18,22.35,69.07,17,47
14621,53.01,15,33.61,57.7,17,47
14621,126.27,34,23.18,47.97,17,47
14625,129.13,35,25.69,45.64,17,47
14625,106.98,28,28.21,55.29,17,47
14626,1.83,3,30.57,56.3,17,47
14628,4.86,1,33.98,40.14,17,47
14626,111.54,27,26.78,86.37,17,47
14627,61.4,27,48.74,54.25,17,47
14631,3.07,9,25.43,65.22,17,47
14629,76.59,19,32.84,49.33,17,47
14633,83.17,21,33.94,67.53,17,47
14632,0.69,7,46.15,62.73,17,47
14634,84.59,29,28.9,42.65,17,47
14636,54.63,14,30.28,60.62,17,47
14636,2.6,4,24.22,13.25,17,47
14637,47.99,14,28.38,69.97,17,47
14639,1.62,1,45.37,12.27,17,47
14640,114.93,33,22.89,64.06,17,48
14641,3.11,5,28.4,43.51,17,48
14639,61.82,26,46.49,56.01,17,48
14642,1.56,10,20.94,61.26,17,48
14643,67.34,30,8.48,60.81,17,48
14644,92.18,32,31.8,89.14,17,48
14644,23.83,14,54.26,67.12,17,48
14644,21.18,12,33.39,93.11,17,48
14645,112.34,28,20.46,65.64,17,48
14646,3.43,8,34.42,64.48,17,48
14650,50.84,24,7.5,58.23,17,48
14649,4.59,10,21.81,55.79,17,48
14652,55.42,22,30.89,56.56,17,48
14652,90.06,34,25.25,52.41,17,48
14653,1.04,11,56.73,69.96,17,48
14652,102.5,30,28.87,64.19,17,48
14654,1.67,4,29.1,67.59,17,48
14657,3.65,8,7.44,67.75,17,48
14658,0.29,9,32.02,44.4,17,48
14658,1.79,6,25.71,54.08,17,48
14658,0.55,4,33.31,86.3,17,48
14658,4.84,10,25.91,19.3,17,48
14662,84.72,35,7.89,56.23,17,48
14663,72.78,29,6.17,67.28,17,48
14662,1.39,10,22.81,45.72,17,48
14665,45.14,22,31.77,18.13,17,48
14664,91.42,29,34.2,89.55,17,48
14667,77.71,31,32.28,41.57,17,48
14667,45.56,15,31.7,57.83,17,48
14668,53.84,13,29.34,89.53,17,48
14667,3.23,3,25.43,68.17,17,48
14671,3.81,7,29.5,68.34,17,48
14671,0.18,4,26.04,88.37,17,48
14671,33.21,12,22.32,58.36,17,48
14673,50.78,16,23.68,50.54,17,48
14672,35.93,13,21.35,46.59,17,48
14676,1.82,11,26.95,57.82,17,48
14676,71.97,22,20.26,63.4,17,48
14678,4.24,3,26.23,88.43,17,48
14679,80.28,27,34.36,61.4,17,48
14679,61.99,15,34.85,42.03,17,48
14678,45.98,18,24.52,17.36,17,48
14680,71.18,19,28.92,58.67,17,48
14681,2.53,2,29.85,47.19,17,48
14684,2.56,5,34.63,55.77,17,48
14684,45.91,13,23.39,41.33,17,48
14683,35.24,14,20.88,69.56,17,48
14684,4.29,8,26.14,89.21,17,48
14687,4.59,9,34.49,53.63,17,48
14687,58.07,16,34.45,58.6,17,48
14689,61.54,28,58.45560000000002,41.61,17,48
14689,61.71,17,27.28,40.18,17,48
14691,106.02,28,24.32,49.81,17,48
14692,3.45,6,26.93,65.1,17,48
14693,88.03,25,22.59,65.85,17,48
14692,86.46,34,32.52,12.4,17,48
14694,53.15,30,9.57,41.1,17,48
14696,76.92,29,33.79,69.05,17,48
14695,66.47,16,31.54,44.88,17,48
14698,68.64,24,34.68,52.85,17,48
14700,1.55,4,21.99,91.04,17,49
14701,4.44,6,22.34,49.98,17,49
14701,55.9,23,25.74,93.67,17,49
14701,0.18,6,20.98,48.55,17,49
14702,104.94,25,27.22,59.04,17,49
14704,88.12,21,25.2,45.1,17,49
14703,1.2,6,25.27,67.45,17,49
14707,29.68,12,8.29,45.4,17,49
14705,72.3,30,46.41,42.63,17,49
14707,0.72,9,33.48,45.39,17,49
14708,2.59,9,25.47,93.46,17,49
14708,47.51,17,34.64,12.2,17,49
14710,0.59,2,32.49,63.57,17,49
14712,102.09,33,21.36,53.44,17,49
14713,4.51,10,28.51,56.34,17,49
14713,93.63,33,27.47,52.64,17,49
14715,49.26,17,23.38,60.63,17,49
14714,53.68,20,29.61,47.18,17,49
14718,1.25,7,22.94,64.62,17,49
14718,89.11,34,23.91,12.62,17,49
14717,68.46,30,6.95,49.95,17,49
14721,62.95,32,30.29,93.42,17,49
14721,67.23,32,30.18,15.2,17,49
14723,100.51,29,29.25,86.62,17,49
14724,3.25,3,31.61,57.71,17,49
14722,98.68,27,34.08,50.59,17,49
14723,2.42,6,34.34,66.83,17,49
14724,53.35,19,20.17,87.3,17,49
14726,0.98,8,52.86,58.94,17,49
14729,71.38,17,21.66,64.97,17,49
14728,116.22,33,31.73,85.29,17,49
14730,120.45,31,33.71,60.83,17,49
14732,3.09,6,27.35,15.77,17,49
14732,65.64,19,24.92,51.14,17,49
14731,4.16,3,20.14,66.96,17,49
14735,4.59,1,27.29,60.96,17,49
14733,3.42,2,23.52,54.44,17,49
14734,100.96,33,20.81,40.75,17,49
14738,97.56,35,29.39,42.17,17,49
14739,90.6,33,30.24,52.09,17,49
14740,78.52,33,5.53,67.9,17,49
14741,45.81,12,27.95,61.14,17,49
14739,47.53,13,33.19,46.03,17,49
14741,73.43,31,51.04,50.17,17,49
14741,4.01,1,9.77,44.29,17,49
14743,29.55,16,50.15,46.93,17,49
14743,34.81,12,26.39,49.86,17,49
14747,105.25,27,33.71,48.53,17,49
14746,95.34,34,28.15,51.74,17,49
14748,5.0,7,34.76,59.43,17,49
14747,73.08,32,52.17,43.11,17,49
14751,102.58,35,34.5,62.99,17,49
14749,28.81,16,21.86,91.77,17,49
14752,34.7,23,49.27,65.45,17,49
14754,0.86,4,30.64,53.49,17,49
14755,25.61,17,7.03,85.92,17,49
14754,2.99,7,8.75,41.67,17,49
14755,102.49,32,21.3,89.61,17,49
14756,73.56,20,20.57,53.16,17,49
14759,84.27,22,30.17,51.68,17,49
14759,2.66,1,22.87,56.7,17,50
14759,131.14,34,33.31,68.07,17,50
14762,86.84,31,32.97,67.77,17,50
14763,70.85,30,5.53,62.77,17,50
14761,3.4,3,21.44,46.34,17,50
14764,4.59,7,20.08,17.3,17,50
14764,2.83,11,29.72,67.6,17,50
14767,0.74,7,29.54,51.61,17,50
14766,3.89,7,28.75,87.61,17,50
14768,46.77,23,51.3,50.3,17,50
14770,102.06,32,28.42,40.28,17,50
14771,84.26,29,21.01,45.55,17,50
14769,82.18,22,28.81,48.2,17,50
14771,3.25,8,20.57,11.14,17,50
14772,0.18,9,32.49,63.49,17,50
14772,76.99,33,58.45560000000002,47.68,17,50
14773,52.25,18,30.32,61.65,17,50
14775,58.28,25,50.88,43.71,17,50
14778,57.94,27,8.72,61.91,17,50
14777,76.52,28,21.77,44.28,17,50
14780,4.53,4,22.83,65.3,17,50
14780,117.53,35,20.96,53.08,17,50
14782,75.2,30,23.75,46.03,17,50
14781,65.12,31,8.43,57.78,17,50
14781,40.92,16,23.9,50.68,17,50
14783,95.55,28,28.17,41.55,17,50
14786,59.9,28,8.06,55.62,17,50
14787,68.45,29,32.76,15.57,17,50
14786,49.23,12,33.71,51.86,17,50
14786,2.5,2,47.31,45.9,17,50
14788,62.87,28,50.91,68.71,17,50
14788,25.82,12,58.45560000000002,61.97,17,50
14789,36.34,13,25.88,53.12,17,50
14793,90.65,27,30.72,48.26,17,50
14793,1.24,8,25.47,67.34,17,50
14794,2.37,4,24.57,47.8,17,50
14796,86.34,26,24.85,65.08,17,50
14796,90.72,35,24.99,48.33,17,50
14798,114.73,31,26.08,47.15,17,50
14799,90.29,27,29.86,43.49,17,50
14798,63.21,17,25.59,46.42,17,50
14798,111.45,35,24.05,57.12,17,50
14799,67.7,17,21.81,86.59,17,50
14800,66.89,24,32.47,60.95,17,50
14804,97.02,28,31.2,86.38,17,50
14805,48.7,12,33.69,44.61,17,50
14806,77.97,19,24.39,44.75,17,50
14806,4.39,10,28.35,66.05,17,50
14808,92.64,33,25.41,61.43,17,50
14807,3.69,5,33.87,63.58,17,50
14810,67.95,22,20.33,56.15,17,50
14809,122.51,35,21.91,44.01,17,50
14811,46.99,18,29.87,54.05,17,50
14813,91.21,26,23.4,51.56,17,50
14811,3.51,7,50.59,52.28,17,50
14815,75.97,25,33.32,54.42,17,50
14814,119.07,34,23.85,41.47,17,50
14817,4.09,9,9.41,42.95,17,50
14815,1.5,10,54.61,94.03,17,50
14816,48.75,22,47.77,51.79,17,50
14818,70.12,23,32.75,56.91,17,51
14819,64.29,20,26.83,54.58,17,51
14821,37.75,14,32.9,49.23,17,51
14823,2.28,9,21.13,44.58,17,51
14822,75.35,29,27.5,45.72,17,51
14822,49.72,23,5.53,69.57,17,51
14825,4.7,5,32.19,89.07,17,51
14824,1.45,6,26.75,60.31,17,51
14828,0.18,4,21.15,60.53,17,51
14827,19.36,12,52.93,16.63,17,51
14828,89.45,22,20.39,67.0,17,51
14830,2.57,10,33.16,48.41,17,51
14831,64.54,35,51.12,67.66,17,51
14833,97.61,35,27.73,56.83,17,51
14834,42.48,20,6.62,67.67,17,51
14833,86.68,30,30.08,68.29,17,51
14833,77.56,31,29.71,64.68,17,51
14837,0.89,1,24.07,13.59,17,51
14838,0.88,4,25.33,45.72,17,51
14838,3.45,7,31.28,48.3,17,51
14838,57.19,16,34.61,68.03,17,51
14840,4.16,2,6.37,14.86,17,51
14841,44.78,26,5.53,54.9,17,51
14841,75.76,21,32.65,63.19,17,51
14844,4.7,10,26.21,57.46,17,51
14845,53.53,16,30.84,62.58,17,51
14843,0.98,3,49.28,51.2,17,51
14847,4.72,6,33.34,58.62,17,51
14847,88.73,22,23.35,46.79,17,51
14848,99.11,34,23.65,13.05,17,51
14850,52.61,15,31.13,56.77,17,51
14848,2.38,4,21.22,44.59,17,51
14852,58.36,17,33.29,43.92,17,51
14853,41.79,15,25.79,87.67,17,51
14853,125.51,33,22.58,63.93,17,51
14852,114.33,34,27.3,60.33,17,51
14855,38.76,16,5.53,52.5,17,51
14856,40.39,24,55.04,16.39,17,51
14856,80.56,35,48.13,55.79,17,51
14856,0.57,11,25.6,59.08,17,51
14857,79.18,19,23.06,68.02,17,51
14860,2.73,11,34.85,41.3,17,51
14862,4.33,1,26.91,64.24,17,51
14860,0.18,8,27.94,52.26,17,51
14863,69.95,17,34.96,40.73,17,51
14862,1.59,3,28.07,52.0,17,51
14865,65.27,25,21.03,54.55,17,51
14866,60.38,27,8.56,56.85,17,51
14865,90.58,27,21.32,48.35,17,51
14868,23.92,15,7.96,19.42,17,51
14868,3.79,2,26.33,47.22,17,51
14868,3.78,7,24.91,66.03,17,51
14869,103.34,28,26.59,61.93,17,51
14873,59.36,18,34.59,44.88,17,51
14871,3.19,11,28.51,42.56,17,51
14872,2.21,3,34.15,47.27,17,51
14876,128.25,32,28.66,86.96,17,51
14877,59.43,21,32.24,52.43,17,51
14875,4.89,9,34.73,51.75,17,51
14878,3.6,5,20.42,57.34,17,51
14879,44.34,34,9.37,12.7,17,52
14878,90.45,22,24.65,49.53,17,52
14881,65.53,16,33.87,43.81,17,52
14880,2.76,11,30.3,60.5,17,52
14883,45.26,16,23.68,42.12,17,52
14882,3.83,5,24.99,64.49,17,52
14885,3.65,11,5.73,93.9,17,52
14887,64.22,22,28.06,46.12,17,52
14887,43.78,21,26.34,18.31,17,52
14887,53.96,18,25.96,57.75,17,52
14890,1.82,7,33.22,68.36,17,52
14888,100.7,33,34.03,62.3,17,52
14889,59.24,15,32.28,61.81,17,52
14892,73.63,21,23.25,56.21,17,52
14894,56.21,18,22.29,51.09,17,52
14893,68.24,31,7.98,69.09,17,52
14893,63.53,34,51.83,50.48,17,52
14895,58.41,33,24.19,91.52,17,52
14895,61.88,34,51.95,62.47,17,52
14897,84.49,26,34.72,69.88,17,52
14900,52.87,20,29.67,40.19,17,52
14901,81.21,31,20.13,52.23,17,52
14900,75.2,24,32.89,65.36,17,52
14901,4.91,10,9.38,64.62,17,52
14903,98.44,32,31.04,63.75,17,52
14902,49.1,18,22.35,93.9,17,52
14904,52.77,24,24.88,90.5,17,52
14904,4.14,4,32.9,17.8,17,52
14907,79.21,21,34.81,61.73,17,52
14906,3.99,2,31.43,42.31,17,52
14909,58.33,14,33.1,85.59,17,52
14908,4.04,1,32.26,46.29,17,52
14910,80.16,25,22.02,49.42,17,52
14911,59.45,21,22.81,19.68,17,52
14912,61.8,20,23.12,50.9,17,52
14915,58.13,19,32.68,64.81,17,52
14913,1.37,5,21.4,17.92,17,52
14914,72.72,27,27.81,40.55,17,52
14916,25.12,12,47.35,47.91,17,52
14918,39.51,14,34.22,57.33,17,52
14918,29.89,13,7.36,68.66,17,52
14919,0.66,2,28.2,60.92,17,52
14920,97.04,33,20.03,45.08,17,52
14922,103.58,28,34.41,60.43,17,52
14924,3.54,7,23.65,58.74,17,52
14923,61.82,17,32.91,55.85,17,52
14926,54.07,16,24.58,47.52,17,52
14926,2.87,2,32.92,44.43,17,52
14925,2.26,4,20.94,85.84,17,52
14929,42.57,15,26.82,53.09,17,52
14927,59.59,34,27.95,14.78,17,52
14930,108.89,32,24.61,41.04,17,52
14932,32.14,13,28.58,19.69,17,52
14933,24.69,17,50.34,11.14,17,52
14933,3.68,8,34.78,49.66,17,52
14934,68.33,18,22.75,49.93,17,52
14933,38.24,19,23.77,15.01,17,52
14935,47.57,22,7.64,47.77,17,52
14937,74.81,35,54.84,62.81,17,52
14939,3.19,11,22.22,54.29,17,52
14937,132.77120000000002,34,20.25,67.78,17,53
14939,45.47,30,48.64,62.13,17,53
14940,1.14,8,5.53,55.05,17,53
14941,81.15,30,28.12,90.14,17,53
14943,2.24,8,22.91,40.01,17,53
14943,59.0,26,7.95,51.84,17,53
14943,84.71,28,28.02,57.82,17,53
14944,4.39,5,54.51,66.33,17,53
14948,129.6,33,31.49,59.62,17,53
14948,40.08,26,55.18,17.57,17,53
14947,36.04,16,7.34,58.41,17,53
14948,2.49,11,7.69,88.9,17,53
14949,0.49,5,9.99,45.52,17,53
14950,43.62,17,22.48,41.1,17,53
14952,1.5,1,32.92,55.46,17,53
14953,36.41,14,30.97,15.66,17,53
14955,0.9,4,23.6,53.81,17,53
14954,62.47,22,30.92,61.56,17,53
14955,91.78,30,28.78,66.33,17,53
14959,33.11,13,25.79,67.77,17,53
14958,93.85,29,23.42,68.5,17,53
14958,39.39,12,28.6,50.32,17,53
14960,4.83,6,21.3,40.59,17,53
14963,54.83,29,48.21,66.56,17,53
14964,3.49,4,25.84,66.82,17,53
14964,47.47,19,51.98,64.95,17,53
14964,98.47,26,21.38,58.45,17,53
14964,3.2,8,34.98,42.44,17,53
14967,4.58,5,58.45560000000002,57.37,17,53
14969,59.98,20,33.14,59.21,17,53
14967,108.77,30,25.29,46.84,17,53
14968,1.83,10,20.59,46.22,17,53
14969,99.67,27,26.87,88.26,17,53
14972,81.91,29,25.01,40.09,17,53
14974,1.04,3,25.58,40.94,17,53
14974,113.3,34,33.3,51.36,17,53
14974,3.63,9,20.88,46.1,17,53
14976,2.41,5,26.46,93.45,17,53
14975,0.81,6,34.45,65.71,17,53
14979,0.85,1,51.33,44.91,17,53
14978,85.29,22,20.95,85.45,17,53
14981,0.83,4,34.98,12.48,17,53
14980,57.17,14,31.19,47.48,17,53
14983,72.49,19,24.07,48.67,17,53
14984,1.44,5,46.35,51.19,17,53
14982,132.77120000000002,34,23.98,49.77,17,53
14983,52.87,28,9.26,46.05,17,53
14987,62.66,15,20.7,52.41,17,53
14986,61.87,16,23.7,43.48,17,53
14988,34.03,12,31.79,44.94,17,53
14988,0.65,9,34.5,17.2,17,53
14988,61.56,25,58.45560000000002,44.59,17,53
14991,77.67,28,25.68,50.96,17,53
14990,4.83,11,20.09,43.26,17,53
14991,3.44,4,34.53,43.05,17,53
14995,85.47,33,30.63,90.24,17,53
14996,2.34,1,8.27,53.22,17,53
14996,61.99,31,31.08,16.49,17,53
14998,0.41,4,32.82,68.47,17,53
14996,0.81,5,9.75,85.38,17,53
15000,2.09,4,23.42,58.48,17,54
14998,1.54,1,20.77,58.01,17,54
15000,2.16,6,32.72,60.13,17,54
15003,4.58,11,30.18,65.9,17,54
15003,54.88,15,32.08,66.08,17,54
15003,34.96,17,21.31,92.8,17,54
15003,68.19,20,34.95,48.56,17,54
15007,46.55,23,56.83,69.34,17,54
15005,57.09,30,26.2,12.05,17,54
15007,95.86,24,31.6,65.21,17,54
15009,87.26,21,34.22,49.57,17,54
15009,105.18,35,33.47,46.95,17,54
15009,109.44,27,25.7,50.84,17,54
15010,3.45,9,29.57,59.32,17,54
15013,63.34,29,9.67,40.2,17,54
15012,80.05,35,54.53,67.22,17,54
15013,30.24,18,54.47,61.31,17,54
15015,100.88,27,23.51,57.44,17,54
15016,3.29,5,34.74,44.88,17,54
15019,2.4,10,22.88,47.02,17,54
15020,123.06,35,21.09,69.3,17,54
15018,2.52,6,51.89,43.44,17,54
15021,31.04,12,20.03,46.47,17,54
15020,118.09,33,34.74,63.04,17,54
15022,1.2,10,25.18,64.73,17,54
15025,103.39,29,24.22,59.52,17,54
15024,57.53,16,25.44,54.2,17,54
15026,39.69,18,32.09,18.36,17,54
15027,68.25,25,29.13,89.65,17,54
15029,0.47,11,9.31,63.36,17,54
15027,2.25,8,57.7,12.51,17,54
15029,3.25,10,22.07,44.53,17,54
15029,70.31,22,31.74,48.08,17,54
15032,90.92,23,28.24,87.88,17,54
15033,28.28,16,48.25,48.28,17,54
15032,20.51,14,53.54,12.59,17,54
15033,3.91,7,28.42,63.33,17,54
15034,61.02,17,26.07,40.55,17,54
15038,34.86,12,33.85,57.27,17,54
15039,3.65,8,26.7,60.2,17,54
15038,1.23,1,31.96,14.59,17,54
15039,89.56,32,32.07,43.26,17,54
15041,24.82,16,50.2,14.02,17,54
15043,54.96,32,5.53,68.23,17,54
15043,106.63,32,26.71,40.41,17,54
15044,2.34,9,31.13,18.87,17,54
15045,96.83,25,23.23,53.51,17,54
15046,54.55,34,5.86,13.31,17,54
15045,1.36,7,21.15,42.45,17,54
15049,4.28,9,22.09,58.32,17,54
15050,3.05,10,33.12,54.73,17,54
15049,1.06,7,26.56,54.51,17,54
15051,66.87,33,29.19,11.14,17,54
15051,2.94,8,21.68,67.44,17,54
15053,68.76,33,30.22,19.94,17,54
15055,2.98,2,30.1,51.78,17,54
15054,62.16,15,28.5,46.23,17,54
15055,57.52,30,7.12,61.6,17,54
15058,53.07,29,23.59,91.05,17,54
15059,63.48,24,27.0,54.58,17,54
15057,59.78,25,55.93,43.35,17,55
15060,55.78,32,48.15,66.99,17,55
15059,69.45,32,6.11,51.39,17,55
15061,56.99,14,32.07,45.58,17,55
15062,3.28,1,21.92,51.86,17,55
15064,77.57,31,34.61,46.53,17,55
15063,2.75,3,20.99,69.67,17,55
15065,56.79,18,27.11,44.72,17,55
15067,62.82,31,58.45560000000002,60.93,17,55
15069,4.67,9,26.77,67.75,17,55
15069,36.85,24,6.23,89.29,17,55
15070,24.23,13,33.42,14.19,17,55
15071,68.79,22,30.83,54.17,17,55
15072,1.34,9,28.53,44.18,17,55
15072,70.85,30,7.75,89.14,17,55
15072,106.93,29,29.51,57.71,17,55
15074,80.46,29,24.93,45.61,17,55
15075,124.53,32,25.04,66.01,17,55
15078,118.61,34,28.68,60.83,17,55
15078,37.06,35,6.65,15.48,17,55
15078,53.55,13,31.71,48.56,17,55
15078,47.66,14,31.55,44.25,17,55
15079,0.43,1,8.37,66.71,17,55
15080,2.8,6,24.13,58.27,17,55
15081,81.6,31,20.5,40.26,17,55
15084,78.48,20,27.06,58.77,17,55
15085,51.24,19,23.58,47.18,17,55
15086,77.98,27,33.28,48.19,17,55
15087,4.14,4,46.98,62.41,17,55
15086,36.58,14,33.84,67.5,17,55
15087,25.91,16,55.46,91.37,17,55
15091,0.51,9,6.17,40.23,17,55
15092,4.76,3,34.56,68.34,17,55
15090,37.12,14,33.46,93.05,17,55
15093,96.4,26,32.59,89.99,17,55
15093,3.69,4,58.18,60.32,17,55
15095,38.03,19,28.18,91.37,17,55
15096,1.33,3,26.18,57.19,17,55
15098,4.59,1,24.17,67.0,17,55
15096,95.68,26,24.9,44.55,17,55
15097,0.34,2,49.66,59.09,17,55
15100,86.66,27,25.25,46.46,17,55
15100,82.51,33,28.81,53.15,17,55
15103,4.38,2,23.39,40.33,17,55
15101,2.22,3,49.04,45.21,17,55
15104,1.59,1,30.77,41.12,17,55
15105,1.96,1,22.22,42.48,17,55
15106,3.78,10,50.75,43.37,17,55
15107,111.72,29,22.83,66.44,17,55
15106,26.95,14,50.55,63.11,17,55
15108,24.12,14,52.61,69.28,17,55
15109,99.55,25,32.57,55.99,17,55
15112,117.96,35,31.08,61.16,17,55
15110,30.24,12,22.85,13.62,17,55
15111,2.92,10,46.61,89.73,17,55
15114,3.24,9,30.15,63.8,17,55
15114,37.24,16,53.54,60.14,17,55
15117,40.21,27,54.59,14.36,17,55
15118,4.23,3,22.81,62.44,17,55
15116,105.25,26,31.88,48.77,17,55
15119,36.17,16,23.55,12.46,17,56
15118,56.79,16,24.03,86.01,17,56
15121,117.58,31,32.28,40.78,17,56
15123,47.55,18,25.16,56.68,17,56
15123,56.84,29,20.71,11.14,17,56
15124,49.83,15,27.87,86.15,17,56
15125,3.41,5,26.75,68.37,17,56
15127,40.86,23,30.14,91.05,17,56
15128,2.53,1,28.94,19.73,17,56
15126,40.77,13,34.71,44.89,17,56
15130,3.61,5,31.45,18.75,17,56
15131,109.98,31,20.99,61.85,17,56
15131,30.61,13,29.0,94.03,17,56
15130,3.4,6,26.5,56.43,17,56
15131,37.13,14,28.56,50.26,17,56
15132,56.74,35,9.07,61.62,17,56
15135,0.18,5,22.2,17.61,17,56
15134,57.95,30,23.81,14.11,17,56
15136,38.76,15,26.18,43.72,17,56
15139,0.18,9,54.29,56.34,17,56
15137,90.03,24,20.86,52.3,17,56
15138,0.18,2,23.57,50.19,17,56
15142,0.45,3,25.35,65.01,17,56
15143,101.37,33,25.97,63.72,17,56
15144,63.19,17,25.49,48.93,17,56
15144,2.5,7,30.92,64.18,17,56
15144,0.77,1,8.03,49.69,17,56
15147,2.49,6,7.67,51.86,17,56
15145,50.45,15,33.25,63.99,17,56
15146,36.59,20,5.71,50.97,17,56
15150,64.67,26,33.85,16.87,17,56
15150,90.02,35,33.38,16.38,17,56
15152,1.84,8,21.79,56.45,17,56
15153,93.63,24,31.59,55.96,17,56
15154,2.27,7,34.0,56.77,17,56
15152,2.29,10,25.62,61.45,17,56
15154,57.16,16,33.2,63.51,17,56
15155,112.3,31,27.92,56.36,17,56
15158,53.38,14,32.99,56.27,17,56
15156,132.77120000000002,33,26.19,43.12,17,56
15159,32.54,13,26.67,59.68,17,56
15158,4.95,1,8.69,49.26,17,56
15161,51.83,13,22.29,65.1,17,56
15163,0.18,1,32.11,68.79,17,56
15161,2.53,7,26.74,55.51,17,56
15165,41.57,22,5.9,62.35,17,56
15165,1.5,8,33.01,15.98,17,56
15164,69.16,26,27.1,69.46,17,56
15165,61.42,28,6.49,55.75,17,56
15169,70.6,29,34.91,13.03,17,56
15168,127.51,31,32.4,48.48,17,56
15170,3.97,10,28.81,66.12,17,56
15171,82.88,24,33.98,88.17,17,56
15173,39.46,26,54.98,68.04,17,56
15172,1.47,11,23.52,91.36,17,56
15174,1.2,9,29.73,59.03,17,56
15175,2.1,5,26.89,47.52,17,56
15177,85.75,24,34.2,51.35,17,56
15178,40.06,14,32.04,44.06,17,56
15178,76.39,28,33.16,11.14,17,56
15179,0.98,9,25.67,91.6,17,57
15180,2.11,10,32.25,47.48,17,57
15179,85.22,30,20.76,49.73,17,57
15180,42.77,20,52.52,55.14,17,57
15181,71.44,33,8.55,64.23,17,57
15184,36.34,23,46.13,58.95,17,57
15185,4.37,2,33.71,17.56,17,57
15185,55.52,20,31.66,15.46,17,57
15187,0.76,9,20.16,15.62,17,57
15189,3.46,9,7.67,61.19,17,57
15187,50.77,16,28.25,68.02,17,57
15189,39.02,24,9.73,57.44,17,57
15192,4.92,8,30.83,50.64,17,57
15193,71.18,26,31.77,62.35,17,57
15194,1.18,2,28.82,62.82,17,57
15195,30.02,13,32.87,93.48,17,57
15194,0.59,10,25.66,55.03,17,57
15194,4.67,8,28.33,67.37,17,57
15197,62.26,23,32.24,16.37,17,57
15199,77.77,28,33.23,63.37,17,57
15199,60.31,35,57.92,47.35,17,57
15198,94.12,33,24.49,54.42,17,57
15199,100.98,33,27.13,43.34,17,57
15202,125.32,30,20.63,52.93,17,57
15204,103.65,30,20.85,64.12,17,57
15204,39.84,14,30.68,52.67,17,57
15205,4.18,11,7.19,50.65,17,57
15206,72.97,31,28.67,93.48,17,57
15206,93.9,25,21.1,60.77,17,57
15206,3.36,2,29.14,47.8,17,57
15210,43.33,27,54.06,69.42,17,57
15209,60.14,15,30.7,43.48,17,57
15211,0.18,9,32.6,43.47,17,57
15211,101.76,32,24.37,62.02,17,57
15211,127.52,31,30.24,64.19,17,57
15214,96.78,24,30.43,69.77,17,57
15213,97.54,35,34.22,48.24,17,57
15214,90.02,35,29.59,92.22,17,57
15218,4.39,11,26.22,58.42,17,57
15216,112.55,32,30.87,42.94,17,57
15217,25.95,12,31.04,14.23,17,57
15220,38.53,13,26.28,57.7,17,57
15222,4.3,9,55.94,40.78,17,57
15221,2.86,7,20.39,45.6,17,57
15222,4.03,9,25.16,88.85,17,57
15224,61.79,22,34.08,53.31,17,57
15225,84.28,25,34.61,45.84,17,57
15224,74.03,26,28.64,67.12,17,57
15226,28.65,12,8.05,53.37,17,57
15227,51.31,16,27.33,66.26,17,57
15229,46.92,26,51.6,64.28,17,57
15230,67.82,17,26.94,66.45,17,57
15230,1.24,11,57.01,65.94,17,57
15233,65.17,23,24.81,19.62,17,57
15233,56.67,33,50.71,43.05,17,57
15235,87.3,30,34.13,66.47,17,57
15236,3.69,8,21.95,66.16,17,57
15236,1.58,9,31.61,54.77,17,57
15238,1.14,10,45.83,12.37,17,57
15236,102.27,31,31.33,55.54,17,57
15239,54.99,21,33.58,11.14,17,58
15241,53.9,14,27.9,47.49,17,58
15239,21.33,13,46.45,64.85,17,58
15240,72.3,21,25.99,51.93,17,58
15241,34.44,19,31.33,14.37,17,58
15242,51.99,29,32.22,93.32,17,58
15246,68.22,21,24.71,44.18,17,58
15245,50.95,20,34.35,49.82,17,58
15246,108.05,28,26.88,46.56,17,58
15246,101.12,31,22.97,53.71,17,58
15247,89.19,34,27.47,12.06,17,58
15250,40.94,21,30.48,19.95,17,58
15250,4.4,2,58.45560000000002,44.01,17,58
15250,49.44,12,21.44,56.28,17,58
15252,54.46,26,45.97,68.99,17,58
15254,130.64,32,29.55,58.72,17,58
15256,0.43,10,27.6,51.64,17,58
15256,4.95,11,7.49,54.17,17,58
15256,39.41,18,52.55,65.84,17,58
15256,75.37,27,22.54,42.51,17,58
15257,2.69,9,30.21,50.39,17,58
15261,0.65,5,28.79,69.24,17,58
15259,72.94,22,33.27,50.56,17,58
15261,74.24,29,22.82,54.79,17,58
15264,89.4,26,32.58,43.05,17,58
15264,39.12,17,50.8,43.49,17,58
15264,1.87,1,21.57,50.36,17,58
15267,1.51,9,26.56,57.88,17,58
15268,68.48,28,57.03,48.84,17,58
15267,81.17,21,25.74,69.53,17,58
15267,76.15,21,31.34,67.75,17,58
15270,120.92,34,23.99,43.24,17,58
15271,2.41,5,25.38,49.53,17,58
15271,28.18,13,22.52,13.94,17,58
15273,84.6,23,28.07,60.2,17,58
15274,0.71,7,29.85,86.8,17,58
15275,38.82,14,30.85,61.61,17,58
15276,4.89,10,26.42,94.03,17,58
15275,54.66,24,57.52,59.25,17,58
15279,75.44,24,23.12,50.14,17,58
15279,1.28,7,26.57,16.02,17,58
15278,3.72,1,20.61,59.58,17,58
15281,130.87,34,27.76,62.88,17,58
15282,3.6,9,6.04,61.66,17,58
15283,44.86,16,29.5,68.04,17,58
15282,48.56,21,8.43,43.11,17,58
15285,4.95,6,22.14,58.48,17,58
15287,2.56,3,6.66,50.78,17,58
15286,90.8,26,25.4,68.68,17,58
15289,24.77,12,6.7,62.78,17,58
15290,38.74,22,58.18,47.44,17,58
15288,2.59,9,47.07,49.57,17,58
15291,62.07,16,27.22,48.96,17,58
15291,92.43,27,20.4,44.06,17,58
15294,68.69,17,20.6,49.08,17,58
15295,121.95,32,28.62,46.36,17,58
15293,4.15,10,25.02,43.51,17,58
15296,50.97,23,7.28,50.83,17,58
15296,3.54,11,45.12,40.97,17,58
15298,4.24,5,26.55,60.89,17,58
15298,0.23,3,33.25,46.13,17,59
15298,96.57,33,27.58,91.91,17,59
15299,61.52,24,27.21,93.09,17,59
15301,39.26,12,30.19,56.49,17,59
15302,3.32,5,20.73,68.47,17,59
15305,2.73,10,23.55,90.2,17,59
15304,71.91,27,32.56,57.51,17,59
15304,101.77,28,25.9,50.18,17,59
15308,91.45,33,24.23,18.64,17,59
15308,2.05,8,26.88,86.77,17,59
15307,0.33,7,33.68,69.09,17,59
15310,1.77,7,22.04,93.82,17,59
15310,4.6,5,24.22,56.35,17,59
15313,0.82,4,31.29,56.19,17,59
15311,115.72,32,23.07,61.4,17,59
15313,48.92,20,9.03,56.2,17,59
15313,117.07,30,21.87,45.1,17,59
15315,94.92,30,27.55,41.14,17,59
15315,2.41,1,6.38,47.14,17,59
15317,0.29,1,27.81,58.35,17,59
15318,0.73,3,24.28,55.5,17,59
15318,98.07,32,24.21,59.48,17,59
15322,131.16,35,21.27,54.06,17,59
15320,2.15,11,9.08,68.91,17,59
15322,3.8,1,29.91,53.6,17,59
15324,87.28,22,21.61,67.5,17,59
15325,1.59,2,30.57,16.81,17,59
15325,1.49,9,28.96,62.94,17,59
15325,123.96,34,32.32,69.75,17,59
15327,120.45,31,33.72,60.73,17,59
15328,73.96,21,25.13,48.41,17,59
15331,79.69,23,22.67,54.22,17,59
15332,91.09,29,22.42,58.55,17,59
15332,3.32,1,29.94,89.84,17,59
15334,45.69,15,25.26,67.33,17,59
15332,107.13,34,23.66,89.08,17,59
15333,53.75,19,22.2,49.48,17,59
15337,71.47,25,22.4,12.53,17,59
15336,54.33,19,27.08,11.14,17,59
15338,32.33,12,32.43,68.56,17,59
15340,74.51,22,31.42,55.36,17,59
15338,0.35,4,29.32,86.97,17,59
15339,81.9,28,28.63,50.48,17,59
15341,23.17,19,9.43,16.61,17,59
15344,33.75,19,21.77,14.25,17,59
15343,51.71,24,32.01,11.14,17,59
15343,111.53,35,31.96,69.89,17,59
15347,4.95,7,29.91,58.06,17,59
15348,0.45,8,5.53,64.09,17,59
15349,2.84,9,33.48,52.08,17,59
15348,55.69,18,29.07,55.32,17,59
15349,60.11,19,24.37,60.68,17,59
15349,0.47,8,32.2,40.11,17,59
15351,2.22,5,33.28,18.22,17,59
15354,3.99,8,29.93,67.46,17,59
15355,2.8,7,30.24,49.86,17,59
15353,62.74,20,26.81,62.83,17,59
15357,38.84,13,31.93,88.19,17,59
15356,62.81,25,56.81,58.81,17,59
15357,102.85,27,32.45,45.0,17,59
15359,4.07,4,32.84,43.52,18,0
15360,29.87,22,48.46,90.25,18,0
15359,116.05,32,22.95,53.26,18,0
15360,100.33,30,22.78,60.64,18,0
15363,1.83,5,28.25,15.0,18,0
15365,80.66,24,34.49,89.27,18,0
15363,43.06,17,30.52,46.83,18,0
15366,106.54,30,33.55,47.45,18,0
15365,79.64,24,21.26,52.53,18,0
15366,0.92,10,30.83,50.33,18,0
15368,35.49,20,5.61,45.63,18,0
15370,61.35,22,22.73,90.35,18,0
15372,1.82,8,58.45560000000002,63.38,18,0
15371,23.01,13,23.13,14.32,18,0
15373,90.63,24,20.84,44.33,18,0
15375,68.7,22,33.48,67.66,18,0
15376,0.24,7,24.06,54.98,18,0
15376,62.49,19,31.13,48.53,18,0
15378,47.07,22,8.59,54.2,18,0
15376,3.3,4,24.09,56.65,18,0
15379,93.63,26,33.88,66.81,18,0
15381,4.4,6,28.38,57.34,18,0
15382,49.65,18,24.32,90.23,18,0
15381,85.64,21,26.55,51.38,18,0
15382,68.11,18,30.89,45.2,18,0
15383,66.3,21,32.12,65.82,18,0
15383,2.23,6,33.1,44.47,18,0
15385,38.54,17,5.53,57.33,18,0
15385,107.2,29,34.46,50.47,18,0
15387,1.51,2,5.83,67.96,18,0
15389,3.18,4,34.58,49.05,18,0
15390,0.99,8,5.58,51.45,18,0
15390,38.81,26,8.56,13.81,18,0
15391,69.18,18,21.34,41.7,18,0
15392,1.46,3,23.83,50.66,18,0
15393,50.24,12,27.22,49.27,18,0
15394,107.11,34,28.32,53.2,18,0
15395,4.1,9,24.97,65.15,18,0
15397,59.16,17,22.39,50.06,18,0
15398,0.95,7,23.15,55.16,18,0
15397,91.69,22,34.04,68.1,18,0
15399,107.67,34,20.49,41.05,18,0
15401,63.03,19,20.44,63.42,18,0
15402,96.38,28,26.17,58.56,18,0
15403,1.08,11,6.83,11.22,18,0
15403,58.72,20,32.18,40.22,18,0
15406,4.4,9,46.28,58.99,18,0
15404,0.41,8,25.56,63.35,18,0
15406,2.02,4,34.64,55.0,18,0
15408,55.77,14,26.59,50.43,18,0
15409,113.11,35,22.61,40.18,18,0
15408,79.95,26,20.07,55.01,18,0
15411,65.51,23,23.85,51.44,18,0
15412,35.44,16,33.38,90.71,18,0
15412,98.03,26,29.16,67.71,18,0
15413,62.14,18,23.1,40.15,18,0
15413,53.06,14,23.68,57.45,18,0
15415,79.6,27,34.84,53.24,18,0
15417,1.58,6,34.93,85.83,18,0
15418,49.97,16,21.49,63.4,18,0
15419,1.92,5,27.42,65.8,18,1
15421,57.21,34,57.52,69.34,18,1
15419,96.25,30,28.95,41.77,18,1
15422,0.18,11,34.77,92.56,18,1
15421,42.23,21,29.43,92.86,18,1
15423,101.33,35,23.69,59.2,18,1
15425,64.26,23,25.03,54.87,18,1
15424,0.46,8,30.28,11.14,18,1
15426,41.41,21,21.54,11.14,18,1
15429,2.84,5,23.54,45.19,18,1
15429,114.1,31,28.63,45.94,18,1
15429,57.97,22,32.88,44.44,18,1
15430,43.65,27,9.09,51.28,18,1
15430,63.23,16,33.07,63.93,18,1
15433,3.03,6,28.4,45.9,18,1
15432,4.87,7,24.51,57.53,18,1
15436,1.27,9,22.74,68.25,18,1
15437,1.15,2,31.16,63.06,18,1
15437,1.07,3,22.06,17.8,18,1
15437,80.81,24,31.42,51.26,18,1
15437,102.18,26,21.2,90.0,18,1
15438,132.77120000000002,34,23.09,67.06,18,1
15441,3.45,3,29.31,15.67,18,1
15441,31.61,12,22.75,55.01,18,1
15442,67.89,23,32.78,54.81,18,1
15442,1.86,11,20.67,18.92,18,1
15445,132.77120000000002,35,24.53,67.16,18,1
15444,43.01,21,5.71,66.4,18,1
15447,3.71,11,23.8,51.75,18,1
15449,40.49,13,31.92,88.39,18,1
15447,51.03,16,24.99,66.92,18,1
15449,37.58,12,28.65,60.95,18,1
15452,58.11,26,33.72,16.96,18,1
15452,2.16,5,21.47,41.66,18,1
15453,117.9,29,23.56,50.05,18,1
15452,60.55,17,27.42,44.26,18,1
15453,47.19,13,33.08,50.78,18,1
15455,39.72,24,7.05,93.19,18,1
15457,49.59,24,28.38,11.14,18,1
15459,81.39,30,23.0,67.09,18,1
15458,72.36,24,31.26,58.11,18,1
15459,104.92,25,20.47,53.04,18,1
15462,84.21,30,20.3,68.71,18,1
15462,0.18,10,28.23,53.48,18,1
15461,4.52,6,48.16,68.05,18,1
15462,40.25,16,22.49,19.29,18,1
15466,2.48,7,20.44,66.38,18,1
15467,62.57,22,27.08,16.11,18,1
15466,54.72,19,24.69,69.96,18,1
15466,61.76,16,23.56,68.52,18,1
15469,72.36,26,25.62,60.24,18,1
15469,4.23,3,32.63,68.52,18,1
15470,94.28,29,21.73,61.61,18,1
15471,1.0,9,46.9,61.53,18,1
15471,96.15,32,21.08,48.86,18,1
15474,43.54,15,26.53,87.93,18,1
15474,63.23,19,30.86,48.53,18,1
15477,58.92,20,33.99,53.24,18,1
15475,0.99,5,29.96,51.4,18,1
15476,113.68,33,22.79,48.42,18,1
15478,1.78,11,5.89,68.65,18,2
15480,4.49,4,34.84,48.0,18,2
15481,71.94,23,31.94,47.99,18,2
15481,62.96,27,52.95,55.06,18,2
15484,59.37,16,28.2,45.7,18,2
15484,102.76,29,24.38,55.09,18,2
15484,93.13,28,28.35,64.87,18,2
15487,50.55,21,9.62,53.48,18,2
15487,0.18,10,33.08,45.58,18,2
15489,2.04,3,30.98,68.02,18,2
15487,108.87,29,20.28,49.89,18,2
15489,90.88,27,20.25,58.8,18,2
15489,74.77,32,9.53,57.78,18,2
15493,4.12,6,5.73,41.41,18,2
15493,121.57,32,26.37,51.46,18,2
15493,104.98,27,34.83,55.9,18,2
15495,22.87,20,56.24,17.52,18,2
15497,48.79,16,27.15,65.41,18,2
15497,2.48,10,58.45560000000002,58.86,18,2
15496,65.16,17,26.93,49.28,18,2
15497,67.94,17,22.69,67.6,18,2
15501,108.43,31,22.03,50.36,18,2
15499,76.38,23,32.62,52.85,18,2
15503,32.55,20,58.45560000000002,48.53,18,2
15503,73.09,27,27.32,88.5,18,2
15505,51.72,23,53.27,58.44,18,2
15505,62.86,23,26.78,50.49,18,2
15507,37.0,13,26.65,44.1,18,2
15508,63.42,31,20.36,18.66,18,2
15506,2.09,4,33.08,49.95,18,2
15510,120.89,29,28.94,41.92,18,2
15511,42.34,16,28.27,54.48,18,2
15510,95.28,28,20.85,45.44,18,2
15510,107.42,27,26.6,43.98,18,2
15511,63.5,17,23.48,47.79,18,2
15514,0.53,2,24.28,67.02,18,2
15516,96.29,32,32.87,58.27,18,2
15516,72.79,28,21.09,69.47,18,2
15517,1.42,1,6.61,47.99,18,2
15518,3.51,10,20.02,67.59,18,2
15520,84.31,24,25.52,56.96,18,2
15519,59.62,26,32.73,15.91,18,2
15522,44.77,15,31.58,40.65,18,2
15521,3.67,1,31.4,66.8,18,2
15524,1.2,5,23.17,93.63,18,2
15522,4.56,7,29.89,59.77,18,2
15524,24.07,14,6.47,53.23,18,2
15527,30.8,20,46.48,40.01,18,2
15528,3.13,7,58.45560000000002,15.27,18,2
15529,1.6,6,29.03,62.17,18,2
15529,79.4,30,23.5,59.36,18,2
15529,69.73,17,33.53,60.78,18,2
15530,2.29,3,8.46,42.42,18,2
15532,70.8,29,45.85,52.33,18,2
15532,54.63,22,52.78,55.84,18,2
15533,56.96,16,21.43,56.13,18,2
15536,84.25,25,30.16,48.96,18,2
15534,1.85,3,33.19,43.52,18,2
15537,77.42,24,26.55,56.63,18,2
15539,36.15,16,45.16,57.21,18,2
15540,50.46,19,28.99,43.73,18,3
15539,77.51,29,20.33,47.07,18,3
15540,4.27,5,30.2,59.26,18,3
15542,110.86,33,21.72,47.78,18,3
15541,0.29,2,30.59,53.17,18,3
15543,31.46,16,48.27,64.8,18,3
15543,35.02,15,6.84,65.91,18,3
15544,3.93,8,25.72,58.46,18,3
15545,24.15,22,53.89,17.13,18,3
15549,85.89,21,34.48,47.29,18,3
15547,3.12,5,51.59,41.64,18,3
15550,3.04,5,29.77,46.82,18,3
15550,1.25,7,25.22,62.96,18,3
15551,59.81,18,29.85,65.64,18,3
15551,1.82,6,58.45560000000002,51.45,18,3
15554,113.94,28,24.8,54.49,18,3
15555,79.34,26,27.24,49.86,18,3
15554,36.82,23,5.53,17.54,18,3
15555,63.94,22,25.44,44.35,18,3
15556,39.9,15,20.73,13.84,18,3
15558,39.87,13,31.54,57.66,18,3
15559,62.38,15,32.18,87.5,18,3
15560,54.02,20,28.04,49.54,18,3
15562,1.18,2,23.8,65.71,18,3
15563,1.18,6,30.66,64.99,18,3
15563,49.11,13,20.91,47.11,18,3
15564,3.16,5,34.53,43.79,18,3
15565,80.67,29,26.39,55.95,18,3
15567,46.69,14,28.13,58.27,18,3
15569,2.35,1,23.41,57.07,18,3
15568,33.65,16,33.41,18.03,18,3
15570,78.05,31,24.82,40.12,18,3
15570,113.52,30,27.62,49.0,18,3
15570,91.93,25,26.49,47.01,18,3
15571,80.22,22,24.76,46.7,18,3
15572,3.35,5,8.47,51.47,18,3
15574,0.23,10,25.94,60.98,18,3
15576,63.35,18,34.81,53.82,18,3
15577,114.99,31,20.32,49.24,18,3
15579,72.61,30,58.45560000000002,58.26,18,3
15577,42.24,15,28.08,88.96,18,3
15579,81.44,26,24.5,45.8,18,3
15582,66.29,20,34.66,64.91,18,3
15581,86.31,31,24.15,61.3,18,3
15584,58.81,19,23.24,86.23,18,3
15582,123.33,30,31.97,47.15,18,3
15584,1.7,9,24.53,48.69,18,3
15586,0.18,8,55.11,85.82,18,3
15587,4.58,3,23.07,63.02,18,3
15587,34.4,21,7.81,62.17,18,3
15589,1.08,5,32.37,65.06,18,3
15588,4.77,4,20.67,56.46,18,3
15590,75.78,35,29.78,15.09,18,3
15592,1.03,4,8.0,45.46,18,3
15593,53.45,23,45.71,68.66,18,3
15592,74.99,23,32.84,54.91,18,3
15595,94.34,28,34.82,52.97,18,3
15596,0.37,2,31.67,52.24,18,3
15598,2.92,1,58.45560000000002,17.04,18,3
15598,3.8,9,26.78,92.2,18,3
15599,53.9,21,33.29,64.84,18,4
15599,66.08,17,29.68,42.17,18,4
15599,51.11,15,23.45,59.54,18,4
15603,119.3,34,34.41,66.49,18,4
15604,47.35,23,29.74,13.25,18,4
15603,107.63,33,28.94,47.17,18,4
15605,2.81,8,20.59,68.58,18,4
15605,79.57,21,34.52,67.45,18,4
15606,107.58,26,29.21,56.42,18,4
15607,87.56,35,31.84,40.15,18,4
15608,102.13,34,30.71,52.1,18,4
15609,78.07,20,21.19,55.53,18,4
15611,74.17,27,27.8,48.56,18,4
15613,2.41,5,8.96,62.89,18,4
15612,3.7,9,23.68,59.84,18,4
15615,70.83,28,31.3,17.05,18,4
15615,79.58,31,22.03,89.92,18,4
15617,70.16,27,24.65,68.24,18,4
15615,96.14,25,22.4,85.84,18,4
15617,51.17,18,30.28,40.58,18,4
15617,46.17,25,23.23,92.74,18,4
15619,4.58,6,29.77,87.33,18,4
15619,4.37,8,32.03,60.6,18,4
15623,125.94,32,33.07,55.77,18,4
15621,62.46,34,7.41,60.26,18,4
15624,45.07,14,29.37,51.33,18,4
15625,32.82,18,58.23,61.05,18,4
15627,94.51,23,24.7,50.64,18,4
15627,132.77120000000002,33,21.76,46.49,18,4
15627,51.73,18,33.32,65.38,18,4
15630,96.57,35,21.74,43.01,18,4
15628,112.28,33,34.49,65.92,18,4
15632,49.89,28,6.17,46.35,18,4
15633,88.2,35,34.56,54.12,18,4
15634,28.22,12,5.6,55.96,18,4
15633,66.72,20,34.75,64.41,18,4
15634,0.18,5,32.82,59.74,18,4
15635,2.71,8,54.62,43.17,18,4
15638,120.23,29,22.66,52.67,18,4
15638,77.2,21,33.56,59.22,18,4
15637,58.74,28,21.72,19.97,18,4
15639,48.93,14,33.83,40.27,18,4
15641,1.77,2,30.03,52.83,18,4
15641,72.9,18,27.92,66.79,18,4
15642,63.07,30,34.79,14.75,18,4
15645,3.05,8,25.36,14.61,18,4
15645,1.81,2,25.16,41.85,18,4
15644,1.15,3,52.98,12.06,18,4
15647,88.61,34,30.81,60.61,18,4
15649,107.13,33,30.53,55.79,18,4
15648,69.82,31,8.27,86.55,18,4
15649,48.61,22,5.59,59.7,18,4
15649,83.4,26,24.37,67.04,18,4
15653,62.83,15,31.67,56.66,18,4
15654,101.1,29,34.49,52.29,18,4
15652,71.03,19,24.52,54.31,18,4
15654,1.27,10,32.94,44.58,18,4
15655,62.43,18,27.79,54.75,18,4
15655,1.5,4,29.6,18.75,18,4
15659,94.09,25,34.78,86.4,18,4
15659,4.74,4,30.41,57.67,18,5
15659,24.08,13,5.53,53.48,18,5
15661,2.55,10,29.24,62.03,18,5
15660,4.51,3,21.48,60.77,18,5
15662,61.2,24,33.38,67.46,18,5
15665,32.58,14,46.72,42.61,18,5
15664,54.74,31,21.9,11.14,18,5
15664,4.04,4,26.15,55.58,18,5
15666,88.59,22,33.54,47.93,18,5
15667,3.2,4,22.61,69.99,18,5
15669,55.0,15,25.32,42.98,18,5
15668,105.04,31,23.38,51.9,18,5
15670,78.39,22,24.75,48.66,18,5
15673,76.5,20,20.31,40.97,18,5
15671,22.97,13,32.43,14.8,18,5
15675,47.55,16,34.28,88.43,18,5
15675,4.51,10,31.36,42.64,18,5
15677,85.4,24,21.18,63.95,18,5
15675,36.28,21,8.31,53.65,18,5
15677,132.77120000000002,32,29.19,65.89,18,5
15677,33.26,14,45.74,55.76,18,5
15679,55.69,31,24.96,17.74,18,5
15680,3.62,1,31.58,50.21,18,5
15682,0.18,9,45.08,56.34,18,5
15684,86.6,35,50.76,59.54,18,5
15685,70.61,29,32.83,91.88,18,5
15685,80.71,31,31.2,47.05,18,5
15685,1.76,9,28.84,67.11,18,5
15685,85.93,26,33.15,66.63,18,5
15687,46.49,25,47.21,61.32,18,5
15688,29.93,12,20.68,14.29,18,5
15691,3.1,10,30.83,86.65,18,5
15689,4.26,6,9.19,53.08,18,5
15691,67.63,25,26.3,87.99,18,5
15693,4.73,2,29.77,19.06,18,5
15695,112.47,28,23.65,50.35,18,5
15693,3.77,1,34.69,66.63,18,5
15694,64.16,28,8.01,50.92,18,5
15697,15.2,12,57.89,12.07,18,5
15699,73.35,28,33.18,64.45,18,5
15700,4.15,10,32.47,41.11,18,5
15698,37.45,12,34.26,58.54,18,5
15702,2.68,2,31.01,57.25,18,5
15700,95.43,35,25.41,66.13,18,5
15703,33.8,13,21.24,62.62,18,5
15704,93.23,26,34.41,56.73,18,5
15706,37.81,21,52.48,67.28,18,5
15704,85.39,22,22.35,42.5,18,5
15706,2.6,5,20.93,50.9,18,5
15706,51.94,23,56.42,41.39,18,5
15708,3.78,9,33.81,61.02,18,5
15710,55.95,32,8.83,45.35,18,5
15710,2.82,7,23.52,68.14,18,5
15710,0.85,6,27.25,50.92,18,5
15714,105.53,28,28.84,54.45,18,5
15713,64.93,34,28.13,11.14,18,5
15715,112.27,28,26.46,89.02,18,5
15716,28.06,17,7.48,67.27,18,5
15717,1.29,1,53.44,44.66,18,5
15717,79.32,29,20.91,57.04,18,5
15720,79.67,35,26.12,90.59,18,6
15720,3.73,3,23.71,42.2,18,6
15719,32.36,13,34.34,17.57,18,6
15721,38.26,22,46.36,63.43,18,6
15723,42.96,12,28.35,69.01,18,6
15723,1.31,11,27.93,46.84,18,6
15724,66.52,27,32.77,11.95,18,6
15724,54.84,24,9.56,65.52,18,6
15725,87.18,34,34.57,91.31,18,6
15726,85.35,24,26.91,44.78,18,6
15727,3.38,1,22.57,54.68,18,6
15731,34.34,12,27.37,92.91,18,6
15729,3.28,9,27.48,41.62,18,6
15732,120.9,30,25.1,62.57,18,6
15732,112.78,35,31.11,68.32,18,6
15733,3.47,8,20.47,57.29,18,6
15736,36.12,19,49.31,68.05,18,6
15736,111.84,35,34.1,63.86,18,6
15737,50.95,30,7.19,64.88,18,6
15738,76.37,26,24.15,44.61,18,6
15739,0.95,5,27.59,89.15,18,6
15739,108.04,26,31.21,59.87,18,6
15739,78.62,23,21.95,63.2,18,6
15741,47.36,18,34.43,18.63,18,6
15743,0.46,8,24.34,46.45,18,6
15743,1.67,3,21.17,69.62,18,6
15743,4.47,11,32.24,51.35,18,6
15744,74.85,33,33.96,93.95,18,6
15747,2.26,10,30.21,51.08,18,6
15746,62.33,18,33.0,56.78,18,6
15747,0.38,10,34.09,11.14,18,6
15749,19.99,12,8.1,52.39,18,6
15750,49.13,28,34.93,11.23,18,6
15751,68.68,31,28.21,92.95,18,6
15753,0.93,3,29.04,15.79,18,6
15752,51.65,20,30.05,94.03,18,6
15753,43.87,22,22.95,13.09,18,6
15755,1.25,4,31.47,66.08,18,6
15756,47.78,18,34.7,93.06,18,6
15757,82.31,23,23.34,41.23,18,6
15760,3.96,8,5.91,48.6,18,6
15760,4.04,1,28.51,59.87,18,6
15759,81.96,31,28.6,60.73,18,6
15760,2.54,5,32.72,58.76,18,6
15764,50.13,14,31.91,50.56,18,6
15765,44.65,15,21.06,68.05,18,6
15766,4.25,10,28.73,48.38,18,6
15766,108.58,28,22.66,47.24,18,6
15767,45.23,21,31.99,19.99,18,6
15768,41.83,12,27.83,49.27,18,6
15770,4.21,2,28.97,57.36,18,6
15770,63.7,25,20.28,60.09,18,6
15770,77.21,31,46.5,56.83,18,6
15771,77.63,25,28.16,62.95,18,6
15773,96.35,33,20.67,15.51,18,6
15774,2.03,2,26.66,85.78,18,6
15773,3.08,11,26.35,51.29,18,6
15775,83.75,32,28.62,60.15,18,6
15775,2.93,10,25.16,53.64,18,6
15776,32.06,18,7.58,68.18,18,6
15779,1.6,3,50.5,60.08,18,7
15779,34.68,23,49.36,68.63,18,7
15779,62.3,20,23.0,46.4,18,7
15780,3.64,6,32.24,41.81,18,7
15784,2.24,10,31.77,55.07,18,7
15783,4.63,4,34.21,45.15,18,7
15785,48.31,19,24.82,51.58,18,7
15786,108.91,28,21.14,87.43,18,7
15785,53.55,27,20.04,16.57,18,7
15786,69.22,22,25.26,57.38,18,7
15789,3.6,5,56.67,11.14,18,7
15790,1.15,6,21.49,53.45,18,7
15790,114.48,30,20.49,44.22,18,7
15791,112.6,31,22.67,59.19,18,7
15794,2.79,4,30.84,41.98,18,7
15793,55.61,18,28.35,64.06,18,7
15795,45.43,29,51.23,50.77,18,7
15797,49.59,14,22.77,59.12,18,7
15797,68.36,35,58.45560000000002,88.72,18,7
15798,73.59,34,7.48,40.94,18,7
15799,66.32,25,34.14,58.45,18,7
15800,46.36,19,30.11,19.32,18,7
15799,39.39,21,8.68,67.87,18,7
15800,60.61,22,21.69,68.29,18,7
15801,73.56,27,21.97,86.9,18,7
15802,4.06,5,30.22,54.58,18,7
15806,2.76,11,24.22,44.21,18,7
15806,4.31,8,21.13,46.57,18,7
15807,132.77120000000002,33,27.44,50.81,18,7
15806,36.45,15,47.58,49.43,18,7
15810,64.54,33,34.48,15.48,18,7
15810,73.54,35,6.78,69.48,18,7
15809,1.16,5,29.12,50.45,18,7
15813,76.16,27,31.96,66.69,18,7
15814,73.38,29,27.72,44.69,18,7
15813,48.48,17,22.44,58.81,18,7
15814,76.86,33,27.48,90.14,18,7
15816,69.32,24,23.5,53.29,18,7
15818,66.65,28,27.39,14.28,18,7
15816,30.94,17,8.99,60.6,18,7
15817,42.07,22,32.25,11.95,18,7
15819,1.24,10,34.37,50.16,18,7
15822,41.25,19,54.57,64.71,18,7
15820,3.92,2,31.02,46.38,18,7
15824,89.32,32,32.37,65.45,18,7
15825,4.74,10,25.09,15.63,18,7
15826,3.53,5,25.56,65.0,18,7
15825,132.77120000000002,35,32.15,87.21,18,7
15825,91.33,34,27.25,54.98,18,7
15828,88.08,26,28.0,53.31,18,7
15829,65.61,28,5.53,45.79,18,7
15828,110.72,33,20.68,67.94,18,7
15830,80.37,28,34.3,49.4,18,7
15830,31.12,14,8.12,47.6,18,7
15834,128.43,35,33.03,45.25,18,7
15834,95.37,23,21.69,41.36,18,7
15833,1.64,1,20.69,67.61,18,7
15835,83.55,26,20.33,69.92,18,7
15837,35.83,12,24.78,48.3,18,7
15836,88.41,24,27.18,48.65,18,7
15838,60.03,15,30.42,62.97,18,8
15840,62.28,15,21.2,67.28,18,8
15842,4.97,11,5.53,56.94,18,8
15840,1.27,4,31.15,59.08,18,8
15844,36.68,13,27.14,40.97,18,8
15842,55.69,21,25.52,69.48,18,8
15843,125.56,35,21.33,51.75,18,8
15845,67.43,23,31.69,14.56,18,8
15845,57.21,23,49.55,40.51,18,8
15847,2.88,8,28.91,49.2,18,8
15848,2.71,5,56.18,44.0,18,8
15850,86.25,23,24.72,61.11,18,8
15852,1.17,11,29.15,50.66,18,8
15851,61.18,30,29.05,92.67,18,8
15852,79.42,22,23.0,43.98,18,8
15854,24.62,15,54.92,85.27,18,8
15853,85.36,31,31.13,47.64,18,8
15856,2.79,3,20.12,64.59,18,8
15856,0.71,9,30.13,68.62,18,8
15856,48.26,17,27.38,43.45,18,8
15860,40.47,13,34.94,49.18,18,8
15858,89.23,32,28.38,58.0,18,8
15862,33.71,16,9.82,68.09,18,8
15862,43.78,14,26.63,64.75,18,8
15862,60.93,35,7.0,63.76,18,8
15865,35.19,30,9.97,14.06,18,8
15865,109.2,34,23.8,53.78,18,8
15867,4.47,10,22.1,56.8,18,8
15865,34.17,12,30.62,59.48,18,8
15866,45.78,18,22.39,48.69,18,8
15868,51.18,22,9.39,85.76,18,8
15868,1.22,7,22.65,47.8,18,8
15869,2.29,4,6.83,68.22,18,8
15871,53.8,13,24.54,41.5,18,8
15872,4.82,1,32.37,46.51,18,8
15872,123.4,30,34.46,54.35,18,8
15874,40.75,25,5.56,62.36,18,8
15874,1.3,5,33.83,59.39,18,8
15878,1.91,3,7.41,45.36,18,8
15879,4.4,1,51.43,65.13,18,8
15877,4.45,10,25.5,53.1,18,8
15879,41.72,17,57.84,58.91,18,8
15882,98.69,26,32.01,58.95,18,8
15883,71.29,20,20.91,62.59,18,8
15882,124.51,30,24.16,48.21,18,8
15884,3.08,5,29.91,64.37,18,8
15883,2.94,10,30.37,93.97,18,8
15884,27.71,14,26.5,17.82,18,8
15887,46.94,13,30.64,56.77,18,8
15887,1.02,7,31.28,66.86,18,8
15888,27.46,13,52.76,49.4,18,8
15889,2.18,1,32.49,62.98,18,8
15892,79.58,35,30.72,93.06,18,8
15893,54.47,13,23.17,68.65,18,8
15894,77.34,27,28.89,43.4,18,8
15895,4.9,11,34.64,61.34,18,8
15894,99.99,25,29.36,53.1,18,8
15897,65.07,22,23.26,68.46,18,8
15898,60.97,23,27.93,68.69,18,8
15898,2.95,8,27.0,43.23,18,8
15899,4.57,1,28.85,57.88,18,9
15898,63.89,17,29.84,63.04,18,9
15900,0.68,7,32.0,19.13,18,9
15901,105.65,26,30.27,43.44,18,9
15903,4.12,3,25.17,12.21,18,9
15903,61.83,21,24.45,49.16,18,9
15904,71.96,25,20.78,55.46,18,9
15907,70.27,18,24.16,67.95,18,9
15908,2.01,11,32.65,91.64,18,9
15909,36.06,19,24.25,15.32,18,9
15909,101.39,25,23.49,57.34,18,9
15910,60.56,20,29.51,50.95,18,9
15910,58.27,34,49.85,86.69,18,9
15912,84.0,24,32.07,85.11,18,9
15911,51.86,15,32.29,49.84,18,9
15913,122.9,32,29.9,54.23,18,9
15916,76.9,31,51.23,56.98,18,9
15914,54.02,35,48.98,46.78,18,9
15915,75.11,35,7.89,68.73,18,9
15917,4.59,5,31.56,44.95,18,9
15918,87.79,21,20.13,51.31,18,9
15918,2.07,7,9.44,68.51,18,9
15921,119.81,32,31.9,42.36,18,9
15923,111.86,31,21.68,46.19,18,9
15924,79.92,28,26.11,86.24,18,9
15924,1.12,4,30.95,43.92,18,9
15926,0.34,3,9.67,11.39,18,9
15925,71.76,27,32.15,16.63,18,9
15928,4.7,3,26.07,56.58,18,9
15926,50.31,20,26.06,86.22,18,9
15928,118.75,31,22.56,40.96,18,9
15929,2.36,1,49.92,46.58,18,9
15929,58.89,21,21.35,66.64,18,9
15932,21.32,12,7.37,67.27,18,9
15932,37.6,13,22.71,46.83,18,9
15935,120.94,33,24.86,50.09,18,9
15936,4.37,1,49.77,86.68,18,9
15935,1.85,10,23.33,47.22,18,9
15937,100.01,35,23.83,86.93,18,9
15938,116.18,32,21.92,46.54,18,9
15937,4.05,3,33.02,86.43,18,9
15939,59.67,26,6.01,51.79,18,9
15939,61.76,20,27.2,69.36,18,9
15942,42.83,16,24.11,48.9,18,9
15943,83.42,20,23.34,67.14,18,9
15943,130.82,33,29.94,54.4,18,9
15945,89.33,24,34.01,59.44,18,9
15947,98.24,34,27.37,45.59,18,9
15945,68.15,19,33.97,44.37,18,9
15946,1.04,3,32.93,62.29,18,9
15950,72.63,21,21.06,60.98,18,9
15948,4.63,7,33.88,52.83,18,9
15949,3.19,3,31.53,11.14,18,9
15950,86.42,32,28.94,67.68,18,9
15951,69.15,25,20.6,46.63,18,9
15952,2.92,1,27.25,93.17,18,9
15953,56.6,19,28.18,54.12,18,9
15957,34.24,21,54.55,51.43,18,9
15957,0.6,9,8.84,44.9,18,9
15956,88.86,26,32.11,52.93,18,9
15958,48.02,31,5.53,57.4,18,10
15958,51.16,21,30.68,94.03,18,10
15959,3.65,11,26.4,52.02,18,10
15963,34.08,19,23.27,11.41,18,10
15961,25.92,14,27.01,19.96,18,10
15964,125.57,31,20.81,41.39,18,10
15964,19.54,13,54.79,18.2,18,10
15964,59.82,28,21.23,19.54,18,10
15968,61.68,20,20.3,43.22,18,10
15967,58.59,19,31.28,87.21,18,10
15970,2.37,5,20.36,92.44,18,10
15971,63.85,19,23.98,50.57,18,10
15972,131.13,35,20.88,48.17,18,10
15972,55.36,29,53.94,57.22,18,10
15972,103.65,32,34.69,48.66,18,10
15974,51.69,18,29.99,56.87,18,10
15976,0.2,6,30.33,53.77,18,10
15974,46.52,13,25.44,61.03,18,10
15977,54.6,21,31.64,64.97,18,10
15977,37.72,14,26.89,44.57,18,10
15977,96.11,24,33.2,63.24,18,10
15978,2.27,8,49.31,56.33,18,10
15982,73.44,18,20.1,60.14,18,10
15983,3.18,7,30.12,58.1,18,10
15984,39.43,13,26.26,55.65,18,10
15985,2.11,8,26.04,53.28,18,10
15984,88.74,28,25.32,47.74,18,10
15985,130.01,32,27.23,46.22,18,10
15987,32.81,18,45.34,67.23,18,10
15989,74.06,20,23.53,87.93,18,10
15987,53.53,14,28.0,69.59,18,10
15990,0.54,1,20.03,68.87,18,10
15990,4.14,11,47.91,11.67,18,10
15992,43.31,14,34.94,60.57,18,10
15991,72.84,28,21.5,41.68,18,10
15993,0.39,4,31.29,90.17,18,10
15996,97.15,33,26.48,67.7,18,10
15994,62.28,15,33.43,50.88,18,10
15997,44.54,16,23.96,46.73,18,10
15998,30.48,14,54.02,55.16,18,10
15999,48.35,17,24.65,11.14,18,10
15998,2.41,3,33.45,45.68,18,10
16002,64.93,29,22.95,18.42,18,10
16003,0.33,6,32.12,11.87,18,10
16001,98.79,31,22.9,61.41,18,10
16004,67.24,24,34.39,62.82,18,10
16005,83.39,35,26.92,12.78,18,10
16005,52.84,13,25.35,47.41,18,10
16005,80.11,28,27.14,58.21,18,10
16006,76.02,28,29.9,93.22,18,10
16007,1.99,3,29.28,54.59,18,10
16011,69.03,35,56.68,65.2,18,10
16010,1.86,7,8.43,48.16,18,10
16013,2.82,9,23.44,55.03,18,10
16013,71.0,18,28.7,46.58,18,10
16013,91.19,33,33.87,59.68,18,10
16016,49.36,14,32.56,48.65,18,10
16015,2.76,4,31.19,68.1,18,10
16015,0.52,9,24.71,48.15,18,10
16017,68.06,23,31.06,45.18,18,10
16017,1.87,2,29.12,65.12,18,11
16019,0.25,1,20.74,15.17,18,11
16019,1.91,10,31.43,87.22,18,11
16021,1.68,8,20.74,47.52,18,11
16022,126.28,33,32.11,42.75,18,11
16025,35.39,21,45.15,16.84,18,11
16023,0.64,3,26.86,94.03,18,11
16026,67.42,33,9.37,63.51,18,11
16027,39.31,13,27.2,51.33,18,11
16027,78.56,24,26.13,57.41,18,11
16029,2.02,9,27.08,90.5,18,11
16031,56.74,15,21.66,45.39,18,11
16030,78.34,29,26.97,51.62,18,11
16031,0.66,9,33.97,61.27,18,11
16033,112.57,29,30.97,45.75,18,11
16033,3.29,8,32.81,52.85,18,11
16034,62.55,22,26.38,45.39,18,11
16035,102.65,32,32.63,59.74,18,11
16038,79.49,21,34.07,48.7,18,11
16038,19.23,12,56.12,65.29,18,11
16039,63.67,25,31.91,67.16,18,11
16040,45.42,16,32.43,63.81,18,11
16040,55.62,19,27.87,67.19,18,11
16043,92.33,22,26.99,56.21,18,11
16041,108.41,26,20.2,64.27,18,11
16045,27.73,14,34.5,17.8,18,11
16043,4.78,11,22.92,69.92,18,11
16046,47.9,16,24.35,63.72,18,11
16045,87.19,33,24.31,44.52,18,11
16049,3.72,3,26.9,47.97,18,11
16048,37.5,15,5.77,42.32,18,11
16051,90.18,31,22.42,90.95,18,11
16052,0.18,11,20.13,17.79,18,11
16051,122.07,30,28.52,64.05,18,11
16052,86.83,25,33.94,54.84,18,11
16052,42.47,18,28.96,12.9,18,11
16055,55.31,20,26.87,85.92,18,11
16057,0.43,5,33.89,69.8,18,11
16058,1.74,2,29.53,49.71,18,11
16059,1.54,1,25.0,58.39,18,11
16060,3.67,7,8.8,88.14,18,11
16061,54.89,14,29.2,64.68,18,11
16059,44.56,20,48.14,65.06,18,11
16060,128.09,31,20.51,58.4,18,11
16063,78.92,22,34.57,69.71,18,11
16064,29.03,17,52.17,69.47,18,11
16066,53.73,26,22.37,16.83,18,11
16065,57.9,24,22.19,11.14,18,11
16065,98.93,35,20.86,69.27,18,11
16067,21.93,13,9.93,89.24,18,11
16067,39.14,21,34.51,15.71,18,11
16068,2.02,10,47.64,58.29,18,11
16069,2.72,9,28.71,46.7,18,11
16071,40.0,17,57.91,51.15,18,11
16074,81.77,21,20.97,59.96,18,11
16074,3.58,5,20.64,55.64,18,11
16074,83.24,20,25.3,60.32,18,11
16075,70.1,31,49.87,53.43,18,11
16078,44.94,15,21.2,64.16,18,11
16078,33.41,12,27.72,60.4,18,11
16077,68.5,23,27.7,68.71,18,12
16080,1.73,9,24.67,14.55,18,12
16081,85.23,26,30.69,62.47,18,12
16082,68.04,20,23.41,88.45,18,12
16083,63.6,21,24.27,56.8,18,12
16083,3.4,4,8.74,52.53,18,12
16083,57.47,14,30.57,47.65,18,12
16085,70.75,35,8.53,52.87,18,12
16087,110.25,28,25.41,61.1,18,12
16087,2.58,7,6.46,43.53,18,12
16090,79.81,34,9.05,63.12,18,12
16088,87.43,34,22.02,45.29,18,12
16090,24.72,13,22.8,11.14,18,12
16093,72.86,27,32.77,58.74,18,12
16091,99.74,27,20.72,54.13,18,12
16093,92.64,26,25.08,54.59,18,12
16095,3.37,1,22.31,60.29,18,12
16097,1.57,8,26.83,47.35,18,12
16097,37.55,13,20.99,67.18,18,12
16099,2.98,2,9.83,88.68,18,12
16098,3.79,9,47.0,12.51,18,12
16098,74.29,18,26.26,48.6,18,12
16102,0.74,11,22.33,49.26,18,12
16102,4.26,4,29.02,52.92,18,12
16102,3.63,6,25.51,86.8,18,12
16104,93.61,30,24.83,46.32,18,12
16105,2.52,2,25.79,65.05,18,12
16106,1.46,8,31.21,40.44,18,12
16107,4.73,4,25.32,57.88,18,12
16108,74.26,30,55.53,59.17,18,12
16108,3.61,5,26.2,46.77,18,12
16110,86.84,32,23.55,51.57,18,12
16112,83.61,34,9.65,66.54,18,12
16112,96.49,29,28.32,55.95,18,12
16113,33.39,13,28.4,93.58,18,12
16112,3.98,7,26.58,15.52,18,12
16115,35.35,16,28.24,12.89,18,12
16117,43.27,26,9.25,15.55,18,12
16117,4.96,6,8.89,69.88,18,12
16119,101.06,32,34.7,49.17,18,12
16118,61.8,34,21.23,13.86,18,12
16118,20.02,13,6.7,53.11,18,12
16122,38.48,12,27.49,48.6,18,12
16120,132.77120000000002,33,33.09,70.0,18,12
16123,121.49,30,32.56,49.72,18,12
16125,77.75,33,49.02,43.47,18,12
16126,40.54,13,30.3,66.74,18,12
16125,112.06,33,22.49,66.12,18,12
16128,110.76,28,28.42,47.31,18,12
16129,92.66,35,23.87,60.99,18,12
16130,0.18,7,23.33,41.93,18,12
16131,104.48,30,21.43,50.44,18,12
16132,59.46,33,57.96,85.34,18,12
16133,3.94,2,29.42,62.46,18,12
16132,53.79,13,21.52,40.23,18,12
16135,78.26,26,31.42,52.25,18,12
16135,0.18,3,29.6,93.91,18,12
16136,2.58,11,8.47,42.43,18,12
16136,104.07,28,24.75,55.12,18,12
16136,0.87,2,29.61,40.43,18,12
16140,58.76,32,30.04,14.1,18,13
16138,2.13,5,8.13,68.58,18,13
16140,99.81,25,30.97,49.41,18,13
16140,94.14,29,22.64,55.72,18,13
16144,45.96,25,53.67,45.0,18,13
16144,64.87,32,51.09,55.32,18,13
16146,71.26,23,20.38,68.55,18,13
16147,69.13,33,29.46,16.44,18,13
16145,4.35,2,31.67,17.27,18,13
16146,0.59,4,25.41,47.69,18,13
16149,100.29,33,27.21,49.55,18,13
16149,100.69,32,25.7,59.92,18,13
16150,0.91,3,22.66,42.83,18,13
16153,35.63,14,21.82,47.24,18,13
16153,49.45,35,5.73,92.36,18,13
16154,44.67,19,33.02,12.43,18,13
16154,52.52,18,28.98,64.12,18,13
16157,4.17,10,24.18,55.24,18,13
16156,81.15,26,32.14,49.91,18,13
16157,103.82,26,23.0,87.54,18,13
16157,80.39,24,25.37,65.7,18,13
16160,39.28,14,34.37,90.6,18,13
16159,29.48,15,45.65,63.64,18,13
16163,123.14,32,21.86,57.55,18,13
16161,70.74,25,22.81,94.03,18,13
16163,4.24,4,32.2,91.92,18,13
16165,104.88,29,30.78,55.0,18,13
16166,85.59,27,21.63,60.28,18,13
16168,44.7,24,53.69,45.63,18,13
16167,84.36,26,27.15,61.23,18,13
16169,3.28,6,27.19,66.69,18,13
16170,123.69,34,20.35,45.22,18,13
16172,43.58,23,8.53,44.96,18,13
16173,73.87,27,33.59,41.96,18,13
16174,48.4,16,30.47,61.8,18,13
16174,79.03,19,24.76,66.92,18,13
16175,94.93,24,25.93,44.38,18,13
16175,40.21,16,24.38,41.66,18,13
16175,41.43,20,26.42,90.08,18,13
16176,44.9,26,6.57,42.78,18,13
16178,42.74,26,8.56,47.65,18,13
16179,3.49,7,21.23,40.98,18,13
16179,54.29,31,6.63,64.26,18,13
16182,53.98,23,46.13,68.31,18,13
16181,2.27,9,8.97,53.91,18,13
16183,1.87,5,34.29,91.1,18,13
16184,73.95,22,25.83,56.32,18,13
16185,3.66,9,31.08,59.74,18,13
16187,73.67,29,32.35,55.99,18,13
16189,73.42,23,24.22,50.07,18,13
16188,108.39,33,30.13,51.42,18,13
16191,54.04,27,9.68,59.81,18,13
16189,2.67,9,21.12,65.04,18,13
16192,120.84,34,32.31,61.66,18,13
16191,4.18,4,29.22,64.51,18,13
16193,120.14,29,26.38,44.31,18,13
16195,106.66,30,31.44,66.31,18,13
16197,60.06,15,24.82,41.62,18,13
16198,3.54,2,28.39,87.64,18,13
16198,118.62,32,32.55,45.06,18,13
16198,47.37,14,30.58,68.77,18,14
16201,77.79,19,26.29,55.04,18,14
16202,92.03,29,22.56,58.98,18,14
16201,43.87,12,30.66,57.06,18,14
16201,4.39,8,8.57,62.03,18,14
16205,43.66,15,34.87,56.57,18,14
16204,36.71,15,34.63,12.4,18,14
16207,61.64,24,22.52,67.77,18,14
16207,29.4,17,50.09,12.71,18,14
16209,0.72,9,33.13,87.11,18,14
16208,75.54,25,32.82,42.19,18,14
16208,1.36,8,28.88,62.85,18,14
16209,56.64,30,48.01,42.88,18,14
16210,46.92,18,29.14,53.72,18,14
16212,108.83,27,22.07,54.33,18,14
16215,0.2,9,49.46,16.56,18,14
16214,95.01,35,30.22,49.81,18,14
16216,1.7,2,45.29,66.18,18,14
16218,3.37,5,20.16,67.41,18,14
16217,68.34,17,30.84,51.01,18,14
16220,55.72,22,28.19,19.91,18,14
16219,0.51,10,45.45,65.12,18,14
16221,94.99,23,29.48,46.19,18,14
16222,4.83,3,28.3,57.81,18,14
16224,78.59,19,21.57,52.99,18,14
16222,91.11,31,28.28,87.28,18,14
16226,2.39,4,30.55,66.04,18,14
16227,59.35,20,28.3,65.47,18,14
16227,89.29,34,29.2,40.81,18,14
16228,14.22,13,52.29,11.14,18,14
16227,4.93,9,33.69,58.77,18,14
16230,47.65,16,31.73,44.83,18,14
16232,73.1,23,23.99,50.34,18,14
16233,32.03,12,27.23,64.34,18,14
16232,62.29,23,25.42,66.45,18,14
16234,46.19,14,34.23,66.5,18,14
16234,61.12,16,32.88,50.09,18,14
16234,75.93,30,29.56,51.58,18,14
16236,32.61,14,34.17,94.03,18,14
16236,4.1,3,23.0,93.31,18,14
16240,113.58,31,29.32,42.85,18,14
16238,2.1,5,26.28,15.74,18,14
16240,106.45,28,32.65,46.03,18,14
16242,48.68,17,21.61,17.0,18,14
16242,59.14,22,30.59,53.8,18,14
16243,39.12,15,31.85,11.45,18,14
16244,111.08,28,23.46,51.7,18,14
16247,43.49,16,27.52,53.54,18,14
16246,107.74,35,31.21,64.66,18,14
16248,110.38,28,23.93,53.71,18,14
16250,3.45,9,34.73,17.47,18,14
16251,4.44,11,25.87,44.34,18,14
16251,28.4,15,23.84,91.11,18,14
16253,22.53,12,52.68,42.91,18,14
16253,0.18,2,30.52,15.58,18,14
16252,87.32,35,5.53,86.07,18,14
16253,114.03,31,20.82,63.92,18,14
16255,64.04,23,24.32,61.55,18,14
16256,78.27,28,27.1,68.73,18,14
16256,56.84,29,46.3,43.96,18,14
16259,42.62,24,5.54,59.48,18,15
16261,0.34,10,50.33,45.76,18,15
16259,43.22,21,23.94,90.89,18,15
16261,61.79,20,29.31,48.14,18,15
16264,68.52,17,30.92,65.48,18,15
16265,39.95,20,9.07,42.03,18,15
16265,57.88,17,29.31,51.17,18,15
16267,53.84,14,28.35,62.09,18,15
16265,41.88,13,33.59,55.15,18,15
16266,106.44,33,28.64,69.95,18,15
16270,63.08,19,20.9,49.14,18,15
16270,45.24,16,24.86,94.03,18,15
16269,71.4,21,23.1,52.74,18,15
16272,91.28,34,23.64,67.29,18,15
16273,98.63,32,34.67,62.42,18,15
16274,40.67,14,29.25,69.17,18,15
16273,1.61,2,6.29,11.14,18,15
16275,44.06,13,33.71,66.59,18,15
16275,2.15,9,25.05,57.7,18,15
16277,114.65,30,23.9,44.13,18,15
16279,80.8,21,23.56,69.78,18,15
16279,49.93,27,27.22,14.91,18,15
16282,131.8,34,29.56,59.72,18,15
16283,84.9,23,34.51,44.9,18,15
16284,76.63,28,20.21,62.04,18,15
16284,76.39,21,28.12,47.73,18,15
16285,69.99,17,29.93,40.23,18,15
16284,41.71,15,21.62,53.35,18,15
16287,58.36,20,28.28,60.24,18,15
16287,4.97,7,24.28,55.42,18,15
16288,3.91,8,6.38,60.53,18,15
16289,63.12,21,31.54,66.73,18,15
16290,78.8,23,30.42,62.63,18,15
16291,100.95,26,26.78,59.99,18,15
16292,78.35,26,31.92,44.93,18,15
16295,66.51,17,21.74,41.43,18,15
16293,42.44,13,27.76,60.48,18,15
16294,2.23,10,29.51,90.58,18,15
16297,53.14,17,29.0,48.72,18,15
16299,128.17,32,23.22,64.61,18,15
16297,29.98,13,21.02,15.55,18,15
16298,1.18,11,6.97,64.22,18,15
16301,27.87,13,34.09,19.78,18,15
16302,44.51,29,58.45560000000002,15.8,18,15
16301,92.48,29,31.84,65.86,18,15
16303,85.81,35,8.49,65.61,18,15
16306,3.87,6,46.06,68.63,18,15
16307,1.65,8,22.19,60.55,18,15
16305,1.94,1,45.16,61.57,18,15
16307,70.1,28,9.56,48.5,18,15
16310,28.18,17,48.61,63.91,18,15
16308,54.56,32,8.98,62.04,18,15
16311,28.04,14,53.11,57.63,18,15
16313,114.33,30,29.9,53.99,18,15
16311,3.53,7,28.8,62.83,18,15
16314,3.23,10,23.62,44.38,18,15
16316,71.78,23,32.3,62.58,18,15
16317,3.99,9,45.29,54.21,18,15
16316,112.53,34,20.72,69.69,18,15
16318,95.5,29,33.25,47.27,18,15
16320,27.76,13,53.65,40.13,18,16
16320,55.04,16,34.51,87.02,18,16
16321,34.86,15,46.88,52.05,18,16
16321,70.15,17,26.14,85.55,18,16
16321,85.16,23,28.22,54.88,18,16
16324,62.17,16,28.85,52.3,18,16
16323,40.49,15,24.04,16.47,18,16
16326,71.54,20,22.06,45.76,18,16
16328,2.85,4,32.12,89.23,18,16
16326,4.19,4,57.96,11.14,18,16
16329,76.22,20,26.53,89.18,18,16
16331,1.5,10,20.46,43.33,18,16
16332,28.84,23,51.44,15.41,18,16
16333,37.58,18,22.09,94.03,18,16
16333,126.41,32,26.8,41.93,18,16
16335,121.65,33,31.77,56.95,18,16
16336,82.3,25,34.9,52.26,18,16
16335,2.15,6,8.61,65.46,18,16
16336,104.66,35,25.46,44.58,18,16
16339,37.08,14,26.19,68.03,18,16
16337,4.3,10,25.23,44.6,18,16
16339,77.65,31,34.59,89.54,18,16
16342,72.66,19,28.57,88.33,18,16
16341,48.74,27,47.31,51.41,18,16
16342,4.56,6,23.03,89.7,18,16
16342,4.65,4,32.63,86.8,18,16
16343,4.58,10,26.75,48.61,18,16
16346,0.18,1,48.76,90.97,18,16
16348,59.67,21,20.38,15.22,18,16
16347,99.14,28,32.01,51.49,18,16
16349,50.43,13,31.36,64.37,18,16
16348,67.13,17,25.41,67.76,18,16
16350,89.15,35,27.57,41.98,18,16
16351,45.23,26,5.74,53.5,18,16
16351,3.7,4,29.48,51.43,18,16
16354,58.79,15,32.3,60.95,18,16
16355,3.9,5,26.56,51.42,18,16
16354,2.28,3,6.24,53.55,18,16
16357,56.84,30,7.1,47.85,18,16
16357,45.09,12,32.4,45.88,18,16
16359,4.61,7,24.11,17.26,18,16
16359,3.06,6,27.61,46.22,18,16
16360,81.94,22,20.94,52.75,18,16
16362,0.18,4,6.0,51.3,18,16
16362,57.37,16,33.65,57.84,18,16
16362,1.73,5,32.91,40.03,18,16
16363,64.06,34,26.01,11.93,18,16
16367,98.72,33,26.38,87.37,18,16
16365,60.26,18,25.22,55.33,18,16
16367,60.73,20,21.04,53.37,18,16
16370,115.13,31,31.05,85.24,18,16
16369,64.59,35,49.56,88.79,18,16
16371,4.54,3,50.18,50.74,18,16
16372,118.01,30,21.65,60.5,18,16
16372,4.13,2,33.97,53.13,18,16
16372,2.84,6,30.12,64.64,18,16
16375,35.93,13,33.41,61.77,18,16
16376,105.75,28,28.48,54.8,18,16
16376,1.37,6,20.15,67.37,18,16
16376,98.98,26,22.4,65.17,18,16
16377,0.56,8,29.5,89.46,18,17
16381,78.38,31,21.5,93.76,18,17
16379,1.99,4,9.65,57.65,18,17
16382,49.75,14,25.49,62.23,18,17
16382,1.17,6,31.88,69.94,18,17
16383,132.77120000000002,35,21.71,52.72,18,17
16386,65.39,18,30.61,46.43,18,17
16384,125.21,34,30.32,49.97,18,17
16388,57.6,25,46.02,66.85,18,17
16386,124.23,35,26.99,58.25,18,17
16390,0.18,11,20.99,43.52,18,17
16389,3.41,4,25.17,53.05,18,17
16392,47.86,17,34.71,49.93,18,17
16390,97.38,27,22.69,49.43,18,17
16391,1.32,5,27.14,13.61,18,17
16395,74.09,24,27.81,65.69,18,17
16393,0.6,6,53.63,92.21,18,17
16397,64.26,17,31.58,47.36,18,17
16398,40.09,19,23.49,12.87,18,17
16396,2.94,11,23.36,53.81,18,17
16397,49.57,24,6.93,42.89,18,17
16400,102.16,33,26.05,62.49,18,17
16399,27.16,14,57.19,66.38,18,17
16401,27.71,12,53.85,87.09,18,17
16402,4.78,5,21.96,52.55,18,17
16405,47.51,30,53.18,52.69,18,17
16405,44.55,14,29.31,68.34,18,17
16404,32.94,17,22.38,12.83,18,17
16407,62.53,16,33.42,69.11,18,17
16407,70.65,25,31.21,68.88,18,17
16410,73.03,25,34.07,43.89,18,17
16410,121.02,33,29.77,44.74,18,17
16410,101.77,29,28.23,48.06,18,17
16411,0.46,8,54.81,46.35,18,17
16411,36.86,12,33.52,61.31,18,17
16415,82.3,22,24.1,47.27,18,17
16413,49.75,25,58.45560000000002,85.42,18,17
16416,106.16,27,31.48,40.02,18,17
16418,53.93,29,6.29,45.78,18,17
16416,89.01,22,20.14,62.72,18,17
16418,106.76,35,23.54,85.86,18,17
16420,78.27,28,32.09,62.26,18,17
16422,50.07,13,31.99,61.11,18,17
16420,75.4,19,23.57,66.34,18,17
16423,105.29,33,31.16,68.39,18,17
16423,4.79,6,8.55,61.33,18,17
16425,95.1,35,25.77,60.06,18,17
16426,108.88,29,23.24,56.1,18,17
16427,110.16,30,21.47,67.28,18,17
16426,73.48,23,31.17,41.89,18,17
16428,46.98,12,33.69,58.12,18,17
16429,89.75,32,33.75,62.22,18,17
16429,43.5,22,26.32,16.56,18,17
16432,4.24,6,30.45,40.69,18,17
16433,107.76,31,21.11,45.54,18,17
16432,46.03,15,31.74,62.43,18,17
16433,61.97,15,22.98,68.69,18,17
16434,0.33,3,22.56,68.35,18,17
16436,2.52,6,5.53,63.21,18,17
16439,2.7,1,58.45560000000002,56.32,18,17
16437,47.2,17,22.73,42.37,18,18
16439,41.58,17,9.4,50.94,18,18
16441,40.04,16,22.74,61.9,18,18
16442,55.52,16,33.86,46.56,18,18
16444,100.47,27,20.77,68.7,18,18
16444,0.83,6,28.04,54.21,18,18
16446,90.35,30,20.15,68.01,18,18
16445,93.91,25,33.44,59.64,18,18
16447,127.87,33,24.53,60.18,18,18
16447,129.19,33,20.51,56.58,18,18
16447,61.9,15,27.59,61.67,18,18
16449,83.85,20,23.92,40.71,18,18
16452,87.35,27,21.2,60.7,18,18
16451,3.03,3,25.3,42.39,18,18
16453,64.38,28,21.18,16.28,18,18
16455,93.98,23,20.62,44.61,18,18
16454,53.41,23,30.84,12.74,18,18
16454,85.22,28,20.41,62.32,18,18
16456,28.85,23,7.28,90.38,18,18
16458,63.77,21,31.46,63.24,18,18
16458,84.1,22,20.26,56.47,18,18
16458,1.17,11,34.68,15.45,18,18
16460,104.38,29,34.24,69.75,18,18
16463,3.94,11,25.09,49.45,18,18
16461,45.48,22,33.39,15.65,18,18
16462,84.31,31,32.37,11.14,18,18
16465,52.23,30,58.45560000000002,14.45,18,18
16464,77.41,20,29.03,86.78,18,18
16466,53.12,20,27.36,55.67,18,18
16467,34.76,12,20.53,18.17,18,18
16467,78.96,28,33.29,50.44,18,18
16468,83.17,33,25.72,89.1,18,18
16469,26.19,17,7.43,63.09,18,18
16472,38.36,14,23.86,43.94,18,18
16471,69.21,32,9.63,65.5,18,18
16472,4.32,6,25.55,64.25,18,18
16476,55.26,35,8.24,41.34,18,18
16477,59.09,21,33.86,64.82,18,18
16475,2.73,2,23.27,47.83,18,18
16477,0.43,5,5.53,42.22,18,18
16477,79.66,27,32.17,46.22,18,18
16479,3.89,8,28.57,54.2,18,18
16481,1.77,1,25.19,68.17,18,18
16481,59.67,25,58.45560000000002,69.07,18,18
16482,69.35,17,22.25,43.3,18,18
16482,74.25,28,26.73,57.2,18,18
16484,80.29,31,34.34,91.79,18,18
16486,3.59,7,31.38,67.24,18,18
16486,122.79,32,22.21,45.63,18,18
16487,4.83,2,22.97,13.37,18,18
16487,2.07,5,25.96,40.03,18,18
16488,69.26,27,22.36,48.3,18,18
16491,3.73,4,33.39,65.6,18,18
16490,60.41,19,31.03,46.14,18,18
16493,108.81,32,33.87,54.29,18,18
16494,41.32,13,25.47,54.76,18,18
16493,92.74,30,23.55,60.86,18,18
16497,100.46,27,21.24,53.11,18,18
16497,4.3,9,24.45,12.67,18,18
16497,74.77,25,24.32,68.86,18,18
16497,1.82,11,21.94,48.71,18,19
16501,3.96,11,26.21,59.62,18,19
16500,1.71,6,33.49,59.23,18,19
16502,51.38,33,45.58,56.98,18,19
16503,96.72,24,32.8,66.23,18,19
16504,90.52,32,22.19,48.04,18,19
16503,38.14,27,51.24,11.14,18,19
16505,4.8,10,26.94,58.7,18,19
16505,2.08,4,22.53,19.76,18,19
16508,119.22,33,33.75,52.92,18,19
16510,58.44,22,34.8,15.36,18,19
16508,90.52,24,30.27,55.57,18,19
16512,106.23,33,34.54,43.24,18,19
16513,45.0,13,31.89,67.26,18,19
16514,90.14,32,25.03,94.03,18,19
16515,112.87,35,22.9,41.47,18,19
16513,79.09,29,31.32,94.03,18,19
16517,0.18,11,31.53,13.02,18,19
16517,3.22,3,25.62,64.04,18,19
16516,2.54,1,28.89,41.55,18,19
16518,43.35,18,27.17,17.3,18,19
16520,101.53,33,22.21,49.81,18,19
16519,40.05,13,23.79,47.09,18,19
16521,128.19,35,34.6,44.57,18,19
16523,38.11,13,30.78,11.78,18,19
16522,22.63,13,46.53,65.02,18,19
16526,49.33,30,50.24,40.7,18,19
16526,45.11,21,9.56,50.11,18,19
16527,3.16,10,31.86,48.7,18,19
16529,1.11,5,29.32,68.14,18,19
16528,1.61,8,29.11,69.97,18,19
16530,1.23,9,52.5,41.19,18,19
16532,4.61,3,32.59,13.68,18,19
16531,2.09,3,25.67,56.95,18,19
16531,26.99,12,21.47,13.01,18,19
16535,132.77120000000002,35,24.96,43.59,18,19
16534,87.73,22,31.82,63.56,18,19
16537,31.0,16,22.06,94.03,18,19
16535,78.43,20,21.43,66.34,18,19
16539,93.93,28,25.83,51.91,18,19
16539,60.94,22,28.32,68.69,18,19
16541,132.77120000000002,33,32.28,50.89,18,19
16540,3.33,4,34.91,51.57,18,19
16541,102.51,30,23.01,49.09,18,19
16542,90.88,27,29.57,59.04,18,19
16545,25.12,16,5.53,45.0,18,19
16546,99.56,33,21.59,60.17,18,19
16545,56.01,30,34.81,12.81,18,19
16547,3.15,9,30.4,65.86,18,19
16548,97.72,35,28.55,89.46,18,19
16550,44.5,25,9.9,59.47,18,19
16548,4.57,4,30.04,48.44,18,19
16552,27.17,25,53.59,92.69,18,19
16552,44.58,28,9.82,58.39,18,19
16553,62.76,25,28.32,51.99,18,19
16552,27.65,18,53.56,50.95,18,19
16553,25.24,13,5.92,43.75,18,19
16555,0.35,7,31.41,94.03,18,19
16558,77.3,27,20.92,54.98,18,19
16557,86.6,25,29.66,55.32,18,19
16558,55.13,18,22.18,66.35,18,20
16561,54.2,13,20.7,64.15,18,20
16561,0.98,8,50.4,46.93,18,20
16563,39.16,23,9.06,88.51,18,20
16563,2.78,1,20.1,50.34,18,20
16565,100.96,29,30.3,46.36,18,20
16566,35.76,16,9.8,59.38,18,20
16565,1.56,11,20.09,60.76,18,20
16566,79.69,35,7.47,68.22,18,20
16567,2.32,8,7.88,53.94,18,20
16567,3.06,4,31.83,46.01,18,20
16571,0.75,2,28.23,48.48,18,20
16569,53.23,29,50.6,52.46,18,20
16573,78.25,19,25.14,56.26,18,20
16571,1.28,4,32.38,67.27,18,20
16573,107.39,30,22.52,44.45,18,20
16576,125.49,31,28.55,67.22,18,20
16576,45.26,17,30.69,51.78,18,20
16575,65.96,25,22.17,62.28,18,20
16578,52.54,31,53.58,69.41,18,20
16580,26.43,15,6.88,57.22,18,20
16578,60.45,17,24.13,46.7,18,20
16580,81.59,20,25.88,88.36,18,20
16580,65.11,16,25.16,57.83,18,20
16584,3.9,2,25.61,44.8,18,20
16584,80.75,26,29.1,58.67,18,20
16583,0.66,6,33.95,53.59,18,20
16586,57.64,26,5.53,46.84,18,20
16587,132.77120000000002,34,23.45,54.48,18,20
16588,89.82,27,22.76,53.48,18,20
16587,80.78,22,31.2,85.43,18,20
16590,52.29,17,32.69,48.02,18,20
16592,76.83,19,33.6,66.54,18,20
16592,79.91,25,33.26,59.24,18,20
16592,1.27,3,22.1,63.14,18,20
16594,1.43,5,21.54,44.17,18,20
16594,96.65,25,32.61,53.21,18,20
16595,0.18,2,23.04,64.6,18,20
16598,4.65,2,22.66,90.94,18,20
16597,52.59,20,34.64,44.68,18,20
16598,106.5,28,33.29,66.2,18,20
16600,71.01,35,26.84,14.37,18,20
16602,61.88,32,47.05,41.0,18,20
16601,88.01,30,33.18,63.54,18,20
16603,63.92,22,23.48,49.0,18,20
16602,4.32,9,24.61,47.37,18,20
16604,115.63,35,30.65,49.76,18,20
16605,52.46,20,30.76,61.35,18,20
16605,75.7,24,32.39,41.76,18,20
16609,0.39,9,6.1,58.73,18,20
16609,113.37,27,25.75,60.56,18,20
16611,91.36,22,23.31,65.17,18,20
16612,43.34,17,30.7,55.2,18,20
16610,38.59,13,25.24,56.35,18,20
16614,2.87,10,22.59,43.52,18,20
16612,71.79,25,24.2,67.81,18,20
16613,2.74,7,54.04,87.61,18,20
16617,1.73,6,31.88,45.62,18,20
16616,50.25,18,34.74,86.03,18,20
16616,3.47,11,29.09,60.9,18,20
16619,105.03,28,33.49,60.68,18,21
16619,35.91,13,23.89,43.9,18,21
16620,65.12,18,31.78,55.97,18,21
16620,2.78,9,50.35,44.51,18,21
16622,0.56,11,6.38,59.8,18,21
16625,84.04,21,29.08,86.31,18,21
16623,1.51,4,6.52,51.24,18,21
16626,0.55,7,34.98,58.11,18,21
16628,65.51,16,24.42,48.81,18,21
16626,81.25,28,24.16,44.86,18,21
16629,100.7,28,24.76,52.28,18,21
16630,39.18,20,54.55,44.47,18,21
16632,70.81,22,32.78,85.25,18,21
16633,54.52,22,25.93,18.95,18,21
16631,74.11,22,21.75,63.51,18,21
16635,73.64,25,25.78,51.4,18,21
16634,2.3,4,23.08,91.48,18,21
16636,59.46,31,34.39,15.41,18,21
16637,2.99,10,20.4,68.75,18,21
16638,94.38,26,29.17,56.56,18,21
16637,1.03,4,25.37,43.49,18,21
16641,32.7,17,5.57,57.49,18,21
16640,109.5,31,29.69,51.63,18,21
16642,0.95,9,29.5,62.4,18,21
16643,82.81,23,30.18,55.75,18,21
16642,77.17,27,23.74,58.2,18,21
16644,32.76,13,22.15,66.39,18,21
16644,3.21,11,9.82,42.18,18,21
16647,104.58,34,33.41,44.87,18,21
16649,91.38,22,27.0,55.77,18,21
16650,123.83,34,31.49,59.14,18,21
16648,1.21,10,58.45560000000002,41.0,18,21
16649,113.0,30,24.26,45.21,18,21
16653,75.79,32,25.12,90.19,18,21
16652,53.46,26,55.45,88.44,18,21
16652,0.31,8,32.4,64.09,18,21
16654,41.8,20,22.15,15.06,18,21
16657,0.91,5,33.45,53.86,18,21
16655,46.3,19,26.81,17.73,18,21
16659,48.87,20,9.99,50.56,18,21
16657,102.26,30,22.73,55.89,18,21
16658,47.09,13,27.99,49.37,18,21
16661,111.55,29,34.54,63.49,18,21
16662,0.62,8,33.61,68.98,18,21
16661,1.01,10,31.0,63.95,18,21
16665,75.22,19,20.28,68.46,18,21
16666,1.68,10,32.39,67.51,18,21
16664,47.71,17,25.93,64.24,18,21
16668,52.89,16,24.82,68.82,18,21
16669,37.06,12,22.87,42.05,18,21
16669,78.63,19,20.85,41.96,18,21
16668,55.52,17,32.28,49.63,18,21
16669,78.93,35,5.53,51.24,18,21
16673,38.72,14,33.83,46.16,18,21
16672,4.8,1,27.62,62.81,18,21
16673,114.71,32,25.33,64.04,18,21
16675,87.74,29,24.24,42.0,18,21
16674,107.81,28,30.59,47.42,18,21
16678,89.76,23,26.59,47.79,18,21
16677,2.51,4,34.69,54.04,18,21
16679,126.96,31,27.54,49.26,18,22
16678,1.88,10,31.39,63.0,18,22
16681,1.08,10,6.02,93.44,18,22
16682,4.33,7,8.18,17.59,18,22
16684,2.34,4,31.81,40.76,18,22
16683,73.85,22,34.7,46.88,18,22
16686,88.22,27,32.5,63.05,18,22
16686,4.75,10,29.95,62.11,18,22
16686,44.8,23,32.63,17.32,18,22
16688,124.13,34,21.75,65.14,18,22
16687,30.69,18,8.83,49.31,18,22
16689,108.59,29,29.65,66.82,18,22
16691,85.3,24,28.68,50.92,18,22
16691,99.72,24,24.63,45.14,18,22
16693,93.11,35,23.89,15.5,18,22
16693,60.35,17,33.54,42.47,18,22
16696,3.78,7,29.85,62.3,18,22
16694,74.2,19,21.51,69.62,18,22
16695,92.93,33,20.94,44.93,18,22
16696,67.32,18,24.88,43.18,18,22
16699,1.14,4,32.92,53.12,18,22
16701,41.93,12,20.73,47.69,18,22
16699,102.67,30,23.94,43.31,18,22
16702,86.27,26,27.23,47.47,18,22
16702,2.37,1,23.36,66.16,18,22
16705,3.26,8,30.21,54.87,18,22
16703,86.98,23,34.2,68.05,18,22
16704,109.03,35,21.58,41.93,18,22
16708,72.51,33,31.57,12.51,18,22
16708,1.31,6,30.36,65.73,18,22
16707,109.37,27,29.46,56.86,18,22
16708,57.69,20,27.44,86.64,18,22
16712,83.74,22,34.79,42.34,18,22
16713,3.07,6,30.4,60.17,18,22
16714,110.86,31,28.87,52.32,18,22
16712,27.25,18,57.49,68.5,18,22
16713,0.87,5,30.03,57.48,18,22
16716,3.43,7,31.46,46.05,18,22
16715,132.77120000000002,34,28.24,63.76,18,22
16716,42.46,15,20.85,93.83,18,22
16719,59.13,34,8.58,50.71,18,22
16721,50.75,13,30.12,41.89,18,22
16719,60.1,19,20.06,47.19,18,22
16721,125.4,31,22.0,68.37,18,22
16721,118.53,29,23.18,48.95,18,22
16723,52.88,29,32.61,11.39,18,22
16725,62.74,23,28.96,48.08,18,22
16726,2.67,1,31.09,55.67,18,22
16728,64.04,23,22.8,11.14,18,22
16729,30.38,12,28.75,66.17,18,22
16727,72.51,28,20.91,15.84,18,22
16730,4.45,7,33.06,57.35,18,22
16732,2.79,4,20.76,53.16,18,22
16733,3.28,7,34.15,55.53,18,22
16734,4.59,3,32.93,67.01,18,22
16734,2.86,1,20.07,53.59,18,22
16734,57.15,20,20.72,68.42,18,22
16735,96.37,35,29.5,15.9,18,22
16737,0.8,4,25.0,41.26,18,22
16737,80.54,32,58.45560000000002,52.37,18,22
16738,4.45,4,20.02,65.49,18,23
16739,54.87,14,24.97,40.68,18,23
16739,2.89,10,20.21,40.71,18,23
16740,79.11,25,32.76,58.05,18,23
16743,3.36,7,30.91,48.51,18,23
16744,111.11,35,21.1,54.23,18,23
16743,104.27,33,30.99,49.16,18,23
16744,35.9,18,25.66,17.43,18,23
16745,2.18,9,20.82,64.03,18,23
16748,95.23,31,22.32,60.83,18,23
16748,55.86,18,29.33,48.55,18,23
16748,103.21,26,21.43,66.91,18,23
16750,55.01,28,29.55,15.84,18,23
16751,1.84,4,22.35,66.53,18,23
16754,54.42,34,56.14,40.82,18,23
16752,98.43,34,34.74,42.72,18,23
16754,40.34,14,20.34,51.26,18,23
16757,79.67,25,31.44,63.13,18,23
16756,0.37,10,26.52,90.52,18,23
16758,0.93,5,26.19,40.13,18,23
16759,2.28,5,21.01,17.68,18,23
16760,0.19,5,34.1,60.06,18,23
16761,28.73,16,48.39,88.06,18,23
16760,3.72,8,32.7,61.07,18,23
16763,2.87,5,6.71,55.17,18,23
16764,72.69,19,33.85,50.03,18,23
16763,66.38,20,32.62,88.95,18,23
16764,33.49,14,21.32,12.78,18,23
16767,66.76,34,9.3,49.32,18,23
16768,58.39,15,32.63,68.09,18,23
16768,4.62,7,22.87,53.74,18,23
16771,77.6,35,8.08,68.38,18,23
16772,0.77,1,29.42,65.58,18,23
16771,81.02,29,20.68,47.82,18,23
16772,74.33,35,57.52,44.28,18,23
16775,77.19,22,32.35,41.44,18,23
16774,85.47,26,20.19,55.1,18,23
16775,4.75,5,33.48,64.7,18,23
16775,76.69,20,20.76,53.3,18,23
16776,3.6,7,23.51,48.78,18,23
16777,78.22,30,32.86,51.5,18,23
16779,86.09,26,27.37,41.31,18,23
16782,32.1,12,30.95,43.49,18,23
16783,3.13,10,28.78,46.06,18,23
16782,24.0,13,56.46,49.22,18,23
16782,51.1,15,27.0,54.57,18,23
16784,48.37,19,31.75,57.51,18,23
16787,56.9,18,32.09,46.98,18,23
16787,73.35,18,24.55,40.48,18,23
16786,47.3,28,56.27,55.87,18,23
16789,67.26,30,51.23,55.5,18,23
16789,4.21,4,21.42,47.08,18,23
16789,24.9,13,31.0,15.86,18,23
16790,3.65,5,32.4,45.12,18,23
16791,86.14,33,23.65,54.9,18,23
16794,4.38,11,31.18,59.85,18,23
16796,3.13,5,46.52,89.74,18,23
16795,1.01,11,28.98,64.76,18,23
16798,3.68,9,21.24,50.61,18,23
16799,91.14,31,31.58,46.76,18,23
16799,0.84,9,20.63,59.23,18,24
16798,50.11,23,27.17,93.98,18,24
16799,114.6,34,27.35,60.0,18,24
16801,84.68,27,30.05,66.12,18,24
16804,121.53,34,29.62,41.71,18,24
16804,1.89,7,30.67,59.08,18,24
16804,33.92,15,8.24,52.17,18,24
16805,54.16,20,29.02,54.54,18,24
16808,79.23,25,24.08,40.23,18,24
16807,56.74,26,6.96,66.63,18,24
16807,1.8,9,34.26,48.87,18,24
16808,119.25,33,32.01,46.08,18,24
16811,67.74,32,32.57,18.18,18,24
16813,103.25,35,32.62,54.26,18,24
16811,27.6,13,55.51,87.89,18,24
16812,87.67,32,27.0,90.17,18,24
16813,66.86,16,20.87,62.52,18,24
16816,60.62,20,22.42,61.7,18,24
16818,3.5,6,53.58,67.77,18,24
16819,122.21,34,20.29,68.35,18,24
16818,76.51,32,21.26,11.14,18,24
16818,3.3,11,5.65,14.58,18,24
16821,0.9,11,27.65,47.6,18,24
16820,120.98,29,34.9,40.83,18,24
16821,132.77120000000002,35,21.02,51.13,18,24
16822,49.05,21,5.71,43.66,18,24
16824,111.68,27,31.51,53.32,18,24
16826,3.55,11,30.38,90.87,18,24
16826,1.82,3,58.05,57.64,18,24
16828,2.97,2,21.64,89.52,18,24
16829,73.9,26,33.89,43.0,18,24
16828,36.52,12,21.24,64.46,18,24
16831,103.2,28,33.07,67.29,18,24
16832,131.55,34,33.28,46.73,18,24
16833,47.72,16,34.93,68.33,18,24
16835,1.82,8,47.19,67.02,18,24
16834,132.77120000000002,35,23.3,42.92,18,24
16836,97.06,35,29.24,51.95,18,24
16836,41.37,21,24.4,15.72,18,24
16838,76.52,29,28.2,69.64,18,24
16837,103.2,35,25.56,53.17,18,24
16840,1.26,5,55.05,67.49,18,24
16841,124.04,30,21.87,51.99,18,24
16842,54.13,25,5.53,46.86,18,24
16844,73.18,25,30.83,90.58,18,24
16843,51.27,15,32.94,55.15,18,24
16845,35.82,22,55.67,57.79,18,24
16844,99.71,28,25.16,62.67,18,24
16847,2.86,5,29.51,88.58,18,24
16848,2.87,3,56.28,42.78,18,24
16849,122.74,34,34.65,41.62,18,24
16850,71.03,18,25.2,63.17,18,24
16849,1.58,11,30.45,58.88,18,24
16853,38.6,15,21.5,11.14,18,24
16853,65.21,18,28.49,61.22,18,24
16853,59.57,22,22.29,57.46,18,24
16854,1.17,4,20.02,44.91,18,24
16855,2.79,10,26.55,43.64,18,24
16857,1.23,9,22.77,59.51,18,24
16858,132.77120000000002,33,34.77,43.05,18,24
16859,39.54,18,27.43,17.1,18,25
16860,38.74,13,23.89,52.22,18,25
16861,105.34,29,33.03,59.13,18,25
16863,126.97,32,33.88,60.16,18,25
16864,41.44,17,6.97,50.38,18,25
16862,109.38,30,24.96,52.17,18,25
16866,108.74,28,31.84,59.34,18,25
16865,116.08,29,34.38,46.17,18,25
16865,35.24,17,20.25,92.87,18,25
16867,58.49,28,34.63,12.22,18,25
16870,127.16,32,29.24,53.8,18,25
16868,2.22,4,30.91,46.11,18,25
16870,40.68,20,5.95,69.48,18,25
16873,33.95,13,30.58,52.98,18,25
16874,67.32,30,34.41,90.7,18,25
16874,94.12,27,29.71,58.77,18,25
16876,43.79,17,30.65,66.73,18,25
16875,109.91,33,21.11,67.43,18,25
16877,98.35,28,20.0,66.72,18,25
16877,111.9,34,22.15,59.04,18,25
16879,43.51,17,23.49,85.28,18,25
16880,1.41,2,30.39,68.91,18,25
16882,47.68,28,6.92,54.89,18,25
16883,68.04,35,26.25,94.03,18,25
16883,70.45,25,27.34,67.54,18,25
16885,50.64,14,26.34,52.17,18,25
16883,67.17,22,22.55,88.77,18,25
16887,80.07,30,27.97,40.08,18,25
16887,1.41,5,30.56,94.03,18,25
16886,80.19,32,33.97,87.98,18,25
16890,55.28,24,5.8,57.26,18,25
16891,59.88,28,27.99,18.55,18,25
16890,2.94,8,47.68,46.9,18,25
16890,92.06,32,32.48,87.9,18,25
16894,87.78,24,29.35,85.57,18,25
16894,115.04,31,28.88,62.45,18,25
16896,66.02,20,28.49,69.07,18,25
16896,84.44,30,22.09,45.49,18,25
16896,4.05,11,29.93,86.43,18,25
16898,41.25,19,5.53,67.3,18,25
16897,98.78,30,34.08,51.02,18,25
16899,70.81,19,28.01,69.85,18,25
16899,45.38,24,45.14,40.5,18,25
16903,39.66,22,33.62,19.32,18,25
16902,38.33,22,6.1,65.26,18,25
16903,94.45,26,23.88,55.29,18,25
16904,85.95,26,31.99,63.42,18,25
16907,87.96,23,27.16,40.55,18,25
16905,1.89,11,33.89,61.81,18,25
16908,0.24,2,20.23,59.96,18,25
16907,1.53,10,7.49,87.84,18,25
16910,116.37,28,23.81,58.72,18,25
16909,97.5,26,30.69,66.4,18,25
16913,28.36,15,48.8,42.87,18,25
16913,55.78,28,45.19,58.98,18,25
16914,50.56,17,29.93,59.33,18,25
16914,59.91,18,24.43,45.89,18,25
16914,4.8,2,23.31,68.82,18,25
16916,68.26,22,34.89,61.61,18,25
16918,4.24,7,28.27,15.99,18,25
16920,56.17,15,28.25,49.69,18,26
16918,70.16,26,31.93,64.73,18,26
16920,63.68,26,28.32,12.4,18,26
16920,86.08,34,28.63,44.09,18,26
16921,0.18,3,28.74,58.12,18,26
16924,44.17,26,8.91,58.71,18,26
16926,101.78,25,26.17,64.25,18,26
16925,4.41,6,22.86,45.43,18,26
16927,3.92,11,9.08,45.22,18,26
16929,83.31,32,28.1,62.63,18,26
16929,69.08,21,24.6,68.5,18,26
16929,79.52,27,34.65,57.48,18,26
16930,4.98,8,34.54,12.95,18,26
16930,60.63,23,28.39,41.41,18,26
16933,0.74,8,27.18,64.86,18,26
16934,2.43,5,24.05,86.16,18,26
16933,93.93,24,29.99,40.78,18,26
16934,0.45,2,7.17,46.18,18,26
16937,129.42,31,26.42,69.09,18,26
16936,78.75,29,26.84,52.63,18,26
16940,0.86,3,31.75,59.2,18,26
16941,62.36,18,28.07,56.17,18,26
16942,0.2,1,29.48,57.2,18,26
16941,70.55,35,7.95,50.89,18,26
16943,0.18,7,57.73,89.9,18,26
16942,1.25,7,23.36,62.74,18,26
16944,87.23,22,23.63,63.9,18,26
16947,57.91,14,29.34,62.3,18,26
16946,2.21,4,30.38,52.06,18,26
16947,70.81,32,55.48,59.48,18,26
16948,38.17,15,24.85,43.02,18,26
16951,40.18,22,25.74,14.38,18,26
16952,3.8,4,27.11,60.06,18,26
16953,76.02,21,26.65,53.06,18,26
16954,79.32,23,23.53,67.67,18,26
16953,92.48,30,25.12,89.55,18,26
16956,1.96,10,24.94,51.3,18,26
16955,43.37,13,29.53,56.77,18,26
16955,4.47,11,21.06,60.93,18,26
16959,55.5,24,6.58,46.76,18,26
16958,53.81,19,24.72,64.41,18,26
16960,0.21,5,30.33,19.35,18,26
16960,3.23,7,24.37,60.78,18,26
16962,132.77120000000002,34,28.45,49.64,18,26
16961,61.76,16,34.24,58.54,18,26
16964,84.51,27,25.51,43.94,18,26
16964,47.8,12,28.97,45.65,18,26
16964,29.55,14,30.18,13.87,18,26
16966,119.24,31,32.27,62.32,18,26
16968,4.52,1,20.55,61.32,18,26
16967,57.55,25,9.08,54.96,18,26
16969,3.36,4,22.59,44.4,18,26
16969,3.35,2,24.33,42.6,18,26
16972,2.76,4,31.89,50.97,18,26
16971,56.72,19,28.27,89.7,18,26
16973,3.45,8,21.0,13.36,18,26
16974,60.55,30,23.53,17.0,18,26
16976,53.1,16,27.56,45.29,18,26
16975,82.71,23,31.65,51.53,18,26
16976,129.65,35,34.99,59.14,18,26
16979,25.89,16,55.63,54.88,18,27
16980,0.8,4,29.22,56.83,18,27
16979,91.84,35,31.04,14.59,18,27
16981,1.52,1,24.89,52.13,18,27
16981,3.24,4,34.07,94.03,18,27
16984,39.29,12,26.73,41.85,18,27
16985,1.61,4,33.16,18.35,18,27
16987,72.74,24,34.12,49.64,18,27
16988,132.77120000000002,34,25.93,58.76,18,27
16988,4.5,8,24.93,62.21,18,27
16988,67.13,19,27.38,58.02,18,27
16988,4.55,5,20.21,53.79,18,27
16990,62.67,24,23.54,42.2,18,27
16992,1.65,2,22.72,62.5,18,27
16994,39.44,15,29.71,43.03,18,27
16995,50.07,18,28.8,66.81,18,27
16993,72.15,21,26.11,51.87,18,27
16997,63.62,20,34.86,41.21,18,27
16996,132.77120000000002,34,25.26,66.4,18,27
16997,24.4,21,47.6,19.5,18,27
16999,54.14,16,27.48,54.4,18,27
16999,99.72,29,21.46,66.56,18,27
17001,47.77,18,20.72,62.1,18,27
17002,42.07,12,31.75,43.26,18,27
17002,4.77,2,29.05,47.56,18,27
17005,2.72,10,30.36,60.27,18,27
17006,56.69,16,28.32,61.35,18,27
17006,56.81,21,24.73,55.77,18,27
17005,53.19,19,25.41,42.88,18,27
17008,3.49,3,55.2,58.59,18,27
17008,65.54,25,30.23,53.87,18,27
17010,113.34,35,33.18,50.81,18,27
17010,71.29,26,25.87,65.25,18,27
17013,78.88,28,27.42,45.31,18,27
17012,66.79,24,25.84,45.92,18,27
17014,52.99,17,31.72,64.65,18,27
17016,115.51,30,26.52,61.18,18,27
17014,61.55,31,33.49,90.52,18,27
17016,52.12,13,22.08,61.79,18,27
17018,1.03,1,24.14,59.09,18,27
17018,62.09,33,5.53,46.14,18,27
17018,70.59,26,23.44,43.99,18,27
17022,44.03,12,28.76,43.53,18,27
17020,1.67,8,24.93,86.44,18,27
17021,75.22,23,27.72,67.66,18,27
17022,56.81,21,24.31,59.61,18,27
17024,50.44,26,29.71,92.82,18,27
17027,99.78,30,22.62,54.14,18,27
17027,1.57,2,22.9,66.77,18,27
17027,68.53,25,31.87,60.55,18,27
17029,48.48,25,9.1,52.37,18,27
17031,31.47,12,21.34,93.76,18,27
17031,81.47,22,27.43,52.41,18,27
17032,0.37,6,20.63,90.08,18,27
17032,36.47,15,46.69,52.66,18,27
17032,18.57,12,54.44,49.44,18,27
17033,0.81,2,23.34,58.16,18,27
17036,44.27,13,22.37,43.21,18,27
17038,2.32,6,29.54,66.36,18,27
17036,3.11,3,34.53,47.98,18,27
17038,5.0,3,27.36,50.5,18,28
17038,2.47,10,47.51,13.23,18,28
17042,1.62,11,28.77,46.1,18,28
17040,0.92,8,22.25,44.11,18,28
17041,96.76,33,24.24,65.2,18,28
17043,2.19,5,26.16,64.79,18,28
17045,70.81,29,7.3,58.32,18,28
17044,1.98,2,55.08,60.0,18,28
17045,42.01,13,32.68,51.47,18,28
17047,33.94,15,24.19,14.18,18,28
17050,0.46,4,20.99,52.95,18,28
17048,46.93,15,27.73,64.22,18,28
17051,88.58,27,26.46,68.71,18,28
17051,0.31,6,29.81,45.41,18,28
17054,52.6,21,20.84,44.63,18,28
17055,79.93,33,51.47,51.06,18,28
17054,4.78,6,7.94,63.01,18,28
17054,2.64,8,26.92,17.93,18,28
17055,77.38,24,32.68,63.42,18,28
17057,75.39,29,28.27,88.78,18,28
17058,30.66,12,34.9,18.85,18,28
17060,119.89,31,29.81,44.07,18,28
17059,104.47,26,26.96,58.76,18,28
17060,34.73,15,58.45560000000002,50.72,18,28
17062,92.83,23,33.96,47.86,18,28
17063,48.3,32,9.52,68.54,18,28
17064,48.88,30,56.26,58.72,18,28
17064,125.29,35,23.91,60.71,18,28
17066,83.7,23,31.86,52.39,18,28
17069,37.2,20,6.98,59.9,18,28
17069,77.59,28,26.38,58.29,18,28
17069,16.8,13,9.91,15.77,18,28
17072,49.45,19,34.03,46.5,18,28
17071,34.04,14,22.2,13.06,18,28
17071,3.59,1,34.43,52.92,18,28
17073,43.19,13,26.71,47.6,18,28
17074,4.28,5,21.44,59.93,18,28
17076,0.18,8,31.23,56.69,18,28
17077,0.31,11,29.5,59.61,18,28
17078,2.66,8,34.98,62.99,18,28
17078,91.74,30,31.97,86.32,18,28
17078,108.69,33,25.83,61.71,18,28
17082,89.22,30,31.68,47.15,18,28
17083,41.05,15,27.4,50.15,18,28
17082,44.34,21,5.7,69.35,18,28
17084,74.82,23,34.73,57.62,18,28
17083,70.78,32,30.08,90.61,18,28
17087,58.36,15,30.31,61.78,18,28
17087,102.46,26,27.42,45.19,18,28
17088,2.76,4,29.62,45.23,18,28
17090,1.38,10,22.18,41.69,18,28
17088,2.01,5,27.51,57.99,18,28
17091,55.68,20,33.58,44.84,18,28
17090,44.11,25,31.11,13.87,18,28
17093,37.35,18,53.2,60.23,18,28
17095,3.61,5,28.63,17.46,18,28
17093,51.07,23,57.55,63.25,18,28
17094,68.91,32,24.25,12.06,18,28
17097,81.6,27,28.49,50.5,18,28
17098,114.78,32,29.19,66.56,18,28
17098,37.55,21,32.34,11.14,18,29
17098,87.38,23,28.79,66.21,18,29
17101,2.79,8,22.82,61.51,18,29
17100,39.09,14,22.06,44.61,18,29
17102,85.68,29,33.35,67.07,18,29
17103,100.5,26,27.11,57.49,18,29
17105,93.1,24,29.59,57.13,18,29
17105,87.63,27,24.98,48.8,18,29
17107,48.45,23,5.53,50.26,18,29
17108,74.45,18,34.08,60.07,18,29
17109,45.23,26,46.54,16.0,18,29
17111,80.56,23,32.79,67.0,18,29
17109,47.91,18,24.28,54.37,18,29
17110,29.6,12,7.14,68.16,18,29
17112,59.74,25,49.35,58.27,18,29
17113,53.55,18,24.98,53.58,18,29
17113,46.4,18,22.6,52.84,18,29
17114,4.85,1,20.37,66.66,18,29
17115,83.43,21,28.05,60.08,18,29
17118,85.65,30,27.12,42.14,18,29
17120,1.1,5,20.83,68.97,18,29
17120,77.51,22,27.56,52.61,18,29
17121,1.37,6,7.36,19.68,18,29
17121,96.13,27,22.34,67.69,18,29
17121,50.31,18,27.87,58.93,18,29
17122,58.02,25,32.64,11.14,18,29
17123,27.96,13,9.68,52.77,18,29
17125,58.05,20,31.35,58.5,18,29
17128,45.1,12,23.48,57.26,18,29
17126,59.5,20,26.71,89.96,18,29
17128,63.81,34,45.74,68.1,18,29
17128,2.97,2,28.07,87.11,18,29
17130,84.22,24,23.54,57.38,18,29
17132,1.79,11,34.41,64.53,18,29
17134,49.07,14,33.91,57.37,18,29
17133,1.71,7,31.36,11.14,18,29
17134,49.35,17,22.98,64.6,18,29
17135,3.03,4,49.87,45.0,18,29
17136,3.0,2,24.2,50.44,18,29
17137,3.0,11,33.37,49.99,18,29
17137,77.17,20,29.55,52.64,18,29
17141,23.07,14,54.91,89.48,18,29
17141,4.07,8,49.24,48.24,18,29
17142,37.67,23,9.95,92.77,18,29
17142,66.13,23,30.86,64.4,18,29
17142,65.02,31,8.64,46.51,18,29
17146,75.85,35,52.01,45.93,18,29
17147,46.16,16,26.89,65.88,18,29
17148,102.34,27,33.64,66.48,18,29
17148,0.77,8,31.64,90.16,18,29
17150,49.01,15,29.13,53.65,18,29
17150,99.16,33,21.68,69.0,18,29
17149,1.36,8,34.31,60.33,18,29
17151,71.68,26,20.59,51.37,18,29
17153,126.41,31,23.3,68.54,18,29
17155,0.63,4,33.48,55.54,18,29
17154,104.91,32,33.79,45.63,18,29
17157,65.48,22,32.58,41.41,18,29
17156,41.81,16,25.43,68.61,18,29
17159,45.65,20,52.18,48.29,18,29
17160,62.05,33,50.21,67.98,18,30
17160,61.83,19,20.05,45.13,18,30
17160,42.12,22,34.25,94.03,18,30
17163,2.52,2,8.0,56.7,18,30
17163,103.92,26,20.62,69.71,18,30
17165,56.16,25,8.88,63.22,18,30
17164,95.27,31,31.46,50.52,18,30
17164,104.14,33,29.49,69.92,18,30
17166,76.39,31,25.63,12.06,18,30
17167,2.69,10,27.34,67.34,18,30
17170,4.69,11,27.59,42.09,18,30
17168,1.55,3,33.05,60.27,18,30
17172,1.24,10,28.0,60.96,18,30
17171,79.44,26,34.91,41.58,18,30
17172,46.84,17,21.5,44.18,18,30
17173,1.94,11,25.5,49.04,18,30
17176,3.77,3,27.54,66.01,18,30
17177,2.76,8,22.32,66.09,18,30
17178,50.18,18,25.97,56.88,18,30
17178,37.62,15,48.66,55.15,18,30
17177,0.18,10,45.45,42.05,18,30
17181,104.3,28,26.3,61.2,18,30
17179,28.02,18,8.17,65.02,18,30
17183,3.55,9,48.82,41.43,18,30
17181,72.41,19,29.05,88.64,18,30
17185,43.97,14,25.42,69.52,18,30
17186,43.12,15,20.53,60.18,18,30
17185,32.28,15,54.32,50.47,18,30
17185,123.33,31,27.63,54.58,18,30
17186,87.85,33,25.09,40.27,18,30
17190,39.6,14,29.04,52.9,18,30
17189,36.42,15,49.28,56.93,18,30
17191,4.27,6,27.97,61.91,18,30
17190,83.6,26,25.83,55.05,18,30
17191,45.16,17,29.66,56.16,18,30
17193,79.76,21,24.66,68.51,18,30
17196,32.37,18,6.35,62.5,18,30
17197,0.74,6,29.34,48.36,18,30
17198,0.18,1,33.04,45.74,18,30
17199,1.45,11,23.01,67.25,18,30
17200,89.53,30,28.69,59.21,18,30
17200,3.83,7,26.81,51.83,18,30
17202,78.5,22,23.98,50.8,18,30
17201,106.13,27,32.54,53.87,18,30
17202,98.84,35,20.23,48.3,18,30
17204,83.91,33,26.05,42.28,18,30
17203,59.41,15,27.43,56.37,18,30
17206,51.68,26,57.99,55.55,18,30
17205,74.27,26,27.24,89.0,18,30
17206,4.35,5,58.45560000000002,69.16,18,30
17209,1.04,3,30.61,87.21,18,30
17209,55.61,16,34.49,61.35,18,30
17211,53.11,17,30.93,50.17,18,30
17211,4.06,11,31.74,89.08,18,30
17211,2.66,7,33.87,57.2,18,30
17212,73.71,18,26.52,66.18,18,30
17215,1.23,2,26.88,67.11,18,30
17214,3.54,7,22.66,87.06,18,30
17217,2.13,11,24.21,13.1,18,30
17216,113.22,29,24.8,50.06,18,30
17217,1.9,6,58.45560000000002,64.24,18,31
17219,69.99,25,24.12,45.68,18,31
17221,0.18,8,22.91,68.4,18,31
17221,23.79,13,32.04,12.41,18,31
17221,44.32,12,34.28,48.77,18,31
17222,53.82,13,25.58,52.32,18,31
17223,36.99,12,29.38,52.8,18,31
17224,57.79,15,26.53,85.6,18,31
17228,94.84,28,30.5,49.66,18,31
17226,1.64,9,23.6,40.39,18,31
17228,3.86,2,9.43,63.85,18,31
17230,76.52,24,25.7,52.18,18,31
17230,56.9,20,29.3,55.41,18,31
17232,115.06,32,20.35,89.92,18,31
17232,69.45,20,28.96,48.83,18,31
17233,48.09,12,27.25,57.97,18,31
17233,109.09,28,22.3,41.52,18,31
17234,40.46,19,26.71,11.87,18,31
17236,47.94,13,25.77,47.2,18,31
17239,74.79,32,52.53,65.63,18,31
17239,0.6,9,26.85,85.38,18,31
17238,73.85,27,26.81,92.68,18,31
17242,89.1,30,24.84,67.22,18,31
17243,78.62,22,24.85,68.38,18,31
17244,68.57,17,23.98,59.6,18,31
17242,64.33,33,23.26,94.03,18,31
17243,35.05,16,20.68,90.23,18,31
17246,48.07,18,27.27,53.96,18,31
17245,4.81,7,6.52,48.13,18,31
17246,33.46,15,56.72,51.43,18,31
17249,77.4,21,32.78,42.79,18,31
17250,38.25,17,8.8,42.0,18,31
17252,23.29,13,25.26,16.21,18,31
17253,44.26,14,33.55,59.21,18,31
17254,0.75,10,23.6,64.43,18,31
17252,40.83,26,58.45560000000002,18.41,18,31
17255,102.51,28,21.86,61.86,18,31
17254,112.26,27,22.3,46.33,18,31
17258,78.26,24,34.47,63.92,18,31
17259,117.73,34,26.68,57.93,18,31
17258,0.26,8,46.38,65.39,18,31
17259,4.67,5,31.75,51.27,18,31
17262,83.88,22,29.97,68.72,18,31
17262,111.53,27,24.81,59.99,18,31
17264,35.81,15,6.37,69.72,18,31
17263,82.01,26,28.3,57.62,18,31
17264,25.15,22,7.97,13.91,18,31
17264,0.18,11,21.84,41.68,18,31
17266,77.85,28,22.13,11.18,18,31
17266,89.99,28,24.72,63.13,18,31
17270,1.63,6,26.89,90.21,18,31
17270,61.3,22,30.89,13.51,18,31
17271,34.46,19,7.29,53.01,18,31
17272,75.77,27,30.38,66.04,18,31
17272,61.22,17,22.08,87.71,18,31
17274,113.39,27,25.85,56.29,18,31
17273,51.13,16,26.85,60.0,18,31
17277,27.68,12,7.12,54.68,18,31
17276,128.39,33,20.95,43.97,18,31
17279,94.2,35,25.57,42.47,18,31
17280,40.31,15,31.36,17.5,18,32
17279,2.72,7,50.83,67.88,18,32
17281,53.89,19,26.79,90.7,18,32
17283,36.13,16,8.15,45.91,18,32
17284,48.01,21,52.58,69.81,18,32
17285,93.16,27,29.21,51.87,18,32
17286,79.78,21,25.79,68.16,18,32
17287,109.29,32,21.91,89.19,18,32
17285,4.07,9,47.76,54.65,18,32
17287,47.56,17,30.37,56.77,18,32
17289,83.7,24,29.97,45.24,18,32
17291,95.2,29,33.2,52.33,18,32
17290,0.97,2,31.24,42.91,18,32
17291,83.21,26,33.99,43.7,18,32
17293,101.79,30,33.46,67.37,18,32
17295,43.76,27,5.53,11.14,18,32
17295,96.48,26,27.98,40.29,18,32
17295,31.49,18,7.59,50.04,18,32
17295,128.89,32,29.82,56.3,18,32
17296,35.45,13,21.7,92.67,18,32
17300,2.28,1,33.65,13.55,18,32
17298,3.24,6,27.96,62.73,18,32
17301,64.29,24,24.09,44.03,18,32
17301,72.66,26,21.39,50.11,18,32
17301,4.13,6,26.55,60.34,18,32
17305,1.51,5,8.24,65.29,18,32
17305,1.4,2,6.22,50.95,18,32
17304,41.11,18,46.03,44.96,18,32
17307,66.05,18,31.36,60.41,18,32
17309,77.72,24,30.61,49.85,18,32
17308,87.88,27,26.29,63.69,18,32
17308,107.36,28,28.55,67.62,18,32
17310,73.68,26,30.65,68.74,18,32
17312,3.55,3,25.48,47.15,18,32
17313,59.5,31,7.68,63.87,18,32
17313,77.18,32,27.51,11.14,18,32
17315,48.14,19,33.41,92.85,18,32
17316,49.95,28,49.35,60.55,18,32
17316,4.33,4,30.63,85.41,18,32
17316,27.9,16,51.13,90.77,18,32
17319,66.73,34,24.18,19.46,18,32
17321,98.08,30,24.74,64.99,18,32
17320,20.56,15,46.7,13.02,18,32
17323,4.82,7,20.89,11.38,18,32
17321,132.77120000000002,34,31.08,62.88,18,32
17322,0.51,10,27.68,47.33,18,32
17323,77.06,28,32.76,59.58,18,32
17326,2.44,6,7.56,46.55,18,32
17327,66.06,19,29.04,69.38,18,32
17328,99.56,24,33.41,44.79,18,32
17329,29.65,15,34.25,90.93,18,32
17331,45.66,20,58.42,52.46,18,32
17332,4.12,2,34.15,69.56,18,32
17331,112.23,32,24.4,62.08,18,32
17332,51.01,24,48.57,63.76,18,32
17333,19.94,16,47.5,18.55,18,32
17333,43.57,18,9.29,61.96,18,32
17334,1.61,8,27.48,64.24,18,32
17337,132.77120000000002,34,34.97,64.84,18,32
17338,18.94,17,5.89,94.03,18,32
17339,4.24,5,20.25,51.6,18,33
17339,97.86,30,24.72,65.54,18,33
17340,2.01,8,29.47,44.95,18,33
17343,62.87,19,26.0,48.5,18,33
17341,2.21,11,27.97,69.32,18,33
17342,29.51,15,23.25,19.08,18,33
17343,34.33,18,8.15,42.85,18,33
17347,51.86,28,34.94,15.09,18,33
17345,57.22,23,32.34,19.74,18,33
17348,4.31,11,20.89,45.21,18,33
17347,1.52,1,33.57,40.26,18,33
17348,2.73,9,8.29,48.27,18,33
17350,36.36,12,23.05,57.29,18,33
17353,89.8,24,26.38,46.65,18,33
17353,73.0,20,24.46,51.26,18,33
17354,1.55,2,24.77,45.07,18,33
17353,46.64,23,20.53,93.7,18,33
17354,1.67,7,27.66,41.92,18,33
17356,62.77,16,34.68,54.09,18,33
17357,35.87,13,32.23,58.62,18,33
17358,3.96,1,27.21,91.07,18,33
17358,132.77120000000002,35,24.96,47.97,18,33
17362,75.87,29,20.21,68.13,18,33
17363,0.67,2,58.45560000000002,63.39,18,33
17362,52.78,14,34.33,41.28,18,33
17364,83.43,30,32.15,65.55,18,33
17363,56.14,14,30.96,85.64,18,33
17365,61.77,19,27.25,64.82,18,33
17368,58.09,14,25.1,49.49,18,33
17369,0.65,7,29.76,62.7,18,33
17369,108.74,32,27.58,52.54,18,33
17370,44.89,17,21.53,59.32,18,33
17369,0.56,7,33.7,43.49,18,33
17373,35.86,16,6.07,46.13,18,33
17372,38.3,17,6.04,47.93,18,33
17374,38.02,23,58.1,67.52,18,33
17375,0.83,6,28.11,58.31,18,33
17376,57.52,26,47.64,58.28,18,33
17376,2.74,10,21.08,63.69,18,33
17378,73.09,26,33.62,19.33,18,33
17377,3.37,8,23.66,66.77,18,33
17380,95.81,26,31.88,68.08,18,33
17379,61.63,21,21.95,40.17,18,33
17382,85.12,28,31.47,53.08,18,33
17383,4.88,5,21.49,48.92,18,33
17385,66.54,17,24.27,69.4,18,33
17385,39.35,13,28.34,53.1,18,33
17385,0.27,9,32.02,66.14,18,33
17388,62.6,18,26.75,69.89,18,33
17387,3.81,2,27.65,91.49,18,33
17388,46.66,16,30.74,87.16,18,33
17390,2.09,8,33.88,48.05,18,33
17390,33.79,12,31.36,65.65,18,33
17391,0.67,3,28.11,62.19,18,33
17393,1.36,5,28.39,67.66,18,33
17392,1.33,10,30.79,67.34,18,33
17394,58.23,17,22.8,60.45,18,33
17397,108.56,32,27.31,49.79,18,33
17395,57.73,18,31.65,45.54,18,33
17396,19.35,12,48.96,50.36,18,33
17399,97.78,32,21.58,41.44,18,34
17401,80.36,35,32.82,90.21,18,34
17401,3.17,4,34.62,40.96,18,34
17400,0.18,3,23.38,59.9,18,34
17403,48.67,19,33.64,17.54,18,34
17404,53.96,28,7.22,59.63,18,34
17405,1.48,6,9.43,12.7,18,34
17407,116.51,34,24.84,43.14,18,34
17406,98.85,28,22.2,57.78,18,34
17409,0.18,5,5.83,42.08,18,34
17408,4.99,6,23.53,61.26,18,34
17411,44.36,13,33.33,49.93,18,34
17409,26.63,23,54.48,11.14,18,34
17410,39.2,12,32.97,59.1,18,34
17413,4.89,8,29.22,61.19,18,34
17412,27.52,18,57.95,63.09,18,34
17416,5.0,11,23.58,63.5,18,34
17417,88.28,31,31.46,67.08,18,34
17417,62.95,19,29.96,42.49,18,34
17419,92.86,32,32.95,92.71,18,34
17418,3.79,10,25.29,51.98,18,34
17421,102.66,27,22.29,60.69,18,34
17421,132.77120000000002,35,30.41,65.28,18,34
17420,102.72,28,22.98,60.79,18,34
17424,28.27,13,28.69,93.27,18,34
17423,1.64,11,21.56,17.62,18,34
17424,49.86,15,24.52,40.65,18,34
17425,82.23,27,21.57,57.29,18,34
17426,62.68,27,29.02,12.58,18,34
17427,43.72,27,7.93,93.46,18,34
17429,19.98,19,54.64,12.42,18,34
17428,40.23,18,20.71,16.46,18,34
17429,35.08,14,27.21,55.83,18,34
17432,79.78,29,26.41,68.02,18,34
17431,34.36,14,6.88,61.24,18,34
17433,94.56,35,26.76,47.22,18,34
17435,4.83,9,30.24,50.33,18,34
17435,88.78,30,29.23,54.16,18,34
17437,1.88,11,27.89,65.98,18,34
17438,61.09,35,58.1,67.16,18,34
17438,47.31,15,31.57,47.74,18,34
17441,45.52,13,34.21,89.47,18,34
17442,49.83,22,25.9,12.41,18,34
17441,26.73,17,6.67,46.35,18,34
17441,54.5,15,23.16,56.36,18,34
17444,3.88,3,31.4,59.89,18,34
17446,35.11,12,27.26,53.94,18,34
17445,57.97,26,6.23,89.27,18,34
17447,41.33,12,21.21,43.21,18,34
17447,1.18,8,31.45,69.07,18,34
17449,110.43,31,30.65,62.15,18,34
17450,83.5,21,28.98,62.46,18,34
17452,85.62,32,24.19,59.82,18,34
17453,92.56,28,22.39,42.41,18,34
17451,38.6,21,33.15,91.95,18,34
17453,120.23,34,25.29,48.1,18,34
17455,33.64,16,49.12,43.18,18,34
17457,79.89,27,24.3,44.7,18,34
17455,42.23,14,20.42,47.43,18,34
17456,1.09,7,31.86,68.36,18,34
17457,65.16,29,34.78,91.31,18,35
17461,1.46,4,26.18,63.4,18,35
17461,4.0,5,29.24,67.45,18,35
17462,95.91,33,26.68,17.95,18,35
17464,49.89,30,8.9,44.35,18,35
17465,47.11,26,8.25,43.25,18,35
17464,3.98,11,49.61,89.16,18,35
17467,41.15,14,25.8,51.56,18,35
17466,56.89,29,21.19,11.37,18,35
17467,110.05,28,33.76,63.2,18,35
17469,3.62,11,32.57,56.71,18,35
17470,2.88,11,29.56,11.14,18,35
17471,54.56,16,29.67,62.31,18,35
17472,40.23,24,57.42,41.86,18,35
17471,27.55,17,9.86,48.18,18,35
17475,37.68,14,29.08,58.95,18,35
17473,40.29,35,5.53,18.48,18,35
17477,128.32,35,23.12,57.16,18,35
17476,81.21,23,28.76,67.08,18,35
17479,84.07,29,29.82,17.27,18,35
17479,42.06,15,30.8,93.7,18,35
17480,2.35,11,20.87,43.19,18,35
17480,128.1,32,33.03,89.95,18,35
17483,0.81,1,27.78,48.24,18,35
17481,110.99,27,29.19,55.21,18,35
17483,59.48,22,34.67,15.45,18,35
17484,62.58,34,28.15,18.54,18,35
17484,61.11,32,56.73,47.76,18,35
17486,1.15,8,32.56,47.77,18,35
17487,106.53,29,21.18,53.61,18,35
17490,29.67,15,50.12,40.77,18,35
17488,53.5,32,6.79,51.88,18,35
17492,48.12,22,20.34,11.37,18,35
17490,33.31,12,20.51,60.57,18,35
17494,71.45,25,27.49,53.09,18,35
17492,46.62,15,22.41,45.11,18,35
17493,104.19,30,29.87,68.86,18,35
17495,1.66,1,32.3,16.99,18,35
17498,47.66,17,21.52,55.97,18,35
17496,1.01,5,21.45,44.27,18,35
17499,3.35,11,50.65,45.72,18,35
17499,80.51,29,26.33,59.54,18,35
17500,67.69,20,33.17,53.35,18,35
17500,55.63,19,27.23,59.18,18,35
17503,40.35,16,28.44,13.51,18,35
17504,3.53,1,6.68,14.27,18,35
17506,50.09,23,9.7,49.74,18,35
17507,42.75,15,21.09,55.08,18,35
17505,36.76,24,55.82,65.24,18,35
17507,91.24,26,21.12,56.16,18,35
17510,63.84,23,30.25,49.58,18,35
17509,3.7,10,9.04,46.34,18,35
17511,66.24,21,30.9,43.02,18,35
17512,64.85,20,32.68,49.07,18,35
17514,46.27,14,27.22,57.74,18,35
17513,102.42,27,21.56,67.2,18,35
17516,122.38,31,29.02,45.34,18,35
17515,63.83,35,32.82,14.09,18,35
17517,0.76,3,31.12,44.44,18,35
17518,132.77120000000002,33,27.8,48.22,18,35
17517,45.98,14,25.99,63.12,18,36
17521,69.84,19,34.46,58.69,18,36
17521,59.59,35,8.57,64.23,18,36
17520,0.59,9,23.88,59.56,18,36
17522,45.57,16,23.48,18.05,18,36
17523,103.64,25,29.03,59.66,18,36
17523,77.58,19,32.51,40.91,18,36
17526,66.73,22,24.75,66.37,18,36
17525,88.31,30,21.68,44.01,18,36
17526,34.77,12,21.35,68.62,18,36
17528,58.7,22,23.62,67.57,18,36
17531,52.03,27,45.72,86.56,18,36
17531,63.63,30,49.93,57.53,18,36
17531,56.75,23,46.16,89.35,18,36
17533,132.77120000000002,35,28.43,42.97,18,36
17532,37.92,21,22.63,15.23,18,36
17535,71.02,22,32.82,66.53,18,36
17534,125.36,34,22.8,87.65,18,36
17535,79.6,27,27.68,56.79,18,36
17538,63.45,24,24.81,63.05,18,36
17537,108.41,30,24.2,49.58,18,36
17540,56.07,29,8.8,55.5,18,36
17542,67.92,25,29.67,12.72,18,36
17543,2.57,8,26.92,58.64,18,36
17544,0.77,5,23.69,55.22,18,36
17545,59.31,21,31.42,44.34,18,36
17544,68.37,20,33.21,46.53,18,36
17544,1.02,3,6.14,93.51,18,36
17545,60.17,19,28.68,86.23,18,36
17548,4.98,3,27.21,62.13,18,36
17550,2.61,11,29.29,43.94,18,36
17551,3.12,6,5.59,87.41,18,36
17552,33.69,14,27.43,12.19,18,36
17551,77.0,20,31.86,51.55,18,36
17553,74.81,25,29.86,62.46,18,36
17553,59.77,21,33.1,43.58,18,36
17555,51.29,29,27.87,11.14,18,36
17554,36.74,19,5.95,60.46,18,36
17555,104.88,26,24.32,57.27,18,36
17558,125.26,33,28.5,48.08,18,36
17558,4.08,3,24.53,64.58,18,36
17560,1.56,3,20.73,50.22,18,36
17561,36.05,17,24.31,91.96,18,36
17563,25.42,12,58.45560000000002,42.64,18,36
17563,109.17,33,29.46,40.64,18,36
17565,47.3,18,21.3,48.11,18,36
17563,51.97,20,34.73,49.79,18,36
17566,36.87,12,32.62,45.62,18,36
17567,107.52,28,31.93,51.49,18,36
17566,71.85,25,24.46,58.21,18,36
17569,68.54,23,22.89,65.12,18,36
17570,104.93,28,32.45,85.01,18,36
17570,99.39,24,34.27,47.95,18,36
17572,62.8,17,27.1,69.68,18,36
17574,52.39,23,52.89,43.61,18,36
17574,2.58,5,25.56,60.71,18,36
17576,4.45,4,48.2,91.47,18,36
17575,42.93,13,25.23,46.24,18,36
17575,42.18,24,24.04,92.6,18,36
17578,99.08,24,33.15,60.13,18,36
17577,83.53,33,34.24,67.17,18,37
17580,4.32,6,31.9,48.46,18,37
17581,59.27,30,9.38,62.49,18,37
17580,84.52,22,33.48,42.24,18,37
17581,89.19,30,25.32,64.75,18,37
17584,78.42,33,51.26,57.32,18,37
17586,86.97,34,25.72,56.02,18,37
17585,70.1,28,58.45560000000002,44.61,18,37
17587,121.77,34,29.31,61.83,18,37
17588,114.45,32,24.61,54.39,18,37
17590,115.88,29,25.83,59.81,18,37
17590,35.56,25,6.49,15.4,18,37
17590,59.77,33,32.55,14.25,18,37
17590,40.78,29,7.1,13.93,18,37
17591,90.69,31,22.61,46.29,18,37
17593,58.31,25,22.17,90.86,18,37
17595,45.46,25,25.58,19.85,18,37
17594,57.65,14,24.99,60.9,18,37
17596,2.55,2,29.18,41.57,18,37
17596,93.69,31,24.81,58.4,18,37
17599,1.57,8,30.01,59.64,18,37
17598,4.14,5,49.51,43.45,18,37
17600,65.43,20,31.37,44.16,18,37
17602,1.47,10,57.94,40.19,18,37
17601,55.95,18,32.52,46.78,18,37
17602,28.18,14,5.53,53.59,18,37
17605,0.18,4,20.91,43.33,18,37
17607,69.8,17,22.38,86.95,18,37
17608,2.42,1,25.74,47.0,18,37
17608,115.98,29,32.21,46.99,18,37
17608,88.89,34,23.89,65.28,18,37
17608,35.57,23,8.23,53.84,18,37
17612,30.17,12,34.55,69.69,18,37
17611,57.56,28,22.73,15.31,18,37
17611,65.78,20,30.32,66.77,18,37
17615,35.9,20,9.86,69.19,18,37
17613,2.52,7,30.89,64.86,18,37
17614,4.05,4,33.72,60.85,18,37
17616,78.6,21,33.6,58.65,18,37
17617,91.5,32,32.48,69.04,18,37
17620,4.64,3,34.22,67.51,18,37
17621,3.62,1,24.13,42.88,18,37
17619,99.45,30,33.83,42.27,18,37
17623,53.81,13,34.81,89.67,18,37
17623,37.8,25,9.63,59.77,18,37
17622,118.07,33,32.2,40.72,18,37
17626,59.85,34,22.06,92.37,18,37
17625,1.17,3,45.27,44.29,18,37
17625,45.04,14,23.01,68.12,18,37
17627,4.0,8,20.03,63.72,18,37
17627,44.22,12,24.7,44.21,18,37
17628,0.35,1,22.73,60.41,18,37
17630,128.59,34,32.96,46.04,18,37
17630,57.69,28,9.16,60.65,18,37
17634,2.08,1,21.12,48.52,18,37
17632,4.67,6,33.88,69.74,18,37
17634,19.88,13,49.8,52.55,18,37
17637,0.54,8,28.17,54.91,18,37
17637,2.41,3,24.11,67.7,18,37
17639,81.37,30,30.71,64.48,18,37
17638,4.12,2,27.39,42.64,18,38
17638,86.26,29,28.56,52.7,18,38
17641,90.47,24,24.4,55.84,18,38
17640,3.91,3,7.07,44.24,18,38
17643,62.1,24,20.12,63.14,18,38
17643,2.64,11,30.5,47.0,18,38
17644,37.84,15,31.43,66.67,18,38
17647,50.71,13,23.29,55.8,18,38
17646,38.48,12,33.4,57.52,18,38
17646,4.84,5,9.64,69.25,18,38
17648,29.1,14,52.36,45.41,18,38
17651,87.21,32,27.66,59.42,18,38
17649,83.77,22,28.34,66.16,18,38
17653,3.31,1,5.56,59.76,18,38
17652,122.69,31,20.8,51.54,18,38
17655,132.77120000000002,32,28.17,60.29,18,38
17654,94.91,31,22.99,57.6,18,38
17655,29.3,14,21.44,13.78,18,38
17658,0.54,6,49.72,67.2,18,38
17658,1.04,10,32.72,67.18,18,38
17657,1.97,8,23.52,40.5,18,38
17660,0.82,9,33.98,15.52,18,38
17659,55.63,29,7.15,49.82,18,38
17663,81.52,25,31.82,68.8,18,38
17662,34.83,12,22.87,60.57,18,38
17664,59.65,25,26.37,91.89,18,38
17664,27.95,15,53.97,60.9,18,38
17667,27.72,17,58.45560000000002,44.01,18,38
17668,58.94,29,54.75,40.61,18,38
17668,81.93,30,20.38,60.81,18,38
17669,68.39,25,21.68,63.56,18,38
17670,4.96,9,29.91,66.43,18,38
17672,59.13,18,24.33,40.14,18,38
17670,88.41,31,27.8,54.33,18,38
17671,0.59,7,32.02,59.08,18,38
17674,4.47,8,26.32,46.32,18,38
17675,77.28,28,31.31,43.73,18,38
17675,54.5,26,25.97,11.5,18,38
17675,4.4,8,9.62,55.45,18,38
17679,77.12,24,29.76,55.0,18,38
17680,4.47,1,23.39,57.23,18,38
17681,0.24,11,33.49,44.4,18,38
17681,4.98,1,33.63,52.7,18,38
17681,48.25,15,29.07,43.21,18,38
17684,60.22,28,49.62,47.89,18,38
17685,84.41,22,23.2,45.92,18,38
17683,120.68,35,31.78,44.83,18,38
17685,99.48,26,28.86,65.3,18,38
17685,47.79,19,27.96,86.34,18,38
17686,0.53,1,20.43,16.89,18,38
17689,88.61,33,30.46,52.06,18,38
17691,1.44,1,31.79,66.43,18,38
17689,65.28,26,23.68,43.88,18,38
17692,61.04,21,22.54,66.44,18,38
17691,126.64,33,31.91,53.55,18,38
17692,3.29,7,34.47,16.21,18,38
17696,80.61,32,23.64,42.85,18,38
17696,91.66,24,27.39,57.94,18,38
17698,38.9,19,55.54,62.21,18,38
17698,1.67,9,31.53,51.03,18,38
17700,2.64,7,28.48,65.14,18,39
17698,0.18,8,6.61,56.57,18,39
17702,3.71,10,29.12,45.46,18,39
17702,53.78,19,27.02,60.3,18,39
17702,82.25,31,30.19,12.63,18,39
17704,68.49,19,28.99,55.95,18,39
17703,109.81,30,31.13,42.67,18,39
17705,3.04,9,24.83,11.56,18,39
17705,55.82,15,28.07,40.3,18,39
17708,95.36,24,32.82,59.45,18,39
17707,109.79,27,24.6,49.06,18,39
17711,25.24,12,31.24,12.6,18,39
17712,49.7,13,33.3,59.51,18,39
17710,63.38,19,22.44,58.78,18,39
17712,31.12,17,6.83,67.83,18,39
17712,91.71,31,29.88,53.5,18,39
17713,75.21,21,25.2,47.04,18,39
17717,1.39,7,9.25,64.73,18,39
17717,67.07,26,26.57,88.65,18,39
17719,80.94,23,30.16,49.85,18,39
17719,2.77,6,24.08,49.09,18,39
17718,4.72,11,28.45,57.19,18,39
17720,50.81,22,56.03,49.29,18,39
17722,4.67,2,24.97,58.08,18,39
17723,105.69,33,32.77,52.81,18,39
17723,102.04,34,31.72,68.65,18,39
17726,2.62,3,34.61,61.4,18,39
17724,2.93,6,53.16,40.97,18,39
17727,66.42,16,32.26,64.71,18,39
17729,75.56,22,27.48,43.74,18,39
17730,102.39,25,33.25,55.58,18,39
17729,41.82,12,33.06,42.55,18,39
17732,2.09,8,27.44,66.44,18,39
17730,103.52,29,28.3,56.67,18,39
17731,72.01,27,23.37,56.59,18,39
17735,33.67,18,54.29,47.28,18,39
17735,59.21,22,29.61,57.0,18,39
17736,59.27,22,30.43,60.15,18,39
17737,82.75,20,29.2,42.54,18,39
17737,36.23,15,7.09,65.26,18,39
17740,59.8,35,58.45560000000002,40.35,18,39
17741,71.64,19,32.05,64.93,18,39
17741,68.08,26,20.19,63.78,18,39
17741,3.38,7,56.13,67.93,18,39
17742,2.75,6,24.08,67.44,18,39
17744,1.28,8,32.1,40.76,18,39
17743,59.07,15,32.01,58.06,18,39
17746,93.5,24,28.78,42.55,18,39
17748,62.17,26,20.84,14.5,18,39
17746,87.09,31,24.46,66.26,18,39
17747,44.85,27,7.65,52.45,18,39
17751,59.65,17,26.29,50.37,18,39
17751,1.49,9,28.75,69.1,18,39
17752,121.11,35,28.43,65.39,18,39
17754,80.61,34,56.87,63.71,18,39
17753,89.0,22,25.84,60.74,18,39
17755,31.22,20,7.47,90.78,18,39
17755,29.85,13,27.3,12.12,18,39
17756,2.48,4,49.61,43.37,18,39
17758,47.76,26,27.45,14.06,18,39
17757,69.35,21,27.27,46.24,18,40
17759,2.65,1,25.67,46.34,18,40
17761,0.55,6,5.53,16.39,18,40
17760,63.18,18,26.18,65.33,18,40
17763,3.04,5,20.34,89.56,18,40
17764,3.2,6,34.9,44.15,18,40
17766,64.37,33,25.19,91.41,18,40
17766,49.19,19,33.0,55.26,18,40
17765,2.62,7,6.75,60.43,18,40
17766,0.18,3,24.29,40.19,18,40
17770,0.38,10,20.36,11.14,18,40
17768,55.1,22,25.93,52.3,18,40
17772,2.8,8,27.18,65.73,18,40
17773,67.96,30,7.9,50.08,18,40
17771,78.9,24,31.24,45.51,18,40
17773,44.3,16,26.66,56.91,18,40
17775,132.77120000000002,34,31.49,52.93,18,40
17775,85.57,28,31.89,60.3,18,40
17777,39.04,13,27.52,46.66,18,40
17779,57.66,16,27.11,40.83,18,40
17778,56.73,18,28.23,44.32,18,40
17779,54.41,20,32.93,86.78,18,40
17782,90.66,30,32.25,52.6,18,40
17782,3.32,6,26.08,17.55,18,40
17782,62.34,16,30.69,44.09,18,40
17783,2.98,4,34.96,59.38,18,40
17784,3.9,3,30.4,64.75,18,40
17784,33.97,21,8.35,44.49,18,40
17788,1.04,5,29.81,45.54,18,40
17789,1.43,9,46.81,68.09,18,40
17787,131.35,34,21.97,41.6,18,40
17788,132.77120000000002,34,25.39,65.32,18,40
17792,3.0,2,20.53,53.24,18,40
17791,43.72,22,8.51,60.16,18,40
17793,79.49,35,21.53,91.77,18,40
17795,62.15,21,22.31,55.28,18,40
17796,83.42,29,29.38,17.21,18,40
17796,2.81,9,31.19,56.23,18,40
17797,79.81,27,22.62,65.24,18,40
17796,95.73,28,33.06,45.26,18,40
17800,2.45,5,51.2,56.32,18,40
17799,4.87,6,26.86,45.15,18,40
17802,97.47,27,29.09,65.3,18,40
17800,107.6,31,27.38,69.1,18,40
17803,74.65,20,24.46,55.44,18,40
17805,3.43,3,21.73,90.77,18,40
17803,50.87,28,6.45,64.71,18,40
17804,35.18,19,27.37,12.64,18,40
17806,72.1,22,24.89,57.28,18,40
17809,60.93,17,20.34,87.8,18,40
17809,40.45,35,51.23,14.64,18,40
17811,4.03,7,8.74,61.0,18,40
17811,47.68,17,32.5,52.5,18,40
17812,100.29,35,30.68,63.72,18,40
17812,1.31,7,21.56,15.4,18,40
17812,3.02,5,8.26,52.95,18,40
17813,1.24,3,21.84,60.48,18,40
17814,46.43,14,34.42,62.62,18,40
17817,19.18,18,8.92,15.74,18,40
17819,100.2,30,23.93,63.95,18,40
17818,1.23,11,28.42,53.42,18,41
17819,43.43,26,7.87,11.14,18,41
17822,40.75,23,25.34,11.14,18,41
17823,57.81,19,30.05,54.88,18,41
17821,1.89,3,30.2,12.99,18,41
17825,121.75,29,34.37,87.82,18,41
17825,1.02,10,8.56,64.84,18,41
17825,56.75,14,25.94,67.09,18,41
17826,36.03,32,53.84,91.02,18,41
17829,71.16,31,25.36,94.03,18,41
17828,88.9,22,34.56,54.86,18,41
17828,84.8,28,28.93,61.15,18,41
17831,4.75,6,45.94,66.79,18,41
17832,59.38,16,22.77,44.31,18,41
17832,4.28,1,24.91,11.8,18,41
17834,2.15,9,46.66,53.36,18,41
17834,126.88,32,27.99,66.4,18,41
17834,38.64,18,52.23,43.96,18,41
17836,128.52,32,29.0,59.95,18,41
17836,75.96,33,58.45560000000002,54.37,18,41
17839,93.32,35,22.07,41.28,18,41
17838,75.33,30,20.87,15.36,18,41
17840,115.71,30,26.56,42.6,18,41
17842,68.86,25,34.74,52.05,18,41
17844,60.78,17,27.8,57.53,18,41
17844,4.08,9,5.53,65.06,18,41
17844,43.75,15,28.16,40.71,18,41
17844,82.14,29,20.38,57.94,18,41
17848,85.47,21,23.99,69.71,18,41
17846,54.49,17,33.06,52.6,18,41
17849,1.26,11,33.99,69.38,18,41
17850,30.59,12,33.99,89.18,18,41
17851,4.92,2,32.89,49.26,18,41
17851,3.09,6,28.54,69.26,18,41
17854,39.49,16,5.66,65.42,18,41
17852,90.37,34,33.94,67.63,18,41
17856,40.01,12,26.13,52.41,18,41
17855,85.09,35,7.22,69.9,18,41
17855,78.35,23,22.58,44.67,18,41
17856,51.37,15,26.75,43.41,18,41
17860,0.4,2,8.7,66.96,18,41
17859,54.36,22,9.14,55.98,18,41
17859,78.3,19,25.34,57.29,18,41
17862,2.36,2,26.83,56.43,18,41
17861,2.44,9,31.56,46.03,18,41
17863,4.81,10,31.82,43.73,18,41
17864,52.11,25,26.38,11.68,18,41
17864,33.67,17,58.45560000000002,52.7,18,41
17867,4.24,7,48.48,50.74,18,41
17869,0.85,2,25.55,69.84,18,41
17867,96.04,27,21.44,42.89,18,41
17868,120.69,29,28.66,60.49,18,41
17872,126.36,33,25.91,61.43,18,41
17870,46.6,22,26.15,17.03,18,41
17871,1.8,5,22.16,50.03,18,41
17872,0.18,5,32.78,52.42,18,41
17873,59.88,21,25.78,53.15,18,41
17876,4.9,4,33.1,46.95,18,41
17875,84.93,22,23.59,43.0,18,41
17876,101.76,34,32.23,64.46,18,41
17878,57.06,22,25.57,61.26,18,42
17880,1.69,9,6.07,51.37,18,42
17881,89.36,30,22.04,41.5,18,42
17881,2.93,11,24.16,57.67,18,42
17883,62.26,23,32.0,65.86,18,42
17882,72.36,21,20.81,49.38,18,42
17884,92.69,29,30.99,60.6,18,42
17887,81.2,26,29.34,53.92,18,42
17886,2.46,3,23.42,46.67,18,42
17887,97.74,32,20.64,61.43,18,42
17889,54.06,19,25.0,13.75,18,42
17891,2.92,2,24.72,40.18,18,42
17892,73.71,26,24.69,41.74,18,42
17892,3.2,9,25.14,57.29,18,42
17893,2.18,4,5.81,54.62,18,42
17894,1.17,10,9.87,56.32,18,42
17896,0.33,11,23.1,44.84,18,42
17895,0.18,2,27.56,45.59,18,42
17896,67.82,23,33.79,68.99,18,42
17897,76.74,32,7.66,65.65,18,42
17900,54.76,28,55.14,42.52,18,42
17900,3.56,11,24.85,64.91,18,42
17899,111.76,35,28.99,67.65,18,42
17901,45.92,13,32.57,41.58,18,42
17902,77.27,25,23.86,58.69,18,42
17905,4.25,5,23.76,49.14,18,42
17905,27.59,13,53.0,68.49,18,42
17905,2.62,1,28.92,46.1,18,42
17905,97.52,33,21.32,57.61,18,42
17907,57.55,19,20.59,69.44,18,42
17909,103.85,31,31.3,45.15,18,42
17908,64.23,17,26.0,57.87,18,42
17910,4.77,10,30.45,67.79,18,42
17911,36.09,15,9.69,67.93,18,42
17914,3.59,6,20.7,53.9,18,42
17913,4.63,3,30.95,49.46,18,42
17915,116.84,31,31.3,62.49,18,42
17916,103.77,31,27.69,62.06,18,42
17915,69.72,34,49.1,55.22,18,42
17918,67.73,27,22.7,42.85,18,42
17917,76.18,22,27.1,86.3,18,42
17919,79.26,29,25.2,47.55,18,42
17922,2.15,11,24.72,45.28,18,42
17921,39.09,24,48.43,43.32,18,42
17924,23.64,12,7.44,65.55,18,42
17925,83.2,23,24.95,48.12,18,42
17923,0.62,11,30.26,60.96,18,42
17925,120.11,33,29.42,68.6,18,42
17926,2.8,1,22.93,49.37,18,42
17927,4.94,1,22.8,69.81,18,42
17927,46.0,15,21.55,67.92,18,42
17929,73.25,20,30.8,65.73,18,42
17930,0.43,11,50.71,44.7,18,42
17933,1.42,1,58.45560000000002,54.82,18,42
17934,57.48,17,31.75,50.12,18,42
17933,105.18,29,25.06,88.45,18,42
17936,89.05,22,32.45,69.46,18,42
17936,2.57,1,22.94,51.65,18,42
17935,120.58,34,21.34,65.62,18,42
17938,4.87,8,27.21,43.39,18,42
17940,24.61,14,25.8,15.51,18,43
17940,4.44,9,31.82,57.76,18,43
17939,4.84,11,30.49,14.56,18,43
17942,1.99,9,21.31,40.25,18,43
17941,64.14,20,20.73,40.28,18,43
17945,46.52,12,20.75,45.19,18,43
17943,43.11,16,23.4,55.04,18,43
17945,0.18,11,32.74,49.33,18,43
17947,68.75,20,32.12,69.14,18,43
17949,0.91,6,22.02,14.96,18,43
17950,59.97,29,50.92,51.62,18,43
17949,1.55,10,28.43,56.39,18,43
17951,79.95,31,29.55,45.85,18,43
17950,3.86,9,29.23,69.33,18,43
17953,4.32,6,52.23,44.97,18,43
17955,1.16,8,29.85,58.0,18,43
17953,113.81,29,26.1,60.87,18,43
17957,119.1,29,31.85,59.11,18,43
17956,72.31,21,30.81,66.56,18,43
17957,90.45,26,21.96,66.44,18,43
17957,49.15,31,47.3,52.87,18,43
17959,117.43,32,28.47,55.74,18,43
17961,43.82,24,32.98,12.74,18,43
17962,3.07,1,33.92,42.33,18,43
17962,61.21,19,34.28,55.39,18,43
17962,131.72,32,28.5,69.22,18,43
17964,38.71,18,58.45560000000002,67.65,18,43
17964,71.08,18,21.14,43.5,18,43
17966,3.69,10,25.09,15.9,18,43
17969,0.61,6,29.03,69.03,18,43
17968,30.84,14,9.14,49.7,18,43
17971,0.79,7,25.82,44.11,18,43
17971,4.99,7,7.63,69.7,18,43
17970,32.94,12,22.56,62.46,18,43
17974,53.59,16,33.44,68.08,18,43
17972,44.63,21,9.7,58.04,18,43
17974,55.5,26,56.47,65.1,18,43
17977,65.41,28,30.15,90.77,18,43
17978,26.22,17,5.72,40.91,18,43
17979,97.59,28,32.88,87.49,18,43
17979,41.23,12,33.04,66.31,18,43
17978,90.05,23,23.77,59.81,18,43
17982,61.03,22,31.85,57.3,18,43
17981,42.47,14,27.44,40.99,18,43
17981,49.91,12,33.41,47.73,18,43
17984,48.68,26,33.29,93.14,18,43
17986,35.88,14,31.93,46.17,18,43
17984,68.62,22,23.16,86.05,18,43
17985,39.88,32,7.48,92.65,18,43
17986,3.86,3,20.59,49.8,18,43
17989,2.43,6,25.69,55.88,18,43
17989,66.81,16,28.84,65.14,18,43
17991,15.51,13,6.04,13.92,18,43
17990,0.18,8,31.9,55.5,18,43
17991,67.05,22,26.14,41.55,18,43
17993,43.51,15,30.15,42.23,18,43
17993,67.44,17,30.86,88.42,18,43
17997,0.72,8,21.31,48.86,18,43
17995,103.14,27,28.75,45.31,18,43
17999,88.36,27,30.79,43.07,18,43
17997,38.57,14,32.7,60.5,18,44
18000,66.16,16,34.97,46.37,18,44
18001,75.73,24,21.42,57.95,18,44
18003,3.88,5,23.67,43.25,18,44
18004,4.34,10,29.76,52.5,18,44
18004,72.58,23,30.02,65.4,18,44
18003,51.68,27,5.99,63.22,18,44
18004,60.15,26,52.84,85.58,18,44
18005,51.32,20,34.82,40.07,18,44
18006,2.27,5,22.87,54.01,18,44
18007,54.95,33,58.27,52.44,18,44
18009,94.47,24,34.49,46.9,18,44
18010,2.33,6,33.46,54.54,18,44
18010,2.86,10,8.09,55.09,18,44
18011,96.74,28,30.24,86.12,18,44
18013,50.79,17,32.07,43.78,18,44
18016,43.09,14,27.39,49.45,18,44
18014,54.37,30,8.13,86.5,18,44
18015,0.94,9,31.88,88.57,18,44
18018,0.73,7,6.56,89.54,18,44
18017,3.85,3,27.75,67.24,18,44
18019,66.75,20,21.89,64.29,18,44
18019,75.32,34,53.2,47.03,18,44
18022,70.37,26,31.92,40.34,18,44
18021,29.74,16,20.83,16.87,18,44
18023,114.03,28,34.94,65.31,18,44
18023,118.67,31,28.03,43.91,18,44
18027,32.33,12,32.13,66.84,18,44
18026,76.18,35,6.34,56.99,18,44
18027,77.21,32,22.41,11.14,18,44
18027,72.09,24,29.8,68.5,18,44
18028,71.26,18,34.42,61.81,18,44
18030,53.62,32,6.9,45.92,18,44
18031,80.23,21,33.37,46.92,18,44
18031,75.9,21,21.04,65.06,18,44
18033,2.3,8,28.66,46.64,18,44
18034,35.6,19,7.66,60.33,18,44
18037,55.63,21,22.23,87.24,18,44
18036,32.88,12,20.32,60.61,18,44
18038,89.79,26,28.01,64.34,18,44
18038,1.7,2,30.46,40.39,18,44
18040,26.97,25,8.47,19.76,18,44
18040,4.16,4,31.19,91.45,18,44
18043,63.96,17,28.85,46.5,18,44
18043,1.12,8,45.24,91.06,18,44
18045,54.43,20,20.67,66.61,18,44
18046,121.95,35,24.17,52.71,18,44
18047,2.53,10,6.0,51.53,18,44
18048,92.46,24,32.16,89.18,18,44
18047,48.5,15,30.56,58.67,18,44
18048,93.49,28,29.71,40.05,18,44
18048,4.83,11,20.93,56.74,18,44
18049,31.14,19,47.36,18.2,18,44
18050,2.75,1,58.45560000000002,56.04,18,44
18053,67.69,31,28.2,11.14,18,44
18055,81.89,21,31.51,56.27,18,44
18056,2.73,1,32.63,40.23,18,44
18054,112.54,33,24.96,53.56,18,44
18056,54.38,30,47.51,65.48,18,44
18058,3.86,7,25.35,88.11,18,44
18059,0.18,10,23.2,55.81,18,45
18061,45.64,17,29.6,47.1,18,45
18060,26.59,13,33.96,93.98,18,45
18063,48.33,15,25.92,59.11,18,45
18064,27.9,18,8.33,50.91,18,45
18064,62.34,23,26.89,42.24,18,45
18065,90.39,22,31.86,68.78,18,45
18065,1.2,9,29.68,42.01,18,45
18065,69.32,28,29.91,17.4,18,45
18069,91.84,29,25.53,43.69,18,45
18068,83.64,21,22.45,50.01,18,45
18069,55.46,15,33.24,44.29,18,45
18072,1.66,9,24.54,50.22,18,45
18073,0.81,11,28.78,61.75,18,45
18071,109.07,30,22.78,46.29,18,45
18075,1.26,2,8.89,85.97,18,45
18075,77.12,27,25.23,68.69,18,45
18075,90.62,29,23.29,53.79,18,45
18078,67.54,28,51.32,43.35,18,45
18079,68.43,19,24.27,49.63,18,45
18079,3.24,5,21.58,89.96,18,45
18079,102.96,26,23.2,47.32,18,45
18080,110.41,29,29.47,56.3,18,45
18082,85.12,32,31.7,55.12,18,45
18081,1.86,2,33.18,88.11,18,45
18085,71.58,23,31.55,40.57,18,45
18083,4.6,2,22.95,86.32,18,45
18085,118.86,31,31.5,55.6,18,45
18085,62.51,16,34.77,64.0,18,45
18089,27.36,14,58.45560000000002,49.88,18,45
18090,53.01,14,20.45,56.11,18,45
18091,2.93,10,23.12,47.13,18,45
18089,0.97,4,26.84,53.68,18,45
18093,3.13,5,27.96,41.37,18,45
18092,93.65,27,22.65,49.04,18,45
18093,77.46,24,24.73,44.41,18,45
18093,3.44,10,20.19,64.41,18,45
18094,123.71,35,29.49,50.76,18,45
18098,4.09,5,8.76,58.59,18,45
18099,3.41,2,23.64,49.45,18,45
18098,1.53,2,6.07,49.18,18,45
18101,78.9,33,28.54,93.34,18,45
18101,105.05,29,28.56,56.49,18,45
18100,52.61,14,28.76,50.89,18,45
18102,2.97,4,27.24,89.25,18,45
18104,97.07,30,27.73,69.05,18,45
18103,94.0,32,29.87,68.3,18,45
18105,3.41,3,32.48,41.41,18,45
18107,1.54,2,28.58,15.06,18,45
18108,2.48,11,26.99,65.65,18,45
18109,132.77120000000002,35,32.76,69.47,18,45
18111,2.36,6,32.97,61.5,18,45
18110,52.23,32,6.86,67.49,18,45
18112,61.98,16,34.14,69.62,18,45
18114,4.67,11,9.09,86.66,18,45
18112,115.49,30,25.77,43.97,18,45
18116,0.95,8,21.14,43.91,18,45
18117,46.58,16,32.29,49.76,18,45
18115,52.24,18,29.08,40.01,18,45
18118,53.14,20,28.48,69.54,18,45
18119,38.23,12,27.97,64.4,18,46
18118,51.73,14,33.06,55.97,18,46
18120,2.35,10,20.53,53.42,18,46
18120,3.6,8,29.3,49.23,18,46
18123,96.81,28,24.6,40.5,18,46
18125,96.41,33,25.98,13.96,18,46
18123,59.87,19,30.01,62.69,18,46
18127,1.2,3,31.61,62.59,18,46
18128,51.0,14,30.24,48.59,18,46
18126,44.36,34,9.13,94.03,18,46
18127,65.41,26,23.01,53.0,18,46
18130,0.66,7,29.53,43.12,18,46
18131,59.01,17,27.27,48.33,18,46
18132,4.78,8,26.08,55.83,18,46
18134,48.61,15,30.89,54.74,18,46
18132,91.25,23,21.73,69.52,18,46
18135,0.22,2,26.77,13.54,18,46
18135,102.42,26,21.37,63.29,18,46
18138,1.57,1,26.99,41.67,18,46
18138,4.05,1,23.16,53.0,18,46
18137,55.05,15,27.79,55.2,18,46
18139,45.61,24,7.49,55.86,18,46
18142,85.7,34,27.8,90.45,18,46
18143,0.86,10,28.37,60.84,18,46
18144,64.46,33,26.27,92.31,18,46
18142,78.22,19,24.48,68.04,18,46
18145,3.25,4,28.28,61.1,18,46
18146,35.85,13,22.97,42.06,18,46
18147,82.14,21,24.67,49.43,18,46
18149,2.1,2,24.65,53.33,18,46
18150,43.22,17,32.14,59.32,18,46
18148,53.31,21,24.9,64.53,18,46
18152,3.07,1,28.55,88.07,18,46
18152,0.18,10,6.19,48.59,18,46
18154,34.08,20,57.87,63.44,18,46
18152,56.49,30,24.85,93.18,18,46
18154,44.47,18,8.96,44.71,18,46
18157,23.39,15,49.28,17.61,18,46
18156,88.79,28,22.85,63.29,18,46
18159,5.0,9,23.74,56.14,18,46
18157,81.11,31,20.97,67.04,18,46
18159,58.1,28,49.67,66.74,18,46
18160,0.36,3,30.37,50.97,18,46
18162,40.79,18,30.47,15.85,18,46
18164,1.13,5,32.68,50.36,18,46
18163,59.82,25,32.14,19.75,18,46
18166,32.68,14,29.74,94.03,18,46
18167,87.81,26,27.97,85.2,18,46
18166,2.55,10,34.32,87.53,18,46
18166,89.12,30,24.38,54.99,18,46
18169,0.31,4,52.59,11.32,18,46
18169,67.77,27,29.37,89.21,18,46
18171,75.4,34,50.1,66.39,18,46
18173,70.39,35,6.41,47.46,18,46
18174,1.0,9,34.85,60.29,18,46
18174,32.42,12,27.72,11.14,18,46
18176,121.67,29,23.0,43.28,18,46
18174,2.28,10,22.77,54.81,18,46
18177,86.02,33,27.89,41.36,18,46
18178,52.23,19,20.01,64.47,18,46
18177,49.9,28,22.32,92.4,18,47
18180,41.28,26,6.4,13.17,18,47
18181,4.49,4,5.53,52.44,18,47
18183,69.5,26,34.45,19.71,18,47
18181,51.35,15,27.89,50.35,18,47
18183,0.43,4,23.47,43.24,18,47
18184,40.69,19,46.82,48.44,18,47
18185,77.86,30,33.05,60.8,18,47
18186,66.11,26,30.08,68.36,18,47
18188,119.79,31,21.19,56.06,18,47
18190,102.93,27,22.68,59.37,18,47
18188,52.2,21,9.56,59.42,18,47
18190,102.71,29,24.35,65.7,18,47
18192,34.96,22,55.93,67.76,18,47
18192,1.39,6,29.02,43.26,18,47
18194,56.86,14,27.01,43.94,18,47
18195,4.15,8,23.17,56.01,18,47
18195,104.76,33,26.26,58.25,18,47
18198,0.82,2,7.82,54.89,18,47
18198,121.73,32,26.01,55.06,18,47
18197,75.79,24,30.55,46.68,18,47
18199,78.82,34,22.92,90.21,18,47
18201,55.43,22,27.22,40.08,18,47
18201,3.67,4,23.36,47.68,18,47
18204,72.74,27,32.36,52.21,18,47
18204,52.7,18,20.95,94.03,18,47
18205,0.87,6,32.21,13.01,18,47
18206,60.55,18,20.51,41.77,18,47
18207,1.21,11,27.31,41.44,18,47
18209,72.81,20,29.34,66.9,18,47
18208,4.91,7,6.46,45.07,18,47
18209,50.35,20,25.29,60.05,18,47
18211,1.47,9,26.97,18.52,18,47
18210,4.73,7,31.33,89.72,18,47
18213,83.12,28,27.34,58.71,18,47
18214,46.15,23,55.86,46.6,18,47
18215,3.96,1,32.06,47.48,18,47
18214,91.48,28,24.89,88.91,18,47
18215,34.8,12,26.51,43.86,18,47
18219,4.93,9,22.71,16.13,18,47
18219,1.46,9,9.86,46.53,18,47
18220,4.93,5,21.04,66.48,18,47
18222,132.77120000000002,33,29.41,64.4,18,47
18223,58.96,33,53.61,58.31,18,47
18223,68.28,20,26.93,51.04,18,47
18225,40.39,12,25.84,64.47,18,47
18225,42.84,17,28.4,13.49,18,47
18224,3.85,1,33.57,43.66,18,47
18228,87.38,27,31.87,59.72,18,47
18229,35.52,12,21.98,45.37,18,47
18230,80.6,23,31.01,86.99,18,47
18231,71.74,19,27.86,47.73,18,47
18231,46.25,14,31.11,62.6,18,47
18232,100.32,35,26.89,46.53,18,47
18231,76.67,24,34.96,61.71,18,47
18233,25.96,17,56.1,44.79,18,47
18235,1.35,6,24.94,43.49,18,47
18237,2.0,8,21.19,47.08,18,47
18238,74.74,31,27.62,17.94,18,47
18239,39.43,22,9.05,67.44,18,47
18237,48.91,18,29.8,18.53,18,48
18239,66.73,30,25.98,94.03,18,48
18241,59.74,30,29.28,94.03,18,48
18240,32.53,17,21.4,13.28,18,48
18242,46.1,17,23.04,47.7,18,48
18242,35.37,20,55.0,67.75,18,48
18246,29.44,17,7.78,43.91,18,48
18245,31.95,14,8.12,42.29,18,48
18247,1.13,10,32.4,54.46,18,48
18249,75.38,21,29.68,58.32,18,48
18250,53.55,15,28.75,49.14,18,48
18251,2.62,6,23.27,41.65,18,48
18252,20.12,13,49.79,56.61,18,48
18252,114.67,28,31.91,61.75,18,48
18251,59.26,30,7.18,62.31,18,48
18255,43.51,15,34.13,64.35,18,48
18256,82.17,29,24.57,44.13,18,48
18256,70.23,29,5.53,61.28,18,48
18255,72.07,21,21.31,55.57,18,48
18258,4.66,5,57.7,87.66,18,48
18258,49.62,15,23.33,48.84,18,48
18258,2.02,3,20.32,17.36,18,48
18261,53.48,18,33.7,51.57,18,48
18261,62.67,19,25.68,69.74,18,48
18261,68.67,24,27.15,59.75,18,48
18264,4.29,4,20.03,48.4,18,48
18266,56.87,32,20.92,11.14,18,48
18266,59.37,20,23.93,54.27,18,48
18266,79.71,22,28.72,86.68,18,48
18267,55.59,28,32.5,17.86,18,48
18269,85.74,29,24.55,61.32,18,48
18269,1.78,5,46.07,43.52,18,48
18272,2.25,4,24.14,52.12,18,48
18273,1.27,11,51.63,87.36,18,48
18272,89.99,23,20.36,48.84,18,48
18275,87.27,29,34.23,60.47,18,48
18275,4.61,7,33.1,61.68,18,48
18275,100.43,27,30.76,64.27,18,48
18275,30.71,15,27.34,93.0,18,48
18279,41.91,17,26.33,11.14,18,48
18280,101.5,31,23.51,62.25,18,48
18279,40.15,16,5.83,41.46,18,48
18279,0.79,5,27.48,51.21,18,48
18281,65.09,31,56.16,51.22,18,48
18281,44.69,22,52.06,65.22,18,48
18282,98.8,33,31.03,85.52,18,48
18286,48.58,18,20.9,89.48,18,48
18285,41.43,18,57.57,60.76,18,48
18286,3.67,1,33.98,68.04,18,48
18289,58.34,14,27.06,59.33,18,48
18290,40.86,21,56.82,66.21,18,48
18288,58.28,31,31.83,94.03,18,48
18292,115.06,30,24.64,62.18,18,48
18291,129.87,35,33.14,41.82,18,48
18291,54.51,17,31.61,63.22,18,48
18294,47.01,12,27.42,46.96,18,48
18294,1.33,9,28.52,64.1,18,48
18295,1.97,11,34.38,47.66,18,48
18298,49.9,17,21.05,62.15,18,48
18296,4.2,11,49.69,49.85,18,48
18297,2.18,4,23.47,47.87,18,49
18301,0.62,5,29.24,49.18,18,49
18300,132.77120000000002,34,25.05,64.86,18,49
18300,49.18,16,25.46,58.55,18,49
18301,1.01,8,28.83,51.22,18,49
18303,55.05,30,8.68,65.86,18,49
18305,28.18,14,31.58,92.72,18,49
18304,1.18,8,28.84,43.0,18,49
18308,102.14,32,32.61,87.1,18,49
18306,0.9,9,23.87,42.83,18,49
18307,32.0,17,34.9,94.03,18,49
18308,50.52,24,5.53,41.85,18,49
18312,47.35,17,31.39,44.55,18,49
18312,79.52,21,20.78,43.53,18,49
18314,132.77120000000002,33,34.07,44.28,18,49
18313,3.64,4,22.32,51.79,18,49
18316,43.08,25,52.23,13.19,18,49
18316,76.06,22,27.67,62.46,18,49
18318,46.06,19,8.92,59.46,18,49
18317,1.95,7,23.6,93.39,18,49
18319,61.05,15,33.58,69.04,18,49
18320,52.28,19,21.95,57.44,18,49
18320,3.0,2,45.25,48.76,18,49
18323,38.65,15,22.38,56.2,18,49
18323,68.36,21,26.44,40.78,18,49
18322,71.0,22,25.98,53.21,18,49
18325,4.15,9,26.09,44.66,18,49
18327,3.85,6,24.96,56.46,18,49
18325,68.99,20,20.18,41.46,18,49
18329,115.83,31,27.77,57.42,18,49
18330,74.3,20,22.05,66.37,18,49
18330,86.96,21,23.38,44.79,18,49
18331,1.24,10,26.36,46.87,18,49
18331,2.86,7,21.84,90.3,18,49
18331,87.1,22,27.58,63.91,18,49
18334,55.48,32,58.45560000000002,46.14,18,49
18333,3.01,11,27.65,50.61,18,49
18334,0.63,2,31.26,60.88,18,49
18335,2.99,11,33.23,63.42,18,49
18338,42.65,12,22.41,56.97,18,49
18340,1.98,6,27.93,63.13,18,49
18339,60.84,18,28.06,56.97,18,49
18339,130.88,32,32.81,68.6,18,49
18340,19.65,12,6.92,53.9,18,49
18341,45.62,26,45.51,64.86,18,49
18342,109.14,29,34.48,65.33,18,49
18344,59.36,20,23.88,87.85,18,49
18347,42.65,13,30.61,63.35,18,49
18346,87.18,23,29.13,45.25,18,49
18347,4.49,9,28.42,43.21,18,49
18350,54.05,13,26.5,41.82,18,49
18349,40.36,19,55.68,66.86,18,49
18351,1.64,7,20.76,67.44,18,49
18351,92.23,31,31.83,47.76,18,49
18353,74.85,24,21.16,48.84,18,49
18354,74.26,28,33.44,89.44,18,49
18353,67.73,35,8.52,55.35,18,49
18355,2.02,9,34.75,19.31,18,49
18357,3.92,5,34.24,68.48,18,49
18358,52.88,21,29.78,43.73,18,49
18360,0.82,4,48.99,53.9,18,50
18360,2.09,2,5.53,69.73,18,50
18359,61.04,23,26.99,62.33,18,50
18362,3.16,2,23.56,45.98,18,50
18361,90.18,31,32.87,65.25,18,50
18362,3.36,11,20.03,11.14,18,50
18366,20.63,13,6.66,64.0,18,50
18365,31.87,20,9.18,62.17,18,50
18365,2.43,10,21.26,58.1,18,50
18369,81.87,33,30.87,18.59,18,50
18369,1.64,6,28.78,65.23,18,50
18368,50.49,13,22.53,40.95,18,50
18372,0.97,3,50.24,45.87,18,50
18372,80.74,27,29.48,40.44,18,50
18373,43.01,16,32.32,90.34,18,50
18372,47.69,24,9.87,48.35,18,50
18376,68.02,22,26.09,41.41,18,50
18375,101.92,27,24.97,60.41,18,50
18377,0.66,3,5.53,14.1,18,50
18376,4.12,7,33.86,51.71,18,50
18380,18.22,14,55.65,92.08,18,50
18381,2.73,2,57.75,51.78,18,50
18380,63.39,16,30.68,43.27,18,50
18381,4.63,6,22.18,46.46,18,50
18381,0.18,1,34.85,54.14,18,50
18385,40.1,21,24.35,17.44,18,50
18385,46.12,27,46.87,86.61,18,50
18387,2.84,7,26.64,44.04,18,50
18387,49.71,18,29.24,42.11,18,50
18389,62.62,27,20.81,90.06,18,50
18388,66.86,23,32.39,51.75,18,50
18390,0.76,7,29.5,42.77,18,50
18392,105.45,34,32.7,48.94,18,50
18390,99.23,32,27.73,60.43,18,50
18394,60.92,31,51.67,44.54,18,50
18393,0.82,8,28.34,49.82,18,50
18396,1.04,3,28.88,45.2,18,50
18394,42.13,20,8.98,43.86,18,50
18398,43.12,12,21.23,60.84,18,50
18397,4.72,9,32.9,42.76,18,50
18399,96.15,34,22.65,11.14,18,50
18401,2.15,10,6.38,44.67,18,50
18401,55.12,23,32.33,91.78,18,50
18401,86.14,30,23.01,69.44,18,50
18401,0.46,4,21.9,45.24,18,50
18405,104.09,30,25.75,68.45,18,50
18406,58.19,17,24.07,51.95,18,50
18406,2.02,6,33.06,57.63,18,50
18406,88.57,23,31.97,56.95,18,50
18406,32.75,16,7.47,87.14,18,50
18409,57.98,20,30.98,69.39,18,50
18409,2.33,11,8.45,54.06,18,50
18411,92.35,34,25.97,59.27,18,50
18411,3.43,3,25.22,54.04,18,50
18411,42.86,15,21.41,93.89,18,50
18414,3.15,7,27.44,68.22,18,50
18416,72.44,31,56.81,56.18,18,50
18414,108.97,33,33.35,68.97,18,50
18417,59.41,18,23.86,68.35,18,50
18417,93.13,24,27.2,62.53,18,50
18420,3.61,10,34.68,66.58,18,51
18418,73.67,19,21.68,87.86,18,51
18419,59.89,20,29.15,86.53,18,51
18423,45.87,15,30.3,54.9,18,51
18422,2.45,8,27.55,40.45,18,51
18424,52.2,15,31.06,40.24,18,51
18425,1.88,4,23.44,61.48,18,51
18427,34.67,13,31.96,65.29,18,51
18428,2.05,7,24.79,66.78,18,51
18429,132.77120000000002,33,21.19,67.95,18,51
18427,34.93,12,32.78,19.07,18,51
18428,4.53,3,33.73,69.49,18,51
18430,1.07,1,9.41,64.83,18,51
18431,2.11,7,58.45560000000002,57.73,18,51
18431,70.89,20,31.47,47.84,18,51
18432,99.33,34,32.06,50.05,18,51
18436,86.94,28,27.59,52.34,18,51
18434,121.7,32,20.59,64.84,18,51
18435,3.54,1,30.89,55.01,18,51
18438,4.22,5,27.35,67.98,18,51
18440,33.82,15,7.12,47.88,18,51
18439,35.01,20,57.91,40.54,18,51
18439,50.32,14,25.37,52.87,18,51
18443,71.64,26,33.98,48.01,18,51
18443,40.45,21,29.56,19.56,18,51
18444,44.31,13,29.46,66.27,18,51
18443,51.01,15,28.68,53.33,18,51
18446,60.1,31,9.76,66.06,18,51
18447,60.79,18,23.57,65.27,18,51
18448,1.85,6,24.38,43.41,18,51
18447,61.14,31,50.6,57.53,18,51
18449,56.58,17,30.2,67.06,18,51
18450,0.74,1,6.03,58.52,18,51
18453,110.74,31,33.45,54.31,18,51
18453,54.77,20,23.66,43.25,18,51
18454,53.66,16,32.01,65.3,18,51
18456,106.36,31,32.22,56.71,18,51
18457,72.15,29,24.76,15.01,18,51
18456,60.08,32,20.3,11.14,18,51
18459,45.88,24,25.89,15.96,18,51
18459,47.88,13,33.93,50.7,18,51
18458,117.08,29,26.88,69.5,18,51
18460,1.93,3,23.51,62.35,18,51
18462,68.71,29,25.83,15.78,18,51
18464,2.67,3,33.99,50.92,18,51
18465,91.86,22,30.36,50.48,18,51
18466,0.18,3,25.3,52.3,18,51
18465,4.23,10,28.36,67.75,18,51
18467,55.72,19,21.97,48.74,18,51
18466,41.31,16,27.36,14.11,18,51
18469,3.93,7,23.11,46.01,18,51
18470,100.07,33,23.67,65.1,18,51
18470,38.36,13,30.13,40.52,18,51
18471,57.18,24,6.91,47.89,18,51
18472,86.05,33,22.75,42.56,18,51
18473,72.77,33,58.45560000000002,62.82,18,51
18476,4.26,11,26.23,11.2,18,51
18475,40.85,14,32.31,55.82,18,51
18475,107.65,33,29.18,63.74,18,51
18479,45.37,13,23.18,41.22,18,51
18479,59.08,20,31.27,60.75,18,52
18480,2.53,8,23.96,44.71,18,52
18481,65.13,25,30.68,44.16,18,52
18482,105.8,29,28.96,62.93,18,52
18484,1.09,9,32.67,87.94,18,52
18482,20.46,12,50.22,69.58,18,52
18485,50.21,12,20.92,65.33,18,52
18484,55.57,27,34.0,90.74,18,52
18486,56.01,34,58.45560000000002,67.46,18,52
18486,129.45,35,31.8,57.3,18,52
18490,70.2,28,8.18,41.29,18,52
18489,0.18,10,22.0,59.34,18,52
18489,2.23,7,33.33,51.11,18,52
18492,86.49,25,28.48,49.64,18,52
18492,2.33,4,25.34,43.02,18,52
18494,48.7,16,29.21,63.05,18,52
18495,0.19,6,50.38,87.09,18,52
18497,34.69,16,45.56,55.45,18,52
18498,48.65,23,58.45560000000002,53.12,18,52
18498,107.74,34,23.16,49.01,18,52
18497,2.65,5,7.65,48.57,18,52
18500,63.77,19,26.97,44.45,18,52
18499,57.44,15,23.3,42.85,18,52
18502,79.23,21,20.34,46.09,18,52
18503,3.27,3,6.45,48.03,18,52
18505,114.82,32,25.49,54.08,18,52
18506,2.44,4,27.56,49.5,18,52
18505,75.08,29,33.81,64.94,18,52
18508,81.97,32,31.42,65.6,18,52
18506,57.28,14,25.31,48.73,18,52
18510,3.28,7,22.63,51.71,18,52
18509,63.86,24,23.03,13.14,18,52
18512,36.57,17,33.95,12.05,18,52
18511,98.84,29,24.04,61.36,18,52
18512,57.62,14,32.9,56.09,18,52
18514,22.55,12,25.33,13.41,18,52
18516,31.39,13,28.54,11.25,18,52
18515,4.39,7,27.47,43.37,18,52
18517,83.63,34,49.83,49.58,18,52
18517,69.05,22,24.66,46.32,18,52
18517,44.1,31,54.92,91.63,18,52
18518,47.72,26,33.28,12.96,18,52
18521,53.55,13,22.52,59.16,18,52
18522,51.68,24,5.53,48.75,18,52
18523,78.0,22,21.73,89.08,18,52
18523,63.3,16,23.81,51.57,18,52
18526,57.24,22,30.51,60.57,18,52
18524,78.6,28,26.72,41.38,18,52
18525,3.92,3,33.21,67.03,18,52
18529,92.48,33,27.54,61.97,18,52
18529,0.63,7,20.55,11.93,18,52
18531,62.89,24,33.03,69.11,18,52
18532,1.74,5,28.71,48.24,18,52
18530,1.35,1,30.44,88.86,18,52
18532,81.2,32,23.99,54.47,18,52
18534,97.9,25,31.52,59.71,18,52
18535,128.27,32,34.7,55.78,18,52
18534,98.99,30,29.8,55.85,18,52
18537,2.2,8,29.26,88.53,18,52
18539,82.47,34,7.05,62.99,18,52
18539,64.36,21,21.09,63.15,18,53
18538,97.41,30,27.76,49.7,18,53
18540,4.2,9,31.87,59.87,18,53
18543,53.34,14,25.1,61.72,18,53
18544,37.59,26,6.97,18.58,18,53
18545,2.55,7,25.8,42.06,18,53
18545,3.03,10,20.42,54.06,18,53
18547,88.76,34,29.53,42.6,18,53
18547,92.9,23,29.21,50.38,18,53
18547,36.42,13,21.66,40.29,18,53
18548,4.99,3,58.45560000000002,66.59,18,53
18549,132.77120000000002,34,30.52,54.81,18,53
18551,2.8,1,29.16,12.72,18,53
18552,64.09,19,30.95,66.52,18,53
18552,56.18,31,7.49,63.48,18,53
18555,2.32,11,23.45,85.02,18,53
18555,4.79,6,30.34,90.52,18,53
18555,81.16,22,27.37,54.53,18,53
18555,3.77,7,27.82,56.23,18,53
18557,2.12,5,27.18,67.55,18,53
18560,0.43,1,33.62,50.77,18,53
18559,106.89,30,21.77,54.84,18,53
18559,61.02,30,7.34,57.54,18,53
18561,50.97,13,23.55,45.47,18,53
18562,39.21,17,25.48,19.15,18,53
18564,79.11,29,33.5,59.06,18,53
18564,0.63,3,57.59,41.99,18,53
18565,1.4,4,31.53,90.02,18,53
18566,4.49,7,22.11,59.4,18,53
18567,4.87,7,25.77,42.53,18,53
18569,59.36,27,55.2,44.26,18,53
18570,71.91,27,21.44,48.33,18,53
18570,3.33,8,29.72,11.75,18,53
18573,68.93,24,28.32,15.73,18,53
18574,110.39,33,27.54,50.92,18,53
18574,54.05,13,34.32,48.1,18,53
18576,52.12,16,25.06,40.56,18,53
18577,4.43,8,27.38,54.13,18,53
18575,61.96,20,33.91,66.65,18,53
18578,56.83,20,20.81,56.6,18,53
18579,57.9,20,32.24,68.0,18,53
18579,0.35,8,6.46,64.64,18,53
18582,2.03,7,22.86,67.04,18,53
18580,57.3,20,28.32,63.35,18,53
18581,2.37,10,45.18,46.49,18,53
18582,81.39,25,28.27,57.76,18,53
18584,80.66,34,47.98,63.03,18,53
18584,45.7,15,27.67,64.13,18,53
18588,132.77120000000002,35,34.96,67.81,18,53
18588,2.26,10,32.7,89.52,18,53
18588,0.85,3,45.58,68.52,18,53
18588,60.87,16,29.86,89.71,18,53
18590,3.34,8,5.53,58.99,18,53
18592,48.24,17,20.5,65.82,18,53
18593,3.69,6,28.09,45.68,18,53
18595,3.85,10,24.79,51.44,18,53
18596,47.66,25,26.16,19.22,18,53
18597,4.75,5,25.97,51.7,18,53
18596,1.47,11,27.18,53.42,18,53
18598,72.8,18,23.33,58.29,18,53
18600,2.42,6,31.68,47.86,18,54
18600,40.94,21,8.24,49.43,18,54
18599,1.47,11,34.95,52.83,18,54
18600,3.53,2,24.32,67.77,18,54
18601,59.78,16,23.72,44.85,18,54
18602,52.14,17,31.75,48.19,18,54
18605,82.62,21,20.78,53.4,18,54
18604,56.62,15,32.52,87.38,18,54
18606,18.37,12,7.78,14.17,18,54
18609,40.26,17,23.18,94.03,18,54
18609,73.15,28,30.39,53.23,18,54
18610,72.67,28,30.81,63.97,18,54
18610,95.75,35,34.95,89.0,18,54
18612,62.99,16,22.93,47.33,18,54
18614,84.47,23,20.6,65.68,18,54
18615,1.35,2,29.61,48.48,18,54
18613,62.89,16,22.01,48.97,18,54
18615,1.8,5,54.14,64.9,18,54
18618,17.3,13,9.73,18.61,18,54
18617,33.12,13,30.35,40.25,18,54
18617,4.16,10,32.41,47.12,18,54
18619,36.2,12,29.76,59.05,18,54
18619,43.28,18,53.27,51.03,18,54
18620,3.42,2,22.71,43.16,18,54
18621,59.75,24,8.14,50.0,18,54
18625,4.33,10,20.85,50.96,18,54
18623,3.84,8,5.53,68.62,18,54
18625,23.47,13,6.78,67.4,18,54
18628,66.65,23,34.12,43.59,18,54
18626,53.81,17,21.69,66.37,18,54
18628,80.46,24,22.28,42.22,18,54
18630,53.55,13,29.5,40.5,18,54
18630,2.6,11,31.96,54.42,18,54
18632,92.9,29,31.4,45.5,18,54
18632,1.88,2,34.45,44.54,18,54
18633,100.42,24,26.5,45.39,18,54
18633,3.11,5,23.21,58.32,18,54
18636,61.03,15,21.22,63.37,18,54
18638,61.96,31,26.83,13.81,18,54
18639,123.5,34,32.61,54.65,18,54
18639,84.19,35,49.18,49.87,18,54
18640,29.03,12,33.97,12.12,18,54
18641,3.34,11,20.76,64.35,18,54
18642,4.27,4,50.36,44.44,18,54
18642,73.29,28,34.01,60.71,18,54
18644,118.45,35,21.19,49.91,18,54
18644,0.73,6,55.18,57.82,18,54
18645,80.82,28,26.0,59.31,18,54
18648,38.17,14,20.03,18.17,18,54
18649,1.43,10,34.49,14.78,18,54
18648,68.03,18,23.46,43.04,18,54
18648,76.73,22,27.6,63.07,18,54
18649,72.4,20,22.48,62.03,18,54
18651,82.24,29,20.65,41.49,18,54
18652,33.01,22,54.89,90.9,18,54
18655,70.35,17,32.13,64.44,18,54
18653,52.92,17,24.94,88.73,18,54
18656,4.17,7,25.94,47.33,18,54
18658,97.55,24,28.75,41.04,18,54
18656,67.78,21,27.52,86.84,18,54
18658,33.77,17,58.45560000000002,49.64,18,55
18660,4.42,10,30.2,61.35,18,55
18661,57.45,30,46.43,43.12,18,55
18660,52.66,22,34.43,17.46,18,55
18661,75.16,18,25.68,48.38,18,55
18662,79.79,29,24.72,18.01,18,55
18665,132.77120000000002,34,22.13,89.15,18,55
18664,3.23,6,33.79,55.08,18,55
18665,34.87,15,57.12,53.13,18,55
18667,89.62,32,28.0,52.15,18,55
18670,62.69,21,30.15,66.94,18,55
18671,3.45,3,21.56,50.19,18,55
18671,91.42,22,20.04,41.06,18,55
18671,60.13,26,46.23,67.02,18,55
18671,50.12,14,27.72,44.23,18,55
18672,37.61,12,28.02,55.47,18,55
18673,126.27,33,22.33,55.37,18,55
18676,60.7,28,5.53,41.47,18,55
18675,29.49,13,32.26,16.71,18,55
18679,96.24,29,29.31,66.57,18,55
18679,38.44,14,25.15,59.77,18,55
18680,96.62,29,34.94,46.32,18,55
18682,2.03,11,22.71,53.05,18,55
18680,98.75,26,26.88,50.32,18,55
18684,117.15,29,20.72,65.9,18,55
18685,83.92,30,26.42,93.58,18,55
18685,43.78,16,22.14,18.94,18,55
18684,1.94,7,34.56,47.94,18,55
18685,2.56,9,29.86,58.9,18,55
18689,79.64,24,26.31,69.22,18,55
18690,48.23,21,30.18,14.1,18,55
18691,3.4,5,24.6,90.81,18,55
18689,37.55,15,23.65,41.02,18,55
18690,100.13,33,34.77,46.84,18,55
18692,40.38,13,25.69,66.64,18,55
18695,98.22,28,24.8,58.19,18,55
18696,117.14,35,31.33,60.37,18,55
18694,2.71,1,51.69,43.06,18,55
18698,36.49,12,25.67,59.08,18,55
18698,47.05,13,23.68,62.97,18,55
18699,3.92,11,28.44,61.56,18,55
18699,67.61,25,26.79,62.14,18,55
18700,39.99,22,21.16,14.94,18,55
18703,0.77,7,22.54,93.08,18,55
18703,80.35,20,23.95,44.01,18,55
18704,4.46,3,25.76,68.69,18,55
18705,0.39,9,29.46,54.31,18,55
18706,2.12,1,34.2,68.92,18,55
18705,62.58,27,24.82,90.13,18,55
18709,79.33,29,26.69,53.45,18,55
18708,78.14,30,21.75,49.65,18,55
18709,99.65,31,25.47,85.28,18,55
18711,4.93,6,24.18,46.69,18,55
18712,61.07,15,32.77,64.02,18,55
18713,103.73,26,23.21,54.78,18,55
18712,3.45,1,8.86,68.48,18,55
18716,1.07,5,27.35,58.87,18,55
18716,45.8,27,58.45560000000002,53.71,18,55
18718,66.59,16,29.25,41.08,18,55
18716,36.99,17,30.36,11.55,18,55
18720,92.09,31,21.27,89.22,18,56
18719,1.62,1,32.8,44.23,18,56
18720,67.25,22,27.17,62.33,18,56
18720,1.49,7,34.25,57.77,18,56
18724,61.2,29,58.45560000000002,63.03,18,56
18725,45.1,17,28.36,51.11,18,56
18724,62.56,20,21.02,66.9,18,56
18724,85.68,27,25.46,48.67,18,56
18725,97.59,31,26.45,64.75,18,56
18728,30.76,12,30.07,44.4,18,56
18727,53.85,24,27.72,16.78,18,56
18728,40.64,23,24.08,92.46,18,56
18730,39.3,24,9.04,49.13,18,56
18731,37.39,20,32.37,11.14,18,56
18733,38.38,13,28.01,43.46,18,56
18733,0.84,1,23.2,40.7,18,56
18735,54.57,28,5.53,53.33,18,56
18734,42.92,12,27.22,61.22,18,56
18737,4.1,1,47.71,47.44,18,56
18738,82.07,31,25.38,65.01,18,56
18738,1.16,2,20.28,94.03,18,56
18738,76.85,19,33.7,61.23,18,56
18740,0.18,9,27.6,68.65,18,56
18741,63.29,19,29.28,54.3,18,56
18742,59.77,19,24.16,48.31,18,56
18745,104.25,28,26.13,66.43,18,56
18744,43.31,15,28.87,66.31,18,56
18746,39.7,17,26.46,93.47,18,56
18747,105.94,31,23.52,41.99,18,56
18746,100.13,30,30.82,52.19,18,56
18749,60.13,31,55.23,57.88,18,56
18750,102.99,26,34.55,86.24,18,56
18750,4.32,11,49.32,54.48,18,56
18752,41.75,15,34.51,13.05,18,56
18753,96.11,23,23.16,68.05,18,56
18752,42.96,16,31.13,52.83,18,56
18754,49.84,17,27.92,51.36,18,56
18754,98.71,29,23.75,61.97,18,56
18758,132.73,34,20.83,60.36,18,56
18759,28.03,14,34.69,17.62,18,56
18758,63.12,19,26.58,48.58,18,56
18761,2.78,4,32.63,16.62,18,56
18761,4.35,5,25.52,51.5,18,56
18763,34.29,13,32.04,86.31,18,56
18764,35.58,16,54.49,64.26,18,56
18765,1.64,8,8.5,50.58,18,56
18766,45.96,15,33.87,61.53,18,56
18766,68.25,34,58.45560000000002,56.62,18,56
18765,4.33,9,21.89,88.83,18,56
18769,89.78,23,26.72,59.11,18,56
18770,47.04,16,33.32,42.18,18,56
18770,117.55,35,21.39,59.77,18,56
18770,3.12,6,28.12,61.17,18,56
18770,0.9,8,25.72,52.58,18,56
18772,67.9,20,34.6,44.04,18,56
18775,100.76,35,30.68,11.47,18,56
18775,111.79,28,27.26,42.16,18,56
18775,0.18,5,51.77,45.6,18,56
18778,67.31,28,8.55,49.38,18,56
18779,101.02,26,26.91,61.67,18,56
18779,3.22,9,27.95,92.59,18,57
18781,1.24,5,57.53,51.07,18,57
18781,92.62,31,31.25,59.37,18,57
18782,118.33,31,20.54,42.74,18,57
18784,131.31,34,23.67,66.41,18,57
18785,52.34,15,33.54,58.7,18,57
18784,22.4,12,58.45560000000002,43.6,18,57
18784,55.69,19,23.57,54.8,18,57
18785,67.94,32,8.25,68.26,18,57
18786,58.44,19,21.06,53.0,18,57
18789,116.03,34,32.39,40.2,18,57
18788,125.76,34,23.74,63.05,18,57
18790,4.37,7,27.32,56.0,18,57
18793,3.52,2,25.93,47.98,18,57
18792,132.77120000000002,33,30.97,50.31,18,57
18792,72.71,24,34.36,64.41,18,57
18795,41.36,12,23.55,55.66,18,57
18794,3.28,5,31.32,40.88,18,57
18798,53.35,20,31.17,19.61,18,57
18798,1.14,9,6.17,53.86,18,57
18797,2.17,3,6.17,53.14,18,57
18799,49.44,31,49.55,44.19,18,57
18802,47.6,13,33.6,44.87,18,57
18801,0.85,4,23.33,56.19,18,57
18804,79.21,23,22.58,49.34,18,57
18803,51.89,21,9.88,44.41,18,57
18805,68.24,28,8.96,62.27,18,57
18806,79.22,35,52.81,50.9,18,57
18808,47.59,19,50.85,45.29,18,57
18806,84.61,26,24.42,42.38,18,57
18809,74.17,26,29.44,65.89,18,57
18811,88.45,22,25.89,65.54,18,57
18811,2.25,11,34.13,50.13,18,57
18810,69.15,29,58.45560000000002,46.71,18,57
18811,55.07,32,8.24,44.73,18,57
18812,42.1,14,32.01,46.67,18,57
18813,91.11,25,23.24,46.59,18,57
18817,83.03,24,22.8,59.65,18,57
18817,77.26,26,33.4,57.0,18,57
18818,124.48,34,20.97,61.13,18,57
18819,1.9,3,58.45560000000002,68.7,18,57
18821,2.63,7,28.28,57.16,18,57
18822,21.35,17,48.2,19.29,18,57
18820,0.26,10,27.86,52.98,18,57
18823,0.61,4,28.23,91.84,18,57
18822,4.64,9,20.81,60.76,18,57
18826,2.59,9,8.52,87.46,18,57
18824,4.82,5,9.69,60.2,18,57
18826,96.79,35,21.54,11.58,18,57
18828,100.54,28,24.05,51.08,18,57
18828,97.95,35,30.91,64.98,18,57
18829,3.28,3,29.25,86.3,18,57
18832,2.65,3,55.0,59.14,18,57
18831,23.29,14,9.41,12.01,18,57
18833,55.8,27,22.63,19.53,18,57
18834,90.06,33,29.36,61.76,18,57
18833,81.7,25,32.03,50.16,18,57
18835,46.12,20,7.82,56.52,18,57
18838,47.7,17,24.53,64.83,18,57
18839,34.92,13,21.72,90.56,18,57
18838,50.14,14,33.26,41.62,18,58
18841,57.19,16,23.27,58.03,18,58
18841,3.84,9,31.33,65.99,18,58
18843,80.9,28,33.69,64.27,18,58
18842,1.96,5,33.65,57.37,18,58
18842,67.27,22,26.76,51.68,18,58
18843,47.21,13,20.8,60.04,18,58
18845,4.69,8,20.37,68.06,18,58
18848,4.83,7,24.5,55.23,18,58
18846,72.21,22,31.25,43.3,18,58
18849,53.29,34,5.53,19.86,18,58
18849,38.14,14,32.69,58.2,18,58
18849,0.21,6,48.3,48.95,18,58
18853,0.18,8,56.29,66.01,18,58
18851,60.84,29,27.88,90.7,18,58
18853,64.72,21,21.69,56.63,18,58
18853,26.83,14,47.24,86.48,18,58
18855,3.39,10,30.04,49.97,18,58
18855,0.79,8,29.41,58.18,18,58
18856,1.12,11,27.19,48.51,18,58
18858,3.29,4,24.09,68.44,18,58
18861,2.94,10,26.25,90.48,18,58
18861,30.06,16,29.16,11.52,18,58
18861,57.04,20,27.22,42.91,18,58
18861,53.76,13,22.25,63.18,18,58
18863,3.51,1,28.27,40.5,18,58
18865,130.71,33,22.37,88.72,18,58
18865,47.88,28,5.53,63.92,18,58
18867,62.38,34,26.49,15.78,18,58
18867,0.27,11,21.95,52.05,18,58
18870,18.53,16,6.1,16.1,18,58
18868,86.86,31,33.95,40.4,18,58
18871,3.05,11,56.74,43.64,18,58
18873,52.17,19,22.68,57.61,18,58
18872,1.86,4,23.75,11.14,18,58
18875,0.38,9,57.49,45.88,18,58
18876,67.01,33,27.56,15.17,18,58
18874,56.59,22,30.19,50.63,18,58
18878,43.61,19,5.86,53.4,18,58
18876,60.11,20,29.78,47.31,18,58
18878,35.16,19,8.38,86.57,18,58
18880,49.79,29,5.81,88.51,18,58
18879,27.05,15,58.45560000000002,68.99,18,58
18882,81.52,21,21.08,68.62,18,58
18883,40.31,12,25.91,69.08,18,58
18884,25.46,12,25.71,12.54,18,58
18885,46.83,16,22.08,14.58,18,58
18884,54.69,18,29.11,52.64,18,58
18886,75.29,25,21.86,68.82,18,58
18886,105.4,32,23.71,44.12,18,58
18889,3.02,9,5.77,61.18,18,58
18891,2.16,5,25.26,17.36,18,58
18889,51.32,16,29.84,53.94,18,58
18893,17.13,13,45.79,17.97,18,58
18893,87.85,21,28.76,52.58,18,58
18892,36.18,22,46.6,48.45,18,58
18893,1.82,9,21.6,54.43,18,58
18895,1.76,7,57.14,44.22,18,58
18898,1.78,8,48.69,49.36,18,58
18898,49.63,15,27.62,68.38,18,58
18899,129.76,31,32.69,56.03,18,59
18900,2.41,1,30.33,40.58,18,59
18901,0.18,3,34.91,41.11,18,59
18903,57.71,23,22.67,65.07,18,59
18904,132.77120000000002,34,25.15,41.2,18,59
18902,49.16,23,29.51,17.83,18,59
18905,82.88,30,28.9,90.1,18,59
18906,0.39,8,30.68,65.24,18,59
18907,1.02,4,6.81,13.71,18,59
18909,104.31,29,27.62,88.19,18,59
18907,3.65,9,21.41,17.9,18,59
18908,33.73,12,25.92,44.95,18,59
18909,0.18,2,58.45560000000002,87.33,18,59
18913,3.03,9,27.36,45.58,18,59
18911,92.04,32,24.93,67.02,18,59
18912,91.31,28,33.38,87.31,18,59
18913,45.03,21,30.48,17.25,18,59
18917,18.26,12,9.67,57.19,18,59
18915,2.57,1,23.19,66.54,18,59
18917,41.48,14,24.06,65.98,18,59
18917,117.5,33,25.59,57.14,18,59
18920,0.44,11,52.02,48.42,18,59
18920,45.26,16,26.89,68.32,18,59
18922,76.74,23,29.43,42.25,18,59
18924,1.98,10,21.83,42.46,18,59
18924,2.55,2,20.56,44.46,18,59
18925,44.7,14,20.62,58.96,18,59
18925,2.33,11,22.67,67.53,18,59
18928,56.35,22,24.73,64.65,18,59
18928,4.35,11,50.16,69.63,18,59
18928,77.47,30,25.92,94.03,18,59
18929,93.54,33,34.94,50.87,18,59
18931,72.84,34,21.43,90.93,18,59
18931,3.53,6,46.79,67.17,18,59
18934,55.48,23,54.08,58.82,18,59
18934,0.18,1,21.28,62.89,18,59
18936,116.23,29,33.84,67.94,18,59
18934,132.77120000000002,34,31.94,48.45,18,59
18936,54.66,31,9.46,43.94,18,59
18936,26.55,15,28.94,91.99,18,59
18939,1.76,7,25.77,41.35,18,59
18939,103.12,26,24.71,47.3,18,59
18941,79.47,20,22.78,50.33,18,59
18942,51.26,14,26.65,68.46,18,59
18944,132.77120000000002,34,26.19,53.22,18,59
18944,38.05,25,9.09,14.46,18,59
18945,48.92,30,49.98,59.1,18,59
18945,87.83,25,34.87,68.75,18,59
18947,36.79,13,25.2,40.46,18,59
18946,63.18,26,46.85,41.96,18,59
18948,51.08,18,29.24,16.52,18,59
18951,75.72,20,25.23,64.42,18,59
18950,110.57,28,27.56,43.36,18,59
18950,132.77120000000002,34,28.28,88.83,18,59
18952,74.22,28,27.34,58.69,18,59
18953,77.67,23,28.46,44.8,18,59
18955,49.02,18,23.59,50.32,18,59
18956,83.74,31,29.03,65.71,18,59
18956,92.9,26,34.99,66.12,18,59
18959,86.96,26,31.36,51.43,18,59
18958,69.38,22,23.81,64.98,19,0
18959,0.31,3,30.77,49.78,19,0
18961,85.74,27,26.34,45.65,19,0
18961,88.31,33,24.23,92.27,19,0
18962,3.19,11,7.69,64.52,19,0
18964,117.83,30,29.85,61.8,19,0
18965,61.09,21,23.17,55.67,19,0
18967,1.74,7,57.44,65.08,19,0
18967,117.54,35,32.2,50.07,19,0
18967,88.76,34,28.61,67.94,19,0
18969,46.89,21,5.58,42.7,19,0
18970,84.93,22,22.52,41.27,19,0
18969,55.89,31,9.14,49.5,19,0
18970,122.83,33,27.59,45.28,19,0
18971,36.94,18,23.84,16.98,19,0
18972,57.24,28,45.96,56.8,19,0
18976,104.77,25,23.52,40.12,19,0
18975,4.91,4,27.73,69.72,19,0
18975,67.61,17,30.32,89.08,19,0
18978,51.97,27,54.38,48.85,19,0
18978,73.98,21,27.11,61.7,19,0
18978,116.74,32,24.61,53.79,19,0
18982,108.91,33,21.78,62.38,19,0
18981,1.44,11,32.32,61.47,19,0
18984,72.06,24,21.29,54.54,19,0
18982,4.47,1,22.6,65.75,19,0
18984,110.32,33,23.67,47.2,19,0
18987,25.96,14,56.8,55.73,19,0
18987,4.87,4,48.77,56.78,19,0
18986,128.73,33,23.06,41.21,19,0
18990,63.77,27,5.53,53.71,19,0
18991,4.84,8,22.14,61.08,19,0
18989,51.43,28,47.99,68.09,19,0
18993,1.11,3,33.11,61.83,19,0
18992,58.55,31,27.99,94.01,19,0
18995,76.94,28,20.22,66.94,19,0
18995,3.49,7,27.95,92.39,19,0
18994,80.93,34,49.86,67.81,19,0
18996,65.89,17,34.16,85.74,19,0
18997,69.49,18,25.84,55.71,19,0
18997,53.83,21,23.96,57.68,19,0
18998,70.6,22,27.07,55.52,19,0
18999,46.18,18,26.32,40.09,19,0
19002,2.4,11,26.7,67.69,19,0
19002,96.47,32,30.28,50.01,19,0
19004,0.24,6,28.7,46.03,19,0
19003,95.65,25,21.23,40.22,19,0
19005,3.69,3,22.12,63.62,19,0
19008,49.79,12,25.54,55.83,19,0
19009,19.85,13,47.05,60.46,19,0
19008,40.16,13,31.63,88.57,19,0
19008,102.56,32,24.04,49.61,19,0
19010,29.96,12,8.45,62.17,19,0
19013,132.77120000000002,33,24.9,45.89,19,0
19012,63.24,23,23.4,91.99,19,0
19014,49.41,18,26.58,61.09,19,0
19013,109.72,35,34.65,89.33,19,0
19014,81.39,27,21.75,67.05,19,0
19017,0.64,1,25.67,55.78,19,0
19018,62.02,19,26.9,56.16,19,0
19017,41.47,12,23.88,63.78,19,1
19020,40.97,16,24.44,62.78,19,1
19022,3.66,8,32.83,40.51,19,1
19021,2.99,4,51.99,69.72,19,1
19021,54.77,20,30.27,17.5,19,1
19023,86.0,32,21.58,59.38,19,1
19024,2.75,9,23.15,66.5,19,1
19024,124.78,34,33.68,48.45,19,1
19027,4.83,4,31.07,62.72,19,1
19028,55.54,34,5.53,90.68,19,1
19030,29.49,12,5.53,55.96,19,1
19031,67.93,19,26.15,44.76,19,1
19029,61.55,18,27.34,51.62,19,1
19030,45.26,17,25.32,62.59,19,1
19031,48.02,13,33.48,62.24,19,1
19033,70.55,34,56.04,62.27,19,1
19036,93.06,27,21.23,41.58,19,1
19036,106.46,28,25.32,53.41,19,1
19035,73.73,27,21.7,55.13,19,1
19037,2.89,4,29.96,91.41,19,1
19038,53.91,17,32.73,51.39,19,1
19039,74.66,25,22.42,59.68,19,1
19039,60.48,28,7.99,42.71,19,1
19040,0.18,4,33.07,58.29,19,1
19042,2.0,5,31.38,54.44,19,1
19043,132.34,34,29.41,44.75,19,1
19044,42.88,16,30.94,92.56,19,1
19044,53.26,22,6.47,57.6,19,1
19045,117.73,33,32.92,68.46,19,1
19046,1.98,2,34.82,45.78,19,1
19050,4.3,3,21.09,17.28,19,1
19048,55.53,16,34.42,46.02,19,1
19050,30.46,17,7.79,49.82,19,1
19053,67.91,21,22.56,85.72,19,1
19053,2.09,8,58.45560000000002,64.89,19,1
19055,51.9,13,29.45,56.1,19,1
19055,117.32,31,23.54,63.57,19,1
19056,80.32,23,32.28,68.66,19,1
19057,2.55,7,33.84,50.33,19,1
19058,99.54,32,21.2,61.55,19,1
19060,2.97,8,46.61,45.74,19,1
19061,46.15,15,27.62,55.47,19,1
19059,44.04,28,5.53,65.07,19,1
19063,0.95,10,58.45560000000002,59.47,19,1
19061,49.82,33,58.45560000000002,60.1,19,1
19064,0.2,4,53.14,65.31,19,1
19064,76.45,26,30.38,66.75,19,1
19065,3.02,11,29.65,59.96,19,1
19068,0.78,1,20.96,12.62,19,1
19068,53.57,33,7.98,15.23,19,1
19068,92.06,22,33.0,58.1,19,1
19068,92.73,34,23.97,13.06,19,1
19070,37.77,19,20.01,11.14,19,1
19070,120.75,29,31.16,66.63,19,1
19072,1.01,1,8.66,58.4,19,1
19072,72.53,31,5.53,65.71,19,1
19073,3.11,6,8.76,68.13,19,1
19076,3.43,10,31.57,57.99,19,1
19078,48.97,17,29.57,62.63,19,1
19077,28.22,13,21.53,19.62,19,1
19080,1.67,10,27.66,63.71,19,2
19081,92.15,22,34.17,46.73,19,2
19081,38.72,21,30.91,17.19,19,2
19080,2.9,11,8.05,52.09,19,2
19083,35.69,22,5.53,61.49,19,2
19085,1.21,7,8.71,48.18,19,2
19083,127.99,33,33.59,61.64,19,2
19085,36.22,18,52.64,48.82,19,2
19087,1.15,1,32.75,87.81,19,2
19086,47.38,14,31.33,45.15,19,2
19088,76.13,20,20.47,47.07,19,2
19089,34.99,12,33.2,60.38,19,2
19090,1.13,4,23.85,45.98,19,2
19092,4.19,4,27.3,51.97,19,2
19093,55.99,22,34.62,54.93,19,2
19092,103.67,25,32.47,59.36,19,2
19095,29.67,22,45.56,15.11,19,2
19095,108.02,35,22.28,57.09,19,2
19095,71.16,23,29.88,48.07,19,2
19098,97.99,34,21.91,57.31,19,2
19097,25.99,16,8.72,42.7,19,2
19100,41.57,17,21.13,94.03,19,2
19101,0.18,3,33.24,15.81,19,2
19101,28.21,15,30.44,11.97,19,2
19101,0.88,11,21.19,49.37,19,2
19105,0.18,3,21.75,49.78,19,2
19103,0.31,3,27.55,51.71,19,2
19106,3.75,5,22.65,61.94,19,2
19107,52.15,16,27.76,69.35,19,2
19107,73.52,29,28.12,17.61,19,2
19109,54.27,26,47.51,43.15,19,2
19109,27.27,17,49.96,67.32,19,2
19112,83.08,31,23.78,64.74,19,2
19113,2.3,6,22.1,51.68,19,2
19112,70.06,24,21.37,68.13,19,2
19113,3.17,7,33.13,50.01,19,2
19115,66.24,32,52.31,45.06,19,2
19114,2.37,5,21.21,61.52,19,2
19117,59.89,22,29.14,52.4,19,2
19116,93.47,31,20.13,69.05,19,2
19118,2.47,7,29.1,53.87,19,2
19121,48.92,26,48.71,66.73,19,2
19121,55.61,32,7.94,64.54,19,2
19122,110.31,34,23.91,43.21,19,2
19124,42.71,21,27.27,15.02,19,2
19122,76.98,23,28.13,64.76,19,2
19124,4.94,8,20.52,55.21,19,2
19126,54.59,18,32.04,47.77,19,2
19126,44.06,13,33.21,50.65,19,2
19129,100.36,33,23.41,62.67,19,2
19127,54.55,15,24.95,56.39,19,2
19128,77.89,33,7.8,43.31,19,2
19130,101.41,27,21.44,49.2,19,2
19130,88.66,28,20.98,56.07,19,2
19134,48.48,23,8.66,60.68,19,2
19134,2.1,5,26.18,61.16,19,2
19134,44.9,21,20.35,94.03,19,2
19134,98.23,28,30.57,48.48,19,2
19137,82.18,29,22.49,69.21,19,2
19136,74.84,18,34.05,43.49,19,2
19139,74.56,31,5.53,57.04,19,3
19140,104.11,27,27.29,67.11,19,3
19139,26.88,13,46.22,57.8,19,3
19140,2.1,5,8.35,57.19,19,3
19143,4.9,7,7.26,46.99,19,3
19144,1.73,1,22.3,68.94,19,3
19145,3.82,8,34.41,69.51,19,3
19145,72.87,21,22.54,54.5,19,3
19146,81.5,20,25.08,40.68,19,3
19148,4.09,9,6.23,50.81,19,3
19150,1.47,4,24.75,59.42,19,3
19149,0.9,5,22.06,41.68,19,3
19149,88.07,30,22.86,46.81,19,3
19150,103.99,31,29.27,56.12,19,3
19154,29.1,13,28.39,94.03,19,3
19154,1.75,6,7.37,45.74,19,3
19154,42.72,21,55.6,42.04,19,3
19157,4.71,10,32.45,42.77,19,3
19157,0.18,9,22.23,90.56,19,3
19157,4.41,10,22.69,44.29,19,3
19157,2.9,8,28.64,46.66,19,3
19161,59.04,29,27.72,93.67,19,3
19160,67.76,19,24.42,60.86,19,3
19160,4.15,9,20.44,11.14,19,3
19163,90.51,29,32.36,58.9,19,3
19162,76.45,20,24.28,50.42,19,3
19166,72.39,26,20.01,53.85,19,3
19164,30.37,12,21.26,56.56,19,3
19167,88.36,33,31.06,54.13,19,3
19166,28.96,18,47.7,56.22,19,3
19167,36.25,22,52.29,94.03,19,3
19168,28.59,15,47.5,50.63,19,3
19170,0.18,6,32.16,46.16,19,3
19170,109.34,28,23.57,46.71,19,3
19173,2.17,2,25.01,61.88,19,3
19173,99.61,33,23.1,53.9,19,3
19175,4.88,4,8.15,63.57,19,3
19174,121.81,31,31.48,40.9,19,3
19178,74.42,18,21.63,54.77,19,3
19179,0.28,7,5.53,40.9,19,3
19177,62.68,29,31.84,91.4,19,3
19178,62.54,21,20.59,50.24,19,3
19182,70.9,29,5.53,42.08,19,3
19183,82.73,30,30.75,45.12,19,3
19181,82.73,23,23.46,44.7,19,3
19182,67.72,18,34.52,62.33,19,3
19186,44.05,16,31.53,14.55,19,3
19185,95.48,33,34.6,66.17,19,3
19185,0.74,4,33.42,64.29,19,3
19186,72.51,30,51.78,56.35,19,3
19189,86.17,24,28.31,50.56,19,3
19191,1.73,2,20.05,61.25,19,3
19192,73.96,20,29.38,61.58,19,3
19190,86.88,32,31.67,54.37,19,3
19192,61.34,17,21.55,53.31,19,3
19195,0.51,1,33.9,64.59,19,3
19194,57.4,15,31.85,69.9,19,3
19196,4.5,1,21.22,14.15,19,3
19198,25.05,12,6.49,50.92,19,3
19198,83.16,23,26.4,61.46,19,3
19197,122.44,34,26.54,57.86,19,4
19200,50.7,18,30.72,56.0,19,4
19200,2.27,5,30.75,52.86,19,4
19203,3.27,11,25.53,62.99,19,4
19204,42.96,18,53.34,63.26,19,4
19203,95.17,29,23.44,68.26,19,4
19206,52.94,26,23.75,16.42,19,4
19205,68.82,28,6.28,42.13,19,4
19206,3.03,9,24.27,53.44,19,4
19206,104.39,27,26.53,69.29,19,4
19209,2.45,7,51.5,41.93,19,4
19208,2.59,1,27.57,67.03,19,4
19211,39.21,13,28.52,56.92,19,4
19213,1.47,3,28.15,46.62,19,4
19211,2.71,6,25.7,58.17,19,4
19213,97.39,25,29.78,62.04,19,4
19214,93.65,27,34.63,60.9,19,4
19215,68.66,26,34.41,11.14,19,4
19217,66.33,16,30.75,54.25,19,4
19218,46.37,16,33.68,60.34,19,4
19218,3.45,5,31.2,68.77,19,4
19221,131.9,35,27.86,58.14,19,4
19222,0.96,4,32.13,61.81,19,4
19223,112.21,30,20.8,51.3,19,4
19223,49.33,19,27.13,94.03,19,4
19223,35.72,18,32.34,14.42,19,4
19225,91.73,32,24.61,50.24,19,4
19224,2.12,4,29.92,60.3,19,4
19227,51.81,24,9.04,48.75,19,4
19227,37.76,14,27.47,40.63,19,4
19228,0.75,3,34.06,46.34,19,4
19229,60.5,27,27.5,17.07,19,4
19229,2.8,4,8.44,59.23,19,4
19230,2.34,6,33.04,53.9,19,4
19233,4.82,7,22.72,50.06,19,4
19235,3.16,7,32.7,43.85,19,4
19236,0.24,8,27.45,41.09,19,4
19237,73.08,19,30.39,86.66,19,4
19238,80.97,28,23.71,47.98,19,4
19238,26.91,15,8.0,56.38,19,4
19237,92.38,24,27.59,59.01,19,4
19239,4.88,1,27.04,45.95,19,4
19242,0.45,4,30.09,15.18,19,4
19240,3.38,10,23.34,44.39,19,4
19244,4.92,8,27.74,61.92,19,4
19242,1.45,9,24.2,42.75,19,4
19244,55.68,16,31.79,48.73,19,4
19246,3.26,10,20.5,64.13,19,4
19245,85.14,26,34.78,87.97,19,4
19248,123.09,31,21.91,61.06,19,4
19247,43.95,15,32.82,41.29,19,4
19251,71.86,31,52.08,54.18,19,4
19251,0.41,8,34.39,60.15,19,4
19252,0.62,2,32.95,56.97,19,4
19251,61.83,15,30.01,49.35,19,4
19253,55.23,17,20.06,46.16,19,4
19255,80.48,24,25.47,59.55,19,4
19254,59.37,30,6.67,50.84,19,4
19256,79.08,24,32.25,50.4,19,4
19257,94.01,34,23.75,43.88,19,4
19258,0.82,1,22.05,44.1,19,5
19260,42.26,15,29.28,51.61,19,5
19261,72.08,28,29.33,64.32,19,5
19263,67.68,21,26.19,53.89,19,5
19263,42.43,24,9.94,43.46,19,5
19265,83.97,28,29.05,62.88,19,5
19266,1.2,2,30.21,56.06,19,5
19266,71.13,17,22.85,68.05,19,5
19266,28.71,14,5.53,46.39,19,5
19268,3.1,2,20.17,16.69,19,5
19268,77.3,31,21.54,18.55,19,5
19271,0.36,7,24.27,52.89,19,5
19271,2.91,9,9.45,88.96,19,5
19271,129.74,35,24.11,44.75,19,5
19271,3.17,10,21.84,49.28,19,5
19274,3.43,6,33.7,43.03,19,5
19276,46.32,24,51.21,58.4,19,5
19274,55.91,24,45.83,42.27,19,5
19276,36.15,17,5.53,47.08,19,5
19276,48.49,18,26.57,17.28,19,5
19278,2.59,8,31.85,47.35,19,5
19280,98.58,28,23.87,50.34,19,5
19281,102.4,26,21.81,61.52,19,5
19282,111.13,34,24.85,67.07,19,5
19281,52.7,13,26.88,42.72,19,5
19282,87.9,27,22.11,41.34,19,5
19286,84.49,30,23.19,49.27,19,5
19284,71.39,21,21.26,50.57,19,5
19285,42.42,12,23.76,57.32,19,5
19286,97.36,27,34.19,52.16,19,5
19287,4.69,7,48.8,65.46,19,5
19288,43.63,12,22.25,40.35,19,5
19289,25.89,12,48.26,60.0,19,5
19291,36.34,14,21.57,89.97,19,5
19294,60.28,17,30.7,49.48,19,5
19294,1.46,7,26.46,62.96,19,5
19295,74.2,24,25.51,47.23,19,5
19294,116.76,32,21.78,50.46,19,5
19295,56.73,21,21.2,62.78,19,5
19298,64.66,24,25.69,55.48,19,5
19299,106.68,27,31.94,86.65,19,5
19300,0.18,9,29.55,69.85,19,5
19301,58.6,16,25.34,63.43,19,5
19303,53.43,29,50.54,59.44,19,5
19304,55.97,14,29.57,69.72,19,5
19305,64.12,16,23.89,47.07,19,5
19305,2.36,11,58.45560000000002,11.99,19,5
19304,62.34,31,6.51,56.04,19,5
19305,1.34,1,20.38,56.57,19,5
19306,89.8,35,23.03,64.83,19,5
19307,53.54,17,25.38,44.7,19,5
19310,129.03,35,21.46,47.36,19,5
19312,74.98,31,6.73,62.3,19,5
19313,40.9,15,28.68,69.56,19,5
19312,30.81,12,32.39,46.92,19,5
19315,109.24,30,29.47,66.7,19,5
19313,56.89,14,20.65,49.22,19,5
19317,106.7,30,24.11,58.3,19,5
19316,65.86,29,8.58,65.39,19,5
19319,79.23,24,20.44,46.74,19,5
19320,0.58,1,27.6,48.14,19,6
19318,0.18,10,25.85,55.37,19,6
19320,55.66,15,20.8,58.56,19,6
19321,1.49,9,28.96,89.85,19,6
19323,2.44,7,34.6,89.78,19,6
19322,3.87,1,31.28,41.11,19,6
19324,39.86,12,27.68,69.42,19,6
19324,4.71,10,25.31,45.29,19,6
19327,88.29,23,22.43,52.27,19,6
19326,99.55,31,26.16,40.68,19,6
19328,130.89,35,24.35,46.09,19,6
19328,117.73,35,27.23,69.97,19,6
19331,0.98,6,23.92,56.07,19,6
19332,46.79,16,27.01,68.03,19,6
19334,34.79,14,28.46,93.0,19,6
19335,129.68,32,20.97,64.52,19,6
19336,2.06,6,25.96,57.85,19,6
19335,90.1,28,20.96,60.57,19,6
19338,38.3,14,21.55,61.44,19,6
19338,37.73,14,28.85,66.17,19,6
19339,50.81,13,20.5,47.74,19,6
19338,76.42,32,22.33,18.05,19,6
19341,0.19,8,25.08,92.13,19,6
19341,43.83,12,27.76,65.47,19,6
19344,4.88,8,30.76,68.38,19,6
19342,40.67,29,8.39,11.14,19,6
19344,37.06,32,8.73,13.29,19,6
19345,3.39,3,22.43,64.58,19,6
19348,85.33,32,26.1,65.8,19,6
19346,1.52,11,53.97,41.23,19,6
19350,45.58,19,9.5,62.28,19,6
19348,111.15,28,24.77,60.67,19,6
19351,33.01,12,29.4,43.46,19,6
19352,49.95,19,29.9,50.92,19,6
19351,126.12,31,34.47,69.35,19,6
19354,57.59,28,21.71,18.15,19,6
19353,64.09,28,8.87,61.98,19,6
19357,65.67,31,9.19,59.49,19,6
19358,49.36,16,26.62,64.77,19,6
19356,70.88,23,30.26,54.5,19,6
19359,48.06,24,7.84,85.02,19,6
19361,32.02,13,51.55,49.76,19,6
19360,89.56,24,27.18,43.31,19,6
19363,0.18,4,30.95,43.9,19,6
19361,20.16,12,6.96,12.7,19,6
19362,81.06,32,33.53,90.41,19,6
19363,90.37,27,33.04,64.17,19,6
19367,2.4,2,32.19,19.46,19,6
19365,94.51,26,27.72,43.74,19,6
19366,117.31,30,31.13,48.22,19,6
19367,82.08,23,23.14,50.09,19,6
19371,2.35,5,57.87,61.51,19,6
19372,4.54,2,30.66,57.4,19,6
19371,4.31,4,22.89,53.96,19,6
19372,71.57,30,46.83,62.64,19,6
19374,4.02,10,28.23,62.21,19,6
19375,3.45,5,21.32,65.84,19,6
19374,44.84,17,30.46,60.86,19,6
19375,41.07,12,20.86,41.81,19,6
19377,113.88,34,27.81,58.17,19,6
19379,23.51,16,8.15,17.62,19,7
19380,4.29,2,29.74,68.01,19,7
19381,94.89,33,25.38,57.9,19,7
19380,4.03,7,22.66,67.83,19,7
19381,58.37,18,20.31,42.61,19,7
19385,1.39,8,29.59,62.37,19,7
19385,3.8,11,23.72,66.8,19,7
19387,44.99,20,21.5,11.14,19,7
19387,82.37,32,22.35,64.27,19,7
19386,90.74,22,21.92,65.01,19,7
19388,100.52,32,20.38,62.26,19,7
19389,83.93,30,31.21,67.52,19,7
19392,3.16,8,23.36,50.09,19,7
19392,61.02,21,28.82,48.61,19,7
19393,81.15,30,24.25,16.86,19,7
19393,21.1,13,9.56,45.83,19,7
19393,114.4,33,34.7,66.61,19,7
19394,78.85,26,26.33,48.51,19,7
19398,4.28,1,33.27,15.28,19,7
19397,67.0,18,33.19,60.54,19,7
19399,31.4,12,29.31,53.62,19,7
19401,82.73,24,20.6,54.38,19,7
19402,0.32,1,25.6,49.82,19,7
19403,50.82,18,22.12,56.01,19,7
19402,60.21,20,20.71,40.98,19,7
19402,23.33,12,32.49,15.79,19,7
19406,3.87,7,30.34,16.84,19,7
19405,0.91,4,5.63,16.53,19,7
19406,78.84,24,23.1,69.56,19,7
19408,46.24,35,58.45560000000002,92.6,19,7
19410,108.69,26,23.24,40.94,19,7
19410,50.84,18,34.64,69.57,19,7
19411,66.37,25,25.63,67.84,19,7
19413,45.42,25,53.27,54.66,19,7
19412,0.98,11,21.16,91.23,19,7
19415,4.24,3,21.96,56.35,19,7
19413,0.43,2,45.41,61.23,19,7
19417,65.65,16,31.1,43.77,19,7
19418,37.49,19,51.11,55.41,19,7
19419,1.32,8,30.98,44.0,19,7
19419,0.52,10,24.33,69.08,19,7
19418,0.28,6,25.91,64.61,19,7
19420,58.47,16,21.14,57.48,19,7
19420,46.12,15,23.54,40.16,19,7
19423,74.38,29,32.34,85.77,19,7
19423,43.36,12,26.19,43.02,19,7
19426,1.02,6,29.52,59.73,19,7
19424,2.2,2,6.12,51.41,19,7
19428,58.61,27,26.55,16.5,19,7
19427,43.93,16,20.84,47.2,19,7
19430,110.47,30,21.5,63.58,19,7
19430,35.34,14,21.37,47.84,19,7
19432,132.77120000000002,33,24.24,45.82,19,7
19433,110.13,31,33.92,50.77,19,7
19434,90.06,26,20.18,64.0,19,7
19434,22.29,13,8.0,68.54,19,7
19435,58.09,15,27.33,43.33,19,7
19435,4.71,2,31.12,50.09,19,7
19436,70.5,23,34.33,64.3,19,7
19437,94.59,27,22.19,53.13,19,7
19439,94.59,24,21.39,66.84,19,8
19440,0.41,3,32.11,68.97,19,8
19439,54.96,19,33.84,51.12,19,8
19442,3.58,9,48.17,13.77,19,8
19442,104.99,35,25.11,57.75,19,8
19443,47.55,14,25.14,64.16,19,8
19444,79.31,22,29.65,63.85,19,8
19444,0.31,10,25.89,58.71,19,8
19446,51.02,20,23.38,69.69,19,8
19447,63.67,30,34.93,12.81,19,8
19450,103.09,32,31.92,86.68,19,8
19448,23.58,15,58.45560000000002,88.85,19,8
19450,1.32,9,6.96,48.43,19,8
19450,44.73,21,50.46,60.67,19,8
19451,4.52,9,33.56,68.9,19,8
19452,63.48,20,24.35,59.43,19,8
19454,0.43,2,30.49,49.98,19,8
19455,88.53,27,27.23,49.43,19,8
19458,58.81,26,8.26,42.97,19,8
19457,3.62,5,7.17,64.74,19,8
19457,64.0,20,22.73,68.85,19,8
19459,33.23,13,27.42,91.88,19,8
19460,43.46,21,6.52,42.88,19,8
19463,53.4,21,27.32,46.32,19,8
19462,1.72,10,27.78,47.77,19,8
19462,115.74,29,22.72,46.35,19,8
19463,0.7,5,31.72,47.15,19,8
19467,120.74,35,23.93,53.06,19,8
19467,4.93,1,20.02,43.74,19,8
19469,29.92,12,9.8,89.46,19,8
19467,2.83,11,58.45560000000002,64.23,19,8
19468,3.6,11,22.74,54.03,19,8
19469,42.94,22,5.98,49.99,19,8
19472,96.35,28,30.42,47.79,19,8
19471,106.63,27,30.48,52.79,19,8
19475,73.72,28,22.2,45.57,19,8
19476,80.44,28,34.69,13.65,19,8
19475,4.3,1,32.08,62.45,19,8
19475,1.22,7,23.26,53.06,19,8
19478,3.63,10,26.49,64.65,19,8
19480,3.4,4,6.67,49.82,19,8
19478,3.55,7,25.99,54.28,19,8
19482,0.7,10,21.37,66.1,19,8
19482,86.72,21,34.15,41.03,19,8
19483,102.06,32,27.02,66.84,19,8
19482,83.17,25,31.7,67.77,19,8
19483,3.44,8,31.52,52.4,19,8
19485,38.82,14,30.19,68.66,19,8
19488,70.97,21,23.3,44.86,19,8
19487,73.98,28,28.87,55.96,19,8
19490,0.51,1,51.71,53.34,19,8
19491,60.66,30,53.88,40.18,19,8
19490,25.18,12,5.53,60.52,19,8
19492,63.03,20,31.77,59.49,19,8
19494,0.29,3,34.14,44.48,19,8
19495,66.17,34,47.84,69.51,19,8
19495,62.69,27,49.16,41.84,19,8
19494,53.21,18,22.97,54.94,19,8
19496,2.42,11,31.63,52.49,19,8
19498,49.65,15,34.21,49.64,19,8
19500,1.69,2,34.93,46.38,19,9
19500,0.36,9,32.58,63.61,19,9
19501,58.37,20,28.97,46.24,19,9
19503,94.49,23,28.23,51.88,19,9
19502,61.89,17,20.88,88.68,19,9
19505,53.81,24,24.3,12.77,19,9
19504,42.87,22,25.1,15.22,19,9
19506,70.94,27,28.64,57.36,19,9
19508,71.73,33,25.47,18.84,19,9
19506,3.41,8,58.19,68.39,19,9
19510,48.67,21,5.53,69.44,19,9
19510,48.39,17,34.11,18.55,19,9
19509,2.0,1,25.82,69.45,19,9
19510,16.81,13,53.36,12.78,19,9
19513,4.3,9,26.36,46.9,19,9
19513,62.03,16,31.64,46.55,19,9
19514,99.68,30,21.83,68.08,19,9
19515,95.33,27,20.78,48.69,19,9
19516,5.0,5,29.75,49.01,19,9
19517,0.53,6,31.59,53.13,19,9
19519,62.01,20,24.22,60.01,19,9
19519,84.22,31,32.79,59.5,19,9
19522,81.23,33,9.85,65.59,19,9
19523,59.56,23,29.28,49.56,19,9
19524,63.66,35,57.77,86.68,19,9
19524,3.16,10,51.76,63.56,19,9
19524,53.58,33,51.51,91.22,19,9
19527,33.11,17,55.55,58.95,19,9
19525,97.65,32,27.96,68.13,19,9
19527,101.64,35,26.54,54.51,19,9
19527,117.97,32,27.58,64.92,19,9
19530,58.3,27,32.65,15.04,19,9
19532,48.32,24,9.73,41.42,19,9
19530,2.59,8,27.58,92.56,19,9
19531,0.18,3,8.26,94.03,19,9
19533,72.23,21,28.29,47.15,19,9
19536,4.6,3,31.0,44.56,19,9
19537,33.27,13,34.74,11.14,19,9
19538,40.14,12,27.35,45.24,19,9
19536,97.27,29,29.67,62.48,19,9
19540,52.04,13,25.92,64.46,19,9
19541,47.48,15,29.39,69.95,19,9
19540,132.77120000000002,35,26.4,45.44,19,9
19542,1.96,5,24.78,42.13,19,9
19542,2.87,10,26.82,54.32,19,9
19542,84.73,24,27.92,42.28,19,9
19546,87.33,25,21.55,66.29,19,9
19545,62.78,20,33.19,50.19,19,9
19548,86.98,26,29.13,47.89,19,9
19546,85.61,35,26.89,15.57,19,9
19550,122.55,35,22.03,64.88,19,9
19548,3.13,9,29.02,13.35,19,9
19550,90.62,29,27.33,68.52,19,9
19553,2.11,4,53.58,69.99,19,9
19553,2.38,5,30.99,19.16,19,9
19553,20.65,13,6.8,61.67,19,9
19553,42.39,20,5.84,49.72,19,9
19554,67.82,22,29.38,58.63,19,9
19558,67.97,28,6.08,51.05,19,9
19558,4.22,1,23.09,69.58,19,9
19557,57.69,21,22.26,41.08,19,10
19559,74.35,21,29.62,65.47,19,10
19559,0.45,7,28.92,54.27,19,10
19560,66.7,33,29.83,19.05,19,10
19561,46.09,17,28.21,47.64,19,10
19562,65.54,35,23.75,12.7,19,10
19565,37.76,14,31.45,69.27,19,10
19565,92.72,29,31.95,85.27,19,10
19568,67.36,28,25.38,14.01,19,10
19566,52.46,22,24.42,14.53,19,10
19567,3.8,11,23.22,52.79,19,10
19570,40.65,27,7.37,60.54,19,10
19571,3.83,8,24.53,47.57,19,10
19571,94.15,24,23.3,68.0,19,10
19573,0.34,5,27.76,90.14,19,10
19574,64.72,23,29.75,16.99,19,10
19574,4.9,4,23.82,67.49,19,10
19575,108.59,35,31.76,57.12,19,10
19577,40.87,14,34.2,50.49,19,10
19579,61.47,15,26.36,43.37,19,10
19579,30.3,17,46.72,66.33,19,10
19579,111.13,31,33.99,59.85,19,10
19580,56.68,21,29.22,55.07,19,10
19581,0.67,6,56.64,57.08,19,10
19583,104.25,35,23.11,65.75,19,10
19583,3.23,7,21.54,68.12,19,10
19584,2.42,9,29.16,41.01,19,10
19585,111.79,27,34.6,68.6,19,10
19588,2.47,7,23.47,42.78,19,10
19586,93.17,34,24.52,52.04,19,10
19590,0.24,2,34.78,63.91,19,10
19590,4.22,11,27.45,14.96,19,10
19591,95.46,26,24.24,42.44,19,10
19590,81.25,25,20.22,62.42,19,10
19593,55.08,15,25.11,49.11,19,10
19595,84.86,32,25.95,11.14,19,10
19594,1.62,10,28.98,52.84,19,10
19595,105.11,35,30.76,65.13,19,10
19597,63.42,27,9.17,47.2,19,10
19597,39.45,13,29.27,68.66,19,10
19598,0.18,3,28.07,46.56,19,10
19600,61.41,20,33.9,85.69,19,10
19601,84.25,28,25.61,59.01,19,10
19600,70.57,17,24.87,60.36,19,10
19602,38.22,15,24.53,51.42,19,10
19605,2.56,11,22.6,43.9,19,10
19606,2.96,4,25.95,40.81,19,10
19606,72.18,20,34.14,62.91,19,10
19605,65.34,24,29.91,93.86,19,10
19608,3.85,4,31.85,69.69,19,10
19607,34.43,13,22.15,57.24,19,10
19608,3.47,11,29.44,62.25,19,10
19611,56.41,17,34.31,51.62,19,10
19613,25.56,16,5.53,44.21,19,10
19613,48.29,14,26.99,42.85,19,10
19615,0.56,11,24.91,59.91,19,10
19614,44.91,26,5.53,61.78,19,10
19615,54.16,27,21.93,90.09,19,10
19616,64.52,18,21.87,40.96,19,10
19618,25.78,14,9.91,44.53,19,10
19617,3.51,2,29.64,44.24,19,11
19618,47.51,23,53.62,62.77,19,11
19621,102.62,30,28.77,46.68,19,11
19621,122.4,32,33.23,45.85,19,11
19623,1.81,10,29.66,63.8,19,11
19625,53.29,18,26.23,67.46,19,11
19625,1.39,10,27.26,61.31,19,11
19626,51.32,17,26.26,48.19,19,11
19628,1.05,6,26.39,65.81,19,11
19627,38.14,14,24.23,67.6,19,11
19627,45.66,30,47.69,86.95,19,11
19629,66.46,23,22.34,68.41,19,11
19630,117.69,34,31.06,44.29,19,11
19632,51.85,16,22.61,57.21,19,11
19632,53.17,19,24.86,90.43,19,11
19632,4.13,2,27.2,60.07,19,11
19634,26.41,15,24.07,91.23,19,11
19634,29.93,17,26.45,18.89,19,11
19637,77.19,22,31.42,49.24,19,11
19636,2.55,3,25.77,88.46,19,11
19637,0.18,3,21.87,58.02,19,11
19641,111.81,28,21.75,40.61,19,11
19640,4.35,8,20.24,11.35,19,11
19643,90.28,24,27.12,43.88,19,11
19641,3.55,8,26.86,68.48,19,11
19645,96.13,30,24.66,89.32,19,11
19646,0.7,7,27.1,44.44,19,11
19647,4.48,1,32.6,59.07,19,11
19646,76.36,20,28.72,56.55,19,11
19648,131.76,33,23.25,54.89,19,11
19647,90.69,22,27.02,63.94,19,11
19650,105.64,34,26.52,40.82,19,11
19649,0.92,10,22.24,51.95,19,11
19653,71.42,21,21.09,56.31,19,11
19654,21.06,12,31.17,18.26,19,11
19653,97.15,33,34.36,62.99,19,11
19653,2.93,4,31.88,94.03,19,11
19656,2.35,1,32.71,17.29,19,11
19658,93.57,35,27.84,43.04,19,11
19657,24.1,18,51.55,93.84,19,11
19658,114.95,34,33.18,54.55,19,11
19659,4.15,6,29.07,11.37,19,11
19661,99.09,32,22.13,63.79,19,11
19662,2.21,2,33.75,45.53,19,11
19662,101.28,30,23.71,58.97,19,11
19665,4.49,2,20.03,49.69,19,11
19663,2.4,3,49.86,13.85,19,11
19665,2.32,7,26.73,56.24,19,11
19668,25.34,16,6.7,57.34,19,11
19667,3.44,6,31.94,93.42,19,11
19669,64.49,17,29.54,62.25,19,11
19671,1.15,11,33.27,17.46,19,11
19669,63.67,22,31.78,59.6,19,11
19670,3.49,4,23.46,52.87,19,11
19673,122.83,35,25.92,52.32,19,11
19673,65.82,34,53.25,42.7,19,11
19674,70.45,31,48.52,56.41,19,11
19676,64.58,30,5.53,41.09,19,11
19676,43.13,12,26.75,68.24,19,11
19676,121.43,31,21.49,69.62,19,11
19680,55.35,18,26.65,54.14,19,12
19680,3.95,1,24.42,69.57,19,12
19680,29.61,12,58.45560000000002,60.93,19,12
19681,83.28,32,30.48,61.23,19,12
19684,27.72,12,25.16,93.39,19,12
19684,1.53,9,53.55,46.27,19,12
19686,1.77,4,34.86,45.83,19,12
19687,3.66,6,26.2,58.62,19,12
19687,0.59,3,21.73,59.51,19,12
19689,72.46,28,20.19,13.94,19,12
19688,3.44,1,52.63,11.87,19,12
19691,55.45,30,24.22,12.06,19,12
19690,3.28,11,6.31,67.3,19,12
19691,74.83,18,25.0,65.92,19,12
19694,73.6,27,34.41,61.78,19,12
19695,58.08,18,29.71,50.77,19,12
19694,62.28,32,45.91,58.63,19,12
19697,48.89,18,25.98,50.29,19,12
19696,26.04,19,6.39,17.24,19,12
19697,1.58,1,31.16,56.81,19,12
19697,118.61,35,23.13,62.38,19,12
19698,4.04,8,55.67,66.1,19,12
19701,58.62,15,26.19,64.65,19,12
19702,71.41,25,30.31,68.3,19,12
19703,3.15,1,24.35,63.4,19,12
19704,108.79,35,21.6,69.85,19,12
19705,75.86,23,33.62,40.66,19,12
19707,66.15,26,24.94,55.1,19,12
19707,2.74,2,20.2,47.5,19,12
19707,107.74,31,33.48,85.82,19,12
19710,80.02,21,33.31,88.33,19,12
19710,43.82,25,56.39,55.41,19,12
19711,4.56,2,58.45560000000002,13.79,19,12
19713,48.51,13,32.64,51.66,19,12
19712,94.77,26,28.49,63.81,19,12
19712,91.44,30,28.56,65.27,19,12
19715,44.64,15,32.19,41.75,19,12
19717,62.1,24,27.63,55.53,19,12
19717,74.24,24,27.32,63.91,19,12
19716,89.41,24,31.33,53.73,19,12
19719,0.88,9,6.25,52.27,19,12
19721,2.98,1,8.69,65.59,19,12
19722,43.5,16,21.72,60.28,19,12
19720,74.27,33,6.23,46.95,19,12
19724,81.19,30,29.87,49.64,19,12
19722,60.55,23,32.24,56.85,19,12
19726,65.16,18,30.63,45.08,19,12
19725,1.64,6,26.26,66.71,19,12
19728,94.53,30,31.07,49.56,19,12
19728,40.29,12,24.79,50.35,19,12
19727,50.5,14,34.55,46.34,19,12
19728,4.11,6,33.0,59.47,19,12
19729,1.48,3,34.9,54.25,19,12
19732,88.64,24,20.69,50.98,19,12
19731,0.18,9,33.58,86.26,19,12
19735,32.62,13,48.66,54.34,19,12
19734,132.77120000000002,35,27.44,45.89,19,12
19737,52.17,19,24.67,51.85,19,12
19738,34.24,24,6.31,93.02,19,12
19736,63.02,19,32.1,52.24,19,12
19740,86.75,35,58.45560000000002,85.96,19,13
19739,58.06,15,29.59,63.86,19,13
19739,132.77120000000002,33,30.54,41.85,19,13
19743,52.73,14,22.5,54.86,19,13
19743,74.19,31,52.2,63.26,19,13
19742,96.87,34,20.22,60.44,19,13
19744,60.36,30,6.43,47.55,19,13
19747,85.59,26,20.83,56.04,19,13
19746,46.72,15,27.05,55.39,19,13
19748,132.77120000000002,35,22.46,52.3,19,13
19750,55.2,22,30.32,92.9,19,13
19751,0.51,8,6.5,60.51,19,13
19749,71.34,17,22.7,68.67,19,13
19752,111.61,29,28.41,68.33,19,13
19754,0.71,2,7.43,48.75,19,13
19755,79.47,25,23.7,52.46,19,13
19754,1.54,11,20.55,62.12,19,13
19756,72.24,27,31.65,19.4,19,13
19755,77.33,19,34.09,57.41,19,13
19759,61.14,20,23.37,63.61,19,13
19760,86.52,32,28.93,46.76,19,13
19760,44.97,17,24.38,41.8,19,13
19760,57.08,15,33.15,88.88,19,13
19763,1.03,4,22.09,64.26,19,13
19763,69.61,28,50.93,68.4,19,13
19763,36.63,14,29.31,52.72,19,13
19765,50.95,14,25.63,69.64,19,13
19764,23.6,12,9.38,54.56,19,13
19766,2.84,8,32.83,67.77,19,13
19767,83.18,24,21.38,47.54,19,13
19770,115.82,28,34.81,61.12,19,13
19769,76.37,21,25.94,62.41,19,13
19772,3.81,11,21.09,46.4,19,13
19771,70.36,19,26.39,42.84,19,13
19774,4.19,7,27.15,89.62,19,13
19772,3.34,3,5.53,43.66,19,13
19774,125.82,35,33.61,69.7,19,13
19774,52.16,34,49.63,93.12,19,13
19778,82.63,34,55.85,45.73,19,13
19776,78.1,25,23.9,54.65,19,13
19780,39.22,20,27.64,19.72,19,13
19780,77.86,31,33.89,14.42,19,13
19779,80.46,20,24.48,41.59,19,13
19781,66.35,20,26.63,46.16,19,13
19782,1.52,2,25.14,49.61,19,13
19785,31.25,13,9.55,56.14,19,13
19785,28.48,16,52.09,42.33,19,13
19785,45.0,20,9.74,55.82,19,13
19785,54.85,31,32.36,91.69,19,13
19786,2.23,7,32.31,69.46,19,13
19790,0.96,5,28.93,69.34,19,13
19790,110.71,30,28.13,85.56,19,13
19789,3.02,4,25.32,65.41,19,13
19790,107.45,27,22.32,44.21,19,13
19794,4.54,2,33.82,63.67,19,13
19793,3.26,2,26.75,18.35,19,13
19795,1.61,4,29.51,65.19,19,13
19795,3.67,2,8.81,46.25,19,13
19798,23.97,12,22.71,91.69,19,13
19796,26.14,12,5.99,48.28,19,13
19800,47.77,19,20.89,64.1,19,14
19801,43.19,14,30.47,67.0,19,14
19801,56.46,17,23.22,86.8,19,14
19801,4.26,1,58.45560000000002,61.25,19,14
19804,1.47,11,26.63,19.34,19,14
19804,2.82,8,50.49,60.66,19,14
19805,79.03,27,27.45,40.44,19,14
19807,87.79,35,25.19,17.9,19,14
19808,1.32,11,29.85,45.88,19,14
19808,48.87,16,33.56,64.58,19,14
19809,53.5,14,22.07,67.99,19,14
19808,46.71,13,25.78,57.71,19,14
19811,3.29,10,30.86,18.71,19,14
19812,44.57,14,21.23,43.16,19,14
19813,53.94,22,9.76,66.85,19,14
19813,88.38,34,25.06,49.73,19,14
19813,1.17,7,20.3,48.57,19,14
19814,1.59,6,28.37,64.28,19,14
19815,52.16,28,34.65,91.35,19,14
19818,101.36,31,32.84,55.91,19,14
19819,65.11,20,26.73,45.59,19,14
19819,81.72,21,34.57,60.64,19,14
19819,88.19,31,26.82,87.33,19,14
19820,62.71,24,27.47,56.34,19,14
19822,0.49,2,21.91,62.66,19,14
19823,57.84,14,23.09,57.43,19,14
19825,132.77120000000002,33,32.48,67.89,19,14
19826,97.36,27,23.2,41.39,19,14
19827,38.96,14,33.61,87.76,19,14
19829,70.94,28,20.23,68.66,19,14
19827,0.89,11,25.6,46.19,19,14
19829,47.59,13,33.92,44.84,19,14
19829,36.05,17,9.2,53.33,19,14
19832,3.65,8,33.97,89.45,19,14
19831,72.58,21,21.13,43.42,19,14
19832,106.56,33,29.08,43.84,19,14
19834,1.73,4,8.86,45.87,19,14
19837,98.6,31,24.57,44.19,19,14
19838,45.08,14,34.59,56.66,19,14
19836,109.81,34,30.36,68.63,19,14
19839,3.92,7,23.94,49.32,19,14
19839,111.68,29,34.98,66.68,19,14
19841,117.0,31,33.8,50.73,19,14
19840,2.09,3,28.88,41.82,19,14
19841,111.23,29,20.88,52.41,19,14
19844,1.16,7,22.96,40.88,19,14
19845,75.02,18,26.26,68.62,19,14
19845,2.69,4,30.36,59.71,19,14
19848,0.24,10,21.17,65.02,19,14
19847,44.74,21,58.45560000000002,50.73,19,14
19850,72.06,18,27.97,47.82,19,14
19849,80.76,32,33.65,94.02,19,14
19850,56.58,15,23.11,60.31,19,14
19852,45.83,17,32.38,43.97,19,14
19852,39.16,12,23.62,58.9,19,14
19854,4.0,11,24.01,53.25,19,14
19853,49.97,21,20.59,91.21,19,14
19857,80.18,26,20.84,89.64,19,14
19855,47.56,22,58.45560000000002,57.95,19,14
19859,73.92,23,31.34,65.43,19,14
19860,4.92,8,25.06,42.16,19,15
19859,22.08,14,8.19,13.86,19,15
19861,1.75,3,25.14,93.51,19,15
19861,44.88,23,29.79,16.4,19,15
19861,79.11,30,21.38,61.79,19,15
19863,82.06,21,21.3,65.42,19,15
19863,48.79,24,9.3,50.79,19,15
19865,36.4,18,47.55,43.35,19,15
19866,98.1,29,30.36,62.93,19,15
19869,32.31,21,7.15,92.02,19,15
19870,56.82,23,57.11,47.67,19,15
19870,52.48,22,27.8,11.14,19,15
19870,2.18,7,22.71,52.65,19,15
19870,75.75,30,33.35,55.21,19,15
19873,88.42,34,24.54,64.59,19,15
19873,36.51,12,23.34,49.37,19,15
19876,75.28,28,28.47,40.39,19,15
19876,3.4,11,34.95,87.74,19,15
19876,57.97,22,29.32,69.95,19,15
19876,34.02,12,28.14,59.95,19,15
19880,4.06,1,52.35,40.39,19,15
19879,3.88,8,33.67,43.18,19,15
19879,114.23,31,29.44,68.84,19,15
19882,52.01,21,58.45560000000002,44.24,19,15
19883,59.8,32,25.98,15.91,19,15
19883,118.85,35,22.15,41.1,19,15
19884,1.39,7,23.18,42.25,19,15
19886,58.39,28,8.74,41.11,19,15
19885,2.51,6,26.8,60.26,19,15
19889,61.19,26,58.45560000000002,65.25,19,15
19888,97.89,31,25.08,61.02,19,15
19888,88.08,34,32.44,91.54,19,15
19892,4.05,2,55.58,58.32,19,15
19890,30.77,28,51.55,94.03,19,15
19894,130.85,33,24.29,40.26,19,15
19895,4.78,4,28.85,46.3,19,15
19895,29.91,14,47.68,61.24,19,15
19895,40.16,14,27.79,44.75,19,15
19897,42.79,30,5.53,17.25,19,15
19899,80.08,24,23.9,47.99,19,15
19899,82.1,32,30.65,86.33,19,15
19899,45.04,14,28.41,43.48,19,15
19902,68.8,24,24.94,17.99,19,15
19900,101.02,35,33.79,55.1,19,15
19903,47.39,16,31.49,68.81,19,15
19902,87.29,32,23.56,15.55,19,15
19906,35.85,14,31.86,43.51,19,15
19905,0.61,2,27.84,53.27,19,15
19908,43.41,25,9.22,64.27,19,15
19909,55.31,16,30.44,58.09,19,15
19907,45.96,25,8.22,52.24,19,15
19911,2.14,7,20.14,87.21,19,15
19909,2.64,7,28.44,69.16,19,15
19912,40.38,13,20.98,67.43,19,15
19914,65.1,33,24.51,92.4,19,15
19914,64.33,20,32.76,63.21,19,15
19914,80.09,29,21.46,40.66,19,15
19914,1.56,6,26.99,61.08,19,15
19916,103.27,25,27.04,58.19,19,15
19917,60.74,15,21.41,62.5,19,15
19917,109.73,32,22.19,69.14,19,16
19918,50.15,14,26.09,42.04,19,16
19919,5.0,5,24.73,61.46,19,16
19923,73.89,26,21.09,66.5,19,16
19924,4.35,11,27.94,53.51,19,16
19922,86.66,29,32.26,43.78,19,16
19925,4.41,5,27.41,63.06,19,16
19926,0.73,11,31.56,12.56,19,16
19926,39.27,15,24.74,40.78,19,16
19929,73.7,27,21.05,91.8,19,16
19928,71.26,17,24.07,85.56,19,16
19929,103.49,30,32.39,51.02,19,16
19931,66.6,19,28.5,58.3,19,16
19930,32.14,14,7.84,55.65,19,16
19933,18.59,12,46.91,45.1,19,16
19933,132.77120000000002,35,25.63,40.97,19,16
19934,49.55,31,52.04,68.3,19,16
19935,4.43,1,7.8,14.62,19,16
19935,3.99,10,32.3,62.56,19,16
19938,116.53,33,29.29,48.42,19,16
19938,1.64,5,31.91,51.27,19,16
19941,0.18,2,24.77,43.25,19,16
19942,4.99,7,6.07,60.83,19,16
19942,66.66,17,29.13,49.57,19,16
19942,1.69,2,32.09,55.54,19,16
19945,106.97,26,33.12,45.16,19,16
19943,3.79,4,53.97,48.77,19,16
19944,54.63,34,50.7,67.43,19,16
19945,88.87,29,30.58,60.67,19,16
19949,4.72,7,20.72,15.57,19,16
19950,110.9,30,25.89,88.26,19,16
19949,42.12,13,23.8,41.41,19,16
19950,62.73,18,26.09,42.4,19,16
19950,71.95,24,22.58,58.99,19,16
19953,50.18,12,23.69,43.75,19,16
19955,82.57,30,27.25,69.59,19,16
19953,37.8,19,9.42,66.5,19,16
19954,119.33,29,24.89,56.92,19,16
19958,19.33,12,48.09,11.14,19,16
19956,94.91,26,28.74,48.46,19,16
19957,75.87,27,22.25,48.19,19,16
19959,63.89,21,30.8,50.52,19,16
19960,38.19,14,29.87,89.0,19,16
19963,29.72,16,32.27,14.46,19,16
19961,87.7,23,24.22,66.7,19,16
19964,0.86,11,34.79,63.32,19,16
19963,37.54,24,7.89,89.91,19,16
19967,40.39,13,24.94,46.61,19,16
19966,4.74,1,29.02,60.24,19,16
19967,68.05,18,31.88,64.14,19,16
19970,80.19,20,27.15,88.45,19,16
19971,1.12,7,26.28,47.9,19,16
19972,71.0,19,33.75,61.03,19,16
19973,101.34,25,27.56,69.65,19,16
19971,54.44,17,29.84,87.58,19,16
19972,57.96,22,28.27,92.83,19,16
19973,4.45,9,26.29,51.4,19,16
19976,4.82,7,31.76,67.13,19,16
19975,24.73,12,53.45,59.88,19,16
19978,4.83,5,25.55,60.92,19,16
19979,63.31,25,34.26,53.41,19,17
19979,100.44,34,28.34,86.21,19,17
19981,54.1,15,26.06,52.2,19,17
19981,77.56,20,26.56,88.88,19,17
19981,93.81,31,31.8,59.88,19,17
19985,89.69,28,33.68,53.4,19,17
19985,0.62,4,20.98,65.76,19,17
19985,57.37,17,29.42,60.63,19,17
19985,4.09,8,21.14,88.82,19,17
19989,52.78,13,30.45,59.5,19,17
19987,63.88,18,30.51,89.95,19,17
19990,1.1,10,6.22,42.18,19,17
19991,31.04,13,56.05,60.01,19,17
19990,83.79,31,33.44,42.58,19,17
19991,1.46,2,25.08,44.12,19,17
19995,25.21,16,9.29,56.52,19,17
19993,51.91,29,33.02,11.14,19,17
19994,112.32,32,21.92,47.39,19,17
19995,83.17,33,25.91,46.97,19,17
19996,47.66,12,21.71,54.1,19,17
19997,82.18,33,52.23,61.03,19,17
19998,33.96,19,33.12,16.05,19,17
20001,87.03,21,22.24,44.23,19,17
20002,105.44,28,30.66,69.81,19,17
20004,0.33,6,29.41,85.54,19,17
20005,83.94,20,33.03,67.75,19,17
20006,94.19,28,21.42,65.83,19,17
20004,82.47,33,26.59,13.68,19,17
20008,75.19,28,27.76,52.53,19,17
20009,36.03,12,22.95,45.37,19,17
20007,81.75,31,31.02,64.88,19,17
20009,40.62,25,8.56,11.76,19,17
20012,79.36,31,20.94,43.61,19,17
20012,71.58,20,34.18,46.89,19,17
20012,68.62,20,20.55,69.25,19,17
20013,2.05,8,26.34,41.19,19,17
20015,60.72,28,5.53,69.14,19,17
20014,3.17,11,55.34,68.06,19,17
20015,0.25,4,24.55,61.17,19,17
20019,92.81,30,20.69,45.73,19,17
20020,69.58,29,31.8,13.79,19,17
20019,1.79,2,29.07,50.22,19,17
20019,58.25,14,31.57,63.04,19,17
20023,47.96,12,25.64,61.74,19,17
20022,0.33,6,27.61,42.39,19,17
20025,60.73,28,28.78,16.87,19,17
20023,0.91,5,30.08,63.91,19,17
20026,71.63,19,24.03,49.63,19,17
20026,80.99,31,23.57,43.52,19,17
20029,1.65,2,22.81,12.46,19,17
20030,56.61,20,32.59,50.69,19,17
20028,1.22,11,33.2,88.1,19,17
20029,4.09,6,24.15,46.08,19,17
20033,56.02,22,24.11,88.16,19,17
20034,38.92,25,53.06,60.32,19,17
20034,44.27,13,20.1,86.45,19,17
20033,0.29,8,34.42,66.99,19,17
20036,4.51,9,20.9,68.41,19,17
20036,52.0,13,20.37,66.89,19,17
20036,4.29,10,23.11,48.31,19,17
20039,2.05,10,25.78,61.01,19,18
20038,50.03,15,20.84,56.24,19,18
20041,1.87,7,31.24,45.09,19,18
20041,88.67,23,25.04,66.03,19,18
20042,62.46,15,30.12,59.05,19,18
20042,42.03,26,46.32,67.6,19,18
20044,100.03,27,20.81,54.27,19,18
20047,86.95,30,27.81,54.19,19,18
20045,59.5,22,24.95,61.23,19,18
20048,45.57,22,25.77,18.09,19,18
20047,98.87,35,23.52,19.44,19,18
20049,116.91,35,34.5,69.83,19,18
20049,1.05,4,26.42,50.35,19,18
20051,1.63,2,23.97,14.22,19,18
20052,41.08,16,24.73,43.49,19,18
20055,76.66,23,25.76,62.42,19,18
20054,70.25,28,28.07,64.43,19,18
20054,4.63,6,6.54,51.49,19,18
20056,132.77120000000002,35,21.12,68.35,19,18
20056,64.11,20,24.01,60.64,19,18
20057,40.25,23,58.45560000000002,53.32,19,18
20058,3.39,11,47.15,42.31,19,18
20059,20.1,12,8.25,68.39,19,18
20060,55.56,20,27.49,41.41,19,18
20063,50.54,17,24.64,54.07,19,18
20064,3.02,11,27.48,40.43,19,18
20066,40.29,12,25.15,66.04,19,18
20064,2.14,9,30.6,46.5,19,18
20068,36.72,14,34.35,65.5,19,18
20066,64.08,16,29.94,47.92,19,18
20069,54.49,19,28.91,41.96,19,18
20070,64.27,18,29.57,50.27,19,18
20069,1.64,5,21.21,53.64,19,18
20071,0.85,7,20.17,44.97,19,18
20071,1.72,7,30.74,51.85,19,18
20075,23.87,13,20.82,13.92,19,18
20074,122.0,35,24.08,40.03,19,18
20077,51.64,21,47.49,86.37,19,18
20077,111.64,27,34.84,50.1,19,18
20079,73.56,20,32.39,66.83,19,18
20080,2.8,3,30.56,55.21,19,18
20079,100.85,32,30.86,50.77,19,18
20080,43.02,13,20.78,42.15,19,18
20081,56.69,29,47.13,89.59,19,18
20083,1.08,5,31.43,51.55,19,18
20085,60.94,30,49.11,42.25,19,18
20084,89.04,22,27.05,60.4,19,18
20087,47.47,17,30.46,89.74,19,18
20085,43.95,20,6.45,40.15,19,18
20089,92.62,23,29.45,61.74,19,18
20089,61.11,30,22.58,12.17,19,18
20089,91.49,24,23.56,50.49,19,18
20090,76.1,21,33.46,57.84,19,18
20092,37.87,12,22.6,46.51,19,18
20093,97.87,25,26.26,54.27,19,18
20092,100.9,29,31.68,45.72,19,18
20094,71.39,21,30.94,62.9,19,18
20097,104.19,32,24.11,54.19,19,18
20097,0.75,1,24.53,58.37,19,18
20097,1.33,8,34.12,64.51,19,18
20098,2.71,6,22.19,14.38,19,19
20101,3.79,2,31.14,45.56,19,19
20102,54.03,16,31.5,50.14,19,19
20100,82.76,31,22.56,65.74,19,19
20103,100.1,28,28.6,68.74,19,19
20102,92.59,23,34.68,62.29,19,19
20103,2.17,6,28.22,60.2,19,19
20107,69.44,32,52.46,85.74,19,19
20105,2.13,8,32.31,50.01,19,19
20107,3.08,9,30.32,87.79,19,19
20108,87.62,29,22.26,57.81,19,19
20110,4.31,11,21.77,41.15,19,19
20111,47.5,20,7.71,66.45,19,19
20112,24.33,15,53.73,52.91,19,19
20114,35.32,12,30.99,47.68,19,19
20114,80.63,32,20.33,67.69,19,19
20115,81.15,28,26.71,44.76,19,19
20114,67.61,23,27.48,60.97,19,19
20117,4.26,6,26.99,67.02,19,19
20116,34.16,12,30.53,55.75,19,19
20120,120.51,29,20.36,60.52,19,19
20119,3.81,6,28.4,50.31,19,19
20119,47.58,19,56.89,65.82,19,19
20120,83.4,21,32.18,50.07,19,19
20124,48.97,13,21.78,48.56,19,19
20122,53.96,16,24.3,53.77,19,19
20126,0.89,2,27.65,60.94,19,19
20127,78.19,33,53.13,66.53,19,19
20126,3.91,10,25.36,66.63,19,19
20129,102.91,30,24.27,67.97,19,19
20130,56.37,24,8.43,42.82,19,19
20129,31.42,17,27.05,14.07,19,19
20129,35.2,22,7.86,64.93,19,19
20133,0.44,6,29.96,43.41,19,19
20131,132.77120000000002,34,34.0,44.75,19,19
20133,34.47,14,23.96,13.39,19,19
20136,74.85,29,26.09,58.8,19,19
20134,75.64,30,31.74,45.58,19,19
20136,33.97,12,23.35,42.52,19,19
20136,89.3,32,29.22,55.93,19,19
20138,104.21,26,28.49,57.46,19,19
20140,3.34,9,25.25,47.25,19,19
20139,3.35,1,47.76,16.49,19,19
20143,4.53,3,31.4,65.93,19,19
20141,38.99,32,9.25,12.15,19,19
20144,90.45,22,28.31,56.23,19,19
20145,99.9,26,33.87,47.86,19,19
20145,3.43,3,26.06,50.78,19,19
20148,3.96,5,20.54,68.46,19,19
20149,87.2,21,31.89,51.49,19,19
20149,3.54,10,28.42,68.57,19,19
20150,1.81,11,30.6,65.97,19,19
20150,2.45,5,30.3,52.74,19,19
20153,75.28,21,23.93,55.06,19,19
20152,1.6,2,28.92,18.81,19,19
20155,4.91,3,26.64,46.64,19,19
20156,43.28,12,26.06,41.04,19,19
20157,2.12,6,45.46,68.83,19,19
20158,111.43,29,22.39,58.26,19,19
20157,52.91,18,30.42,60.03,19,19
20160,33.2,12,34.01,61.78,19,20
20161,43.77,14,21.71,89.46,19,20
20161,2.94,10,26.75,94.01,19,20
20163,53.06,14,29.89,63.4,19,20
20164,30.11,12,25.15,45.6,19,20
20165,1.15,8,58.27,62.65,19,20
20163,41.74,12,33.71,59.31,19,20
20167,62.71,15,23.97,53.83,19,20
20166,49.94,18,34.6,42.57,19,20
20168,65.63,35,47.41,68.36,19,20
20169,33.43,17,47.35,69.82,19,20
20171,0.39,8,33.2,64.61,19,20
20169,132.77120000000002,34,33.66,41.15,19,20
20171,26.38,12,5.87,61.51,19,20
20174,28.17,12,27.36,13.6,19,20
20175,0.72,1,32.57,66.85,19,20
20173,40.86,13,22.44,64.03,19,20
20176,3.95,7,20.79,68.87,19,20
20178,104.18,27,27.17,55.17,19,20
20176,50.34,23,9.45,60.44,19,20
20177,29.93,18,6.57,50.22,19,20
20178,71.11,17,23.6,56.55,19,20
20182,98.56,26,24.79,43.59,19,20
20180,75.49,24,23.81,85.16,19,20
20184,82.54,28,27.29,58.1,19,20
20183,43.81,16,21.58,53.06,19,20
20185,132.77120000000002,34,20.88,62.18,19,20
20185,96.33,23,27.82,52.87,19,20
20188,87.82,32,32.88,58.5,19,20
20189,91.52,28,21.19,64.33,19,20
20187,2.68,5,6.32,63.0,19,20
20190,1.34,7,34.95,45.77,19,20
20190,72.71,26,33.69,59.25,19,20
20193,46.48,18,28.5,52.52,19,20
20191,61.21,16,29.2,40.45,19,20
20192,71.29,17,24.4,47.48,19,20
20196,69.96,28,46.62,61.05,19,20
20194,112.03,29,23.62,56.26,19,20
20197,66.01,25,25.49,15.65,19,20
20199,1.82,11,20.11,49.75,19,20
20200,41.19,15,29.56,15.04,19,20
20200,4.79,4,33.05,59.17,19,20
20202,132.77120000000002,33,30.7,53.68,19,20
20203,3.55,9,21.6,87.45,19,20
20204,55.76,29,50.46,50.42,19,20
20202,4.99,1,31.29,62.55,19,20
20205,0.18,7,26.92,60.43,19,20
20204,53.26,23,45.82,64.78,19,20
20206,2.77,7,31.62,45.82,19,20
20208,72.49,23,30.27,58.79,19,20
20210,90.5,25,31.59,51.47,19,20
20211,1.98,7,23.84,59.31,19,20
20209,4.14,5,26.59,58.81,19,20
20213,65.51,35,6.77,41.64,19,20
20211,69.82,26,28.14,66.39,19,20
20215,22.77,13,5.88,46.85,19,20
20216,4.97,8,8.08,86.02,19,20
20214,88.31,25,29.51,69.04,19,20
20218,1.42,1,22.02,61.55,19,20
20217,39.24,22,9.94,62.44,19,20
20219,82.26,21,28.59,40.47,19,21
20218,109.67,30,31.72,49.88,19,21
20220,62.11,19,28.04,61.94,19,21
20220,61.51,18,26.61,51.8,19,21
20221,80.28,22,25.44,63.72,19,21
20222,111.79,28,25.07,87.29,19,21
20223,98.88,28,29.78,86.41,19,21
20224,59.57,28,56.43,44.55,19,21
20228,95.91,31,34.11,49.21,19,21
20227,126.84,33,30.18,59.73,19,21
20227,132.77120000000002,35,34.63,65.6,19,21
20230,35.28,13,20.14,92.12,19,21
20231,4.29,4,20.6,51.32,19,21
20230,1.29,2,25.8,11.14,19,21
20232,0.48,9,33.49,41.37,19,21
20235,59.03,17,23.99,46.12,19,21
20235,76.98,26,31.03,57.36,19,21
20234,1.7,9,28.16,55.51,19,21
20236,69.72,20,22.1,69.23,19,21
20239,68.0,17,32.76,69.71,19,21
20240,4.4,2,20.79,45.82,19,21
20239,1.61,11,32.39,55.04,19,21
20239,88.25,26,34.91,46.09,19,21
20241,51.24,16,26.08,52.08,19,21
20241,63.49,24,23.44,48.24,19,21
20243,1.79,5,26.56,13.99,19,21
20244,4.33,8,33.9,86.4,19,21
20246,32.29,14,27.33,92.51,19,21
20248,64.72,33,53.97,43.6,19,21
20246,2.81,9,27.04,66.0,19,21
20250,66.26,23,31.66,46.74,19,21
20248,27.09,16,48.17,60.03,19,21
20249,0.32,6,21.42,55.83,19,21
20251,68.24,20,27.83,61.85,19,21
20252,52.96,26,53.29,65.12,19,21
20254,39.07,14,31.97,91.64,19,21
20255,75.92,35,9.19,58.74,19,21
20256,81.46,33,46.33,56.62,19,21
20257,22.15,14,8.06,47.07,19,21
20256,59.95,26,31.93,92.93,19,21
20260,84.34,26,29.63,45.8,19,21
20258,0.42,3,34.21,61.01,19,21
20262,58.51,17,23.91,88.21,19,21
20263,1.97,6,23.06,44.96,19,21
20262,2.39,8,32.18,16.75,19,21
20264,58.24,20,29.87,40.34,19,21
20263,2.59,5,24.4,57.42,19,21
20267,4.03,3,7.44,40.5,19,21
20266,2.2,11,26.79,54.64,19,21
20269,4.38,4,47.09,41.46,19,21
20269,46.74,17,31.02,43.74,19,21
20270,2.15,10,20.42,65.92,19,21
20272,4.73,6,30.43,64.33,19,21
20271,45.86,17,23.16,11.14,19,21
20273,30.51,18,57.15,19.88,19,21
20275,2.65,3,6.44,46.74,19,21
20274,66.23,24,31.07,91.54,19,21
20277,39.58,21,29.62,13.17,19,21
20277,3.18,8,33.16,49.54,19,21
20277,37.24,13,33.82,12.97,19,21
20279,79.6,31,23.0,15.06,19,22
20278,52.88,13,34.36,48.99,19,22
20279,24.0,15,5.66,41.39,19,22
20280,84.85,27,24.68,63.2,19,22
20283,43.25,13,34.78,53.79,19,22
20282,108.78,34,31.92,57.3,19,22
20286,108.12,29,30.11,67.57,19,22
20286,1.11,10,23.42,46.85,19,22
20287,1.33,10,21.62,69.44,19,22
20287,68.32,33,46.89,40.59,19,22
20289,1.15,1,34.69,62.27,19,22
20290,101.07,27,29.2,45.64,19,22
20290,39.67,20,9.21,45.26,19,22
20290,89.77,23,21.44,42.61,19,22
20294,57.7,19,30.67,41.19,19,22
20292,85.11,33,21.07,59.95,19,22
20293,104.2,28,22.86,59.15,19,22
20296,112.66,28,33.18,43.87,19,22
20295,20.06,18,9.33,14.71,19,22
20299,37.07,13,29.16,57.68,19,22
20298,71.11,20,28.62,62.09,19,22
20300,1.25,4,25.36,40.46,19,22
20301,4.08,4,55.9,53.97,19,22
20300,80.0,23,23.41,54.2,19,22
20304,60.49,18,29.41,43.22,19,22
20304,1.19,3,23.65,61.25,19,22
20303,1.4,5,30.24,59.59,19,22
20305,4.52,9,27.29,69.13,19,22
20308,64.63,21,32.78,65.12,19,22
20306,66.37,24,29.72,54.04,19,22
20310,132.77120000000002,33,31.1,62.45,19,22
20309,127.58,34,33.39,44.13,19,22
20311,97.89,24,31.55,59.99,19,22
20311,90.04,28,25.6,43.29,19,22
20314,44.46,17,22.9,60.0,19,22
20314,52.46,14,21.1,86.65,19,22
20313,42.5,13,22.0,55.71,19,22
20314,33.68,12,30.96,86.72,19,22
20316,4.32,4,20.98,11.14,19,22
20316,2.29,8,28.31,48.09,19,22
20317,66.42,26,20.2,65.82,19,22
20321,52.28,17,20.92,44.71,19,22
20320,69.81,17,24.99,60.25,19,22
20320,4.8,9,33.35,62.12,19,22
20322,64.27,28,50.92,49.81,19,22
20322,59.53,30,48.2,56.92,19,22
20325,79.52,31,27.93,60.83,19,22
20324,66.29,32,6.42,54.52,19,22
20327,4.78,1,24.5,51.16,19,22
20328,52.08,24,26.99,18.61,19,22
20330,93.78,25,26.36,67.94,19,22
20328,67.18,19,30.76,60.1,19,22
20330,91.2,32,25.89,12.53,19,22
20330,112.3,29,33.36,42.47,19,22
20331,110.17,32,33.05,65.81,19,22
20333,83.41,27,31.5,48.49,19,22
20333,35.35,19,31.7,14.76,19,22
20334,89.96,33,27.12,65.9,19,22
20335,3.06,9,22.97,55.31,19,22
20339,34.91,28,48.76,17.65,19,22
20340,104.57,26,31.18,48.29,19,23
20339,36.61,20,8.96,85.47,19,23
20341,101.77,32,27.12,48.44,19,23
20342,64.18,25,26.89,53.66,19,23
20344,61.24,23,26.26,65.84,19,23
20345,46.52,27,46.62,54.67,19,23
20344,4.2,6,24.62,58.28,19,23
20344,70.95,23,32.08,54.85,19,23
20348,82.01,24,21.43,42.13,19,23
20346,2.92,1,22.94,60.34,19,23
20349,80.58,24,34.7,88.91,19,23
20350,52.72,17,21.54,44.13,19,23
20352,1.42,4,30.88,48.76,19,23
20351,47.36,19,46.79,61.87,19,23
20351,101.52,28,28.11,49.95,19,23
20352,66.56,28,22.32,14.19,19,23
20354,3.01,9,24.99,47.61,19,23
20354,46.59,16,34.22,62.89,19,23
20358,78.82,19,21.81,41.92,19,23
20356,107.94,28,28.15,45.9,19,23
20357,119.19,29,27.95,48.82,19,23
20359,2.99,3,28.82,52.16,19,23
20359,66.52,22,30.16,42.11,19,23
20363,44.37,13,24.0,67.34,19,23
20364,2.2,2,24.09,53.87,19,23
20364,55.7,22,21.23,61.38,19,23
20366,49.92,27,24.11,11.14,19,23
20366,0.72,1,29.73,50.98,19,23
20367,68.67,26,33.76,64.83,19,23
20368,96.85,35,29.85,61.69,19,23
20367,57.14,15,33.7,45.14,19,23
20371,55.16,34,7.17,16.93,19,23
20370,0.92,4,28.37,51.84,19,23
20372,69.81,21,28.51,45.18,19,23
20372,4.67,7,25.69,43.28,19,23
20373,104.28,28,23.41,47.11,19,23
20374,91.07,23,20.43,49.33,19,23
20374,35.13,31,7.88,13.11,19,23
20376,3.56,6,20.67,53.08,19,23
20379,106.77,27,21.75,47.88,19,23
20378,50.4,28,24.56,16.58,19,23
20380,40.26,16,29.93,18.13,19,23
20382,4.51,1,21.85,59.19,19,23
20380,55.25,20,31.6,49.86,19,23
20382,62.58,25,9.17,60.83,19,23
20383,62.67,25,34.67,64.9,19,23
20383,43.5,13,21.79,61.97,19,23
20386,100.71,35,34.79,11.14,19,23
20387,24.59,16,9.16,85.92,19,23
20389,92.43,24,25.31,41.99,19,23
20390,72.39,25,23.83,91.54,19,23
20388,4.28,2,32.44,45.86,19,23
20390,61.14,24,25.49,55.52,19,23
20390,56.43,20,34.18,50.02,19,23
20392,87.41,24,32.92,61.5,19,23
20395,97.73,29,23.47,52.86,19,23
20394,72.53,25,33.53,53.2,19,23
20397,70.46,33,32.6,18.86,19,23
20397,61.5,35,45.2,47.14,19,23
20398,4.49,8,47.18,61.24,19,23
20400,2.6,3,23.99,53.05,19,24
20401,46.65,26,49.88,45.48,19,24
20402,0.29,2,29.85,94.03,19,24
20400,4.76,8,31.79,53.22,19,24
20403,75.86,24,31.4,63.81,19,24
20405,57.03,17,27.87,40.24,19,24
20406,81.21,34,51.35,46.54,19,24
20406,36.46,17,25.99,94.03,19,24
20405,54.69,21,20.19,51.57,19,24
20406,71.67,21,33.3,50.93,19,24
20410,62.24,17,26.14,42.8,19,24
20408,0.34,1,31.49,47.61,19,24
20411,4.73,3,26.71,65.24,19,24
20411,15.28,14,5.75,18.42,19,24
20414,1.59,4,29.65,13.92,19,24
20415,37.36,19,28.44,11.14,19,24
20416,5.0,4,22.78,69.72,19,24
20414,59.17,20,25.42,53.53,19,24
20417,42.37,16,32.2,62.18,19,24
20416,77.69,33,6.92,55.74,19,24
20420,1.02,8,33.73,44.26,19,24
20419,89.17,35,22.45,58.21,19,24
20419,1.53,8,48.96,51.34,19,24
20423,4.12,3,22.34,61.88,19,24
20423,46.09,26,58.1,52.17,19,24
20425,1.15,9,20.51,61.09,19,24
20425,4.93,4,20.25,64.79,19,24
20425,107.87,29,22.7,52.57,19,24
20425,64.54,23,27.25,42.45,19,24
20427,38.06,22,58.43,12.52,19,24
20427,2.64,5,5.53,19.09,19,24
20431,132.66,34,30.48,59.2,19,24
20429,54.74,29,28.01,11.29,19,24
20430,38.16,19,5.53,41.46,19,24
20431,4.12,3,21.78,48.05,19,24
20432,49.9,19,23.48,51.64,19,24
20435,96.51,26,34.94,49.38,19,24
20437,0.39,9,21.05,60.08,19,24
20438,91.32,29,25.59,44.74,19,24
20438,49.63,18,27.82,65.55,19,24
20439,59.34,23,25.17,13.19,19,24
20438,45.04,24,51.13,53.13,19,24
20439,0.39,9,24.6,46.41,19,24
20442,0.44,3,21.76,59.17,19,24
20441,43.65,13,32.29,45.6,19,24
20444,82.17,25,21.21,42.48,19,24
20443,100.68,34,21.96,44.84,19,24
20446,0.46,7,52.97,63.45,19,24
20447,72.55,25,34.3,14.2,19,24
20446,76.46,19,33.85,40.42,19,24
20447,1.58,10,9.67,62.14,19,24
20449,114.02,35,30.23,41.39,19,24
20449,89.26,34,23.68,56.11,19,24
20452,39.34,28,5.53,13.67,19,24
20454,55.86,14,20.84,68.12,19,24
20453,61.31,21,26.28,52.73,19,24
20453,54.44,23,57.96,45.6,19,24
20455,41.46,13,27.77,58.85,19,24
20457,71.29,25,34.08,55.82,19,24
20459,4.0,3,22.97,49.4,19,24
20459,59.83,17,24.28,46.78,19,25
20460,57.24,25,25.85,92.8,19,25
20459,0.8,3,21.52,66.57,19,25
20460,4.34,9,23.42,47.08,19,25
20462,2.2,10,49.09,50.27,19,25
20464,54.28,13,29.7,46.35,19,25
20464,35.61,12,26.13,50.5,19,25
20464,4.4,4,34.32,90.88,19,25
20468,3.65,2,48.0,49.72,19,25
20466,83.97,20,24.12,63.55,19,25
20470,100.23,34,29.86,68.39,19,25
20471,102.94,27,33.54,65.95,19,25
20472,80.06,24,29.6,45.05,19,25
20470,72.94,32,50.63,68.66,19,25
20473,3.05,7,50.72,55.19,19,25
20472,0.47,8,27.18,49.7,19,25
20473,0.77,5,31.39,49.89,19,25
20475,2.64,10,28.19,59.97,19,25
20475,1.0,2,25.28,43.99,19,25
20479,53.34,21,30.99,64.02,19,25
20478,55.01,16,21.23,47.52,19,25
20481,4.96,5,9.34,59.44,19,25
20482,65.42,18,21.51,57.98,19,25
20481,68.4,25,31.13,41.32,19,25
20482,51.57,16,20.89,41.82,19,25
20483,44.7,24,31.02,19.37,19,25
20486,42.33,23,27.66,92.62,19,25
20485,67.2,25,31.79,43.65,19,25
20485,50.04,24,5.53,61.36,19,25
20486,49.48,18,20.85,54.47,19,25
20489,35.32,19,20.96,13.72,19,25
20491,66.13,19,24.39,85.77,19,25
20492,35.92,23,9.13,46.02,19,25
20491,3.89,3,26.36,54.17,19,25
20492,60.8,31,29.88,17.56,19,25
20494,0.19,6,9.95,88.87,19,25
20495,41.56,20,7.85,89.86,19,25
20496,76.5,23,20.11,60.55,19,25
20496,0.72,2,7.09,50.58,19,25
20496,89.84,23,23.43,40.14,19,25
20499,132.77120000000002,34,30.51,43.36,19,25
20501,66.06,17,29.41,52.68,19,25
20500,41.27,14,33.27,69.23,19,25
20500,107.72,29,31.59,67.38,19,25
20501,65.14,16,31.89,42.65,19,25
20503,85.36,24,30.31,66.18,19,25
20506,89.65,27,26.23,43.48,19,25
20506,1.71,4,30.47,40.36,19,25
20508,70.1,20,32.21,56.41,19,25
20507,68.17,27,31.41,67.04,19,25
20510,61.85,19,20.42,43.56,19,25
20510,1.75,9,54.64,68.18,19,25
20511,40.0,22,21.87,17.74,19,25
20511,4.76,1,7.08,88.19,19,25
20511,106.9,35,27.78,52.28,19,25
20513,81.25,30,30.17,65.1,19,25
20515,47.28,15,34.83,58.6,19,25
20517,124.65,32,27.98,65.04,19,25
20515,30.35,12,34.42,68.77,19,25
20519,62.09,19,33.56,60.95,19,25
20519,87.98,31,34.7,68.25,19,26
20519,90.51,23,21.39,43.85,19,26
20522,93.13,24,33.78,56.13,19,26
20520,3.93,2,23.58,17.79,19,26
20521,56.73,15,30.34,59.69,19,26
20523,95.08,25,26.33,58.69,19,26
20523,0.39,11,8.06,85.56,19,26
20525,99.58,27,23.25,49.73,19,26
20528,33.98,20,8.73,61.74,19,26
20529,53.87,25,20.94,19.8,19,26
20527,2.5,11,58.45560000000002,64.15,19,26
20528,68.05,34,9.16,51.74,19,26
20530,62.08,15,34.16,57.97,19,26
20532,107.59,31,23.13,40.85,19,26
20532,29.37,12,48.31,49.25,19,26
20534,0.44,11,58.37,44.12,19,26
20535,39.88,12,23.87,61.76,19,26
20536,1.86,10,32.85,48.77,19,26
20535,53.11,27,22.92,15.78,19,26
20539,23.62,14,6.65,13.2,19,26
20538,37.32,19,52.68,65.47,19,26
20540,51.88,28,48.14,49.83,19,26
20539,3.53,6,24.44,61.7,19,26
20540,34.51,12,34.91,94.03,19,26
20543,117.3,28,32.75,59.25,19,26
20545,66.81,16,29.26,65.23,19,26
20545,85.08,28,31.87,85.36,19,26
20546,54.88,14,31.63,47.24,19,26
20548,50.59,22,58.26,50.52,19,26
20547,52.68,25,23.49,11.27,19,26
20548,57.56,23,25.78,45.91,19,26
20548,35.29,12,21.48,50.85,19,26
20551,32.72,16,21.94,14.28,19,26
20553,48.67,16,25.36,41.41,19,26
20554,54.06,15,20.1,64.74,19,26
20555,65.7,20,32.3,47.08,19,26
20556,127.04,34,29.21,46.48,19,26
20555,89.71,27,32.71,53.59,19,26
20557,35.56,14,30.79,64.15,19,26
20557,119.05,32,33.84,44.51,19,26
20557,75.61,25,27.63,40.49,19,26
20559,2.83,10,24.3,50.37,19,26
20562,42.13,24,5.53,42.5,19,26
20563,25.88,12,32.87,12.6,19,26
20562,62.06,33,6.87,43.42,19,26
20565,2.58,6,34.59,44.0,19,26
20564,57.88,34,6.46,43.07,19,26
20567,58.18,18,31.93,86.6,19,26
20565,82.59,31,34.89,68.83,19,26
20569,60.2,29,49.48,88.06,19,26
20570,50.76,21,49.95,52.35,19,26
20570,0.35,6,33.76,51.96,19,26
20570,0.63,5,32.54,56.7,19,26
20570,60.63,16,26.12,55.1,19,26
20571,70.31,23,25.29,44.22,19,26
20574,71.08,23,34.23,66.11,19,26
20576,34.28,13,20.2,49.87,19,26
20574,54.98,23,48.72,59.04,19,26
20577,105.4,31,28.32,65.2,19,26
20578,78.96,31,25.84,85.21,19,26
20578,1.49,6,20.67,92.42,19,27
20580,113.69,29,33.62,40.93,19,27
20582,1.11,10,20.95,46.45,19,27
20582,62.12,24,27.68,63.0,19,27
20583,90.33,24,27.56,62.53,19,27
20584,44.43,22,26.93,19.78,19,27
20585,59.55,20,25.79,56.65,19,27
20585,70.27,31,33.64,18.57,19,27
20585,38.91,23,50.61,55.37,19,27
20588,4.05,8,28.73,68.07,19,27
20590,36.86,24,8.03,54.78,19,27
20591,55.5,35,55.43,54.21,19,27
20592,65.96,16,23.98,54.74,19,27
20591,0.99,9,31.51,55.34,19,27
20593,54.21,21,20.93,15.97,19,27
20594,34.83,14,50.86,62.74,19,27
20595,1.8,6,46.67,16.98,19,27
20594,4.27,7,34.29,11.2,19,27
20596,70.81,34,7.96,65.16,19,27
20598,118.06,34,25.05,43.25,19,27
20598,65.41,20,33.59,40.35,19,27
20599,3.14,9,23.83,49.59,19,27
20601,132.77120000000002,34,22.58,69.72,19,27
20601,55.83,14,22.78,50.91,19,27
20604,39.34,26,48.92,52.28,19,27
20603,4.01,4,24.32,60.88,19,27
20606,0.76,10,57.82,40.44,19,27
20607,46.22,16,33.84,55.98,19,27
20608,41.25,14,29.08,53.83,19,27
20608,69.8,35,5.53,60.19,19,27
20607,43.98,21,30.33,19.39,19,27
20608,56.93,33,49.56,11.14,19,27
20609,114.23,31,22.38,45.53,19,27
20610,49.69,19,23.67,92.46,19,27
20612,39.66,23,5.53,66.76,19,27
20614,95.22,33,25.71,93.64,19,27
20616,38.71,12,24.6,46.73,19,27
20615,77.95,21,24.53,68.99,19,27
20616,88.19,30,33.34,13.18,19,27
20617,71.27,24,28.5,61.44,19,27
20618,35.77,13,28.02,19.12,19,27
20618,3.53,10,33.09,63.82,19,27
20619,52.99,19,26.17,15.2,19,27
20623,75.27,23,24.74,50.38,19,27
20623,71.84,25,23.46,44.78,19,27
20622,95.88,24,34.68,44.67,19,27
20624,78.49,26,34.05,49.61,19,27
20624,70.25,25,23.52,14.65,19,27
20625,53.26,20,26.38,69.56,19,27
20627,26.84,23,47.79,19.73,19,27
20630,1.87,8,25.72,90.55,19,27
20631,4.73,5,22.18,58.57,19,27
20631,55.64,23,58.45560000000002,52.76,19,27
20630,72.81,21,23.63,57.85,19,27
20631,52.42,15,32.67,46.15,19,27
20632,91.67,29,29.29,42.87,19,27
20636,3.25,6,29.73,47.89,19,27
20635,57.75,29,26.84,18.85,19,27
20637,78.23,27,33.43,57.75,19,27
20636,75.17,25,27.81,49.37,19,27
20637,73.34,26,21.49,60.35,19,28
20640,23.74,14,7.33,62.4,19,28
20640,60.32,15,23.84,64.57,19,28
20640,3.43,2,7.4,85.98,19,28
20644,54.5,16,34.39,54.96,19,28
20643,114.55,33,34.83,68.1,19,28
20644,3.39,9,6.63,59.6,19,28
20647,103.59,30,27.02,58.76,19,28
20645,51.72,18,25.22,11.14,19,28
20649,65.89,30,33.86,93.81,19,28
20649,3.8,8,24.54,59.49,19,28
20650,110.64,31,34.96,89.15,19,28
20649,57.36,14,21.35,48.16,19,28
20650,39.72,18,56.91,57.65,19,28
20653,1.34,7,54.08,65.5,19,28
20655,33.08,30,48.06,13.38,19,28
20655,3.06,5,24.77,62.87,19,28
20655,0.89,7,20.94,56.58,19,28
20657,41.5,14,25.04,52.94,19,28
20656,1.34,10,22.67,58.06,19,28
20657,23.79,13,45.25,85.74,19,28
20659,65.4,19,24.14,59.72,19,28
20662,89.88,29,23.22,42.99,19,28
20663,61.86,23,31.67,69.47,19,28
20663,3.43,5,24.95,54.61,19,28
20663,0.18,1,24.28,91.59,19,28
20666,3.68,5,34.4,66.56,19,28
20667,105.22,31,27.43,57.93,19,28
20665,68.58,26,30.65,59.97,19,28
20668,47.37,21,58.45560000000002,65.5,19,28
20667,63.49,22,34.52,94.03,19,28
20669,41.49,21,48.76,66.0,19,28
20672,39.34,15,28.88,93.06,19,28
20671,76.62,20,27.7,66.38,19,28
20672,2.89,2,25.64,55.9,19,28
20675,57.2,22,26.62,44.78,19,28
20676,58.6,22,31.96,93.69,19,28
20677,51.38,14,28.22,55.4,19,28
20676,70.44,18,27.91,57.46,19,28
20677,74.79,22,25.36,42.6,19,28
20680,122.86,33,34.19,48.06,19,28
20680,3.97,7,27.36,50.33,19,28
20681,76.99,26,21.32,62.41,19,28
20680,82.43,28,22.7,48.83,19,28
20683,36.55,16,6.63,65.31,19,28
20683,54.52,17,23.46,67.81,19,28
20683,73.68,28,31.47,57.6,19,28
20686,3.07,6,7.94,86.86,19,28
20688,86.33,24,30.33,60.03,19,28
20689,54.09,22,7.4,48.22,19,28
20690,0.25,8,31.1,65.66,19,28
20690,4.92,5,22.28,59.95,19,28
20689,62.7,28,50.18,57.4,19,28
20690,60.2,22,24.46,43.78,19,28
20694,88.45,27,32.06,63.25,19,28
20692,117.59,32,23.04,55.84,19,28
20694,56.11,29,7.88,89.22,19,28
20696,55.54,17,33.77,51.59,19,28
20697,35.94,32,8.78,11.38,19,28
20696,117.41,34,20.32,62.06,19,28
20697,86.63,31,20.13,57.35,19,29
20701,85.71,28,25.17,54.36,19,29
20701,2.78,11,27.99,51.03,19,29
20700,37.63,22,8.47,93.09,19,29
20703,41.45,18,28.75,93.24,19,29
20704,39.03,13,21.3,64.28,19,29
20705,57.74,15,27.92,68.12,19,29
20706,99.8,30,25.16,53.19,19,29
20705,34.37,13,20.38,54.73,19,29
20706,3.53,3,29.48,50.37,19,29
20710,32.91,12,34.34,91.11,19,29
20708,106.71,32,22.33,44.74,19,29
20712,42.48,12,25.34,40.06,19,29
20711,88.29,34,34.02,50.69,19,29
20712,0.18,8,20.88,57.23,19,29
20714,85.83,23,30.18,47.64,19,29
20715,82.1,22,31.38,44.14,19,29
20715,85.92,31,22.17,50.66,19,29
20716,72.93,24,30.21,53.91,19,29
20717,1.27,11,25.23,64.21,19,29
20720,2.07,2,33.63,88.19,19,29
20719,38.01,22,51.63,49.32,19,29
20722,69.31,30,26.64,11.35,19,29
20721,3.88,4,33.69,55.55,19,29
20721,70.6,26,27.59,48.88,19,29
20725,50.99,30,52.37,94.03,19,29
20724,48.47,19,21.03,44.29,19,29
20727,32.41,13,5.8,44.6,19,29
20726,93.8,35,31.55,44.46,19,29
20728,55.39,14,22.93,50.06,19,29
20728,1.82,11,51.26,42.4,19,29
20730,29.35,16,47.24,66.39,19,29
20732,63.4,33,23.24,12.52,19,29
20730,2.98,6,28.14,12.61,19,29
20731,2.84,9,28.06,44.51,19,29
20732,3.9,2,9.89,44.9,19,29
20735,31.97,17,51.71,63.05,19,29
20734,2.93,5,23.56,59.22,19,29
20736,89.1,27,24.46,40.98,19,29
20739,61.0,15,32.79,53.43,19,29
20739,2.98,4,30.63,69.2,19,29
20740,4.24,7,30.73,59.6,19,29
20741,3.03,7,30.75,59.81,19,29
20742,79.68,29,24.22,56.48,19,29
20741,74.54,20,23.11,87.8,19,29
20744,1.31,10,28.95,47.83,19,29
20745,3.32,1,53.84,56.65,19,29
20747,47.55,28,6.17,50.42,19,29
20746,74.79,24,23.91,66.4,19,29
20748,3.34,10,31.43,93.48,19,29
20747,120.78,31,20.52,42.65,19,29
20750,83.42,21,27.43,53.74,19,29
20751,31.34,16,7.8,56.39,19,29
20753,2.17,5,5.84,68.73,19,29
20753,98.24,29,32.1,41.42,19,29
20753,0.18,2,51.26,63.68,19,29
20753,36.3,19,5.53,66.26,19,29
20757,44.6,16,25.97,60.3,19,29
20756,28.57,14,54.77,57.67,19,29
20758,3.84,11,5.88,42.09,19,29
20760,48.52,17,28.77,16.0,19,30
20760,63.76,28,25.32,13.0,19,30
20762,87.14,26,34.25,62.12,19,30
20763,2.77,3,34.53,94.03,19,30
20764,36.89,13,26.04,90.95,19,30
20764,125.12,33,34.81,44.27,19,30
20763,0.88,3,30.42,61.59,19,30
20764,68.48,17,25.1,53.74,19,30
20766,45.94,18,30.5,64.21,19,30
20769,64.1,29,32.62,92.97,19,30
20770,71.45,33,31.51,11.14,19,30
20769,1.0,8,54.23,69.96,19,30
20771,2.59,7,6.52,85.34,19,30
20773,65.69,17,23.6,68.17,19,30
20772,31.17,14,33.0,11.14,19,30
20773,4.23,6,29.15,42.46,19,30
20776,48.79,16,28.56,63.83,19,30
20775,30.12,18,46.3,47.16,19,30
20776,0.18,6,48.44,69.18,19,30
20779,44.72,12,22.99,50.19,19,30
20777,3.18,1,21.1,60.13,19,30
20778,83.36,24,30.07,56.02,19,30
20781,99.11,24,29.59,69.23,19,30
20780,82.41,27,25.06,42.95,19,30
20783,0.59,1,32.14,40.64,19,30
20783,57.19,19,21.52,58.05,19,30
20783,37.44,20,31.25,92.49,19,30
20787,62.59,29,5.58,65.24,19,30
20786,3.08,8,27.92,40.63,19,30
20787,96.31,24,25.58,59.88,19,30
20788,27.39,17,8.1,41.89,19,30
20788,58.14,29,47.41,67.88,19,30
20790,39.32,14,30.09,42.92,19,30
20793,2.63,6,8.58,59.78,19,30
20792,68.18,20,33.63,55.22,19,30
20793,110.11,31,31.28,40.42,19,30
20795,4.01,5,46.0,90.47,19,30
20797,84.3,26,21.52,60.76,19,30
20795,91.2,22,28.39,47.46,19,30
20799,119.66,34,33.8,66.55,19,30
20797,70.01,29,32.25,12.18,19,30
20798,3.1,9,29.09,44.48,19,30
20802,52.54,20,21.02,11.14,19,30
20800,50.34,26,46.08,55.72,19,30
20802,0.4,11,29.23,67.38,19,30
20805,35.7,17,45.44,50.3,19,30
20806,26.71,12,24.05,15.86,19,30
20807,89.74,24,20.23,66.28,19,30
20805,48.19,31,9.58,13.44,19,30
20807,98.56,27,23.76,54.1,19,30
20810,110.25,30,33.96,40.53,19,30
20809,71.66,20,25.24,50.5,19,30
20810,1.65,3,32.17,64.75,19,30
20812,114.32,29,23.46,46.01,19,30
20811,90.49,24,25.17,43.63,19,30
20813,101.0,33,31.5,61.94,19,30
20814,2.2,7,20.25,59.84,19,30
20816,4.3,2,33.61,64.01,19,30
20817,67.15,26,21.38,41.9,19,30
20816,42.82,12,20.98,69.93,19,30
20818,2.16,7,22.98,60.7,19,31
20818,0.31,4,8.42,66.07,19,31
20819,45.49,21,5.87,54.65,19,31
20822,0.18,5,26.04,68.65,19,31
20822,91.1,35,32.56,50.87,19,31
20823,2.75,2,25.48,56.37,19,31
20825,22.22,13,5.53,43.07,19,31
20825,99.91,35,33.53,47.27,19,31
20825,51.18,19,20.54,50.49,19,31
20828,37.43,24,8.34,53.96,19,31
20827,37.69,19,57.4,48.61,19,31
20830,36.34,12,22.27,46.64,19,31
20830,122.99,33,31.29,88.3,19,31
20831,0.51,2,9.78,49.5,19,31
20831,3.56,11,5.74,62.3,19,31
20835,29.31,13,9.52,65.11,19,31
20833,77.42,31,7.71,42.92,19,31
20836,3.56,1,26.27,58.44,19,31
20838,132.77120000000002,33,29.4,61.34,19,31
20837,70.5,19,28.41,59.86,19,31
20840,41.39,14,27.33,53.8,19,31
20838,48.27,13,33.68,51.47,19,31
20839,44.23,19,27.18,15.86,19,31
20840,57.84,23,45.71,47.33,19,31
20843,0.7,3,31.23,48.51,19,31
20845,109.01,35,20.86,62.31,19,31
20846,1.24,6,30.99,46.02,19,31
20845,32.36,13,48.61,62.28,19,31
20848,102.28,33,20.58,40.11,19,31
20848,55.46,19,32.22,48.38,19,31
20850,45.25,18,31.54,43.18,19,31
20849,64.14,34,26.49,93.84,19,31
20851,4.74,6,27.87,68.84,19,31
20852,75.18,23,26.76,55.0,19,31
20854,28.17,14,21.03,19.85,19,31
20854,95.68,23,25.37,85.68,19,31
20856,33.68,15,22.05,93.82,19,31
20855,56.3,18,31.52,56.66,19,31
20858,3.47,3,31.02,46.74,19,31
20856,82.18,28,31.44,46.13,19,31
20859,39.89,21,8.06,65.58,19,31
20861,3.08,9,26.32,66.92,19,31
20859,34.42,18,9.2,60.0,19,31
20861,48.07,25,22.01,94.03,19,31
20861,2.05,5,29.04,55.46,19,31
20865,106.3,32,33.53,41.99,19,31
20866,32.13,16,45.74,67.74,19,31
20866,55.27,14,33.62,41.49,19,31
20867,58.8,16,20.61,60.83,19,31
20866,64.68,31,5.53,42.91,19,31
20868,49.44,24,5.65,64.0,19,31
20871,101.41,26,28.24,43.23,19,31
20872,1.92,9,7.01,66.69,19,31
20870,37.95,12,30.86,68.12,19,31
20874,1.72,1,25.32,68.77,19,31
20875,65.01,27,48.72,68.91,19,31
20875,0.27,5,28.91,59.28,19,31
20876,74.76,21,21.87,51.4,19,31
20875,46.28,23,57.51,50.15,19,31
20877,4.97,5,27.04,40.13,19,31
20880,45.88,14,30.28,67.32,19,32
20881,67.6,29,7.78,65.0,19,32
20879,94.65,34,30.63,62.8,19,32
20883,69.15,18,21.21,42.81,19,32
20882,76.94,28,30.15,54.81,19,32
20884,1.87,1,5.53,47.43,19,32
20886,61.48,18,34.53,55.33,19,32
20885,64.58,23,34.36,57.3,19,32
20887,0.4,1,58.45560000000002,18.91,19,32
20886,46.67,18,28.52,61.85,19,32
20887,4.71,1,34.15,46.57,19,32
20890,35.68,13,27.92,43.72,19,32
20892,3.88,1,25.85,40.3,19,32
20893,32.54,17,24.27,90.23,19,32
20893,88.82,30,28.46,69.55,19,32
20892,36.04,12,34.47,68.55,19,32
20894,75.68,29,26.66,67.47,19,32
20895,61.29,35,47.25,64.45,19,32
20895,2.65,1,51.23,64.17,19,32
20896,84.25,31,23.5,51.59,19,32
20900,117.38,33,33.33,69.23,19,32
20901,79.07,31,22.33,66.5,19,32
20902,83.78,29,29.72,87.95,19,32
20903,60.65,29,21.68,18.94,19,32
20902,98.22,26,21.5,54.36,19,32
20902,0.41,3,23.69,59.13,19,32
20905,89.67,33,22.25,48.6,19,32
20905,4.52,10,58.45560000000002,19.38,19,32
20908,80.89,20,25.54,42.79,19,32
20907,3.28,11,55.98,48.79,19,32
20908,66.84,23,30.71,43.23,19,32
20910,86.92,31,21.1,13.94,19,32
20910,36.98,18,50.56,88.08,19,32
20912,3.61,1,22.35,15.01,19,32
20912,4.82,3,8.88,16.29,19,32
20914,4.96,5,21.29,51.16,19,32
20914,0.85,3,26.63,46.02,19,32
20914,99.0,33,26.22,66.63,19,32
20916,51.74,19,27.09,41.06,19,32
20918,2.18,3,9.26,50.59,19,32
20920,33.95,15,25.49,12.34,19,32
20918,51.73,25,57.76,52.94,19,32
20920,59.39,19,20.45,62.44,19,32
20921,37.55,16,8.83,47.23,19,32
20921,3.74,1,23.75,12.62,19,32
20925,53.0,22,23.04,17.3,19,32
20926,2.89,5,27.96,52.7,19,32
20924,50.39,12,25.67,47.6,19,32
20926,1.22,7,53.38,89.07,19,32
20927,88.95,25,22.8,67.92,19,32
20928,77.65,27,33.92,19.91,19,32
20930,3.96,9,33.17,59.81,19,32
20931,99.6,27,30.94,42.23,19,32
20933,31.52,12,30.73,41.3,19,32
20931,88.8,25,20.15,43.72,19,32
20933,4.65,6,24.89,69.5,19,32
20936,59.3,15,28.98,63.42,19,32
20934,64.88,18,33.67,57.12,19,32
20936,67.52,25,25.76,56.17,19,32
20939,0.8,2,26.95,47.3,19,32
20938,68.07,29,55.85,61.54,19,33
20940,37.55,19,57.93,66.55,19,33
20940,2.34,4,20.99,68.2,19,33
20943,3.26,7,57.47,55.77,19,33
20943,32.3,15,6.22,44.36,19,33
20943,26.01,12,24.14,14.28,19,33
20946,63.5,19,30.29,56.75,19,33
20944,87.6,32,27.02,13.6,19,33
20947,36.17,19,5.66,62.54,19,33
20949,132.77120000000002,34,32.13,51.63,19,33
20950,116.93,34,30.98,58.42,19,33
20951,37.48,15,46.74,43.99,19,33
20952,111.02,28,32.03,57.96,19,33
20950,82.26,27,22.98,68.28,19,33
20952,3.96,1,34.99,51.15,19,33
20955,59.2,27,26.22,11.14,19,33
20954,20.54,16,9.22,17.93,19,33
20954,3.93,8,55.88,56.18,19,33
20955,27.37,13,31.4,15.06,19,33
20958,4.68,6,25.17,15.33,19,33
20959,4.37,5,23.86,88.85,19,33
20960,2.53,7,21.21,93.05,19,33
20959,91.06,30,29.91,52.43,19,33
20961,1.78,4,23.27,45.93,19,33
20961,2.28,3,29.71,56.74,19,33
20965,0.48,3,24.13,42.46,19,33
20965,40.92,16,21.33,91.98,19,33
20967,1.66,1,25.53,58.45,19,33
20965,1.34,10,34.57,55.74,19,33
20967,111.27,29,31.28,64.31,19,33
20970,39.72,22,53.34,68.67,19,33
20971,2.88,8,5.53,60.16,19,33
20970,52.71,16,26.18,43.05,19,33
20972,71.23,22,27.14,51.37,19,33
20972,1.73,4,34.83,85.67,19,33
20972,87.25,34,34.13,44.55,19,33
20976,112.16,34,25.73,63.93,19,33
20977,45.45,26,9.98,52.94,19,33
20975,52.31,20,26.6,87.98,19,33
20977,94.79,32,23.15,88.79,19,33
20980,90.25,35,20.42,44.51,19,33
20980,103.15,28,27.44,59.94,19,33
20981,62.69,28,6.33,53.81,19,33
20982,25.25,13,48.67,85.81,19,33
20984,107.92,35,24.62,55.45,19,33
20983,4.21,9,24.81,54.38,19,33
20986,3.38,4,6.11,52.33,19,33
20984,4.5,2,27.01,19.39,19,33
20987,80.3,34,21.75,13.88,19,33
20989,62.95,25,33.28,56.74,19,33
20990,85.07,31,34.67,14.79,19,33
20991,103.38,25,24.73,60.66,19,33
20992,63.03,22,27.48,14.69,19,33
20993,1.55,3,26.22,94.03,19,33
20991,2.21,3,6.56,59.21,19,33
20994,97.06,33,28.9,41.46,19,33
20996,87.64,26,33.27,60.52,19,33
20997,97.36,25,26.14,69.43,19,33
20997,25.57,17,55.59,52.21,19,33
20997,55.34,16,24.25,54.44,19,33
20997,48.34,18,21.28,44.53,19,34
21000,50.04,15,20.88,61.98,19,34
21000,4.83,9,22.11,44.91,19,34
21000,1.27,5,32.43,65.83,19,34
21002,76.11,30,23.57,66.62,19,34
21005,77.27,21,32.08,64.38,19,34
21003,49.85,22,31.74,12.77,19,34
21005,106.84,29,34.52,69.72,19,34
21006,3.63,1,21.41,50.46,19,34
21007,1.8,9,26.78,67.91,19,34
21007,73.73,21,25.67,43.25,19,34
21011,4.34,4,32.64,87.2,19,34
21012,51.54,14,32.22,90.0,19,34
21012,35.1,13,34.54,53.82,19,34
21014,3.59,2,34.86,18.43,19,34
21015,3.29,5,20.74,49.32,19,34
21013,114.17,34,22.48,56.45,19,34
21017,1.21,2,23.14,46.14,19,34
21018,61.45,31,55.28,56.77,19,34
21018,1.37,11,27.14,40.53,19,34
21017,1.91,9,20.57,53.74,19,34
21020,44.31,18,20.18,11.14,19,34
21022,91.81,35,31.22,65.85,19,34
21023,0.35,3,29.78,68.73,19,34
21023,3.85,11,58.45560000000002,64.61,19,34
21023,52.73,18,30.65,15.06,19,34
21023,2.7,4,23.27,57.07,19,34
21025,88.55,32,30.85,45.48,19,34
21025,79.4,33,34.54,11.46,19,34
21027,4.08,4,22.3,43.61,19,34
21027,53.6,19,20.56,47.11,19,34
21030,76.26,23,30.89,68.84,19,34
21031,3.87,4,28.14,18.79,19,34
21033,40.52,25,7.14,55.8,19,34
21034,90.75,32,23.53,59.18,19,34
21034,0.91,6,20.76,85.85,19,34
21035,0.42,3,33.97,61.55,19,34
21034,64.35,23,32.67,63.51,19,34
21035,98.92,25,26.52,68.35,19,34
21037,4.59,2,31.96,52.65,19,34
21038,67.87,24,34.57,43.41,19,34
21039,57.15,22,25.35,87.5,19,34
21042,44.59,13,30.61,56.2,19,34
21042,82.84,32,22.36,43.31,19,34
21044,1.22,3,32.76,60.72,19,34
21045,3.4,2,35.0,90.53,19,34
21043,4.15,2,34.59,56.88,19,34
21047,2.5,6,46.15,46.76,19,34
21048,3.99,5,33.63,42.37,19,34
21046,0.81,4,22.6,56.99,19,34
21047,54.45,15,31.57,44.19,19,34
21051,58.54,26,52.39,65.17,19,34
21049,2.11,9,45.53,94.03,19,34
21053,51.72,25,5.61,68.12,19,34
21051,4.2,6,22.24,56.4,19,34
21053,1.76,8,22.26,58.7,19,34
21053,47.98,20,34.18,13.84,19,34
21054,86.48,21,22.66,67.33,19,34
21055,35.13,17,48.01,55.93,19,34
21056,53.33,31,8.3,49.77,19,34
21058,2.84,11,5.53,19.05,19,35
21061,80.68,20,22.96,47.4,19,35
21062,60.95,23,24.79,44.71,19,35
21061,102.93,28,29.23,49.92,19,35
21062,108.94,35,27.92,48.24,19,35
21062,56.55,14,22.85,42.83,19,35
21065,83.22,33,29.59,65.75,19,35
21067,44.22,13,28.63,87.69,19,35
21065,2.83,2,32.22,65.59,19,35
21069,99.04,25,27.41,41.4,19,35
21070,124.06,35,28.21,49.82,19,35
21069,62.69,23,26.25,52.53,19,35
21072,96.22,30,21.72,46.97,19,35
21070,50.66,26,27.69,11.14,19,35
21073,45.73,12,27.11,50.25,19,35
21072,72.62,34,49.53,67.34,19,35
21076,0.9,1,31.62,42.55,19,35
21076,2.41,1,46.83,50.11,19,35
21077,4.25,3,23.21,44.61,19,35
21077,53.92,16,31.4,61.03,19,35
21079,40.03,13,27.75,40.0,19,35
21079,48.21,13,32.05,42.9,19,35
21082,3.02,1,29.11,53.03,19,35
21082,2.12,9,32.8,40.45,19,35
21083,80.1,20,34.78,41.01,19,35
21083,0.74,4,46.35,57.34,19,35
21083,1.91,9,31.17,64.46,19,35
21085,83.81,22,34.53,50.07,19,35
21087,67.92,24,34.69,43.09,19,35
21086,61.83,18,33.72,58.42,19,35
21090,0.18,10,52.27,41.18,19,35
21091,4.7,5,47.74,50.95,19,35
21089,1.32,9,27.09,50.76,19,35
21093,0.75,5,29.09,42.27,19,35
21092,122.77,32,26.07,47.92,19,35
21092,73.31,28,26.99,17.75,19,35
21095,41.67,13,32.59,55.16,19,35
21096,87.61,24,29.48,46.21,19,35
21096,4.04,6,25.65,54.43,19,35
21096,4.37,6,23.71,43.26,19,35
21099,4.68,3,54.91,94.03,19,35
21098,60.04,22,22.55,55.54,19,35
21102,88.17,21,32.58,64.37,19,35
21101,40.51,15,28.58,47.04,19,35
21103,92.16,29,27.77,52.97,19,35
21102,3.22,1,21.35,45.89,19,35
21104,52.54,19,20.82,57.75,19,35
21106,36.3,14,27.21,65.02,19,35
21108,4.32,5,8.54,57.73,19,35
21107,2.18,2,22.04,55.69,19,35
21110,82.43,31,20.45,94.03,19,35
21110,31.92,15,5.53,59.47,19,35
21110,82.94,20,22.31,48.83,19,35
21111,127.7,31,23.78,67.22,19,35
21113,107.59,33,24.77,48.11,19,35
21112,72.75,30,57.53,86.08,19,35
21114,41.19,29,47.51,13.01,19,35
21117,99.05,28,29.14,44.83,19,35
21115,119.79,35,22.88,45.9,19,35
21119,58.62,17,28.75,52.74,19,35
21117,4.61,7,27.56,92.07,19,36
21119,91.79,24,32.77,54.91,19,36
21120,79.01,28,31.99,63.39,19,36
21120,49.63,21,9.47,64.02,19,36
21123,2.5,3,47.15,66.55,19,36
21123,0.89,1,29.4,44.38,19,36
21123,4.61,5,26.81,18.37,19,36
21126,1.16,3,24.5,48.03,19,36
21125,4.03,6,21.01,69.74,19,36
21129,82.9,23,32.6,60.8,19,36
21128,23.83,14,7.55,58.61,19,36
21131,3.2,8,26.25,68.0,19,36
21132,118.73,31,22.51,66.67,19,36
21132,106.67,31,31.42,41.59,19,36
21133,85.89,31,28.87,45.95,19,36
21133,82.53,25,23.24,52.33,19,36
21135,124.48,34,34.75,45.03,19,36
21136,132.46,33,22.39,44.1,19,36
21137,96.57,28,28.94,89.27,19,36
21136,74.53,21,20.34,42.7,19,36
21137,48.68,13,20.1,53.92,19,36
21141,79.28,25,21.7,54.28,19,36
21139,103.69,28,21.03,60.89,19,36
21141,1.21,3,20.09,60.99,19,36
21144,0.47,4,31.7,60.12,19,36
21145,78.13,23,31.54,69.57,19,36
21146,78.04,25,30.5,51.0,19,36
21147,1.74,2,29.09,86.99,19,36
21148,89.96,28,28.76,48.57,19,36
21147,1.9,2,32.99,68.09,19,36
21150,1.59,2,33.33,11.14,19,36
21150,108.53,26,25.49,69.61,19,36
21152,45.08,22,28.63,15.11,19,36
21150,106.11,29,30.69,41.87,19,36
21151,2.3,3,20.4,64.69,19,36
21155,97.44,28,34.3,68.57,19,36
21155,1.95,1,26.63,64.62,19,36
21156,2.11,10,26.26,46.24,19,36
21158,55.32,34,51.12,91.47,19,36
21159,3.78,3,21.44,62.1,19,36
21157,80.44,27,22.61,54.41,19,36
21158,61.73,32,6.91,88.88,19,36
21161,92.67,33,22.5,40.16,19,36
21161,106.11,26,26.89,64.01,19,36
21164,65.83,26,26.36,46.31,19,36
21164,63.72,32,28.31,13.78,19,36
21165,1.52,8,20.55,54.86,19,36
21166,4.03,2,22.99,49.74,19,36
21165,72.02,25,21.49,60.07,19,36
21168,97.82,34,31.14,17.32,19,36
21167,1.92,11,34.01,64.44,19,36
21171,3.89,11,22.65,54.95,19,36
21172,64.41,16,23.33,68.11,19,36
21172,61.25,35,6.39,11.14,19,36
21173,0.54,8,31.12,63.51,19,36
21172,130.14,35,26.32,43.67,19,36
21173,73.01,19,20.49,69.13,19,36
21177,22.72,13,58.45560000000002,68.04,19,36
21176,4.78,5,26.43,62.44,19,36
21177,45.66,15,31.42,89.25,19,36
21177,40.65,24,6.93,69.41,19,37
21179,101.18,28,23.0,45.82,19,37
21182,30.59,17,57.56,48.26,19,37
21181,95.34,25,34.11,51.09,19,37
21183,3.82,2,53.85,48.33,19,37
21182,53.59,16,30.72,60.68,19,37
21186,1.67,2,26.48,48.25,19,37
21184,0.58,10,28.99,62.55,19,37
21186,52.29,18,30.27,91.94,19,37
21188,1.79,11,32.69,58.75,19,37
21188,103.0,29,20.17,56.86,19,37
21188,114.79,28,22.32,59.57,19,37
21190,100.18,25,21.66,46.89,19,37
21190,2.9,7,30.87,59.84,19,37
21194,2.95,9,54.64,85.08,19,37
21194,47.04,21,20.91,93.22,19,37
21196,3.63,4,33.28,60.81,19,37
21197,71.02,24,30.11,43.32,19,37
21195,52.82,13,30.65,44.21,19,37
21196,36.4,20,9.37,54.55,19,37
21200,70.64,24,24.54,64.15,19,37
21200,82.17,34,8.66,40.7,19,37
21201,1.98,11,34.44,42.91,19,37
21202,77.19,24,24.25,62.49,19,37
21203,77.0,31,21.9,92.68,19,37
21205,57.38,20,32.15,15.35,19,37
21204,43.27,14,29.51,51.54,19,37
21206,88.35,28,34.08,40.27,19,37
21206,89.37,27,29.25,46.38,19,37
21207,73.36,27,23.01,41.25,19,37
21209,3.57,5,27.05,69.9,19,37
21210,112.99,30,20.33,49.73,19,37
21209,35.73,13,22.16,11.52,19,37
21212,55.55,15,22.55,50.9,19,37
21214,4.0,7,32.33,67.85,19,37
21214,69.9,30,27.43,14.96,19,37
21216,36.28,12,33.93,45.07,19,37
21216,53.52,24,51.31,65.48,19,37
21217,1.12,11,33.79,91.63,19,37
21218,3.23,11,45.38,42.03,19,37
21217,46.51,18,26.81,94.03,19,37
21219,52.79,13,20.53,66.53,19,37
21219,90.43,27,20.77,65.4,19,37
21221,4.51,1,29.22,66.57,19,37
21221,4.39,10,25.45,54.39,19,37
21222,4.5,10,29.61,54.17,19,37
21226,38.2,24,49.09,64.86,19,37
21225,51.04,21,33.98,12.9,19,37
21226,53.22,13,25.76,63.05,19,37
21226,54.27,21,25.79,11.59,19,37
21227,62.92,17,31.83,69.46,19,37
21229,126.26,31,34.9,68.36,19,37
21229,79.32,28,22.73,94.03,19,37
21231,53.36,15,33.16,48.83,19,37
21232,90.47,34,29.12,65.04,19,37
21234,53.34,30,5.53,43.96,19,37
21234,59.6,17,24.83,67.13,19,37
21234,53.05,17,23.47,49.98,19,37
21238,53.89,26,25.46,92.2,19,37
21237,121.87,33,31.97,56.73,19,37
21240,51.06,17,21.41,56.69,19,38
21240,0.28,1,7.55,59.41,19,38
21241,69.92,29,29.02,12.83,19,38
21243,3.37,2,24.57,63.67,19,38
21244,73.47,28,22.58,55.14,19,38
21243,46.84,28,9.55,40.62,19,38
21243,2.96,5,31.9,54.81,19,38
21247,50.88,19,22.26,41.85,19,38
21246,1.85,5,25.4,41.6,19,38
21247,60.81,32,5.82,65.37,19,38
21247,79.26,27,24.07,11.14,19,38
21251,73.41,23,31.41,44.25,19,38
21249,1.28,9,23.52,41.07,19,38
21250,0.48,4,57.08,45.35,19,38
21252,64.14,34,24.54,11.98,19,38
21255,60.85,16,25.71,58.77,19,38
21254,3.28,5,28.15,13.7,19,38
21257,113.9,30,23.41,63.89,19,38
21256,41.99,16,34.82,13.31,19,38
21259,45.16,29,54.76,57.51,19,38
21257,82.67,28,29.89,54.88,19,38
21258,61.29,26,26.05,19.89,19,38
21259,44.78,20,31.89,93.21,19,38
21261,89.49,27,22.5,60.47,19,38
21263,1.4,9,27.33,62.89,19,38
21264,105.83,31,27.03,59.66,19,38
21265,51.45,20,20.52,15.39,19,38
21264,29.98,19,6.23,69.76,19,38
21268,62.29,21,29.24,40.87,19,38
21268,3.5,4,51.63,62.22,19,38
21268,47.31,15,22.43,56.59,19,38
21271,82.9,34,25.94,17.41,19,38
21271,28.36,15,7.46,65.41,19,38
21271,88.47,29,31.87,65.79,19,38
21274,94.94,33,24.66,11.14,19,38
21273,63.76,17,28.82,42.09,19,38
21273,3.85,4,22.43,69.02,19,38
21274,128.18,31,31.67,41.45,19,38
21278,32.0,14,30.89,19.75,19,38
21278,65.77,31,53.8,46.8,19,38
21280,47.63,13,31.25,57.3,19,38
21279,1.47,9,28.38,41.19,19,38
21279,65.46,22,29.67,66.95,19,38
21281,58.38,22,27.36,61.85,19,38
21282,28.53,12,29.08,11.49,19,38
21282,3.46,4,25.96,12.07,19,38
21283,0.18,10,29.44,53.1,19,38
21285,1.81,1,29.67,69.64,19,38
21285,52.04,27,20.46,11.19,19,38
21287,96.21,35,30.46,64.51,19,38
21288,94.62,25,28.67,62.36,19,38
21289,56.96,21,24.24,67.36,19,38
21289,66.52,19,23.03,69.26,19,38
21291,93.96,31,32.8,66.28,19,38
21291,1.77,4,30.56,67.09,19,38
21295,0.73,2,21.47,64.94,19,38
21295,57.59,19,26.34,69.59,19,38
21297,70.13,23,26.33,64.98,19,38
21298,64.77,16,20.25,60.62,19,38
21296,41.52,16,21.35,89.03,19,38
21299,66.05,18,20.03,45.69,19,39
21301,48.96,17,29.06,57.38,19,39
21302,4.72,11,24.38,56.18,19,39
21300,38.91,17,8.37,42.11,19,39
21303,3.96,9,55.42,16.85,19,39
21304,3.41,8,23.32,54.24,19,39
21303,3.54,4,8.98,53.75,19,39
21305,61.12,24,27.05,69.95,19,39
21307,1.36,1,33.43,11.14,19,39
21306,70.14,27,31.55,50.19,19,39
21308,3.12,6,22.98,58.53,19,39
21309,4.12,10,27.52,89.9,19,39
21311,60.43,33,9.22,66.02,19,39
21310,83.81,21,26.1,48.08,19,39
21311,3.99,6,33.01,61.54,19,39
21315,80.11,33,5.53,69.47,19,39
21313,47.11,27,55.79,45.5,19,39
21316,4.95,8,47.39,47.49,19,39
21315,100.68,31,26.0,67.29,19,39
21319,1.84,3,24.23,59.3,19,39
21320,35.81,18,55.92,51.53,19,39
21319,47.29,16,34.43,47.85,19,39
21319,71.4,21,28.9,89.88,19,39
21322,70.4,17,25.01,59.49,19,39
21321,82.88,22,29.79,52.63,19,39
21324,43.63,16,20.68,47.23,19,39
21323,125.25,33,31.61,67.34,19,39
21325,49.31,26,6.85,49.64,19,39
21326,49.4,17,31.0,66.99,19,39
21328,124.66,34,28.33,51.31,19,39
21327,57.21,23,6.6,41.56,19,39
21329,115.82,31,28.22,43.77,19,39
21330,2.19,9,7.08,46.73,19,39
21331,111.57,29,28.98,56.89,19,39
21332,64.63,27,31.15,90.17,19,39
21333,37.14,20,53.69,68.74,19,39
21336,25.6,13,5.53,87.49,19,39
21334,53.32,13,22.02,60.59,19,39
21335,57.08,18,34.33,65.0,19,39
21338,66.34,25,25.94,55.44,19,39
21338,132.77120000000002,35,24.7,68.66,19,39
21338,80.51,24,26.33,41.12,19,39
21339,58.34,26,34.59,11.43,19,39
21341,55.4,17,30.16,55.88,19,39
21341,99.73,28,30.02,50.07,19,39
21345,3.58,7,26.29,15.85,19,39
21344,51.18,16,20.62,56.26,19,39
21346,121.97,34,34.59,53.61,19,39
21346,132.77120000000002,35,25.72,40.97,19,39
21346,32.64,16,30.37,91.77,19,39
21349,2.7,2,24.76,65.42,19,39
21349,50.63,27,28.68,15.85,19,39
21351,58.59,15,27.41,48.35,19,39
21350,55.01,23,32.62,92.98,19,39
21353,86.07,21,21.41,47.0,19,39
21354,2.09,10,30.75,44.23,19,39
21354,50.34,15,30.63,85.67,19,39
21356,43.06,14,22.97,56.17,19,39
21356,40.35,16,21.26,87.83,19,39
21357,80.68,26,20.16,66.48,19,39
21358,52.39,19,21.32,52.92,19,40
21359,74.74,21,25.77,49.29,19,40
21362,61.76,29,6.32,50.04,19,40
21362,56.32,18,23.05,63.59,19,40
21362,102.46,30,26.59,59.87,19,40
21363,79.54,19,30.08,62.22,19,40
21363,0.58,5,5.53,18.18,19,40
21366,4.67,1,32.79,61.87,19,40
21368,49.84,20,53.12,42.33,19,40
21367,4.62,7,22.99,57.33,19,40
21368,62.43,30,49.07,46.08,19,40
21371,111.39,27,30.6,64.54,19,40
21372,53.94,13,34.82,53.88,19,40
21371,0.76,7,21.23,65.52,19,40
21371,99.64,26,20.38,54.46,19,40
21375,96.7,27,33.27,67.13,19,40
21374,87.19,26,33.66,49.34,19,40
21376,78.48,25,32.66,40.47,19,40
21376,43.19,24,32.16,14.76,19,40
21378,55.57,19,20.62,63.66,19,40
21377,3.72,2,49.01,40.05,19,40
21380,68.0,24,20.4,43.66,19,40
21379,64.78,20,32.17,65.64,19,40
21383,86.09,35,29.46,11.14,19,40
21383,1.84,9,22.96,64.13,19,40
21383,2.41,4,27.17,87.28,19,40
21386,87.79,35,7.76,48.89,19,40
21385,4.08,4,28.57,59.08,19,40
21388,0.48,11,33.82,11.14,19,40
21387,64.24,18,26.37,41.17,19,40
21390,44.62,12,21.25,58.63,19,40
21388,100.16,29,27.16,44.15,19,40
21390,36.89,13,31.77,66.92,19,40
21393,74.41,30,28.67,16.22,19,40
21394,2.3,1,23.87,17.98,19,40
21393,3.24,3,46.67,18.81,19,40
21394,85.36,30,27.96,41.83,19,40
21396,54.98,29,50.93,46.7,19,40
21398,28.68,17,52.65,58.47,19,40
21399,53.29,18,32.39,47.74,19,40
21398,83.36,33,21.87,41.23,19,40
21401,38.13,17,9.09,61.7,19,40
21401,101.97,25,24.38,68.69,19,40
21400,3.06,8,46.4,57.79,19,40
21403,1.56,1,32.49,46.68,19,40
21405,97.03,34,20.33,86.01,19,40
21403,132.77120000000002,35,23.62,67.23,19,40
21404,4.05,4,26.33,55.69,19,40
21405,1.64,4,33.9,58.09,19,40
21409,64.2,18,28.35,62.76,19,40
21408,34.75,21,6.82,53.43,19,40
21410,61.65,33,57.06,62.5,19,40
21411,4.01,7,25.9,67.06,19,40
21412,3.51,4,27.18,47.3,19,40
21412,35.38,12,30.73,51.05,19,40
21414,87.92,29,27.89,56.69,19,40
21414,0.18,10,47.63,92.89,19,40
21414,3.13,10,46.65,47.81,19,40
21416,2.6,4,34.04,65.03,19,40
21419,61.81,19,25.87,87.29,19,40
21418,54.76,14,27.42,56.91,19,41
21420,23.95,13,50.33,65.04,19,41
21419,58.81,23,24.26,65.58,19,41
21422,87.24,26,34.55,58.44,19,41
21422,34.64,21,47.4,40.66,19,41
21423,1.71,3,30.36,87.16,19,41
21425,46.11,12,34.97,42.28,19,41
21427,4.59,7,20.29,51.63,19,41
21425,3.57,7,34.8,56.37,19,41
21426,3.33,2,51.18,68.53,19,41
21430,77.76,31,20.1,65.81,19,41
21428,87.6,26,28.89,66.46,19,41
21432,53.91,20,25.04,56.05,19,41
21433,120.98,33,28.53,65.12,19,41
21433,64.41,17,26.38,65.68,19,41
21433,96.09,32,24.43,44.98,19,41
21435,0.76,7,20.87,58.94,19,41
21434,47.02,17,31.5,18.62,19,41
21436,47.7,16,20.44,68.93,19,41
21437,0.18,5,20.63,55.36,19,41
21438,33.99,14,29.53,19.16,19,41
21439,69.77,18,31.74,47.16,19,41
21442,4.37,9,34.66,45.38,19,41
21442,3.99,2,32.06,42.92,19,41
21442,0.47,5,8.4,44.2,19,41
21443,84.08,31,23.19,69.19,19,41
21443,1.06,1,32.46,55.53,19,41
21446,3.89,10,30.57,43.1,19,41
21447,92.32,29,30.32,69.85,19,41
21448,89.79,30,31.81,65.34,19,41
21447,29.35,16,58.45560000000002,44.11,19,41
21450,0.47,9,8.33,43.74,19,41
21452,27.8,17,7.77,50.03,19,41
21450,44.19,27,45.98,50.77,19,41
21453,3.14,9,49.51,11.14,19,41
21453,27.34,16,50.97,56.24,19,41
21455,72.13,23,24.33,69.05,19,41
21457,48.68,20,7.67,64.74,19,41
21455,48.14,18,31.14,64.5,19,41
21456,0.72,8,23.97,65.86,19,41
21458,65.71,17,28.08,68.49,19,41
21460,130.63,35,25.59,43.53,19,41
21462,99.32,25,24.65,60.76,19,41
21463,36.88,13,31.97,65.05,19,41
21464,0.84,1,34.61,51.12,19,41
21464,3.44,9,30.74,40.55,19,41
21464,27.35,24,57.09,11.15,19,41
21464,57.85,23,34.58,65.87,19,41
21468,79.57,31,31.9,60.15,19,41
21467,4.3,1,33.63,40.54,19,41
21470,40.73,16,20.21,19.44,19,41
21469,61.33,16,33.51,54.45,19,41
21471,97.0,29,27.35,61.41,19,41
21472,43.43,15,23.37,65.45,19,41
21471,60.01,21,34.34,17.7,19,41
21472,3.05,5,27.17,69.06,19,41
21473,58.03,25,5.67,45.86,19,41
21476,76.62,21,20.61,67.12,19,41
21478,117.44,34,27.5,60.94,19,41
21478,89.28,26,23.93,61.43,19,41
21478,128.56,34,34.43,65.75,19,42
21481,132.77120000000002,35,28.49,42.3,19,42
21479,51.48,19,22.88,55.37,19,42
21483,65.27,16,27.17,62.06,19,42
21483,91.95,30,31.74,58.26,19,42
21485,104.35,28,22.35,45.97,19,42
21484,3.09,8,31.77,65.81,19,42
21486,45.93,14,20.32,44.9,19,42
21485,61.91,25,57.62,60.81,19,42
21486,43.16,12,23.09,53.85,19,42
21489,48.87,18,23.29,68.22,19,42
21491,4.83,7,28.73,51.66,19,42
21492,45.08,13,23.55,57.53,19,42
21490,1.75,9,7.22,42.12,19,42
21491,114.77,28,25.61,43.15,19,42
21494,66.99,34,58.45560000000002,53.26,19,42
21495,3.04,5,33.54,56.41,19,42
21496,129.04,35,33.74,67.5,19,42
21495,52.13,25,30.13,94.03,19,42
21498,52.3,16,32.61,64.09,19,42
21498,59.17,22,20.89,57.52,19,42
21499,0.6,9,52.38,65.09,19,42
21500,69.73,19,21.95,49.99,19,42
21500,40.19,14,34.57,85.24,19,42
21502,63.41,26,22.09,16.55,19,42
21503,39.22,14,26.15,12.91,19,42
21503,63.59,17,30.46,63.3,19,42
21504,4.88,5,34.82,56.45,19,42
21506,32.41,13,6.73,65.94,19,42
21507,98.14,27,31.15,64.08,19,42
21507,94.03,33,22.29,94.03,19,42
21511,82.26,31,33.18,52.5,19,42
21512,57.86,18,28.44,41.71,19,42
21513,107.6,27,21.69,50.64,19,42
21514,2.96,7,7.05,42.8,19,42
21512,76.68,24,21.92,61.42,19,42
21514,38.53,14,33.31,49.39,19,42
21514,0.51,4,25.72,54.46,19,42
21516,4.32,9,21.71,48.34,19,42
21517,111.52,32,29.76,59.62,19,42
21520,54.65,14,30.09,67.0,19,42
21519,68.18,32,6.11,64.9,19,42
21521,65.5,20,29.54,41.86,19,42
21522,0.18,5,24.86,62.93,19,42
21522,105.31,31,22.69,62.31,19,42
21525,3.32,10,20.31,12.25,19,42
21524,95.95,35,28.26,59.37,19,42
21527,54.47,18,29.73,53.82,19,42
21526,132.77120000000002,34,31.34,48.84,19,42
21527,49.64,25,22.35,11.14,19,42
21528,57.28,18,34.82,57.98,19,42
21530,3.48,4,29.18,56.19,19,42
21529,101.71,25,28.26,67.59,19,42
21530,1.22,11,27.02,15.07,19,42
21531,86.18,30,28.58,89.77,19,42
21535,58.11,34,9.63,59.43,19,42
21535,29.08,19,57.94,14.34,19,42
21536,42.77,17,26.13,60.29,19,42
21535,45.29,13,33.34,43.02,19,42
21538,1.36,5,49.52,66.95,19,42
21539,52.43,24,8.59,64.32,19,43
21540,66.11,26,34.81,53.83,19,43
21540,50.56,17,23.78,56.31,19,43
21541,79.32,29,30.57,19.65,19,43
21542,50.1,16,30.31,49.27,19,43
21545,93.11,23,33.37,64.77,19,43
21543,114.96,30,20.79,53.79,19,43
21547,45.48,18,34.97,47.93,19,43
21546,0.38,1,29.8,61.6,19,43
21549,64.38,19,25.23,64.95,19,43
21549,4.4,11,34.66,19.8,19,43
21551,104.89,28,28.24,54.36,19,43
21549,77.18,32,45.02,64.27,19,43
21552,121.65,30,32.67,69.43,19,43
21553,59.15,21,27.97,56.03,19,43
21552,132.77120000000002,34,22.53,48.06,19,43
21554,96.18,26,26.65,48.55,19,43
21554,27.56,12,53.82,40.77,19,43
21558,33.9,14,31.2,91.8,19,43
21558,116.72,30,24.39,69.63,19,43
21560,50.08,20,5.86,42.76,19,43
21559,108.99,26,25.26,55.36,19,43
21560,48.44,14,30.57,62.01,19,43
21560,39.39,14,31.43,47.58,19,43
21564,86.59,22,34.36,57.75,19,43
21565,47.54,17,21.64,14.55,19,43
21565,3.65,6,56.94,47.87,19,43
21565,63.62,16,34.75,69.26,19,43
21567,80.81,27,20.1,48.66,19,43
21567,81.06,20,29.97,68.68,19,43
21569,60.85,16,24.73,44.74,19,43
21570,42.76,13,32.42,49.59,19,43
21570,0.88,7,20.35,50.2,19,43
21571,0.68,7,32.05,15.59,19,43
21573,88.08,32,30.4,85.25,19,43
21573,89.37,28,24.3,48.33,19,43
21575,2.85,7,29.05,58.42,19,43
21575,87.1,33,27.94,67.92,19,43
21575,100.33,34,33.01,53.45,19,43
21576,32.78,22,6.74,94.03,19,43
21578,53.07,13,26.16,54.56,19,43
21581,4.86,5,25.62,67.07,19,43
21579,119.55,29,29.56,55.96,19,43
21580,64.86,24,25.31,11.14,19,43
21584,28.72,18,50.64,19.33,19,43
21582,56.13,22,28.39,68.32,19,43
21584,31.82,17,28.96,19.69,19,43
21586,1.61,10,54.37,61.72,19,43
21586,4.1,10,32.13,46.48,19,43
21586,88.77,26,20.53,88.33,19,43
21590,49.98,15,22.58,46.56,19,43
21589,75.22,26,25.71,94.03,19,43
21591,4.9,3,34.41,45.96,19,43
21591,3.51,6,32.88,15.92,19,43
21594,64.71,22,26.14,63.99,19,43
21593,55.62,26,7.78,43.82,19,43
21593,1.73,7,31.64,51.33,19,43
21595,0.18,3,7.55,43.01,19,43
21595,40.89,26,9.12,49.27,19,43
21598,109.33,29,24.17,54.67,19,43
21598,4.53,5,29.1,42.74,19,44
21599,1.25,5,33.55,61.81,19,44
21599,117.57,31,27.61,41.85,19,44
21603,1.22,6,29.32,53.23,19,44
21602,3.18,10,27.55,46.33,19,44
21604,96.73,35,33.34,45.08,19,44
21604,1.93,7,7.51,14.13,19,44
21606,2.37,4,33.11,56.21,19,44
21606,62.58,24,34.09,59.25,19,44
21609,1.87,6,32.69,69.22,19,44
21610,95.84,31,26.78,61.21,19,44
21611,46.66,15,29.37,51.22,19,44
21609,4.17,1,22.42,43.99,19,44
21613,2.35,10,23.23,55.87,19,44
21612,106.12,30,25.74,62.63,19,44
21615,109.8,30,26.34,56.25,19,44
21615,51.84,15,27.53,60.1,19,44
21614,131.43,34,29.4,54.5,19,44
21618,91.45,35,28.57,88.71,19,44
21619,73.67,25,25.43,49.58,19,44
21620,71.27,20,33.29,50.8,19,44
21621,79.31,23,23.81,51.37,19,44
21621,87.79,25,34.46,69.03,19,44
21622,44.76,20,7.48,49.41,19,44
21623,4.57,9,5.67,47.39,19,44
21623,4.49,1,24.42,61.87,19,44
21625,0.26,10,22.78,47.5,19,44
21626,48.09,18,28.4,48.2,19,44
21625,80.75,25,23.06,62.21,19,44
21627,0.83,1,28.62,61.48,19,44
21630,4.86,2,7.21,49.94,19,44
21629,46.34,14,22.64,85.24,19,44
21630,66.76,28,26.8,11.14,19,44
21631,2.54,5,20.78,52.14,19,44
21634,73.0,20,25.27,61.25,19,44
21635,29.25,14,54.62,53.87,19,44
21636,87.71,28,22.96,62.56,19,44
21637,92.16,35,32.89,15.19,19,44
21636,63.83,29,8.26,42.04,19,44
21639,53.37,16,31.89,43.93,19,44
21640,23.46,22,9.81,91.77,19,44
21639,51.96,13,24.41,45.79,19,44
21639,80.97,26,21.71,41.86,19,44
21643,56.6,20,21.07,94.03,19,44
21643,4.37,8,27.11,47.92,19,44
21642,53.98,18,25.96,45.0,19,44
21644,65.65,17,25.91,64.7,19,44
21645,49.06,12,22.43,55.13,19,44
21648,2.9,10,22.1,41.44,19,44
21648,108.12,32,22.87,55.35,19,44
21647,78.08,20,25.13,67.24,19,44
21651,124.5,30,28.29,61.15,19,44
21649,83.94,30,28.64,11.76,19,44
21652,22.94,12,50.46,62.95,19,44
21654,99.61,27,25.39,42.56,19,44
21653,90.32,26,24.63,60.07,19,44
21653,52.47,16,20.3,43.45,19,44
21656,27.44,13,29.06,15.52,19,44
21658,79.19,23,24.85,47.51,19,44
21657,3.89,8,24.07,57.34,19,44
21658,122.87,30,25.51,40.21,19,45
21661,87.8,33,21.18,93.71,19,45
21659,43.01,26,53.83,94.03,19,45
21663,44.18,13,30.86,48.81,19,45
21662,106.95,30,25.71,62.11,19,45
21665,50.18,19,33.95,67.26,19,45
21664,70.02,24,26.09,64.0,19,45
21667,108.16,29,32.13,88.48,19,45
21667,81.77,26,27.28,47.79,19,45
21669,33.92,15,54.84,52.64,19,45
21670,4.98,11,26.01,67.95,19,45
21668,34.66,21,5.68,44.23,19,45
21672,47.26,15,33.79,62.59,19,45
21672,99.96,25,34.98,46.05,19,45
21671,1.04,11,25.56,60.78,19,45
21672,48.08,13,30.46,44.39,19,45
21673,120.1,32,21.89,69.91,19,45
21674,109.06,28,28.21,49.17,19,45
21677,2.09,8,29.9,69.77,19,45
21676,75.47,30,21.64,67.66,19,45
21679,69.06,21,26.4,51.14,19,45
21679,57.48,16,23.18,53.25,19,45
21681,59.96,16,26.36,43.29,19,45
21683,55.35,22,31.81,47.63,19,45
21683,118.76,30,22.45,60.12,19,45
21682,4.94,11,20.28,46.33,19,45
21684,67.19,27,54.94,85.25,19,45
21687,2.12,5,22.71,43.83,19,45
21686,4.06,1,58.45560000000002,61.17,19,45
21687,65.83,23,31.87,13.03,19,45
21690,67.1,17,33.93,50.39,19,45
21690,106.48,28,26.21,47.92,19,45
21690,38.34,22,7.19,51.1,19,45
21691,51.38,13,30.4,63.68,19,45
21694,69.8,17,23.52,89.4,19,45
21693,130.14,32,28.53,64.78,19,45
21695,48.81,12,33.8,42.01,19,45
21694,1.48,10,32.12,41.04,19,45
21697,80.87,21,25.81,56.13,19,45
21696,82.42,24,30.18,52.12,19,45
21698,25.55,12,52.89,60.51,19,45
21700,112.73,35,21.28,65.75,19,45
21700,74.88,22,28.44,53.1,19,45
21703,2.11,9,6.87,41.04,19,45
21703,57.32,20,28.7,68.63,19,45
21703,116.64,34,26.83,59.79,19,45
21703,1.45,6,26.41,48.02,19,45
21707,74.49,19,24.46,57.02,19,45
21707,37.76,24,47.26,42.43,19,45
21708,92.4,29,27.24,65.59,19,45
21708,111.17,34,27.94,43.58,19,45
21709,111.84,30,31.78,45.05,19,45
21709,77.21,30,22.13,11.34,19,45
21711,93.89,34,23.41,17.78,19,45
21714,46.24,18,26.43,57.8,19,45
21712,45.72,14,33.49,63.89,19,45
21714,3.98,5,50.62,62.09,19,45
21715,86.77,21,24.68,57.58,19,45
21716,1.56,3,28.71,41.83,19,45
21719,4.88,10,57.95,65.16,19,45
21720,0.51,10,30.28,19.81,19,46
21721,48.31,20,50.63,57.56,19,46
21719,88.69,32,35.0,53.96,19,46
21721,0.81,8,8.54,43.79,19,46
21723,30.66,13,47.26,69.93,19,46
21723,1.54,4,45.41,14.09,19,46
21723,46.03,15,34.93,66.89,19,46
21725,58.05,22,33.03,52.72,19,46
21725,4.08,10,24.82,65.3,19,46
21727,3.58,1,31.65,58.13,19,46
21730,2.65,8,22.32,56.3,19,46
21729,64.26,24,32.93,44.39,19,46
21729,79.28,31,31.13,17.55,19,46
21731,58.29,23,34.9,69.24,19,46
21732,54.8,14,25.17,45.65,19,46
21732,4.92,6,20.71,11.74,19,46
21736,1.74,3,27.0,57.99,19,46
21735,1.09,3,20.74,41.67,19,46
21738,44.24,17,25.62,51.23,19,46
21737,2.46,10,53.63,88.25,19,46
21737,3.98,1,9.09,61.16,19,46
21739,53.97,17,29.31,47.64,19,46
21739,95.37,35,34.36,52.83,19,46
21741,45.51,14,20.44,48.3,19,46
21742,3.99,3,23.59,19.85,19,46
21742,42.36,12,26.75,44.3,19,46
21745,64.31,22,32.74,58.35,19,46
21746,75.2,18,34.56,48.7,19,46
21747,49.2,27,7.89,65.81,19,46
21749,4.98,3,21.8,86.42,19,46
21748,63.28,17,32.78,67.89,19,46
21750,4.23,3,21.29,49.95,19,46
21750,84.01,33,26.49,61.53,19,46
21750,4.23,4,29.63,50.93,19,46
21754,68.5,30,5.81,59.51,19,46
21754,1.01,1,51.84,68.69,19,46
21755,0.78,10,6.79,12.88,19,46
21756,91.89,22,22.69,48.26,19,46
21755,57.85,26,9.58,66.02,19,46
21757,59.29,34,9.71,86.82,19,46
21759,88.45,30,30.54,55.4,19,46
21761,0.23,6,34.09,85.82,19,46
21762,2.04,2,29.92,18.23,19,46
21761,2.32,4,24.96,42.48,19,46
21763,39.92,15,34.94,49.6,19,46
21763,108.58,31,23.38,42.78,19,46
21764,4.82,10,7.38,64.71,19,46
21764,102.91,30,20.2,49.63,19,46
21767,71.72,22,22.65,55.24,19,46
21767,2.97,3,27.07,40.61,19,46
21769,31.83,20,46.18,65.49,19,46
21771,2.72,8,24.95,43.16,19,46
21771,0.88,2,55.19,91.58,19,46
21771,39.69,19,9.16,62.76,19,46
21773,3.35,1,25.98,52.6,19,46
21774,0.86,8,31.65,49.29,19,46
21773,0.18,2,26.59,66.95,19,46
21776,55.73,14,29.13,65.17,19,46
21777,59.62,22,25.99,87.22,19,46
21777,97.88,29,30.8,63.68,19,46
21778,92.73,23,20.88,64.79,19,47
21779,2.3,5,25.39,51.52,19,47
21780,62.41,22,25.31,94.03,19,47
21782,2.35,9,30.87,48.57,19,47
21782,29.86,14,9.92,58.61,19,47
21785,53.45,19,21.43,93.97,19,47
21785,86.52,31,25.41,65.22,19,47
21786,3.69,6,27.08,56.9,19,47
21787,0.45,4,53.93,64.63,19,47
21789,28.83,19,5.95,67.53,19,47
21790,83.11,29,34.04,16.56,19,47
21791,98.08,31,24.38,52.53,19,47
21789,66.34,19,31.08,53.95,19,47
21790,54.9,26,29.02,11.44,19,47
21794,53.05,22,58.45560000000002,52.14,19,47
21794,38.97,15,31.91,69.07,19,47
21794,1.2,2,28.86,68.8,19,47
21796,33.44,20,5.53,43.19,19,47
21796,26.82,14,7.87,47.13,19,47
21797,0.88,10,26.79,65.64,19,47
21797,63.71,18,26.65,55.44,19,47
21800,1.98,7,29.63,49.6,19,47
21802,4.07,1,20.76,64.52,19,47
21803,2.6,7,20.67,67.39,19,47
21801,93.13,33,21.53,65.37,19,47
21802,125.17,33,34.82,61.79,19,47
21804,0.65,4,5.64,57.34,19,47
21807,97.55,33,34.71,40.46,19,47
21805,46.61,23,5.53,40.19,19,47
21806,3.68,5,31.19,60.47,19,47
21810,86.63,34,20.25,91.92,19,47
21808,82.55,30,32.57,62.41,19,47
21811,1.14,2,31.77,41.94,19,47
21813,4.99,10,29.9,51.32,19,47
21813,116.67,35,30.37,61.77,19,47
21814,53.52,24,50.94,62.99,19,47
21816,0.83,2,46.01,65.03,19,47
21816,82.2,31,20.54,58.66,19,47
21818,4.01,4,23.15,12.0,19,47
21817,2.28,4,7.16,50.66,19,47
21818,61.1,16,31.85,53.32,19,47
21818,1.88,1,33.69,46.83,19,47
21819,68.02,19,22.25,50.78,19,47
21823,69.63,17,28.12,55.73,19,47
21821,2.64,4,31.09,41.6,19,47
21825,0.57,4,25.06,69.99,19,47
21826,1.5,4,32.79,61.98,19,47
21827,42.62,17,45.05,52.38,19,47
21825,108.68,26,24.57,64.7,19,47
21829,39.1,13,20.13,67.66,19,47
21830,94.08,24,32.87,40.41,19,47
21829,24.58,14,54.53,12.45,19,47
21829,65.17,17,28.42,58.16,19,47
21833,2.72,3,23.78,53.63,19,47
21833,4.48,2,26.85,47.38,19,47
21834,69.43,27,21.23,60.65,19,47
21836,19.66,12,58.3,66.41,19,47
21836,131.4,32,22.74,51.16,19,47
21838,126.61,32,27.39,57.75,19,47
21838,0.5,2,6.75,85.95,19,47
21839,38.68,19,55.93,64.28,19,48
21840,106.74,28,31.94,59.54,19,48
21841,1.4,5,32.19,58.27,19,48
21843,3.65,4,34.11,47.2,19,48
21842,3.62,9,29.23,55.96,19,48
21845,67.44,29,58.45560000000002,65.74,19,48
21843,42.92,12,32.22,58.68,19,48
21847,98.2,27,28.34,43.95,19,48
21845,95.38,25,23.43,64.4,19,48
21846,132.77120000000002,34,27.05,61.22,19,48
21849,113.6,35,24.31,41.76,19,48
21851,0.26,8,33.67,53.45,19,48
21851,70.88,21,29.76,44.85,19,48
21851,97.14,24,22.62,56.62,19,48
21852,65.29,24,33.27,59.05,19,48
21854,42.93,14,32.17,43.61,19,48
21856,55.53,19,23.64,64.4,19,48
21854,1.22,4,33.51,16.44,19,48
21855,88.29,23,30.78,46.61,19,48
21856,82.42,35,22.93,18.51,19,48
21860,104.2,25,21.4,40.33,19,48
21858,65.28,21,25.25,64.69,19,48
21861,3.12,7,30.93,68.55,19,48
21861,4.56,2,28.07,91.11,19,48
21863,2.7,3,27.91,46.92,19,48
21862,2.03,3,22.48,53.69,19,48
21863,0.54,3,24.34,69.09,19,48
21865,4.52,5,31.61,43.64,19,48
21868,36.3,14,30.36,55.57,19,48
21866,80.87,32,32.54,41.43,19,48
21870,64.77,16,20.18,54.31,19,48
21871,4.52,11,20.17,42.93,19,48
21871,38.48,23,54.21,41.71,19,48
21873,26.34,15,45.84,58.47,19,48
21873,66.03,31,6.21,58.11,19,48
21874,0.81,4,28.53,54.84,19,48
21875,35.14,12,34.84,57.59,19,48
21875,50.8,29,8.1,68.62,19,48
21875,3.36,5,29.38,41.85,19,48
21879,24.26,22,8.91,94.03,19,48
21877,81.63,27,31.53,51.2,19,48
21878,38.82,14,31.45,16.47,19,48
21882,117.34,28,26.06,59.54,19,48
21881,4.14,9,30.76,49.31,19,48
21881,121.48,34,20.39,47.34,19,48
21885,84.0,33,23.35,51.64,19,48
21883,0.83,2,32.25,64.13,19,48
21884,110.52,28,21.39,47.34,19,48
21887,65.34,18,26.37,55.52,19,48
21889,39.02,15,33.43,43.06,19,48
21890,62.2,16,29.25,63.17,19,48
21890,4.66,6,34.16,58.31,19,48
21890,43.99,18,8.25,51.75,19,48
21891,75.37,27,29.16,17.46,19,48
21891,27.45,13,9.8,43.52,19,48
21895,2.25,2,30.48,91.32,19,48
21896,33.91,13,34.29,15.81,19,48
21897,67.82,35,9.08,54.73,19,48
21897,63.01,22,26.73,62.75,19,48
21897,0.18,7,22.5,64.88,19,48
21900,25.51,16,52.88,67.53,19,49
21899,44.98,13,27.49,87.22,19,49
21902,1.04,11,22.84,65.06,19,49
21903,61.2,30,32.05,90.1,19,49
21903,77.99,20,22.76,57.5,19,49
21903,48.96,22,26.85,11.27,19,49
21906,2.02,1,49.05,50.4,19,49
21906,82.88,29,23.68,16.5,19,49
21907,4.4,2,21.9,47.86,19,49
21907,51.79,28,58.45560000000002,56.56,19,49
21907,4.79,9,22.87,52.41,19,49
21910,113.13,30,30.77,68.13,19,49
21910,27.28,13,31.34,18.71,19,49
21912,68.35,28,58.27,54.38,19,49
21914,0.68,8,23.97,42.03,19,49
21913,1.88,3,8.58,60.28,19,49
21914,55.93,30,45.07,52.97,19,49
21916,2.4,4,21.68,60.92,19,49
21917,73.94,21,24.4,62.57,19,49
21919,58.19,14,31.7,42.76,19,49
21918,3.94,9,32.18,50.51,19,49
21921,76.32,21,22.28,51.52,19,49
21922,1.47,5,26.43,46.26,19,49
21921,91.12,26,31.16,89.63,19,49
21924,75.57,27,26.06,46.76,19,49
21923,4.7,6,21.74,43.01,19,49
21926,75.81,33,54.0,41.87,19,49
21926,67.88,17,34.48,47.09,19,49
21926,48.89,20,8.41,62.07,19,49
21929,82.01,35,6.85,60.52,19,49
21927,40.67,14,29.72,54.88,19,49
21930,0.9,10,29.79,90.34,19,49
21931,79.6,21,30.84,41.16,19,49
21931,91.34,30,28.62,54.3,19,49
21932,45.09,20,9.93,45.26,19,49
21934,3.72,2,27.35,44.03,19,49
21935,70.54,27,22.7,41.46,19,49
21936,95.4,25,25.5,53.81,19,49
21937,44.36,16,24.79,61.92,19,49
21938,75.05,26,24.64,12.47,19,49
21938,0.97,7,30.97,60.2,19,49
21939,3.85,6,34.9,89.77,19,49
21939,63.99,16,32.45,50.16,19,49
21943,45.21,26,56.18,91.92,19,49
21941,52.04,23,23.88,93.13,19,49
21943,109.46,29,30.14,56.43,19,49
21946,3.84,1,34.74,59.6,19,49
21947,3.65,7,29.36,65.38,19,49
21948,4.66,9,29.34,40.6,19,49
21946,76.7,24,21.72,45.35,19,49
21950,1.61,5,25.07,93.46,19,49
21950,1.07,3,21.34,67.81,19,49
21951,56.98,27,23.96,17.71,19,49
21950,59.88,17,23.39,53.35,19,49
21954,39.54,16,56.93,55.46,19,49
21955,4.67,4,22.28,88.05,19,49
21956,2.98,2,20.19,17.7,19,49
21954,37.37,15,7.12,58.47,19,49
21956,105.5,29,25.18,59.04,19,49
21958,94.3,33,24.5,65.75,19,49
21958,45.85,13,27.1,47.93,19,50
21961,43.42,16,28.16,69.74,19,50
21959,72.27,20,23.37,63.37,19,50
21961,40.74,14,24.1,59.54,19,50
21963,29.35,12,32.64,94.03,19,50
21965,72.9,28,32.79,47.97,19,50
21965,75.58,26,32.76,64.25,19,50
21966,93.07,27,21.67,61.13,19,50
21968,69.44,32,5.53,59.9,19,50
21967,132.39,34,20.08,59.93,19,50
21967,27.74,17,5.66,85.05,19,50
21968,65.22,29,26.31,12.73,19,50
21970,29.15,13,54.92,43.3,19,50
21970,61.28,35,20.61,18.46,19,50
21972,52.6,13,33.98,56.81,19,50
21972,2.87,10,6.52,68.31,19,50
21973,0.47,5,24.16,13.72,19,50
21977,1.9,9,57.46,52.12,19,50
21977,21.39,12,31.83,93.76,19,50
21979,2.95,11,27.88,67.02,19,50
21979,102.35,25,24.3,44.48,19,50
21978,3.88,10,22.27,67.84,19,50
21979,37.89,21,24.32,94.03,19,50
21983,24.89,12,7.63,68.77,19,50
21982,87.23,29,20.4,69.8,19,50
21984,126.43,32,29.22,60.06,19,50
21985,72.58,29,9.12,51.47,19,50
21984,31.26,24,55.29,18.8,19,50
21985,3.54,3,21.64,40.91,19,50
21989,3.42,1,33.49,45.71,19,50
21987,4.52,10,23.4,63.66,19,50
21990,86.37,23,30.92,54.65,19,50
21991,3.17,8,22.99,40.14,19,50
21991,43.55,18,51.0,52.66,19,50
21991,0.63,8,50.56,66.28,19,50
21992,55.87,25,45.63,46.97,19,50
21993,62.81,28,7.14,43.93,19,50
21995,65.4,16,21.85,56.07,19,50
21995,1.78,7,22.7,53.16,19,50
21999,44.82,16,32.02,66.64,19,50
21997,102.06,34,28.77,45.98,19,50
22001,61.86,35,53.96,40.91,19,50
22002,39.92,22,8.92,49.55,19,50
22001,0.44,5,34.05,87.48,19,50
22001,49.2,24,8.21,61.17,19,50
22004,129.19,31,33.11,67.16,19,50
22003,35.03,33,48.52,91.4,19,50
22004,66.27,33,28.75,92.3,19,50
22007,2.83,5,29.63,55.28,19,50
22007,25.65,15,6.1,45.07,19,50
22007,85.7,21,21.31,41.56,19,50
22008,61.73,17,21.24,41.44,19,50
22010,117.1,31,20.65,47.13,19,50
22012,105.66,30,30.77,52.41,19,50
22013,52.19,16,26.56,61.02,19,50
22014,49.61,18,20.82,67.74,19,50
22016,60.71,24,33.25,55.09,19,50
22014,132.77120000000002,35,33.57,49.36,19,50
22017,58.03,23,32.56,91.29,19,50
22018,45.32,15,30.14,59.49,19,50
22017,75.48,26,32.65,65.91,19,51
22021,53.01,29,30.61,11.14,19,51
22022,92.94,30,32.56,46.39,19,51
22022,4.07,3,27.03,52.75,19,51
22021,1.59,11,23.5,11.14,19,51
22025,1.97,7,31.52,92.8,19,51
22023,53.26,15,22.06,46.89,19,51
22024,1.38,7,6.87,61.05,19,51
22028,59.64,18,34.43,52.53,19,51
22029,2.38,9,28.02,94.03,19,51
22030,40.32,12,20.28,60.51,19,51
22031,63.67,19,29.0,69.97,19,51
22030,2.5,10,31.2,89.75,19,51
22030,45.02,13,20.26,86.7,19,51
22033,52.09,20,24.87,51.56,19,51
22032,86.2,30,20.69,52.16,19,51
22036,0.25,2,27.11,65.45,19,51
22035,55.73,23,45.8,63.12,19,51
22035,57.06,15,33.07,43.15,19,51
22036,44.35,16,33.77,58.17,19,51
22040,2.12,7,7.41,53.49,19,51
22039,65.26,17,22.96,60.27,19,51
22040,1.78,2,24.07,11.14,19,51
22043,40.04,22,34.68,13.05,19,51
22044,55.23,16,32.0,42.01,19,51
22045,35.32,23,6.35,56.81,19,51
22045,59.0,24,56.51,46.94,19,51
22045,64.7,28,9.84,44.7,19,51
22045,33.19,16,57.89,47.22,19,51
22049,2.38,5,29.63,19.24,19,51
22049,93.52,30,34.08,50.03,19,51
22051,0.52,5,26.76,19.29,19,51
22052,84.51,29,27.0,63.64,19,51
22050,0.18,9,22.32,52.65,19,51
22053,30.26,19,8.84,48.43,19,51
22055,58.18,14,26.74,49.22,19,51
22053,79.88,21,27.99,46.36,19,51
22054,2.29,3,9.94,90.98,19,51
22055,39.18,13,28.6,56.13,19,51
22056,96.25,24,24.35,43.94,19,51
22057,1.75,9,30.16,67.35,19,51
22059,50.66,20,32.09,13.5,19,51
22060,80.92,25,31.93,41.65,19,51
22060,3.72,10,49.64,66.97,19,51
22063,3.53,5,33.46,56.05,19,51
22063,68.3,17,22.58,60.88,19,51
22065,0.66,1,23.69,51.73,19,51
22067,132.03,33,30.37,44.15,19,51
22066,0.69,8,20.45,51.42,19,51
22066,33.88,19,8.13,53.5,19,51
22067,94.06,33,27.95,65.79,19,51
22069,0.63,3,28.78,69.76,19,51
22072,58.94,22,33.4,41.74,19,51
22072,1.66,10,26.81,69.51,19,51
22074,82.0,32,31.28,92.45,19,51
22075,4.51,9,25.02,41.54,19,51
22075,1.64,9,33.07,66.97,19,51
22074,71.88,24,25.23,43.68,19,51
22076,64.47,22,20.77,44.2,19,51
22079,132.77120000000002,35,24.42,41.7,19,51
22078,70.93,20,31.08,64.31,19,52
22080,2.23,9,28.67,45.68,19,52
22081,1.33,8,23.11,53.57,19,52
22082,58.25,14,23.88,59.46,19,52
22082,73.89,30,58.45560000000002,42.18,19,52
22085,4.89,9,20.13,86.59,19,52
22086,62.36,15,29.75,42.59,19,52
22084,94.76,30,28.85,65.28,19,52
22087,79.17,27,20.44,58.15,19,52
22089,63.02,16,24.69,46.35,19,52
22087,132.27,33,24.7,64.69,19,52
22089,42.07,13,21.21,41.2,19,52
22092,3.42,9,26.29,67.15,19,52
22090,4.57,4,27.85,11.65,19,52
22091,54.96,23,57.75,55.05,19,52
22092,3.46,5,21.91,50.51,19,52
22094,3.08,8,30.37,49.49,19,52
22095,104.15,26,26.71,46.65,19,52
22097,97.08,24,27.5,54.52,19,52
22096,45.93,23,25.33,17.63,19,52
22098,0.21,5,34.03,48.3,19,52
22098,68.03,31,7.61,41.42,19,52
22102,60.79,25,26.17,11.14,19,52
22102,60.48,32,6.03,89.97,19,52
22103,55.4,33,58.41,11.29,19,52
22103,65.95,31,57.97,61.75,19,52
22105,112.98,32,29.87,42.79,19,52
22105,4.35,9,23.33,64.02,19,52
22106,43.6,18,8.2,56.49,19,52
22106,4.17,2,27.79,69.15,19,52
22107,109.3,31,28.52,65.32,19,52
22109,42.32,13,31.11,41.09,19,52
22111,63.12,21,22.83,60.29,19,52
22110,57.64,19,32.79,58.06,19,52
22114,3.32,4,22.52,62.15,19,52
22113,3.56,1,27.66,44.64,19,52
22113,1.08,11,25.65,59.47,19,52
22115,131.46,34,20.77,66.64,19,52
22116,45.91,16,26.97,51.11,19,52
22117,2.15,2,21.18,62.04,19,52
22119,59.86,18,24.42,57.97,19,52
22118,5.0,6,22.75,45.69,19,52
22119,100.91,29,21.92,66.88,19,52
22122,4.52,1,9.42,41.22,19,52
22122,0.39,6,30.34,57.78,19,52
22122,91.4,34,28.09,49.41,19,52
22123,70.47,28,30.17,43.56,19,52
22125,92.62,23,28.02,64.42,19,52
22127,72.04,21,33.66,42.23,19,52
22128,30.95,13,57.4,61.68,19,52
22128,97.72,32,30.22,49.9,19,52
22129,47.61,15,24.66,60.75,19,52
22131,4.07,2,20.61,54.89,19,52
22130,1.58,1,56.12,18.12,19,52
22134,2.95,2,32.23,48.2,19,52
22134,40.44,15,29.73,53.99,19,52
22135,47.34,26,57.31,62.67,19,52
22136,1.81,9,7.58,42.87,19,52
22137,67.15,18,29.93,65.2,19,52
22138,35.26,13,24.56,68.1,19,52
22137,3.0,9,32.13,69.57,19,53
22140,77.84,28,26.92,93.81,19,53
22141,61.81,15,28.53,89.78,19,53
22140,109.23,35,24.73,42.9,19,53
22144,1.46,2,5.53,54.37,19,53
22145,86.01,31,20.58,68.87,19,53
22145,90.64,28,29.72,43.09,19,53
22146,100.1,27,31.66,45.93,19,53
22147,68.18,19,24.15,47.77,19,53
22147,72.21,20,27.39,51.38,19,53
22147,70.16,25,25.39,60.29,19,53
22150,102.68,28,32.21,89.8,19,53
22149,41.04,20,9.25,61.19,19,53
22152,69.01,24,28.0,40.91,19,53
22151,132.77120000000002,33,33.4,42.91,19,53
22155,4.12,3,28.94,19.73,19,53
22156,73.63,27,20.83,59.24,19,53
22155,42.02,13,21.79,42.54,19,53
22158,2.91,1,26.05,54.44,19,53
22156,59.68,25,58.45560000000002,43.69,19,53
22159,1.95,9,32.36,85.2,19,53
22159,63.18,18,29.83,46.68,19,53
22162,108.39,35,27.16,43.62,19,53
22160,24.94,21,45.36,16.22,19,53
22161,61.64,30,7.58,40.28,19,53
22165,96.72,26,33.1,55.41,19,53
22166,108.31,34,22.67,56.91,19,53
22165,78.74,25,20.06,88.84,19,53
22165,77.39,35,56.72,44.24,19,53
22166,33.42,13,28.59,93.09,19,53
22169,36.9,14,31.1,53.29,19,53
22168,76.41,19,27.78,45.55,19,53
22172,58.31,30,6.05,60.5,19,53
22171,2.78,3,5.97,46.1,19,53
22171,2.85,5,21.92,64.19,19,53
22173,127.63,31,30.16,61.78,19,53
22174,66.48,17,20.46,60.14,19,53
22176,81.81,25,21.63,49.25,19,53
22177,117.72,35,28.45,68.27,19,53
22179,32.1,22,8.69,18.25,19,53
22180,28.07,18,8.8,58.52,19,53
22178,74.45,19,32.64,41.16,19,53
22179,63.72,16,32.43,45.08,19,53
22183,59.68,21,34.98,45.57,19,53
22184,3.28,9,22.82,53.03,19,53
22185,1.72,7,34.17,58.07,19,53
22186,0.66,8,25.11,66.94,19,53
22187,35.75,18,9.54,69.85,19,53
22187,66.47,32,29.06,11.47,19,53
22187,47.49,16,23.94,69.91,19,53
22187,41.85,15,23.2,19.62,19,53
22188,121.09,32,29.88,40.21,19,53
22189,0.18,11,31.77,56.05,19,53
22190,2.72,1,5.67,14.46,19,53
22191,35.36,27,6.97,90.91,19,53
22194,0.25,1,26.37,55.98,19,53
22193,2.54,3,21.72,19.86,19,53
22197,90.0,35,26.16,47.82,19,53
22196,3.98,1,34.53,18.37,19,53
22197,4.36,4,29.28,47.81,19,53
22200,110.91,35,27.28,47.89,19,54
22199,3.46,3,30.52,48.21,19,54
22200,18.93,15,8.41,19.55,19,54
22202,77.6,20,26.99,86.97,19,54
22203,70.59,24,24.43,67.71,19,54
22205,4.92,7,30.78,16.85,19,54
22205,63.35,27,8.55,67.9,19,54
22204,91.43,25,21.49,58.96,19,54
22207,113.1,27,33.33,52.03,19,54
22208,96.01,35,30.26,64.42,19,54
22210,35.56,13,21.34,59.72,19,54
22211,63.04,24,31.15,69.0,19,54
22210,1.62,10,9.93,48.83,19,54
22210,47.89,14,26.66,48.15,19,54
22212,4.08,11,51.3,68.59,19,54
22215,4.86,1,9.15,16.6,19,54
22216,1.57,9,46.33,44.92,19,54
22214,84.98,30,30.26,93.51,19,54
22218,75.32,26,20.14,47.71,19,54
22217,0.65,5,22.49,45.62,19,54
22220,21.6,14,56.4,63.68,19,54
22219,3.89,9,30.9,86.14,19,54
22219,0.66,1,53.54,42.09,19,54
22221,2.99,3,29.86,46.63,19,54
22223,3.02,3,53.46,40.82,19,54
22222,70.45,22,27.43,67.16,19,54
22225,4.94,3,8.13,85.65,19,54
22226,99.91,32,27.87,54.4,19,54
22225,121.25,32,34.75,65.63,19,54
22227,72.9,28,24.82,62.24,19,54
22229,54.42,31,7.15,63.99,19,54
22231,57.65,21,26.73,86.33,19,54
22232,53.39,18,26.3,63.31,19,54
22231,57.11,34,6.16,42.46,19,54
22233,2.41,8,23.71,47.2,19,54
22234,68.05,27,21.48,49.3,19,54
22233,57.86,33,6.02,62.58,19,54
22237,33.07,13,33.25,68.03,19,54
22235,2.89,10,33.85,43.49,19,54
22237,78.84,24,33.08,49.46,19,54
22237,59.41,17,26.47,53.76,19,54
22240,80.6,32,33.57,41.87,19,54
22241,1.38,1,5.66,48.77,19,54
22243,101.87,26,34.52,49.24,19,54
22243,0.67,11,29.13,11.23,19,54
22242,76.79,29,22.54,47.94,19,54
22245,127.05,34,28.51,61.08,19,54
22247,121.73,33,32.55,58.18,19,54
22247,56.72,20,27.66,88.47,19,54
22248,3.22,8,20.1,46.7,19,54
22249,91.57,27,28.04,45.6,19,54
22249,61.95,16,20.21,40.46,19,54
22250,0.29,9,22.21,69.12,19,54
22251,83.87,30,31.45,51.68,19,54
22253,124.17,33,23.07,56.17,19,54
22254,55.51,24,6.97,45.91,19,54
22253,53.64,21,29.63,67.58,19,54
22257,125.22,32,28.25,89.96,19,54
22258,37.07,22,8.6,63.34,19,54
22257,39.05,21,20.86,19.56,19,54
22258,1.29,7,30.7,60.35,19,55
22261,60.36,17,29.57,54.03,19,55
22260,91.32,30,27.07,66.28,19,55
22263,86.85,31,22.2,11.17,19,55
22262,1.21,2,20.11,56.91,19,55
22265,30.84,17,45.25,47.3,19,55
22265,3.12,5,21.76,59.03,19,55
22264,84.03,27,21.62,43.97,19,55
22267,85.11,21,28.83,60.72,19,55
22268,97.8,33,29.38,68.21,19,55
22268,48.24,14,32.67,62.69,19,55
22271,34.57,20,46.05,42.12,19,55
22271,4.64,3,8.37,18.35,19,55
22273,118.8,30,30.08,59.81,19,55
22272,100.14,29,32.56,57.66,19,55
22273,1.77,2,21.63,11.79,19,55
22275,4.07,1,30.92,53.82,19,55
22276,42.83,27,52.24,50.19,19,55
22277,54.99,22,26.9,17.56,19,55
22277,30.18,13,22.79,18.44,19,55
22277,28.86,15,28.53,17.71,19,55
22281,3.9,8,22.82,59.07,19,55
22280,78.8,27,27.07,58.14,19,55
22280,66.97,18,27.47,89.19,19,55
22282,71.67,28,29.66,53.43,19,55
22285,41.72,14,31.8,42.56,19,55
22285,0.18,4,49.87,54.52,19,55
22284,33.55,25,9.66,90.05,19,55
22287,74.42,20,30.21,41.93,19,55
22289,4.52,1,27.9,40.24,19,55
22287,57.82,21,32.59,60.31,19,55
22290,117.36,29,34.24,89.05,19,55
22291,2.97,10,27.27,14.59,19,55
22292,80.3,20,31.93,47.86,19,55
22293,65.06,20,33.64,69.59,19,55
22294,122.59,33,23.97,41.92,19,55
22293,93.4,24,32.07,47.23,19,55
22296,0.18,5,24.73,88.76,19,55
22298,46.8,21,50.63,55.52,19,55
22297,80.2,35,6.47,69.88,19,55
22297,43.95,16,22.32,52.47,19,55
22299,31.85,17,8.6,46.78,19,55
22300,66.14,35,24.71,17.87,19,55
22303,83.63,27,29.35,67.24,19,55
22304,61.17,29,5.53,41.12,19,55
22302,4.78,5,6.01,62.93,19,55
22304,18.47,12,49.11,64.49,19,55
22306,44.04,22,7.3,56.87,19,55
22306,3.81,4,33.81,54.64,19,55
22308,94.38,33,32.98,41.87,19,55
22308,99.93,32,21.63,67.22,19,55
22309,4.68,1,55.25,46.78,19,55
22310,38.68,35,46.14,11.14,19,55
22310,1.79,6,30.82,63.56,19,55
22314,85.24,29,24.35,49.08,19,55
22312,85.84,33,26.97,65.59,19,55
22313,70.09,25,28.75,52.37,19,55
22317,4.5,3,23.87,14.39,19,55
22317,62.9,15,25.65,41.63,19,55
22317,79.03,20,31.47,65.23,19,55
22319,61.81,16,29.32,49.79,19,56
22319,48.62,20,21.24,92.39,19,56
22321,118.71,29,24.82,50.1,19,56
22321,68.67,20,27.52,63.44,19,56
22324,4.0,5,27.57,49.72,19,56
22324,93.26,27,23.1,49.28,19,56
22323,22.83,14,8.18,45.75,19,56
22326,73.04,25,29.14,63.26,19,56
22325,25.79,14,20.56,17.47,19,56
22327,101.7,29,32.15,59.88,19,56
22329,36.54,24,57.31,43.02,19,56
22331,3.91,6,26.57,65.73,19,56
22329,2.25,9,50.85,12.24,19,56
22333,51.53,19,24.75,89.54,19,56
22333,75.31,22,22.35,48.9,19,56
22333,4.14,7,22.9,44.97,19,56
22335,51.92,16,27.83,88.39,19,56
22335,73.73,21,25.49,64.97,19,56
22336,74.25,25,32.26,40.15,19,56
22338,75.89,21,34.94,44.44,19,56
22338,29.76,16,28.12,14.67,19,56
22340,55.18,14,31.06,49.83,19,56
22341,108.81,35,22.55,41.53,19,56
22343,0.22,5,22.73,16.94,19,56
22343,59.27,21,22.49,50.38,19,56
22344,1.84,5,48.88,51.1,19,56
22344,91.51,23,25.31,68.9,19,56
22347,114.6,32,21.77,66.35,19,56
22346,93.62,34,24.12,47.73,19,56
22346,78.47,27,28.95,43.71,19,56
22348,57.55,17,22.32,56.07,19,56
22348,1.1,11,30.45,60.15,19,56
22352,2.33,5,25.4,43.08,19,56
22353,68.77,31,33.37,13.26,19,56
22351,25.05,12,8.47,62.03,19,56
22352,48.44,29,8.81,66.61,19,56
22355,2.31,5,23.17,89.66,19,56
22357,102.97,29,26.29,48.33,19,56
22355,132.77120000000002,34,23.74,40.2,19,56
22356,64.46,33,45.24,57.42,19,56
22357,53.6,23,29.72,11.14,19,56
22358,66.61,18,22.0,50.36,19,56
22360,4.23,6,31.21,55.97,19,56
22361,40.7,24,6.97,43.54,19,56
22361,87.45,31,27.84,87.13,19,56
22364,46.94,13,28.5,49.87,19,56
22363,64.83,18,33.21,66.73,19,56
22364,60.2,24,6.26,88.4,19,56
22366,78.08,28,30.08,58.93,19,56
22368,88.03,33,25.4,11.64,19,56
22368,4.46,5,50.77,68.09,19,56
22369,120.85,32,26.74,63.4,19,56
22369,62.02,21,27.77,57.42,19,56
22373,1.71,11,26.4,56.93,19,56
22374,45.39,25,7.92,67.48,19,56
22375,2.1,7,26.07,49.17,19,56
22376,2.59,8,32.03,11.14,19,56
22374,51.8,17,20.19,53.4,19,56
22376,45.41,20,6.86,42.21,19,56
22377,108.92,30,34.72,41.36,19,56
22380,44.23,15,31.74,48.76,19,57
22380,56.75,34,48.02,93.09,19,57
22382,2.1,6,20.06,53.59,19,57
22382,3.88,6,31.29,64.25,19,57
22384,49.7,16,26.71,46.03,19,57
22385,91.23,24,26.55,53.93,19,57
22385,29.09,20,5.53,16.72,19,57
22387,44.5,21,5.78,42.2,19,57
22388,37.79,12,29.38,44.8,19,57
22387,2.08,6,29.36,11.33,19,57
22390,74.14,28,31.66,61.16,19,57
22391,2.06,8,32.25,45.48,19,57
22392,97.02,24,33.23,40.07,19,57
22390,67.17,30,46.24,58.29,19,57
22393,93.81,35,27.71,16.03,19,57
22394,3.27,7,24.86,63.42,19,57
22395,48.11,15,30.38,50.04,19,57
22397,77.27,19,30.12,69.86,19,57
22395,93.69,32,23.34,48.91,19,57
22399,75.12,19,30.65,62.78,19,57
22398,52.57,26,9.68,43.61,19,57
22399,66.6,23,27.64,68.28,19,57
22401,34.8,22,52.27,51.92,19,57
22400,82.43,27,31.4,57.28,19,57
22404,1.38,6,34.74,51.38,19,57
22403,29.97,18,46.27,60.15,19,57
22405,1.3,10,27.83,94.03,19,57
22404,56.4,23,58.45560000000002,59.38,19,57
22405,68.34,32,8.48,52.33,19,57
22408,4.51,2,29.13,62.69,19,57
22407,113.66,34,22.36,49.33,19,57
22411,82.9,28,27.76,40.65,19,57
22412,91.18,32,26.93,13.29,19,57
22410,57.9,18,34.33,69.05,19,57
22411,67.06,18,24.16,46.26,19,57
22413,2.42,4,8.68,65.91,19,57
22416,0.68,1,20.62,45.69,19,57
22417,131.65,33,24.62,63.98,19,57
22417,38.1,20,52.78,63.84,19,57
22418,33.64,13,31.5,50.98,19,57
22419,44.71,22,20.57,17.07,19,57
22420,38.24,14,29.03,61.44,19,57
22419,62.78,22,31.91,50.06,19,57
22421,2.48,7,20.93,16.25,19,57
22421,62.48,35,28.27,14.67,19,57
22424,47.7,23,52.11,51.23,19,57
22423,57.9,23,29.3,49.02,19,57
22426,81.05,26,23.21,69.92,19,57
22428,119.92,32,33.33,57.2,19,57
22428,39.82,15,29.54,19.8,19,57
22427,3.02,9,29.83,85.13,19,57
22428,60.13,19,32.96,55.54,19,57
22430,36.31,13,28.8,47.31,19,57
22430,46.89,14,31.73,47.15,19,57
22431,0.64,9,45.78,87.54,19,57
22432,89.58,35,27.96,43.7,19,57
22436,1.54,2,22.93,45.15,19,57
22434,1.0,3,28.99,44.69,19,57
22437,65.35,30,6.02,40.07,19,57
22437,69.16,19,33.66,50.4,19,57
22437,63.61,24,27.67,50.26,19,58
22439,23.6,19,6.34,90.45,19,58
22439,48.67,20,53.4,59.61,19,58
22441,55.3,23,24.23,11.14,19,58
22444,98.21,24,20.32,86.28,19,58
22442,41.89,19,26.34,94.03,19,58
22443,92.82,29,29.46,51.69,19,58
22446,4.21,10,29.75,11.14,19,58
22446,40.28,13,22.32,50.39,19,58
22447,96.67,25,20.27,41.07,19,58
22450,97.22,33,32.04,64.64,19,58
22448,37.79,15,58.45560000000002,49.19,19,58
22449,50.66,18,34.46,60.89,19,58
22451,65.6,35,58.45560000000002,50.05,19,58
22454,1.19,6,32.69,69.84,19,58
22453,43.31,20,6.54,48.59,19,58
22455,71.74,23,26.13,57.47,19,58
22455,89.45,29,27.85,58.81,19,58
22457,1.67,1,26.79,45.95,19,58
22458,71.71,28,22.08,12.26,19,58
22458,30.89,15,50.95,68.37,19,58
22459,99.37,33,28.39,42.23,19,58
22462,71.73,18,26.16,61.01,19,58
22463,3.44,11,29.92,59.59,19,58
22462,1.74,4,27.76,66.23,19,58
22462,89.15,34,29.6,18.38,19,58
22463,54.67,25,7.28,69.48,19,58
22465,33.25,15,51.62,67.98,19,58
22467,1.05,7,25.24,19.09,19,58
22469,37.2,13,32.15,62.43,19,58
22467,71.41,20,22.21,42.4,19,58
22469,66.42,35,34.74,19.57,19,58
22470,98.87,29,31.41,55.05,19,58
22473,31.44,13,54.8,54.46,19,58
22472,27.43,14,52.59,56.45,19,58
22474,84.78,29,22.95,46.81,19,58
22475,40.97,17,55.57,58.02,19,58
22474,55.29,27,6.48,68.02,19,58
22477,67.4,32,8.06,55.34,19,58
22479,40.58,12,32.68,47.25,19,58
22480,4.57,1,26.43,52.6,19,58
22479,40.03,14,28.51,45.67,19,58
22482,89.07,32,33.77,92.08,19,58
22481,50.44,27,6.9,52.31,19,58
22483,86.58,26,34.17,51.6,19,58
22483,52.58,23,23.2,91.66,19,58
22486,55.58,20,25.54,56.93,19,58
22484,0.91,7,30.98,48.84,19,58
22485,101.01,26,26.12,88.82,19,58
22486,30.85,13,9.36,88.51,19,58
22487,4.38,7,46.23,68.8,19,58
22488,89.58,25,32.42,88.61,19,58
22490,52.45,34,7.94,52.12,19,58
22490,89.61,30,23.71,41.81,19,58
22492,55.58,21,24.31,53.87,19,58
22495,108.04,35,32.09,41.46,19,58
22495,66.76,20,30.77,64.36,19,58
22496,81.17,31,26.92,40.38,19,58
22497,76.99,21,21.22,65.58,19,58
22498,99.94,28,32.65,52.75,19,58
22499,132.77120000000002,35,21.02,47.07,19,59
22500,31.8,17,51.23,61.6,19,59
22500,0.7,2,5.53,54.5,19,59
22500,109.05,26,27.01,54.34,19,59
22502,15.42,13,47.94,94.03,19,59
22504,1.44,2,45.66,88.77,19,59
22504,4.02,1,20.23,55.42,19,59
22504,123.37,33,28.4,53.98,19,59
22507,41.16,13,33.0,66.96,19,59
22506,3.37,1,26.61,43.89,19,59
22510,87.18,31,27.54,45.94,19,59
22510,0.18,4,22.39,42.71,19,59
22509,94.2,34,21.69,56.15,19,59
22511,98.51,29,23.44,88.77,19,59
22512,3.01,4,52.04,87.8,19,59
22514,4.81,7,9.36,42.85,19,59
22513,4.35,4,21.62,44.88,19,59
22515,2.57,6,29.76,54.43,19,59
22517,132.77120000000002,35,26.76,68.22,19,59
22518,62.66,24,20.34,67.22,19,59
22518,2.54,8,5.53,54.07,19,59
22520,36.15,21,55.97,61.24,19,59
22519,1.88,6,20.25,92.08,19,59
22521,0.18,4,27.47,85.39,19,59
22521,4.84,10,25.63,11.76,19,59
22522,95.79,31,23.06,62.16,19,59
22526,1.32,6,25.69,15.7,19,59
22525,44.24,16,32.26,65.4,19,59
22528,22.8,13,5.68,12.79,19,59
22526,106.65,32,33.07,56.19,19,59
22528,3.8,3,20.64,94.03,19,59
22528,0.18,5,26.47,91.14,19,59
22532,1.1,1,20.63,41.07,19,59
22532,66.15,32,55.36,43.76,19,59
22532,2.77,2,30.05,11.14,19,59
22533,63.77,21,26.18,47.2,19,59
22535,33.5,16,45.4,46.13,19,59
22535,64.32,18,26.12,42.22,19,59
22537,39.99,14,26.47,61.65,19,59
22539,68.41,17,26.21,67.86,19,59
22540,96.18,24,22.51,61.24,19,59
22541,65.37,19,22.75,55.32,19,59
22540,47.62,13,32.13,46.77,19,59
22541,4.07,2,6.81,58.52,19,59
22541,73.63,23,27.28,51.19,19,59
22544,3.93,11,55.28,19.22,19,59
22544,71.12,21,24.92,53.08,19,59
22545,1.45,5,34.79,63.25,19,59
22546,2.03,5,31.87,42.23,19,59
22547,54.3,14,23.23,43.28,19,59
22550,60.77,18,27.29,45.28,19,59
22551,2.32,6,32.47,50.58,19,59
22550,2.71,3,8.23,56.47,19,59
22551,35.15,13,25.29,68.71,19,59
22551,97.93,26,29.38,55.86,19,59
22553,93.96,25,34.23,61.59,19,59
22554,67.88,18,20.2,55.17,19,59
22557,92.97,25,22.96,63.43,19,59
22557,50.99,14,24.44,45.31,19,59
22557,43.37,17,31.39,45.39,19,59
22559,46.32,29,45.37,41.28,20,0
22561,2.67,2,48.59,43.26,20,0
22561,53.2,26,7.07,52.38,20,0
22560,44.09,15,33.32,60.11,20,0
22563,4.15,6,34.97,51.26,20,0
22562,39.75,13,25.4,41.07,20,0
22563,37.43,15,9.43,43.93,20,0
22564,57.7,23,22.44,49.34,20,0
22565,55.61,21,23.17,48.11,20,0
22568,80.92,25,25.86,40.12,20,0
22567,4.85,8,34.26,54.97,20,0
22571,107.2,27,23.75,58.24,20,0
22572,84.26,30,22.48,43.13,20,0
22572,0.46,11,28.13,57.91,20,0
22574,100.1,25,27.77,61.71,20,0
22573,1.53,3,22.65,57.6,20,0
22574,75.82,19,34.42,45.81,20,0
22575,4.52,6,26.81,54.84,20,0
22575,33.92,20,6.86,40.42,20,0
22577,78.4,19,21.93,59.77,20,0
22577,44.57,17,28.57,40.98,20,0
22578,50.75,29,5.53,11.49,20,0
22580,114.2,30,34.4,60.59,20,0
22582,40.81,19,23.73,13.17,20,0
22581,77.06,24,30.16,63.95,20,0
22584,78.24,19,31.32,47.35,20,0
22586,52.19,13,33.63,64.18,20,0
22586,52.48,18,34.4,16.1,20,0
22585,129.28,33,29.73,67.93,20,0
22588,0.99,8,22.05,67.4,20,0
22588,69.65,19,31.91,66.81,20,0
22590,39.02,33,5.64,94.03,20,0
22589,93.96,25,21.21,69.75,20,0
22590,74.45,28,21.35,49.51,20,0
22593,57.93,19,22.68,47.27,20,0
22592,4.26,11,50.06,67.89,20,0
22595,1.68,1,28.21,49.63,20,0
22594,49.99,24,9.91,53.34,20,0
22598,84.51,29,26.21,43.51,20,0
22599,46.36,18,24.3,68.95,20,0
22598,40.83,26,52.25,65.18,20,0
22601,93.77,34,26.07,14.46,20,0
22601,3.64,8,30.57,92.64,20,0
22600,70.88,32,7.43,65.5,20,0
22604,54.02,14,23.23,51.2,20,0
22605,76.43,21,22.48,55.81,20,0
22603,57.01,35,7.69,49.96,20,0
22604,85.85,27,21.77,47.63,20,0
22607,60.38,15,22.6,46.12,20,0
22607,69.77,19,31.8,40.01,20,0
22608,4.89,8,21.54,41.78,20,0
22608,89.62,29,26.68,66.8,20,0
22609,3.63,7,21.36,60.35,20,0
22610,35.02,14,5.8,57.44,20,0
22614,53.14,16,20.85,60.59,20,0
22612,45.45,29,53.66,55.2,20,0
22615,117.01,29,28.46,88.4,20,0
22614,123.67,32,21.32,52.64,20,0
22618,4.8,7,21.13,40.15,20,0
22616,3.37,3,26.49,12.76,20,0
22617,67.36,32,24.19,12.54,20,1
22619,34.46,17,32.08,18.93,20,1
22620,42.9,21,48.97,56.97,20,1
22620,4.59,10,5.63,54.88,20,1
22622,40.1,16,25.09,40.41,20,1
22623,45.68,21,8.79,56.92,20,1
22623,0.49,1,27.38,65.34,20,1
22627,53.96,22,33.8,16.24,20,1
22625,42.99,22,25.88,92.55,20,1
22628,81.43,32,32.46,57.77,20,1
22629,96.34,30,32.82,54.41,20,1
22628,125.3,31,25.87,68.09,20,1
22632,22.71,12,54.92,57.55,20,1
22632,74.61,35,26.87,15.27,20,1
22632,79.1,21,20.66,55.58,20,1
22632,57.22,22,26.02,44.47,20,1
22634,52.13,24,53.38,51.03,20,1
22634,1.67,6,32.85,65.33,20,1
22635,75.11,18,31.11,54.16,20,1
22637,33.13,14,57.54,68.78,20,1
22640,4.0,5,25.77,44.17,20,1
22640,47.76,14,34.26,54.32,20,1
22642,76.68,34,57.96,61.25,20,1
22642,35.33,13,31.17,43.69,20,1
22644,92.26,24,31.33,68.62,20,1
22643,43.59,13,21.12,67.5,20,1
22645,2.93,11,56.97,41.21,20,1
22647,62.79,27,53.84,42.0,20,1
22645,40.8,26,8.96,46.61,20,1
22649,4.77,9,50.92,65.12,20,1
22649,52.31,22,32.05,13.03,20,1
22649,1.15,3,22.97,46.3,20,1
22651,132.31,33,28.74,41.02,20,1
22652,2.84,8,23.33,63.92,20,1
22652,59.61,21,22.04,50.22,20,1
22653,49.92,27,22.44,94.03,20,1
22654,44.67,14,23.92,57.13,20,1
22657,110.47,31,23.74,59.31,20,1
22658,1.4,7,34.81,49.39,20,1
22657,0.22,5,34.25,62.35,20,1
22658,38.34,22,9.84,41.65,20,1
22660,36.75,17,55.71,48.62,20,1
22660,124.52,33,32.76,62.81,20,1
22663,112.36,27,25.16,48.55,20,1
22664,76.24,19,24.5,46.42,20,1
22665,87.05,28,20.72,54.61,20,1
22663,76.63,26,20.83,50.19,20,1
22664,66.74,18,30.01,40.55,20,1
22667,3.35,4,21.41,89.16,20,1
22668,86.59,22,24.52,61.6,20,1
22667,46.07,16,21.71,66.92,20,1
22671,1.43,9,20.87,40.92,20,1
22669,100.13,25,31.84,44.64,20,1
22670,105.99,27,34.04,64.18,20,1
22673,76.38,28,27.03,86.92,20,1
22672,47.74,23,48.61,40.72,20,1
22673,89.25,24,33.84,54.74,20,1
22676,66.25,17,24.52,44.59,20,1
22675,0.63,2,26.63,56.44,20,1
22676,34.11,12,20.27,64.91,20,1
22677,4.38,9,23.96,58.88,20,2
22681,109.39,27,20.03,67.68,20,2
22680,39.22,13,32.34,86.93,20,2
22682,92.95,28,34.11,54.76,20,2
22683,48.93,18,32.67,45.87,20,2
22683,58.71,33,51.07,68.26,20,2
22685,4.54,10,26.07,44.13,20,2
22684,52.9,17,28.4,89.31,20,2
22686,75.78,20,32.41,52.22,20,2
22687,49.8,22,23.19,16.78,20,2
22688,52.03,19,27.94,66.21,20,2
22688,104.33,30,22.69,48.26,20,2
22690,70.99,27,22.19,58.98,20,2
22691,2.02,11,45.42,16.64,20,2
22693,68.55,25,24.73,56.3,20,2
22693,83.27,32,34.94,85.09,20,2
22693,3.22,10,20.34,69.62,20,2
22694,63.78,29,47.01,46.05,20,2
22698,2.79,9,31.82,68.08,20,2
22698,98.29,32,20.15,64.16,20,2
22699,98.21,25,31.01,63.88,20,2
22701,50.83,20,27.03,42.35,20,2
22700,51.38,30,8.97,11.14,20,2
22701,107.82,30,27.83,51.69,20,2
22704,77.31,20,33.37,65.74,20,2
22703,71.28,22,34.09,54.49,20,2
22703,0.48,4,32.61,50.81,20,2
22704,55.03,23,24.9,92.32,20,2
22706,1.07,6,33.97,48.8,20,2
22707,39.09,17,27.08,18.81,20,2
22707,54.5,30,49.47,65.9,20,2
22708,111.77,34,27.47,67.52,20,2
22709,0.23,9,23.08,61.02,20,2
22710,92.48,23,22.29,57.51,20,2
22713,0.88,11,33.42,69.69,20,2
22712,109.53,32,22.76,42.81,20,2
22713,99.93,25,21.85,49.45,20,2
22715,1.78,4,29.38,53.49,20,2
22718,1.73,5,25.87,64.84,20,2
22718,82.47,25,25.26,85.86,20,2
22718,63.03,20,33.03,57.54,20,2
22720,1.31,4,48.11,46.72,20,2
22721,4.36,6,23.89,69.79,20,2
22720,84.01,23,31.6,59.48,20,2
22722,120.33,35,27.97,67.19,20,2
22722,37.18,12,28.07,47.0,20,2
22723,73.38,27,32.87,53.45,20,2
22727,41.74,15,21.39,54.58,20,2
22727,91.07,25,30.69,54.35,20,2
22729,121.99,31,22.01,50.65,20,2
22728,44.91,24,55.55,58.96,20,2
22729,30.93,14,8.35,67.82,20,2
22731,98.67,24,30.27,68.39,20,2
22733,72.05,27,28.61,19.02,20,2
22734,69.61,24,26.44,45.52,20,2
22733,4.83,5,30.66,57.94,20,2
22733,68.11,26,20.3,64.3,20,2
22734,84.49,32,25.76,17.01,20,2
22735,86.34,31,21.18,54.51,20,2
22736,66.1,32,5.78,58.91,20,2
22739,1.2,5,9.92,45.73,20,3
22740,3.59,2,20.88,15.87,20,3
22739,1.47,8,22.95,63.82,20,3
22742,0.45,10,28.25,87.78,20,3
22741,25.88,14,28.59,18.92,20,3
22743,4.47,8,56.08,57.34,20,3
22745,39.34,21,29.37,17.38,20,3
22746,129.97,34,24.02,50.79,20,3
22748,40.45,16,20.93,63.78,20,3
22747,57.81,29,9.33,62.09,20,3
22748,90.11,33,31.28,93.3,20,3
22749,3.29,11,33.51,66.38,20,3
22751,112.02,33,23.78,52.8,20,3
22753,31.85,21,8.12,89.09,20,3
22752,48.42,20,29.38,14.37,20,3
22755,1.48,6,33.69,52.15,20,3
22753,2.3,8,20.74,56.07,20,3
22756,57.12,14,25.43,68.52,20,3
22755,42.9,19,57.34,55.16,20,3
22756,80.58,29,22.33,52.84,20,3
22758,50.17,12,33.88,57.49,20,3
22759,1.01,6,54.67,41.91,20,3
22761,79.13,28,22.56,55.0,20,3
22761,0.37,4,25.73,56.34,20,3
22764,67.29,23,34.85,65.78,20,3
22764,24.83,13,57.59,68.47,20,3
22765,38.58,14,32.33,14.1,20,3
22767,65.83,31,5.53,61.53,20,3
22765,2.97,11,27.27,43.07,20,3
22769,52.47,19,22.13,53.76,20,3
22769,58.69,18,31.16,61.31,20,3
22771,73.62,29,26.01,64.42,20,3
22769,4.07,3,45.49,69.67,20,3
22771,59.58,17,20.08,50.67,20,3
22773,34.04,17,45.61,63.55,20,3
22772,44.31,25,5.53,52.81,20,3
22773,122.25,34,25.94,51.06,20,3
22775,3.29,3,20.29,13.29,20,3
22778,56.46,20,28.21,16.26,20,3
22776,1.72,9,30.98,92.37,20,3
22780,60.85,17,22.91,64.5,20,3
22780,0.41,1,22.43,47.8,20,3
22782,3.38,4,22.7,44.32,20,3
22783,37.19,14,33.53,66.4,20,3
22781,46.31,19,32.66,15.34,20,3
22783,56.01,16,32.67,65.92,20,3
22785,28.73,12,49.33,43.23,20,3
22785,68.03,26,34.07,59.7,20,3
22787,103.56,29,30.42,42.34,20,3
22787,87.53,33,23.66,49.54,20,3
22788,98.05,35,29.43,49.26,20,3
22791,2.04,6,22.02,57.12,20,3
22790,57.65,20,32.25,85.22,20,3
22793,95.35,26,25.96,45.8,20,3
22791,46.79,18,21.9,89.84,20,3
22792,30.83,18,55.96,55.34,20,3
22795,66.26,27,23.22,90.08,20,3
22795,67.91,35,9.92,50.05,20,3
22797,87.82,33,29.79,89.15,20,3
22799,86.91,23,23.12,57.78,20,3
22800,71.7,25,20.56,16.76,20,4
22799,46.73,13,26.15,53.25,20,4
22799,1.39,6,31.38,52.2,20,4
22801,0.64,7,26.19,17.11,20,4
22804,41.35,16,26.11,56.62,20,4
22802,1.03,2,25.05,54.17,20,4
22804,100.59,31,31.12,67.3,20,4
22807,35.45,13,27.67,62.99,20,4
22807,2.74,2,50.62,45.84,20,4
22806,75.63,25,31.74,68.78,20,4
22810,132.77120000000002,33,21.18,42.59,20,4
22810,60.04,16,32.24,47.65,20,4
22811,73.24,26,26.87,59.59,20,4
22812,109.5,29,27.56,63.89,20,4
22813,0.8,5,30.5,51.07,20,4
22814,104.99,28,23.18,47.91,20,4
22814,54.81,31,53.79,52.39,20,4
22816,48.1,17,26.03,65.74,20,4
22817,0.39,3,29.03,54.05,20,4
22817,2.28,11,58.26,64.67,20,4
22817,83.0,31,23.96,40.26,20,4
22818,63.9,24,25.65,67.41,20,4
22822,48.22,30,6.42,59.96,20,4
22822,98.2,32,26.64,85.14,20,4
22822,115.32,28,23.78,53.09,20,4
22825,3.47,10,6.13,63.05,20,4
22825,27.71,12,58.45560000000002,55.35,20,4
22825,107.39,34,25.95,56.9,20,4
22827,116.16,34,33.13,63.33,20,4
22826,93.26,28,33.08,65.64,20,4
22828,68.04,24,32.58,87.46,20,4
22831,3.81,7,34.22,64.04,20,4
22832,2.89,2,30.04,91.52,20,4
22831,61.29,23,22.0,57.12,20,4
22834,50.53,19,32.07,93.26,20,4
22835,58.7,26,6.75,62.15,20,4
22833,97.24,30,26.82,54.84,20,4
22834,4.42,1,20.68,51.98,20,4
22836,4.82,5,21.01,48.47,20,4
22836,79.49,23,24.53,68.34,20,4
22838,49.68,15,22.22,52.17,20,4
22840,2.59,1,32.47,52.44,20,4
22841,36.85,14,27.25,66.67,20,4
22840,2.24,5,24.75,57.29,20,4
22844,4.83,6,32.38,61.5,20,4
22843,60.33,22,32.1,51.44,20,4
22845,2.09,5,26.29,56.03,20,4
22847,51.68,18,30.65,65.98,20,4
22845,22.02,14,50.54,52.5,20,4
22848,63.06,20,21.54,65.79,20,4
22847,83.41,22,28.12,61.65,20,4
22850,55.61,16,22.69,68.37,20,4
22851,37.95,14,28.92,52.48,20,4
22850,89.19,22,22.69,62.8,20,4
22853,27.94,15,54.51,67.01,20,4
22852,3.57,1,23.1,54.96,20,4
22855,2.19,8,23.75,43.68,20,4
22856,3.44,1,55.15,41.95,20,4
22855,43.81,20,32.82,16.7,20,4
22857,70.6,19,21.38,68.23,20,4
22860,90.45,26,33.21,41.29,20,5
22861,105.61,26,33.48,47.37,20,5
22862,0.39,10,26.52,43.39,20,5
22860,63.72,19,34.27,41.03,20,5
22862,47.75,14,26.36,66.58,20,5
22864,88.73,25,20.01,47.14,20,5
22865,129.71,34,29.99,53.87,20,5
22867,1.17,8,23.76,45.41,20,5
22868,51.87,16,31.79,64.27,20,5
22866,40.64,16,26.0,15.15,20,5
22868,81.2,22,30.21,55.89,20,5
22868,121.05,35,28.56,46.64,20,5
22870,52.64,16,33.74,68.82,20,5
22870,3.18,1,30.78,55.48,20,5
22871,91.85,24,32.29,53.83,20,5
22875,77.86,19,26.87,58.18,20,5
22875,83.08,22,27.22,65.73,20,5
22876,1.88,9,22.61,51.25,20,5
22878,117.57,31,23.83,67.17,20,5
22879,96.32,32,23.57,59.03,20,5
22880,4.04,9,31.43,58.31,20,5
22880,4.3,9,22.67,90.99,20,5
22879,33.37,20,5.53,46.78,20,5
22881,120.85,32,24.9,45.49,20,5
22884,50.24,15,34.45,41.62,20,5
22884,46.97,17,31.32,65.42,20,5
22883,85.95,23,34.15,64.25,20,5
22884,25.37,16,8.09,64.29,20,5
22886,76.51,27,32.46,54.48,20,5
22889,75.54,26,22.22,14.77,20,5
22890,36.43,20,46.4,46.66,20,5
22890,132.77120000000002,33,24.53,42.34,20,5
22890,51.23,31,58.22,62.85,20,5
22891,67.35,30,29.35,94.03,20,5
22894,81.74,21,24.55,40.15,20,5
22894,38.95,13,30.67,55.96,20,5
22894,0.22,7,5.53,44.67,20,5
22896,52.06,19,26.09,68.49,20,5
22898,2.07,6,9.71,57.54,20,5
22897,45.36,18,34.79,53.73,20,5
22900,1.16,8,31.64,60.8,20,5
22900,27.53,16,52.55,47.67,20,5
22902,93.2,29,30.9,69.57,20,5
22900,3.89,8,22.25,13.53,20,5
22904,1.59,6,26.91,50.41,20,5
22902,109.03,26,27.85,65.01,20,5
22905,4.14,6,28.22,52.68,20,5
22904,34.7,26,47.29,16.78,20,5
22906,119.55,33,25.32,51.77,20,5
22909,131.71,35,27.21,52.25,20,5
22908,24.52,16,58.45560000000002,52.64,20,5
22909,67.07,19,23.5,50.8,20,5
22912,0.95,10,6.09,94.03,20,5
22913,44.98,14,34.93,42.46,20,5
22912,56.71,28,33.72,91.66,20,5
22913,52.89,18,29.66,67.91,20,5
22915,3.67,9,22.95,53.23,20,5
22917,66.02,20,29.97,53.38,20,5
22917,72.81,32,52.63,64.32,20,5
22917,68.6,25,27.26,41.97,20,5
22920,45.8,28,9.64,65.73,20,6
22921,45.54,16,30.81,59.08,20,6
22922,104.26,26,27.29,50.43,20,6
22923,31.15,17,33.8,93.5,20,6
22924,90.08,33,31.07,16.18,20,6
22924,2.87,7,20.04,11.33,20,6
22925,124.24,30,27.64,65.77,20,6
22926,1.51,11,34.33,67.53,20,6
22927,77.66,27,31.44,40.74,20,6
22928,53.6,28,54.37,43.29,20,6
22928,52.18,31,53.9,65.01,20,6
22929,66.66,24,24.75,18.84,20,6
22932,3.92,3,33.15,85.86,20,6
22933,1.62,10,31.93,54.14,20,6
22932,27.1,15,49.1,53.76,20,6
22934,82.75,24,30.21,65.37,20,6
22936,4.3,3,24.89,46.88,20,6
22934,92.08,24,23.44,50.99,20,6
22935,0.56,4,51.4,40.26,20,6
22938,129.23,32,31.73,51.84,20,6
22940,82.9,20,22.49,50.88,20,6
22939,45.04,21,26.44,91.2,20,6
22942,3.25,3,5.7,18.99,20,6
22943,102.79,25,31.7,43.56,20,6
22941,90.45,24,22.26,47.45,20,6
22942,2.07,10,30.16,85.81,20,6
22943,2.7,10,32.2,49.67,20,6
22947,103.65,27,27.56,68.48,20,6
22948,62.91,15,31.93,60.1,20,6
22946,20.9,12,56.61,69.32,20,6
22950,69.61,25,30.76,88.38,20,6
22949,57.13,32,5.69,49.74,20,6
22951,4.94,8,25.31,40.65,20,6
22950,61.02,21,29.31,67.25,20,6
22951,57.1,16,31.71,43.2,20,6
22952,97.73,28,28.62,46.9,20,6
22956,64.4,23,20.74,56.53,20,6
22957,4.41,8,26.85,58.88,20,6
22957,20.27,12,5.53,56.3,20,6
22956,83.96,29,28.22,46.93,20,6
22959,53.41,16,26.28,47.22,20,6
22961,64.93,27,49.15,53.83,20,6
22962,27.18,12,8.94,52.82,20,6
22960,38.92,20,48.26,53.82,20,6
22961,85.93,33,21.69,94.03,20,6
22962,75.45,27,29.77,43.41,20,6
22965,1.62,2,26.2,61.09,20,6
22964,77.52,22,30.9,64.06,20,6
22965,85.15,31,29.92,13.37,20,6
22969,72.7,25,24.35,94.03,20,6
22969,45.65,15,34.71,44.66,20,6
22968,1.6,8,47.95,44.64,20,6
22971,60.79,19,23.01,59.47,20,6
22970,4.07,5,23.97,60.55,20,6
22973,64.08,17,27.26,57.37,20,6
22973,28.58,14,28.63,91.24,20,6
22973,3.07,3,6.49,47.1,20,6
22977,70.15,18,31.38,56.17,20,6
22977,43.54,12,26.6,64.28,20,6
22976,95.09,31,33.59,48.07,20,6
22978,54.41,19,28.62,60.3,20,7
22980,84.36,25,31.76,49.56,20,7
22979,1.49,4,20.58,53.24,20,7
22982,69.6,26,23.24,55.88,20,7
22983,3.58,1,34.3,54.4,20,7
22985,4.44,2,9.11,53.42,20,7
22985,47.61,14,21.05,40.71,20,7
22987,64.13,23,32.42,61.23,20,7
22987,0.81,9,32.15,66.49,20,7
22987,75.01,25,34.54,69.33,20,7
22989,47.6,18,31.98,41.18,20,7
22990,87.56,35,23.01,49.31,20,7
22992,28.55,22,51.91,14.37,20,7
22993,40.23,20,51.89,57.45,20,7
22994,1.35,6,58.45560000000002,13.76,20,7
22992,50.06,13,23.28,51.2,20,7
22995,56.2,14,28.38,40.65,20,7
22994,56.81,21,21.93,67.41,20,7
22996,64.75,34,9.05,43.83,20,7
22996,0.18,8,30.98,42.37,20,7
22999,2.88,1,20.82,69.27,20,7
23001,44.43,29,9.79,58.86,20,7
23002,68.84,17,30.78,58.74,20,7
23002,110.78,27,20.58,88.83,20,7
23003,53.16,17,29.2,58.65,20,7
23004,100.71,32,27.7,55.77,20,7
23006,1.64,6,33.32,45.21,20,7
23005,1.78,10,26.59,56.67,20,7
23007,31.67,13,34.58,18.56,20,7
23009,73.13,22,23.03,58.98,20,7
23008,4.04,10,31.72,42.66,20,7
23011,77.56,28,31.79,49.73,20,7
23010,51.33,15,25.98,48.05,20,7
23010,74.18,26,28.95,17.6,20,7
23012,53.01,17,30.89,45.33,20,7
23013,2.85,6,33.3,41.59,20,7
23014,0.96,9,34.33,17.45,20,7
23017,81.9,34,30.07,91.56,20,7
23018,44.02,33,8.24,17.0,20,7
23019,4.2,4,7.45,44.33,20,7
23017,45.5,13,23.56,50.42,20,7
23018,64.64,30,46.79,58.54,20,7
23022,2.58,3,27.74,45.69,20,7
23022,81.46,25,23.96,64.64,20,7
23024,2.16,8,24.17,12.65,20,7
23024,91.57,22,29.75,64.6,20,7
23024,58.71,22,21.43,43.09,20,7
23026,80.22,25,32.51,53.23,20,7
23025,65.64,24,20.68,53.74,20,7
23026,1.86,4,34.99,88.3,20,7
23027,2.49,6,25.92,11.32,20,7
23030,77.29,21,34.77,59.64,20,7
23032,1.28,3,28.92,63.88,20,7
23033,1.88,8,22.78,53.06,20,7
23033,1.31,8,9.3,52.55,20,7
23035,102.9,31,29.62,44.5,20,7
23036,86.03,21,24.88,54.42,20,7
23035,105.71,30,24.54,51.59,20,7
23035,63.26,16,33.95,45.35,20,7
23039,57.56,19,32.54,56.22,20,7
23040,51.88,14,26.38,45.58,20,8
23038,103.52,31,32.41,42.4,20,8
23041,28.66,16,34.75,18.34,20,8
23043,91.02,34,27.74,67.91,20,8
23042,98.22,30,21.21,48.63,20,8
23044,108.0,33,20.62,63.4,20,8
23044,1.38,8,49.67,63.83,20,8
23046,121.87,30,29.73,42.53,20,8
23045,43.61,16,30.6,59.0,20,8
23046,1.27,8,24.84,63.14,20,8
23048,0.75,2,21.65,53.37,20,8
23048,4.8,6,29.02,67.15,20,8
23049,72.92,25,28.69,86.11,20,8
23053,57.01,33,5.76,53.02,20,8
23053,1.99,4,28.18,52.18,20,8
23052,3.27,2,22.1,43.95,20,8
23055,129.33,32,22.1,57.11,20,8
23054,48.33,17,23.54,49.64,20,8
23057,0.39,7,25.01,42.23,20,8
23058,4.73,7,51.91,16.38,20,8
23057,23.83,12,9.41,50.49,20,8
23059,47.51,13,20.87,66.38,20,8
23062,1.7,10,33.89,86.69,20,8
23062,4.67,9,51.49,56.4,20,8
23062,4.08,4,27.52,46.28,20,8
23064,59.89,17,22.84,46.32,20,8
23063,4.51,1,32.14,86.03,20,8
23067,4.22,10,47.98,92.81,20,8
23067,2.61,10,26.94,44.94,20,8
23066,59.29,24,55.34,47.27,20,8
23070,3.79,2,29.59,92.06,20,8
23068,2.84,7,23.59,45.09,20,8
23072,2.4,9,20.43,40.28,20,8
23071,66.15,33,9.63,69.2,20,8
23072,30.85,12,30.05,12.42,20,8
23074,67.22,32,28.8,11.55,20,8
23076,3.52,4,27.26,69.89,20,8
23075,54.45,14,24.6,56.59,20,8
23078,35.42,19,30.43,18.15,20,8
23078,46.7,15,25.77,67.65,20,8
23078,84.62,29,23.34,58.6,20,8
23081,46.25,21,26.3,15.67,20,8
23081,46.45,17,21.94,67.02,20,8
23080,40.33,22,28.98,15.11,20,8
23084,1.75,8,8.86,67.52,20,8
23084,2.24,5,32.44,52.02,20,8
23084,83.57,28,23.96,49.57,20,8
23086,0.3,7,23.95,47.36,20,8
23086,51.19,20,28.71,16.91,20,8
23086,79.75,29,34.55,62.01,20,8
23089,77.11,25,34.85,57.34,20,8
23088,61.85,19,29.82,44.41,20,8
23089,77.91,30,30.28,16.45,20,8
23091,87.77,32,23.4,86.4,20,8
23091,2.68,1,29.56,68.35,20,8
23094,100.79,26,34.45,69.99,20,8
23094,4.98,9,23.96,92.89,20,8
23094,41.61,23,5.53,41.79,20,8
23097,60.26,22,21.17,40.91,20,8
23097,3.36,7,33.34,14.2,20,8
23097,3.63,10,34.78,92.41,20,9
23101,3.44,6,30.13,45.95,20,9
23100,3.93,5,22.14,65.73,20,9
23100,37.51,18,58.45560000000002,63.39,20,9
23104,52.18,14,29.67,44.56,20,9
23103,47.79,29,8.01,19.32,20,9
23104,76.14,20,32.04,89.01,20,9
23104,87.33,26,26.96,44.67,20,9
23107,74.98,22,23.09,58.85,20,9
23106,47.02,16,24.83,14.41,20,9
23110,3.69,7,51.83,40.35,20,9
23111,74.51,27,33.62,61.61,20,9
23109,118.93,33,27.08,55.09,20,9
23113,48.55,19,25.31,58.28,20,9
23112,1.55,6,24.61,64.8,20,9
23114,36.29,13,22.45,53.86,20,9
23114,59.55,25,21.55,15.91,20,9
23114,64.86,22,34.13,64.27,20,9
23118,1.11,5,31.11,46.42,20,9
23118,3.67,1,32.05,40.52,20,9
23119,75.01,31,45.08,59.99,20,9
23119,132.77120000000002,35,34.52,68.36,20,9
23122,113.23,27,24.44,50.35,20,9
23123,40.08,16,34.85,91.74,20,9
23123,0.79,6,49.86,52.92,20,9
23122,40.29,16,30.51,41.62,20,9
23123,64.91,19,33.91,51.06,20,9
23125,88.28,29,22.2,42.81,20,9
23128,49.38,12,30.86,63.93,20,9
23128,90.4,25,32.77,55.36,20,9
23129,104.67,27,33.7,65.99,20,9
23128,0.84,8,25.35,45.44,20,9
23129,3.79,3,24.37,55.28,20,9
23131,71.95,20,31.66,67.55,20,9
23133,1.43,10,31.97,61.96,20,9
23135,3.32,2,8.43,60.0,20,9
23136,60.49,25,5.53,87.72,20,9
23137,4.98,9,26.41,57.94,20,9
23137,78.19,26,31.79,68.74,20,9
23136,2.22,3,25.23,58.4,20,9
23139,100.89,32,28.18,47.17,20,9
23141,89.83,23,28.56,53.74,20,9
23139,50.17,29,8.7,61.62,20,9
23140,92.29,25,33.31,53.52,20,9
23143,35.3,21,8.33,15.59,20,9
23143,84.98,27,33.62,89.2,20,9
23145,0.65,6,34.56,58.63,20,9
23147,1.49,10,54.27,91.01,20,9
23146,1.04,5,7.97,43.9,20,9
23149,1.6,1,29.6,44.36,20,9
23149,70.08,19,23.0,60.4,20,9
23150,24.69,14,6.07,57.24,20,9
23152,46.74,23,31.23,19.66,20,9
23151,100.73,35,25.6,18.51,20,9
23151,40.52,15,23.17,47.54,20,9
23152,2.65,2,20.81,67.42,20,9
23154,34.18,23,7.98,15.72,20,9
23154,1.86,10,33.03,42.02,20,9
23158,1.57,9,33.27,68.44,20,9
23159,3.47,2,23.1,92.89,20,9
23158,92.58,28,20.35,66.77,20,10
23159,3.72,11,34.85,94.03,20,10
23162,3.67,4,24.45,86.98,20,10
23162,66.24,19,24.28,61.02,20,10
23161,45.78,24,6.72,43.86,20,10
23162,45.63,25,55.9,51.6,20,10
23163,102.62,34,28.17,55.28,20,10
23164,2.51,3,27.95,54.31,20,10
23167,81.32,21,28.68,50.71,20,10
23168,102.79,35,28.52,63.1,20,10
23167,50.54,27,58.45560000000002,69.92,20,10
23168,4.06,6,30.26,11.14,20,10
23170,89.41,28,29.61,47.3,20,10
23170,46.87,26,57.12,67.01,20,10
23173,68.39,17,25.57,49.16,20,10
23172,49.63,15,27.76,44.14,20,10
23173,85.5,22,28.18,66.64,20,10
23174,70.18,24,20.21,67.18,20,10
23175,30.32,13,8.6,50.55,20,10
23177,86.33,29,27.98,62.25,20,10
23177,0.18,7,28.57,45.85,20,10
23178,2.67,10,26.78,92.58,20,10
23180,44.53,26,53.97,87.7,20,10
23181,47.83,22,31.05,12.56,20,10
23184,40.23,20,7.62,49.32,20,10
23185,1.16,5,25.91,69.0,20,10
23184,99.7,26,32.61,57.12,20,10
23187,31.85,12,25.76,54.53,20,10
23187,67.99,22,27.33,61.7,20,10
23187,3.33,7,27.09,11.14,20,10
23187,58.6,28,33.49,11.14,20,10
23189,4.82,9,21.47,58.74,20,10
23192,32.41,13,47.01,40.92,20,10
23193,1.31,7,31.5,68.98,20,10
23192,1.09,6,33.18,54.05,20,10
23195,63.28,27,30.7,14.9,20,10
23196,47.86,20,20.53,11.38,20,10
23196,76.64,29,31.79,87.59,20,10
23198,0.21,8,20.32,40.53,20,10
23196,3.8,2,30.49,55.76,20,10
23198,72.43,19,33.93,50.71,20,10
23200,2.9,9,24.14,90.94,20,10
23199,2.24,4,51.15,68.65,20,10
23202,60.85,16,27.87,48.67,20,10
23201,4.34,2,34.28,17.82,20,10
23205,42.47,28,7.27,93.43,20,10
23206,57.11,20,29.69,43.96,20,10
23204,127.9,35,28.61,65.34,20,10
23206,2.42,6,23.49,44.63,20,10
23208,22.91,14,8.66,64.28,20,10
23210,4.49,4,21.73,64.99,20,10
23208,71.1,20,24.78,50.46,20,10
23209,22.47,12,22.67,18.32,20,10
23211,58.89,16,30.78,41.14,20,10
23213,60.22,30,33.53,17.98,20,10
23212,103.38,34,25.22,63.71,20,10
23213,65.34,19,32.71,62.78,20,10
23215,4.8,7,28.13,50.0,20,10
23216,0.28,2,34.72,56.14,20,10
23216,81.11,26,34.04,47.25,20,10
23220,4.16,10,30.16,58.52,20,11
23218,95.4,34,31.93,67.67,20,11
23219,92.97,35,31.98,48.89,20,11
23221,1.56,2,29.54,68.32,20,11
23222,64.95,20,33.76,57.24,20,11
23225,40.89,13,28.97,49.76,20,11
23225,87.22,27,29.13,63.9,20,11
23225,89.67,30,32.49,43.53,20,11
23227,39.7,20,48.24,44.21,20,11
23228,82.34,24,24.33,65.75,20,11
23229,132.77120000000002,35,34.51,59.69,20,11
23231,29.13,12,20.21,14.79,20,11
23230,50.19,20,26.63,52.06,20,11
23233,4.83,6,32.3,62.36,20,11
23231,1.77,2,32.33,54.26,20,11
23233,3.05,4,29.71,61.86,20,11
23236,63.55,23,24.09,47.21,20,11
23237,39.34,13,20.58,45.98,20,11
23235,49.75,12,21.03,66.58,20,11
23236,65.03,21,25.79,42.21,20,11
23237,96.75,26,23.65,48.75,20,11
23240,0.97,7,33.45,51.52,20,11
23240,4.02,2,6.16,68.27,20,11
23243,69.72,20,34.26,44.33,20,11
23242,85.24,22,20.44,54.18,20,11
23242,82.72,31,23.71,62.06,20,11
23246,90.65,22,32.88,43.46,20,11
23245,36.64,16,26.71,18.73,20,11
23246,76.57,19,33.23,47.14,20,11
23247,96.62,25,28.99,47.85,20,11
23250,65.72,21,21.23,45.41,20,11
23249,1.54,10,30.51,45.24,20,11
23250,43.94,26,7.83,16.37,20,11
23251,3.16,2,30.09,47.49,20,11
23254,41.83,13,34.45,56.11,20,11
23253,3.38,10,28.3,60.41,20,11
23255,4.01,10,25.04,57.27,20,11
23255,3.53,8,34.6,57.31,20,11
23256,30.01,12,25.8,45.48,20,11
23259,1.37,4,32.5,16.42,20,11
23259,83.43,35,24.83,17.35,20,11
23258,42.26,15,28.07,66.59,20,11
23262,0.18,3,29.55,69.19,20,11
23261,0.95,8,9.15,58.25,20,11
23261,2.22,11,31.22,12.12,20,11
23262,0.47,5,8.28,19.15,20,11
23264,52.93,16,30.4,40.12,20,11
23264,53.96,16,32.59,58.07,20,11
23266,114.44,35,32.48,87.12,20,11
23266,35.39,14,34.73,61.54,20,11
23269,84.73,21,31.72,51.59,20,11
23268,77.58,22,32.04,62.44,20,11
23272,0.96,2,27.2,46.9,20,11
23273,3.42,6,6.98,64.74,20,11
23274,3.55,9,34.42,69.07,20,11
23274,66.61,23,27.45,44.71,20,11
23275,44.48,14,27.36,61.24,20,11
23275,101.4,25,34.72,59.96,20,11
23276,41.36,12,33.54,68.0,20,11
23278,44.0,34,7.05,15.44,20,11
23279,0.73,9,27.26,61.48,20,12
23279,126.11,34,33.22,58.36,20,12
23282,3.13,5,20.22,45.9,20,12
23283,70.81,27,25.64,50.3,20,12
23281,3.82,4,25.35,13.96,20,12
23282,1.38,5,31.19,63.1,20,12
23286,3.85,6,23.1,88.36,20,12
23284,29.71,15,50.46,85.21,20,12
23288,3.89,4,56.19,86.71,20,12
23286,38.01,24,5.53,48.01,20,12
23288,2.9,1,25.77,60.88,20,12
23289,83.62,23,26.09,50.67,20,12
23291,23.55,12,5.99,69.04,20,12
23293,51.52,34,8.1,67.77,20,12
23292,128.96,33,26.54,64.0,20,12
23295,90.65,23,34.95,67.27,20,12
23294,2.58,4,49.38,50.6,20,12
23295,4.07,10,20.74,92.63,20,12
23295,98.5,25,22.24,68.33,20,12
23296,2.59,7,33.15,60.71,20,12
23299,4.36,1,32.79,54.63,20,12
23300,110.14,27,25.75,42.82,20,12
23301,2.3,9,31.7,17.18,20,12
23300,4.45,3,34.12,46.98,20,12
23302,123.71,31,24.44,45.75,20,12
23303,94.74,26,31.1,52.63,20,12
23304,110.71,33,34.35,58.72,20,12
23304,43.03,15,29.14,11.84,20,12
23307,23.85,14,6.06,43.21,20,12
23307,2.18,6,34.23,66.33,20,12
23309,59.82,16,26.48,56.18,20,12
23310,45.65,22,28.28,11.14,20,12
23310,52.38,16,31.75,63.09,20,12
23313,41.33,12,27.01,49.63,20,12
23314,3.09,1,25.48,57.65,20,12
23313,4.93,3,22.08,11.14,20,12
23314,57.63,19,32.33,44.17,20,12
23314,41.53,27,58.45560000000002,55.83,20,12
23317,2.94,7,9.0,60.49,20,12
23316,89.21,23,27.34,51.33,20,12
23318,0.32,7,22.93,62.82,20,12
23319,71.06,24,25.6,42.76,20,12
23322,1.0,7,47.21,17.5,20,12
23323,0.31,6,26.42,44.11,20,12
23321,63.97,28,32.6,90.9,20,12
23322,2.3,1,8.67,52.66,20,12
23326,60.68,29,28.54,11.96,20,12
23325,38.37,16,29.06,14.19,20,12
23325,0.4,1,5.96,62.12,20,12
23329,63.74,16,33.37,42.24,20,12
23327,41.24,16,26.99,92.52,20,12
23329,0.59,10,32.28,85.74,20,12
23331,100.79,25,33.35,50.5,20,12
23330,63.6,16,33.58,47.59,20,12
23331,120.69,31,31.89,50.92,20,12
23334,77.16,26,26.86,43.2,20,12
23335,127.77,31,31.12,42.34,20,12
23335,107.23,29,23.45,88.63,20,12
23338,0.85,5,58.45560000000002,52.03,20,12
23338,74.98,18,29.95,42.6,20,12
23337,40.46,25,51.4,89.46,20,13
23338,68.83,29,50.95,61.95,20,13
23341,21.12,13,48.76,61.26,20,13
23342,55.94,15,26.8,67.89,20,13
23341,93.24,29,23.52,69.92,20,13
23343,34.02,14,49.92,56.14,20,13
23345,32.68,14,8.91,60.32,20,13
23347,89.39,29,33.78,45.53,20,13
23348,95.93,29,21.5,61.52,20,13
23346,79.26,26,28.61,61.74,20,13
23350,117.12,32,27.66,40.87,20,13
23350,84.49,21,27.15,55.53,20,13
23352,0.18,10,57.46,45.53,20,13
23352,101.3,32,26.03,41.52,20,13
23353,57.54,31,5.53,55.67,20,13
23354,50.41,13,32.77,47.13,20,13
23353,1.1,11,32.23,53.58,20,13
23355,57.36,25,6.78,45.87,20,13
23357,49.47,15,28.76,49.36,20,13
23356,88.49,26,26.3,55.7,20,13
23359,45.25,18,23.47,46.29,20,13
23358,75.61,21,26.87,47.5,20,13
23360,73.21,33,21.42,92.3,20,13
23362,3.59,1,7.24,50.86,20,13
23361,1.74,9,26.75,43.86,20,13
23362,132.77120000000002,35,28.45,50.97,20,13
23365,45.59,16,28.23,61.85,20,13
23365,36.77,22,58.45560000000002,92.92,20,13
23367,34.73,19,20.09,91.13,20,13
23369,104.58,32,29.78,65.75,20,13
23367,34.16,16,9.92,55.39,20,13
23368,47.99,18,28.09,54.38,20,13
23370,101.66,25,30.22,51.72,20,13
23373,108.51,26,27.56,42.52,20,13
23371,47.06,14,31.78,59.97,20,13
23374,65.22,33,6.09,53.47,20,13
23376,45.53,15,21.49,64.62,20,13
23376,25.7,15,56.46,85.88,20,13
23377,58.12,22,22.24,45.55,20,13
23376,98.38,27,33.91,66.81,20,13
23377,104.66,31,25.83,46.28,20,13
23379,86.3,33,30.6,53.55,20,13
23382,2.7,11,24.09,64.99,20,13
23383,3.69,1,28.27,53.75,20,13
23383,3.83,6,52.29,40.16,20,13
23382,0.77,9,22.45,57.73,20,13
23385,0.38,10,28.11,47.85,20,13
23384,29.47,12,25.91,15.07,20,13
23385,3.13,3,46.58,42.39,20,13
23389,4.49,6,29.56,40.69,20,13
23388,59.93,21,27.68,49.68,20,13
23388,52.07,25,45.36,55.29,20,13
23389,35.14,13,24.12,53.79,20,13
23392,95.56,33,21.48,40.48,20,13
23393,75.5,26,29.1,59.94,20,13
23395,30.06,14,46.8,48.13,20,13
23396,69.31,28,47.73,62.91,20,13
23397,64.36,16,32.97,61.0,20,13
23395,2.22,8,25.65,43.86,20,13
23399,75.39,18,32.38,40.55,20,13
23398,86.35,35,9.71,64.91,20,14
23398,3.54,4,31.62,42.85,20,14
23401,0.92,3,27.51,59.57,20,14
23401,4.52,9,26.95,57.95,20,14
23403,74.82,26,33.02,58.51,20,14
23403,46.63,13,34.6,45.68,20,14
23404,92.36,33,21.18,54.49,20,14
23407,46.39,17,26.24,53.93,20,14
23408,31.9,20,7.48,51.68,20,14
23409,4.04,5,6.53,93.75,20,14
23409,22.63,13,50.2,47.49,20,14
23411,103.52,32,26.56,41.62,20,14
23410,60.76,15,23.59,55.95,20,14
23412,2.65,10,25.43,64.36,20,14
23414,110.45,34,21.24,50.87,20,14
23415,58.52,29,55.5,60.5,20,14
23413,16.67,15,58.45560000000002,18.47,20,14
23416,93.31,23,25.37,47.95,20,14
23416,2.15,4,31.02,54.12,20,14
23418,3.99,5,20.31,48.22,20,14
23417,4.49,6,27.43,60.57,20,14
23421,35.77,16,58.45560000000002,59.79,20,14
23420,120.64,31,29.04,49.05,20,14
23420,110.43,28,35.0,42.67,20,14
23423,84.56,26,30.02,55.7,20,14
23423,4.64,7,27.69,69.61,20,14
23425,2.25,2,20.96,46.75,20,14
23424,53.82,17,32.2,46.06,20,14
23426,121.23,30,25.75,64.2,20,14
23428,3.66,8,21.66,52.95,20,14
23427,77.58,21,33.28,42.48,20,14
23429,2.85,5,30.94,65.75,20,14
23430,2.86,2,22.26,47.28,20,14
23432,92.87,35,32.93,63.74,20,14
23431,113.71,30,24.09,52.3,20,14
23435,1.95,8,51.52,14.6,20,14
23436,2.07,10,6.1,68.12,20,14
23436,98.45,28,34.06,57.81,20,14
23438,87.07,32,21.29,91.45,20,14
23438,77.7,19,24.55,66.11,20,14
23437,66.05,18,28.59,57.85,20,14
23438,92.11,32,33.2,68.31,20,14
23440,61.06,16,29.53,47.82,20,14
23443,91.18,23,20.71,49.0,20,14
23442,35.39,14,31.49,11.7,20,14
23442,87.31,26,22.49,59.2,20,14
23446,46.28,22,8.05,44.6,20,14
23445,50.94,26,52.52,50.41,20,14
23447,4.5,10,27.64,69.74,20,14
23449,109.13,35,22.46,60.83,20,14
23449,43.75,13,25.36,46.27,20,14
23450,2.16,8,25.13,90.15,20,14
23449,92.43,35,25.92,55.2,20,14
23452,115.11,30,22.13,66.13,20,14
23451,39.33,13,34.06,46.93,20,14
23452,45.82,22,49.01,55.96,20,14
23455,62.37,28,5.75,44.32,20,14
23454,0.62,10,28.47,61.35,20,14
23458,46.75,12,25.97,87.85,20,14
23456,70.75,17,20.58,42.07,20,14
23458,132.77120000000002,34,34.83,88.03,20,15
23459,89.33,22,24.05,60.33,20,15
23459,59.25,22,23.36,59.27,20,15
23462,34.34,13,28.68,42.74,20,15
23461,1.21,6,31.37,41.35,20,15
23464,0.53,10,28.68,55.92,20,15
23465,50.61,20,27.51,40.05,20,15
23466,49.93,18,31.32,16.06,20,15
23468,2.85,2,32.99,54.83,20,15
23466,2.71,6,25.07,48.4,20,15
23467,3.01,10,31.41,11.14,20,15
23470,48.44,14,23.53,40.57,20,15
23472,2.37,11,30.45,57.39,20,15
23470,76.66,29,20.89,88.9,20,15
23474,88.3,22,27.01,47.99,20,15
23472,63.91,32,53.71,53.53,20,15
23476,42.1,21,33.24,18.27,20,15
23474,1.52,6,28.57,17.4,20,15
23475,1.24,5,29.97,51.5,20,15
23476,51.09,24,54.74,61.78,20,15
23478,84.35,33,32.83,49.07,20,15
23479,75.85,19,21.2,58.1,20,15
23481,105.97,27,26.8,40.05,20,15
23482,50.66,13,26.02,53.45,20,15
23484,37.25,24,5.53,57.95,20,15
23484,100.37,25,26.44,65.38,20,15
23485,54.09,18,32.46,50.15,20,15
23487,105.28,32,21.73,49.48,20,15
23486,65.04,17,32.46,54.73,20,15
23487,46.83,22,47.01,52.15,20,15
23487,0.18,10,31.55,52.42,20,15
23488,43.23,21,56.63,41.48,20,15
23490,46.7,19,9.77,54.15,20,15
23492,57.51,23,32.93,43.65,20,15
23491,33.21,12,28.67,87.11,20,15
23495,83.25,32,29.99,51.88,20,15
23496,103.07,32,20.83,89.92,20,15
23495,47.98,20,34.39,94.03,20,15
23496,89.23,35,20.41,55.74,20,15
23499,64.62,17,33.15,51.36,20,15
23497,53.87,19,32.44,52.75,20,15
23501,79.09,22,27.46,55.77,20,15
23500,35.99,18,58.45560000000002,55.83,20,15
23503,132.77120000000002,34,24.86,67.99,20,15
23504,65.83,17,27.65,56.38,20,15
23502,4.68,2,24.53,45.97,20,15
23503,0.98,3,29.99,46.98,20,15
23506,77.39,26,23.06,66.22,20,15
23507,46.97,18,29.56,63.46,20,15
23507,3.68,1,29.52,49.21,20,15
23507,2.06,6,5.53,13.9,20,15
23511,66.13,16,26.93,57.52,20,15
23512,3.6,10,24.29,63.91,20,15
23513,3.18,4,5.53,13.68,20,15
23514,63.59,20,31.65,41.6,20,15
23515,1.88,1,27.41,41.01,20,15
23513,0.18,8,31.4,49.59,20,15
23515,65.71,21,28.78,57.71,20,15
23518,125.97,32,31.01,43.23,20,15
23517,4.65,10,23.77,45.25,20,15
23517,27.17,17,5.57,64.54,20,16
23521,36.63,14,32.99,61.63,20,16
23522,2.28,8,33.15,58.32,20,16
23521,65.69,20,24.41,85.34,20,16
23524,55.26,14,23.47,45.58,20,16
23524,1.05,10,23.45,63.33,20,16
23523,46.57,19,5.59,52.32,20,16
23527,89.03,23,34.11,64.23,20,16
23527,60.08,18,25.26,40.45,20,16
23528,30.65,12,28.71,94.03,20,16
23530,85.53,22,27.34,49.66,20,16
23529,82.7,26,25.31,68.78,20,16
23531,50.88,23,51.21,45.64,20,16
23533,78.4,24,34.99,59.77,20,16
23532,2.36,1,7.0,48.59,20,16
23534,43.13,23,9.32,66.62,20,16
23533,35.5,16,22.74,16.85,20,16
23537,66.55,23,31.77,17.28,20,16
23538,48.03,21,8.74,56.18,20,16
23538,103.56,26,33.43,59.85,20,16
23537,3.85,8,24.85,47.83,20,16
23541,3.21,10,29.46,61.57,20,16
23540,102.8,30,32.87,45.47,20,16
23541,22.63,12,29.7,18.96,20,16
23543,111.93,33,28.42,42.43,20,16
23543,128.93,35,29.07,65.56,20,16
23544,43.51,19,27.89,14.25,20,16
23544,46.05,24,47.06,50.11,20,16
23548,4.6,3,25.17,68.63,20,16
23547,132.77120000000002,34,22.63,46.18,20,16
23549,33.85,21,54.67,61.54,20,16
23550,3.63,4,20.55,44.37,20,16
23551,44.84,16,22.68,41.2,20,16
23551,26.43,14,55.69,47.3,20,16
23554,79.19,34,32.93,93.45,20,16
23552,72.96,25,22.29,43.18,20,16
23553,2.57,9,56.42,49.3,20,16
23557,4.74,6,28.74,52.27,20,16
23558,26.83,13,6.37,60.96,20,16
23559,97.12,35,24.61,44.62,20,16
23558,50.44,18,30.41,56.6,20,16
23559,79.56,32,7.79,58.88,20,16
23562,96.79,29,29.03,87.82,20,16
23562,48.0,25,58.42,46.46,20,16
23561,70.41,17,32.68,59.86,20,16
23564,48.56,31,8.11,44.71,20,16
23565,61.86,17,24.64,50.82,20,16
23565,92.35,28,33.81,68.34,20,16
23566,75.8,34,53.83,56.38,20,16
23567,79.61,25,34.39,52.42,20,16
23570,46.08,18,34.96,46.18,20,16
23570,2.3,4,47.99,12.33,20,16
23570,58.42,27,8.13,52.53,20,16
23572,2.11,10,20.96,41.92,20,16
23571,64.39,19,30.02,63.63,20,16
23572,127.69,35,29.42,46.8,20,16
23573,47.77,32,6.16,90.95,20,16
23576,37.89,15,20.89,16.37,20,16
23577,75.58,18,27.85,46.86,20,16
23577,62.68,22,34.57,61.31,20,16
23579,43.78,17,31.52,92.89,20,17
23580,2.05,8,24.83,11.14,20,17
23580,113.52,34,20.68,62.62,20,17
23580,4.88,9,30.09,53.27,20,17
23582,60.74,31,30.88,16.5,20,17
23582,66.85,34,6.15,42.93,20,17
23586,3.73,7,7.55,50.06,20,17
23585,54.49,16,30.22,58.15,20,17
23585,67.66,18,28.78,53.32,20,17
23586,44.71,17,30.16,57.08,20,17
23588,0.45,3,48.45,45.68,20,17
23590,1.62,7,20.15,54.16,20,17
23590,81.94,32,24.56,41.26,20,17
23593,3.66,8,26.54,89.42,20,17
23593,37.58,12,22.38,42.22,20,17
23594,49.18,17,21.52,43.73,20,17
23596,61.97,18,23.72,87.73,20,17
23596,68.53,18,26.57,60.06,20,17
23596,91.11,31,29.72,61.18,20,17
23597,49.33,18,21.62,67.83,20,17
23597,2.17,3,7.04,68.95,20,17
23599,94.09,25,27.9,67.65,20,17
23601,102.09,25,32.43,69.44,20,17
23601,1.17,9,29.87,15.04,20,17
23603,53.71,30,6.76,41.89,20,17
23604,57.79,15,26.32,46.82,20,17
23606,62.3,30,5.53,67.1,20,17
23607,50.88,15,26.5,69.18,20,17
23605,1.59,9,29.79,56.55,20,17
23608,118.48,35,29.4,65.24,20,17
23610,66.83,23,30.08,59.45,20,17
23608,44.75,25,26.77,94.03,20,17
23610,27.38,26,45.69,91.39,20,17
23611,2.01,3,5.53,56.16,20,17
23614,0.18,2,22.49,63.42,20,17
23615,44.19,28,55.86,41.53,20,17
23615,1.18,9,29.29,56.21,20,17
23616,54.73,22,46.67,69.99,20,17
23617,4.37,7,25.19,57.74,20,17
23618,65.5,24,30.29,14.87,20,17
23619,3.68,7,23.27,59.96,20,17
23620,81.53,23,28.21,69.45,20,17
23621,1.97,11,8.5,54.87,20,17
23620,60.41,25,55.24,69.43,20,17
23623,73.19,21,33.25,44.27,20,17
23625,49.79,29,9.2,46.1,20,17
23623,46.64,18,31.72,50.72,20,17
23625,62.0,33,57.8,68.15,20,17
23627,79.24,20,21.1,89.17,20,17
23629,3.04,10,30.74,16.92,20,17
23630,103.61,30,23.64,63.48,20,17
23631,2.19,8,29.08,41.72,20,17
23631,1.01,10,23.0,51.03,20,17
23633,0.76,10,20.04,67.3,20,17
23632,4.5,8,25.52,66.4,20,17
23633,58.58,19,25.68,65.51,20,17
23635,54.98,21,25.65,40.99,20,17
23637,41.02,20,57.47,55.07,20,17
23635,38.82,14,22.35,54.13,20,17
23636,41.92,13,21.98,51.54,20,17
23640,109.53,35,32.99,48.49,20,18
23639,1.05,6,29.53,69.11,20,18
23640,4.2,3,31.2,46.38,20,18
23640,3.37,5,27.57,68.08,20,18
23642,40.86,13,32.17,86.12,20,18
23642,0.18,6,31.43,42.95,20,18
23644,58.86,31,9.76,86.11,20,18
23646,3.84,7,33.91,59.46,20,18
23648,68.41,21,30.91,61.52,20,18
23646,54.1,23,9.35,85.22,20,18
23650,114.89,35,33.47,86.32,20,18
23651,51.32,22,34.81,15.39,20,18
23651,3.95,6,25.97,41.42,20,18
23650,67.79,26,32.0,68.85,20,18
23651,2.1,8,31.79,93.84,20,18
23652,128.87,34,27.21,42.12,20,18
23653,71.44,24,29.41,62.86,20,18
23656,2.43,10,31.44,57.7,20,18
23657,50.12,25,34.87,15.66,20,18
23659,48.58,13,26.02,53.12,20,18
23660,118.89,29,34.04,67.47,20,18
23661,77.65,33,57.36,61.66,20,18
23662,2.47,8,6.26,54.03,20,18
23663,3.92,6,24.92,18.49,20,18
23662,39.23,14,25.77,52.88,20,18
23664,95.46,27,23.47,63.4,20,18
23664,77.06,19,23.27,44.83,20,18
23664,80.4,22,31.97,48.98,20,18
23667,2.53,1,20.1,40.19,20,18
23668,3.9,11,6.43,51.9,20,18
23668,39.64,14,24.2,61.43,20,18
23671,35.67,22,56.74,43.79,20,18
23670,4.35,5,21.94,67.66,20,18
23673,4.12,8,27.69,51.35,20,18
23674,4.4,3,32.46,46.87,20,18
23673,85.91,23,26.89,67.01,20,18
23676,62.04,24,29.46,12.18,20,18
23676,1.45,3,28.35,66.56,20,18
23676,0.18,8,23.68,48.95,20,18
23678,69.48,23,27.19,54.92,20,18
23678,3.05,11,5.76,47.83,20,18
23681,65.95,26,31.41,43.57,20,18
23679,89.44,31,21.88,54.21,20,18
23682,98.68,32,25.2,67.13,20,18
23683,2.01,10,22.11,43.87,20,18
23682,88.26,29,32.55,40.6,20,18
23686,70.26,25,31.47,57.89,20,18
23686,4.65,5,21.26,41.46,20,18
23686,44.95,12,30.04,41.59,20,18
23688,68.22,17,25.84,55.39,20,18
23688,50.05,24,7.1,55.64,20,18
23691,3.26,7,26.04,59.79,20,18
23691,46.73,20,34.82,18.64,20,18
23692,48.91,12,29.32,54.92,20,18
23694,3.76,2,8.36,51.49,20,18
23692,33.92,17,5.53,57.26,20,18
23694,1.46,9,23.1,45.67,20,18
23696,73.82,18,24.61,69.56,20,18
23697,31.46,13,32.77,11.62,20,18
23697,48.02,25,21.71,12.85,20,18
23698,4.95,3,32.25,56.98,20,19
23701,4.27,4,27.57,41.0,20,19
23700,1.83,9,22.0,64.72,20,19
23701,41.43,12,29.87,44.6,20,19
23704,67.76,17,20.61,63.71,20,19
23704,74.86,28,32.76,46.05,20,19
23703,105.51,34,25.94,43.97,20,19
23704,1.88,4,31.27,16.37,20,19
23708,25.36,12,7.54,50.08,20,19
23708,1.38,2,20.35,17.93,20,19
23707,0.63,8,32.91,92.47,20,19
23709,52.99,25,5.53,41.33,20,19
23709,65.99,28,32.32,94.03,20,19
23713,40.28,16,25.9,55.73,20,19
23712,84.02,25,31.2,52.52,20,19
23713,86.95,22,30.68,54.24,20,19
23715,0.86,11,56.84,57.0,20,19
23716,52.95,16,21.45,66.02,20,19
23717,58.69,15,31.48,86.51,20,19
23717,0.65,4,34.55,57.9,20,19
23719,88.5,30,25.85,55.5,20,19
23721,4.72,11,33.0,53.65,20,19
23722,2.87,11,5.79,53.65,20,19
23722,49.56,18,29.57,85.12,20,19
23721,96.71,24,25.37,67.2,20,19
23724,52.69,18,20.88,47.72,20,19
23726,94.65,24,33.46,53.61,20,19
23725,3.87,2,28.8,93.13,20,19
23728,0.5,3,9.8,60.21,20,19
23727,0.45,7,25.77,57.17,20,19
23729,108.0,26,25.64,46.2,20,19
23730,30.39,17,24.92,15.95,20,19
23731,88.29,29,28.2,65.35,20,19
23731,0.32,2,6.43,66.83,20,19
23732,48.47,14,30.5,41.07,20,19
23734,12.84,12,9.37,16.47,20,19
23736,86.68,35,28.27,91.19,20,19
23736,103.9,26,20.55,61.93,20,19
23737,50.81,27,5.71,42.05,20,19
23739,3.08,9,28.61,59.84,20,19
23737,79.24,25,20.21,41.14,20,19
23740,85.11,25,20.7,56.58,20,19
23742,53.8,24,5.56,61.18,20,19
23741,69.61,24,33.85,45.01,20,19
23742,66.47,23,29.37,40.09,20,19
23742,1.66,9,34.74,14.16,20,19
23745,60.31,16,34.18,58.16,20,19
23746,1.69,3,58.45560000000002,19.43,20,19
23747,1.95,11,6.89,55.66,20,19
23749,4.78,6,27.67,48.4,20,19
23748,20.44,15,6.6,93.44,20,19
23748,101.07,33,30.09,51.52,20,19
23750,2.79,7,22.37,61.06,20,19
23750,28.09,18,7.44,47.55,20,19
23754,61.4,22,20.67,49.96,20,19
23753,64.43,17,32.93,68.84,20,19
23755,48.72,13,24.38,48.2,20,19
23756,3.92,11,55.73,60.54,20,19
23758,2.47,4,32.45,46.55,20,19
23759,52.01,25,8.19,68.43,20,19
23759,89.13,24,22.53,54.93,20,20
23761,4.14,3,23.62,44.03,20,20
23759,66.29,29,30.02,13.55,20,20
23762,4.76,8,27.81,65.42,20,20
23761,0.83,3,8.27,44.44,20,20
23765,77.71,28,24.48,68.18,20,20
23764,4.62,9,27.89,85.58,20,20
23764,30.41,12,28.94,51.51,20,20
23768,57.72,16,31.34,44.69,20,20
23766,69.01,35,52.47,61.42,20,20
23768,59.4,16,29.67,56.39,20,20
23770,1.94,10,29.41,59.07,20,20
23770,4.78,10,29.19,52.02,20,20
23772,55.25,14,29.13,67.51,20,20
23773,89.22,30,31.28,63.63,20,20
23774,2.32,7,58.45560000000002,53.26,20,20
23774,42.88,17,25.61,92.52,20,20
23774,0.67,7,34.11,52.72,20,20
23778,60.56,23,25.75,16.01,20,20
23779,33.06,13,21.43,55.07,20,20
23780,3.05,6,7.71,51.5,20,20
23779,54.44,17,30.97,49.52,20,20
23782,48.05,28,6.22,91.2,20,20
23780,13.95,12,7.39,93.98,20,20
23784,57.93,23,24.25,55.41,20,20
23782,36.34,24,7.52,67.2,20,20
23786,117.96,29,21.33,88.24,20,20
23786,54.78,25,33.89,18.87,20,20
23785,52.53,32,7.23,16.91,20,20
23789,3.78,11,30.16,67.43,20,20
23790,3.27,10,9.19,59.31,20,20
23789,4.84,3,32.29,93.65,20,20
23792,71.99,18,25.6,65.75,20,20
23790,125.76,35,22.9,55.93,20,20
23793,51.4,28,5.53,68.48,20,20
23793,42.53,18,29.33,93.9,20,20
23796,0.39,1,24.68,60.6,20,20
23795,46.75,16,29.0,69.6,20,20
23795,45.19,15,34.21,58.69,20,20
23798,86.54,27,31.85,57.51,20,20
23797,59.62,22,24.17,16.98,20,20
23801,103.2,25,28.53,44.89,20,20
23802,54.03,35,51.73,65.8,20,20
23800,62.99,22,28.19,11.33,20,20
23804,95.09,27,26.57,60.64,20,20
23804,21.16,18,47.98,11.14,20,20
23804,40.0,13,29.54,68.83,20,20
23805,3.62,8,20.82,60.54,20,20
23806,78.37,21,34.83,51.21,20,20
23808,2.25,1,47.19,89.03,20,20
23808,57.54,21,27.0,63.82,20,20
23811,85.91,26,23.6,40.73,20,20
23812,3.28,5,30.03,48.89,20,20
23810,1.22,5,24.78,69.73,20,20
23814,125.17,32,34.5,60.62,20,20
23812,37.4,14,29.23,54.3,20,20
23814,4.82,8,20.45,43.32,20,20
23817,3.61,9,24.33,45.77,20,20
23815,4.62,4,34.38,63.9,20,20
23816,70.75,20,33.14,49.4,20,20
23817,86.27,25,27.28,56.92,20,21
23821,4.41,6,21.19,51.23,20,21
23821,51.7,28,58.45560000000002,52.33,20,21
23820,40.93,21,8.83,56.02,20,21
23823,122.53,31,22.68,53.91,20,21
23822,3.63,7,6.56,65.8,20,21
23823,1.69,10,30.44,59.57,20,21
23826,1.76,10,26.33,60.49,20,21
23826,33.35,13,26.77,16.24,20,21
23828,3.55,11,26.63,88.19,20,21
23829,0.18,4,25.05,56.02,20,21
23830,48.6,15,30.66,42.49,20,21
23829,70.94,20,29.64,69.41,20,21
23833,103.02,26,30.95,41.18,20,21
23831,70.02,17,34.01,56.66,20,21
23835,4.4,8,23.08,57.17,20,21
23834,2.69,7,58.45560000000002,64.79,20,21
23837,0.79,9,28.12,43.6,20,21
23837,72.81,19,33.4,67.66,20,21
23837,2.55,9,24.35,62.75,20,21
23839,34.16,14,5.85,53.04,20,21
23841,57.7,26,20.71,14.54,20,21
23841,62.85,15,30.63,68.6,20,21
23843,88.73,24,32.73,66.55,20,21
23844,49.63,18,24.21,49.16,20,21
23845,113.28,31,32.12,44.57,20,21
23843,45.87,14,30.59,59.78,20,21
23846,2.65,4,24.86,51.83,20,21
23846,50.78,16,27.06,47.82,20,21
23846,34.51,13,20.96,63.97,20,21
23847,3.83,3,24.4,61.7,20,21
23849,77.59,23,23.2,56.69,20,21
23852,4.51,3,32.82,44.28,20,21
23850,1.8,11,24.82,52.1,20,21
23853,4.06,5,27.97,53.76,20,21
23852,77.45,19,29.47,56.18,20,21
23855,71.62,26,27.65,64.56,20,21
23855,76.36,21,21.58,59.28,20,21
23856,101.69,28,32.1,62.86,20,21
23859,60.63,21,23.74,87.83,20,21
23859,1.78,4,34.36,50.25,20,21
23860,2.4,5,31.19,19.29,20,21
23861,43.53,16,20.92,65.83,20,21
23862,82.74,26,33.54,59.19,20,21
23864,46.8,13,22.66,51.15,20,21
23863,0.18,3,31.99,43.77,20,21
23863,2.12,4,30.16,54.7,20,21
23864,1.77,11,21.82,43.77,20,21
23867,66.94,18,32.24,61.69,20,21
23866,72.72,26,30.45,52.26,20,21
23869,82.76,33,23.97,45.27,20,21
23871,45.32,28,9.31,13.42,20,21
23872,89.48,23,23.71,63.52,20,21
23870,60.72,30,26.09,14.72,20,21
23874,51.29,14,24.63,51.14,20,21
23873,100.38,30,31.2,69.3,20,21
23875,0.18,3,29.28,40.33,20,21
23876,98.15,28,29.06,54.22,20,21
23878,103.24,35,29.72,56.99,20,21
23878,84.6,26,21.63,40.5,20,21
23877,105.62,30,24.73,55.12,20,22
23878,125.22,30,23.18,47.96,20,22
23880,3.55,4,29.98,43.51,20,22
23880,56.84,22,27.58,68.28,20,22
23883,55.9,15,34.52,51.18,20,22
23882,61.7,31,47.23,54.72,20,22
23884,111.08,29,22.73,46.16,20,22
23885,2.37,4,23.66,13.32,20,22
23887,121.33,31,29.36,41.83,20,22
23888,3.0,11,31.49,50.94,20,22
23887,89.42,30,30.88,56.18,20,22
23891,3.49,4,7.91,41.31,20,22
23889,53.39,21,26.8,43.28,20,22
23891,58.05,19,21.82,58.4,20,22
23893,36.55,14,25.02,15.52,20,22
23892,4.54,11,25.09,61.98,20,22
23895,3.77,6,49.13,48.05,20,22
23895,21.75,14,52.77,46.59,20,22
23895,116.6,29,30.05,49.98,20,22
23898,4.07,10,27.92,51.93,20,22
23898,73.56,25,23.79,68.5,20,22
23901,90.84,27,21.5,41.98,20,22
23899,85.98,28,23.25,58.8,20,22
23900,68.37,23,30.21,53.57,20,22
23901,2.17,7,27.89,92.75,20,22
23904,2.23,9,26.02,40.56,20,22
23906,68.65,21,29.26,54.23,20,22
23906,94.31,25,28.44,60.07,20,22
23906,2.63,2,29.77,14.72,20,22
23909,53.04,16,31.52,52.71,20,22
23910,86.29,31,28.53,88.14,20,22
23910,38.43,19,57.61,69.87,20,22
23912,3.66,3,50.43,54.99,20,22
23911,23.5,14,58.45560000000002,59.92,20,22
23913,69.89,18,27.58,66.2,20,22
23912,59.24,32,58.45560000000002,63.83,20,22
23914,47.13,21,54.76,63.07,20,22
23917,3.71,7,25.59,45.14,20,22
23916,77.9,23,32.75,61.12,20,22
23919,38.42,23,6.96,57.62,20,22
23919,87.59,25,22.38,59.55,20,22
23920,5.0,10,32.48,63.77,20,22
23921,35.22,12,32.92,42.61,20,22
23921,39.67,13,25.52,48.43,20,22
23921,89.24,31,30.05,57.97,20,22
23925,92.52,31,26.1,52.87,20,22
23924,63.31,20,20.81,54.12,20,22
23926,3.32,3,22.49,43.93,20,22
23926,3.63,8,58.45560000000002,48.8,20,22
23928,113.97,29,23.29,57.61,20,22
23928,0.68,5,25.95,50.17,20,22
23929,97.66,33,32.22,48.05,20,22
23931,59.18,16,27.16,41.59,20,22
23931,41.28,20,29.75,19.7,20,22
23932,40.41,12,28.21,65.67,20,22
23933,68.2,24,28.21,57.15,20,22
23934,42.3,18,22.03,13.9,20,22
23934,54.33,20,29.9,46.19,20,22
23937,3.12,8,27.52,47.62,20,22
23939,69.18,24,33.81,65.6,20,22
23940,60.18,24,24.39,65.11,20,23
23938,34.68,15,26.27,14.02,20,23
23942,82.25,24,24.12,59.06,20,23
23942,2.24,6,58.45560000000002,65.02,20,23
23941,39.69,19,48.02,67.09,20,23
23942,95.99,32,29.78,66.03,20,23
23943,78.82,29,27.89,47.32,20,23
23946,60.38,21,31.36,64.28,20,23
23945,2.57,3,25.24,65.57,20,23
23947,3.52,9,25.79,46.68,20,23
23947,4.79,5,29.65,47.7,20,23
23948,45.26,14,23.82,51.22,20,23
23951,0.29,4,30.12,17.18,20,23
23952,4.87,11,31.95,52.13,20,23
23954,50.85,19,28.35,60.26,20,23
23952,53.7,16,25.11,55.8,20,23
23954,53.15,14,27.97,48.44,20,23
23957,3.45,7,22.94,58.2,20,23
23958,1.8,9,24.05,65.02,20,23
23956,85.01,22,32.89,67.31,20,23
23960,45.8,18,24.12,63.64,20,23
23960,111.64,33,34.38,45.93,20,23
23961,2.67,4,8.51,41.22,20,23
23962,56.28,18,29.59,49.48,20,23
23962,2.65,9,20.32,67.95,20,23
23964,3.72,3,47.43,44.71,20,23
23966,82.87,23,22.13,52.01,20,23
23965,56.3,30,52.5,67.9,20,23
23966,66.34,24,30.62,63.68,20,23
23968,82.5,25,21.2,55.44,20,23
23969,42.13,14,25.78,69.3,20,23
23971,132.77120000000002,35,20.1,42.17,20,23
23972,55.3,14,21.81,49.28,20,23
23971,44.71,12,34.69,43.44,20,23
23974,53.24,34,46.04,62.9,20,23
23974,55.46,20,32.22,56.19,20,23
23974,97.04,32,34.61,69.53,20,23
23974,87.67,35,24.9,46.94,20,23
23976,90.82,31,28.4,54.96,20,23
23978,4.45,11,33.14,59.46,20,23
23977,78.75,29,25.79,44.24,20,23
23980,48.33,26,51.05,42.46,20,23
23979,62.21,30,48.89,41.79,20,23
23980,4.72,8,31.19,54.82,20,23
23983,90.09,24,26.88,59.04,20,23
23982,79.6,31,33.6,48.54,20,23
23984,76.49,24,28.07,57.93,20,23
23984,73.06,29,27.8,47.51,20,23
23987,87.95,30,32.93,45.75,20,23
23987,2.29,7,9.47,19.76,20,23
23988,71.16,29,5.53,61.94,20,23
23991,2.2,7,47.85,59.1,20,23
23992,54.45,21,22.92,66.76,20,23
23993,4.91,8,33.0,62.58,20,23
23991,53.08,14,32.25,46.66,20,23
23992,51.88,17,24.99,56.1,20,23
23996,36.86,14,32.23,44.37,20,23
23996,37.57,25,6.92,66.68,20,23
23997,4.26,9,33.67,88.29,20,23
23998,61.64,18,33.87,54.44,20,23
23998,99.1,26,20.76,58.03,20,24
24000,55.46,21,22.36,61.95,20,24
24002,2.36,11,20.54,57.01,20,24
24003,66.51,27,26.32,92.42,20,24
24004,2.23,11,34.27,53.98,20,24
24003,0.87,6,7.54,45.51,20,24
24004,0.2,3,30.98,58.49,20,24
24007,94.27,26,30.33,61.98,20,24
24007,75.43,20,24.18,51.11,20,24
24006,72.66,25,22.54,48.25,20,24
24007,81.99,32,32.42,67.21,20,24
24010,2.64,9,48.77,18.19,20,24
24010,3.23,5,27.23,44.02,20,24
24011,43.1,17,21.88,65.33,20,24
24011,127.95,35,34.38,56.35,20,24
24012,43.89,22,52.83,52.18,20,24
24013,75.19,21,23.32,51.88,20,24
24016,2.27,10,22.26,40.55,20,24
24017,75.35,22,22.45,42.79,20,24
24018,60.97,28,27.86,11.65,20,24
24018,1.32,3,28.97,66.02,20,24
24018,37.54,12,26.45,65.94,20,24
24019,59.19,16,34.26,88.82,20,24
24020,125.09,33,26.99,55.58,20,24
24022,1.6,8,33.94,85.27,20,24
24023,110.74,31,31.28,58.33,20,24
24026,89.53,25,28.87,42.72,20,24
24026,52.67,22,28.22,19.03,20,24
24025,1.71,2,58.45560000000002,56.92,20,24
24029,59.55,19,28.09,66.05,20,24
24027,43.5,12,30.55,48.64,20,24
24028,4.79,10,47.23,52.48,20,24
24030,47.38,28,8.92,63.58,20,24
24032,33.35,12,20.37,64.81,20,24
24032,2.89,6,48.36,63.91,20,24
24034,124.9,33,32.44,40.17,20,24
24034,1.2,11,27.04,89.12,20,24
24037,1.6,4,29.58,41.43,20,24
24038,54.07,33,6.78,58.85,20,24
24036,61.75,24,32.04,44.87,20,24
24040,3.15,5,27.17,44.21,20,24
24041,54.85,23,58.45560000000002,41.94,20,24
24039,3.22,10,21.49,53.67,20,24
24040,2.35,6,27.63,54.69,20,24
24042,99.6,29,20.78,68.82,20,24
24045,81.25,30,24.67,13.75,20,24
24045,50.35,17,33.72,63.63,20,24
24044,0.45,8,24.08,41.46,20,24
24047,90.03,32,20.94,40.22,20,24
24047,132.24,34,25.49,59.87,20,24
24049,47.12,16,28.16,61.6,20,24
24050,1.1,4,33.07,60.61,20,24
24049,40.86,20,9.67,50.6,20,24
24053,68.8,21,28.66,47.13,20,24
24051,97.92,28,30.93,66.8,20,24
24055,1.15,4,22.84,19.57,20,24
24054,63.81,30,9.48,53.02,20,24
24054,60.1,23,28.54,46.76,20,24
24057,2.38,5,58.45560000000002,68.78,20,24
24058,64.99,25,23.16,53.4,20,24
24060,50.88,21,28.33,90.5,20,25
24059,73.4,26,34.28,62.47,20,25
24060,56.11,18,28.04,40.9,20,25
24063,2.68,3,8.59,91.78,20,25
24061,36.27,18,56.66,50.12,20,25
24063,26.13,14,8.45,64.3,20,25
24063,3.46,2,56.72,46.37,20,25
24065,66.11,19,21.45,61.16,20,25
24066,46.62,17,27.5,53.08,20,25
24068,0.18,7,32.89,56.78,20,25
24068,75.47,30,25.32,85.64,20,25
24069,59.51,31,31.51,14.03,20,25
24072,79.9,21,28.07,47.47,20,25
24071,4.15,3,29.31,92.02,20,25
24074,42.98,12,27.28,47.52,20,25
24072,48.15,32,7.36,63.23,20,25
24076,2.66,10,28.58,62.1,20,25
24077,40.99,12,32.14,56.89,20,25
24075,38.22,22,54.72,50.33,20,25
24076,54.13,17,29.6,48.41,20,25
24079,24.7,12,8.54,58.59,20,25
24078,98.54,26,34.47,53.24,20,25
24079,46.26,23,6.6,62.44,20,25
24083,39.24,18,34.95,13.11,20,25
24083,59.88,24,58.45560000000002,52.92,20,25
24085,55.84,25,8.02,65.99,20,25
24085,73.09,34,58.45560000000002,46.61,20,25
24084,66.67,26,30.41,91.37,20,25
24088,49.36,26,32.16,94.03,20,25
24089,119.2,32,24.22,53.61,20,25
24089,107.79,29,24.61,51.74,20,25
24090,66.92,26,22.36,48.48,20,25
24091,67.55,27,50.34,58.31,20,25
24093,96.34,29,22.6,50.32,20,25
24094,27.46,12,50.52,44.22,20,25
24092,103.68,31,31.43,47.67,20,25
24095,39.86,21,5.68,45.3,20,25
24096,79.25,32,56.01,69.31,20,25
24098,94.87,25,31.72,42.55,20,25
24096,93.03,29,22.92,69.46,20,25
24100,67.55,23,28.19,15.04,20,25
24099,52.06,33,50.11,66.64,20,25
24099,45.72,25,30.04,11.39,20,25
24102,60.97,23,27.45,20.0,20,25
24103,19.63,13,8.64,50.09,20,25
24102,1.45,2,21.42,11.14,20,25
24106,79.25,22,23.34,63.58,20,25
24107,2.09,8,20.5,41.53,20,25
24105,62.56,32,31.07,15.32,20,25
24108,86.45,30,20.27,41.47,20,25
24108,4.9,4,7.62,93.93,20,25
24111,0.18,5,57.77,42.67,20,25
24112,76.3,28,20.41,87.63,20,25
24110,2.47,9,31.1,53.36,20,25
24114,98.37,31,32.51,86.65,20,25
24114,75.4,35,6.52,44.8,20,25
24113,49.1,24,23.31,94.03,20,25
24115,4.11,11,27.88,59.07,20,25
24118,2.57,9,24.11,42.37,20,25
24118,48.98,19,23.4,44.85,20,25
24118,69.02,17,24.74,41.81,20,26
24119,77.78,21,28.41,63.36,20,26
24119,93.4,26,21.26,40.47,20,26
24120,82.42,29,33.12,94.01,20,26
24121,1.51,2,50.12,64.46,20,26
24125,64.27,16,23.73,42.02,20,26
24125,50.51,18,20.02,16.88,20,26
24126,56.59,25,22.32,17.39,20,26
24128,2.16,3,9.51,67.71,20,26
24129,100.28,35,32.18,66.99,20,26
24129,92.91,23,25.47,86.63,20,26
24130,109.12,27,31.95,59.15,20,26
24129,79.36,21,25.22,45.23,20,26
24131,2.47,7,32.72,65.57,20,26
24131,44.25,14,27.07,55.89,20,26
24135,4.85,10,26.88,15.49,20,26
24136,2.98,7,33.18,52.39,20,26
24136,52.92,13,20.03,57.55,20,26
24137,43.39,15,28.06,55.32,20,26
24138,45.1,14,31.47,67.7,20,26
24138,1.1,3,6.36,41.71,20,26
24138,113.39,32,30.21,59.12,20,26
24139,105.74,28,27.12,51.59,20,26
24140,46.83,16,34.81,18.41,20,26
24143,50.81,21,22.23,16.6,20,26
24144,122.64,31,34.25,62.79,20,26
24144,2.1,6,52.45,43.31,20,26
24146,46.08,25,9.44,42.29,20,26
24147,64.69,20,23.45,47.7,20,26
24147,75.89,26,29.48,62.53,20,26
24148,44.33,17,28.54,51.92,20,26
24149,99.26,28,20.45,57.55,20,26
24152,65.31,22,34.61,87.76,20,26
24153,3.38,3,22.28,54.94,20,26
24154,42.47,14,23.17,53.72,20,26
24154,120.46,29,20.12,41.41,20,26
24155,50.43,30,7.32,17.16,20,26
24156,1.33,3,22.44,92.67,20,26
24157,2.06,3,24.96,93.57,20,26
24158,78.54,31,22.26,45.68,20,26
24159,4.4,1,30.42,68.58,20,26
24158,82.99,21,33.71,68.56,20,26
24160,0.42,9,27.89,61.75,20,26
24163,60.0,28,53.63,57.7,20,26
24163,124.5,30,31.71,41.71,20,26
24165,70.23,20,34.94,50.77,20,26
24164,4.57,7,22.95,65.2,20,26
24165,67.29,25,31.75,40.55,20,26
24168,4.4,9,49.53,42.03,20,26
24166,4.99,7,27.97,57.47,20,26
24168,1.56,4,22.72,42.44,20,26
24169,32.62,12,24.35,55.48,20,26
24169,93.05,25,32.41,69.68,20,26
24172,86.33,30,21.86,63.99,20,26
24174,93.04,35,34.33,40.17,20,26
24175,0.85,10,32.56,51.37,20,26
24175,1.61,6,23.39,66.99,20,26
24176,54.71,14,24.34,53.52,20,26
24178,108.21,28,25.5,54.14,20,26
24178,60.92,20,25.8,55.77,20,26
24180,2.31,4,9.57,67.12,20,27
24180,74.49,32,25.08,11.14,20,27
24179,40.6,15,22.74,51.1,20,27
24180,64.8,17,34.2,65.29,20,27
24184,1.36,10,5.53,48.76,20,27
24183,78.27,22,25.88,68.23,20,27
24185,60.68,19,32.01,48.75,20,27
24185,132.77120000000002,34,25.87,43.1,20,27
24188,58.87,23,34.37,65.99,20,27
24187,81.03,22,30.38,60.05,20,27
24190,2.75,6,25.76,50.74,20,27
24188,73.31,23,27.03,45.54,20,27
24192,42.08,19,32.26,18.23,20,27
24190,35.6,22,48.1,69.31,20,27
24191,93.66,23,30.29,65.51,20,27
24194,4.16,10,30.73,47.05,20,27
24196,52.53,16,29.39,60.23,20,27
24194,69.99,21,24.93,59.32,20,27
24195,129.04,34,23.79,52.9,20,27
24197,33.4,12,31.57,43.08,20,27
24198,0.67,1,54.43,46.96,20,27
24198,104.11,27,20.26,40.97,20,27
24200,69.49,32,33.17,93.9,20,27
24200,84.98,34,54.79,63.32,20,27
24201,3.85,3,30.22,86.14,20,27
24203,52.76,21,26.88,13.09,20,27
24205,3.15,1,27.42,12.29,20,27
24204,66.6,21,33.04,43.78,20,27
24206,4.27,4,31.11,69.98,20,27
24209,19.62,12,51.26,42.3,20,27
24209,36.16,19,29.59,92.01,20,27
24210,67.63,21,25.04,57.57,20,27
24212,88.84,22,20.8,42.22,20,27
24212,66.88,25,31.4,92.87,20,27
24212,42.47,16,29.47,55.32,20,27
24212,4.47,5,29.34,65.23,20,27
24214,84.41,28,20.27,45.58,20,27
24215,30.35,15,58.45560000000002,45.55,20,27
24218,43.07,12,24.53,51.26,20,27
24218,0.18,1,6.41,45.46,20,27
24217,2.65,2,32.68,45.11,20,27
24220,75.9,30,33.83,17.43,20,27
24219,4.71,5,34.43,55.58,20,27
24223,2.49,3,30.0,65.59,20,27
24222,2.84,5,26.18,48.17,20,27
24222,55.59,17,22.31,44.16,20,27
24223,68.31,19,29.93,41.25,20,27
24224,86.79,31,31.86,51.7,20,27
24228,53.35,24,33.39,12.4,20,27
24227,50.93,25,26.59,19.03,20,27
24227,89.16,26,21.01,59.96,20,27
24231,94.01,28,22.74,41.56,20,27
24231,115.36,35,23.84,52.06,20,27
24233,62.72,25,27.59,12.16,20,27
24231,72.58,19,32.62,67.57,20,27
24233,47.13,12,31.21,55.59,20,27
24235,0.21,10,27.46,60.86,20,27
24235,89.46,32,29.24,89.65,20,27
24237,107.14,35,26.94,58.9,20,27
24239,20.45,13,8.82,58.89,20,27
24237,126.81,35,20.45,50.64,20,28
24239,32.7,16,50.79,56.13,20,28
24240,101.9,35,24.74,54.28,20,28
24243,4.05,1,20.21,48.11,20,28
24243,45.67,23,7.39,43.07,20,28
24245,3.56,3,26.65,87.94,20,28
24246,104.19,28,27.06,52.46,20,28
24244,117.62,32,27.99,66.8,20,28
24248,100.76,32,34.41,46.35,20,28
24249,1.66,10,28.45,64.98,20,28
24247,76.18,35,33.67,94.03,20,28
24249,21.29,13,46.6,18.57,20,28
24251,4.49,1,21.05,40.36,20,28
24250,82.79,25,26.54,50.83,20,28
24252,125.65,34,33.97,67.18,20,28
24254,59.94,21,28.23,59.1,20,28
24254,56.82,28,7.0,66.91,20,28
24257,85.21,21,20.41,56.99,20,28
24255,30.84,13,24.61,16.08,20,28
24256,44.82,15,27.24,65.79,20,28
24257,39.8,19,46.98,60.28,20,28
24261,72.09,20,31.72,41.45,20,28
24259,124.36,31,20.49,62.87,20,28
24262,67.92,22,34.04,57.8,20,28
24263,1.44,6,28.75,15.31,20,28
24262,98.91,27,23.98,42.26,20,28
24265,94.23,34,20.96,58.95,20,28
24266,78.32,21,28.87,68.26,20,28
24267,66.98,23,27.81,55.08,20,28
24268,103.93,35,32.87,67.36,20,28
24267,79.57,25,31.28,59.88,20,28
24270,74.91,26,27.18,19.38,20,28
24269,2.68,3,48.41,40.39,20,28
24270,47.58,13,24.88,87.8,20,28
24274,55.05,14,28.14,61.76,20,28
24274,59.09,28,47.62,62.71,20,28
24274,34.94,21,52.97,61.19,20,28
24277,33.11,18,22.14,19.91,20,28
24278,1.03,2,32.85,44.23,20,28
24278,39.54,14,22.34,63.26,20,28
24278,1.43,9,33.43,18.87,20,28
24279,1.24,4,32.1,40.5,20,28
24281,80.6,32,27.28,55.39,20,28
24282,58.61,34,8.96,11.36,20,28
24282,81.63,20,21.89,57.7,20,28
24282,81.25,22,28.31,62.78,20,28
24285,2.49,8,31.59,49.87,20,28
24285,4.21,3,32.57,56.67,20,28
24287,47.74,13,34.71,56.09,20,28
24286,2.38,4,29.13,66.49,20,28
24287,71.29,23,29.16,69.6,20,28
24288,26.14,14,8.55,49.48,20,28
24289,117.13,33,23.58,61.81,20,28
24292,27.22,15,27.76,94.03,20,28
24293,100.83,25,28.82,51.44,20,28
24292,59.57,32,5.71,60.09,20,28
24295,64.13,25,28.36,17.17,20,28
24294,132.77120000000002,34,32.84,64.71,20,28
24296,45.44,17,25.65,69.48,20,28
24296,129.36,32,33.91,62.27,20,28
24299,77.37,28,24.09,64.07,20,29
24299,63.48,18,33.68,59.26,20,29
24302,46.39,14,34.61,44.99,20,29
24302,76.41,20,26.56,49.92,20,29
24304,2.65,2,28.04,67.15,20,29
24304,24.44,12,6.39,64.62,20,29
24304,76.77,23,22.55,66.53,20,29
24306,99.48,24,26.85,50.95,20,29
24306,4.37,4,25.45,54.44,20,29
24308,1.42,2,30.55,41.97,20,29
24307,79.31,19,30.51,63.69,20,29
24309,40.42,13,21.17,62.59,20,29
24312,123.13,30,29.23,65.64,20,29
24313,48.83,12,31.27,51.02,20,29
24312,96.56,26,27.29,55.39,20,29
24315,35.66,15,21.12,16.22,20,29
24313,3.42,10,28.99,45.97,20,29
24315,74.64,19,34.23,41.24,20,29
24318,85.28,21,31.29,87.93,20,29
24316,30.68,16,46.29,42.35,20,29
24318,123.25,35,28.67,87.56,20,29
24319,16.07,12,6.3,12.5,20,29
24319,2.26,4,20.72,89.5,20,29
24320,2.55,5,9.75,55.76,20,29
24321,0.29,3,22.98,51.01,20,29
24323,37.84,24,45.91,57.43,20,29
24324,36.44,23,5.6,51.55,20,29
24326,0.18,9,8.91,11.56,20,29
24325,51.69,14,25.43,68.29,20,29
24329,33.45,13,28.66,15.5,20,29
24328,3.6,10,33.7,40.06,20,29
24330,1.81,5,32.43,42.07,20,29
24330,0.33,5,28.8,43.43,20,29
24333,0.18,5,23.63,65.74,20,29
24332,95.93,29,32.57,49.29,20,29
24332,109.15,33,20.63,41.97,20,29
24334,58.61,23,31.45,60.22,20,29
24336,4.76,5,29.36,52.26,20,29
24338,93.78,32,26.91,52.93,20,29
24337,2.07,10,24.88,49.41,20,29
24340,102.73,35,30.9,13.32,20,29
24339,77.08,30,27.47,92.94,20,29
24340,78.44,22,20.73,69.21,20,29
24343,4.7,10,32.8,68.68,20,29
24343,44.96,12,31.02,40.82,20,29
24345,70.21,24,24.82,41.26,20,29
24345,118.91,33,20.47,40.49,20,29
24345,79.06,28,33.09,63.0,20,29
24345,81.98,30,28.12,65.19,20,29
24346,2.11,7,48.56,68.71,20,29
24350,103.49,29,23.86,48.37,20,29
24349,1.6,9,29.45,69.67,20,29
24350,60.58,32,56.96,57.36,20,29
24353,70.02,33,7.14,88.89,20,29
24353,88.52,23,26.45,64.27,20,29
24352,47.74,14,32.24,54.05,20,29
24356,0.65,8,6.4,51.44,20,29
24357,88.66,22,28.18,41.55,20,29
24355,0.89,10,26.42,63.3,20,29
24359,2.38,1,5.74,57.91,20,29
24360,89.65,31,34.73,67.82,20,30
24361,4.48,7,22.57,49.76,20,30
24362,4.42,6,57.69,90.83,20,30
24361,92.36,26,29.03,50.79,20,30
24362,45.66,16,22.72,54.19,20,30
24365,2.77,10,33.3,11.48,20,30
24364,36.77,18,47.75,62.71,20,30
24364,2.02,3,34.64,57.48,20,30
24365,94.62,24,23.5,43.86,20,30
24368,73.75,27,28.25,45.24,20,30
24370,1.25,9,23.7,45.48,20,30
24371,47.87,21,20.64,13.34,20,30
24372,2.25,8,22.19,50.38,20,30
24370,54.75,16,23.09,52.9,20,30
24372,4.47,2,29.15,60.43,20,30
24373,69.3,21,27.76,56.37,20,30
24374,25.77,13,46.36,89.59,20,30
24374,70.1,31,7.71,43.85,20,30
24377,39.14,14,23.66,44.36,20,30
24376,4.3,4,34.43,44.56,20,30
24379,78.41,28,20.36,67.75,20,30
24380,99.85,27,25.39,43.05,20,30
24382,2.91,7,57.67,40.04,20,30
24383,4.14,8,28.36,65.75,20,30
24383,107.72,30,25.28,50.63,20,30
24382,84.65,34,56.45,68.78,20,30
24384,3.65,7,47.71,64.8,20,30
24385,3.17,2,25.03,15.52,20,30
24388,53.29,34,6.91,48.92,20,30
24389,0.42,3,22.91,61.71,20,30
24388,91.76,23,31.57,69.97,20,30
24388,59.69,34,7.51,63.45,20,30
24392,1.42,4,31.71,57.2,20,30
24392,58.55,14,27.25,49.55,20,30
24393,66.75,21,30.71,60.29,20,30
24393,55.32,22,31.77,66.87,20,30
24393,1.47,8,29.04,69.4,20,30
24396,97.13,32,25.31,58.66,20,30
24397,1.99,1,30.27,44.19,20,30
24397,64.41,23,31.44,94.03,20,30
24398,63.51,29,55.33,63.0,20,30
24401,1.8,7,23.37,45.97,20,30
24401,84.34,25,30.61,58.25,20,30
24403,61.42,21,31.38,11.44,20,30
24402,2.71,2,31.91,43.19,20,30
24405,52.76,17,28.95,63.88,20,30
24406,44.71,14,25.58,41.0,20,30
24406,73.45,22,27.66,59.79,20,30
24406,48.34,14,20.51,52.1,20,30
24408,2.07,8,23.21,88.69,20,30
24408,37.19,23,51.49,62.84,20,30
24411,120.23,30,28.96,47.08,20,30
24411,35.1,15,58.45560000000002,66.17,20,30
24411,2.9,3,5.53,68.94,20,30
24412,41.08,21,9.93,88.36,20,30
24415,3.29,1,30.27,50.48,20,30
24416,56.65,14,22.76,54.92,20,30
24416,118.0,30,26.29,52.78,20,30
24417,63.21,25,22.89,50.3,20,30
24418,74.67,24,25.98,60.49,20,30
24419,69.85,21,20.86,53.4,20,31
24420,81.51,22,27.67,65.75,20,31
24420,74.15,33,23.39,90.82,20,31
24422,1.22,5,6.14,56.23,20,31
24423,113.84,33,34.8,65.88,20,31
24425,50.23,23,26.58,15.61,20,31
24426,20.32,13,9.67,67.7,20,31
24426,5.0,1,47.54,60.27,20,31
24425,77.88,19,26.4,46.88,20,31
24429,36.73,22,8.74,43.88,20,31
24429,73.14,22,25.68,48.09,20,31
24429,71.77,28,28.24,56.83,20,31
24431,1.82,10,30.13,40.89,20,31
24433,56.74,17,20.62,50.85,20,31
24433,52.88,30,7.07,93.6,20,31
24433,0.99,1,34.56,60.6,20,31
24435,45.45,18,22.94,53.5,20,31
24436,106.23,29,23.71,85.83,20,31
24436,41.43,22,56.96,45.27,20,31
24436,47.81,14,23.42,43.93,20,31
24439,56.78,26,33.92,12.36,20,31
24439,41.5,15,29.67,63.42,20,31
24440,128.29,34,22.56,53.37,20,31
24443,85.82,21,33.52,68.81,20,31
24444,3.21,6,30.06,45.75,20,31
24442,4.63,10,26.47,17.94,20,31
24445,56.38,21,23.82,60.22,20,31
24447,41.04,25,6.52,92.62,20,31
24446,3.04,11,29.9,16.54,20,31
24447,4.38,10,25.65,41.1,20,31
24450,42.13,13,29.31,49.11,20,31
24451,3.73,5,33.74,56.65,20,31
24450,2.3,9,29.86,41.69,20,31
24453,33.02,28,53.57,93.14,20,31
24453,88.27,34,26.37,44.59,20,31
24455,47.97,15,32.12,43.95,20,31
24456,41.5,14,29.79,54.3,20,31
24455,2.19,5,51.15,60.59,20,31
24456,74.78,25,32.29,48.83,20,31
24457,92.45,35,22.1,91.84,20,31
24459,1.52,8,25.61,60.84,20,31
24458,56.73,26,9.15,55.94,20,31
24460,28.4,18,58.36,67.6,20,31
24462,4.5,7,33.55,57.73,20,31
24464,4.55,2,27.56,88.75,20,31
24463,59.21,26,9.22,55.36,20,31
24466,123.45,30,21.09,57.1,20,31
24467,83.39,33,21.53,46.64,20,31
24468,61.76,15,27.86,50.77,20,31
24466,118.02,30,20.41,41.9,20,31
24470,107.24,33,27.81,54.47,20,31
24468,28.29,16,48.98,63.7,20,31
24469,132.77120000000002,35,29.08,53.15,20,31
24471,130.18,33,27.35,64.17,20,31
24471,62.09,18,27.31,52.53,20,31
24475,47.66,18,31.01,66.48,20,31
24474,63.67,23,32.58,66.64,20,31
24476,81.07,22,27.74,47.27,20,31
24475,116.26,33,30.4,50.42,20,31
24478,4.85,3,54.73,12.62,20,31
24477,1.8,2,34.64,62.54,20,32
24481,33.29,12,28.95,40.8,20,32
24481,4.69,5,9.34,47.94,20,32
24480,73.63,27,22.03,92.27,20,32
24483,0.56,1,23.15,67.56,20,32
24482,76.87,28,31.2,63.98,20,32
24486,74.77,25,24.48,56.96,20,32
24487,48.28,16,32.72,61.07,20,32
24486,1.95,2,21.9,61.98,20,32
24488,0.8,3,58.45560000000002,44.75,20,32
24487,27.86,18,55.27,49.98,20,32
24490,1.19,3,26.56,11.73,20,32
24491,4.92,1,25.96,66.55,20,32
24490,63.18,22,33.07,56.64,20,32
24492,0.18,9,24.03,49.83,20,32
24493,54.0,18,23.12,59.51,20,32
24495,111.51,30,29.85,64.95,20,32
24497,52.3,24,52.45,49.54,20,32
24497,87.3,30,30.74,61.07,20,32
24497,132.77120000000002,34,26.24,56.77,20,32
24500,25.98,12,51.61,63.11,20,32
24498,59.15,18,20.7,57.32,20,32
24501,4.28,10,33.47,67.57,20,32
24501,2.69,5,6.4,46.7,20,32
24504,60.46,30,33.68,11.51,20,32
24503,92.06,22,26.38,51.02,20,32
24505,4.24,4,23.34,50.63,20,32
24507,1.65,3,34.15,45.76,20,32
24508,0.23,6,29.79,69.16,20,32
24509,0.23,8,23.99,63.17,20,32
24507,1.49,5,20.21,66.19,20,32
24510,38.24,22,49.17,11.24,20,32
24512,1.11,2,45.23,52.45,20,32
24512,68.35,24,23.72,65.73,20,32
24512,77.43,24,25.27,53.3,20,32
24514,0.86,7,25.68,68.72,20,32
24516,57.93,20,23.22,46.13,20,32
24515,32.62,15,5.53,52.93,20,32
24518,67.71,20,25.29,62.69,20,32
24517,54.0,13,20.49,47.49,20,32
24517,3.44,7,23.25,11.14,20,32
24519,72.13,31,9.91,63.85,20,32
24520,105.75,34,29.28,40.55,20,32
24520,45.75,13,20.57,63.23,20,32
24521,45.05,34,58.01,18.44,20,32
24524,54.81,21,22.06,42.35,20,32
24526,76.92,26,30.47,41.82,20,32
24527,107.59,35,26.5,51.31,20,32
24525,58.75,19,29.63,88.29,20,32
24526,2.22,9,32.81,13.11,20,32
24529,59.28,18,22.36,40.43,20,32
24530,1.24,2,55.21,62.99,20,32
24531,2.53,7,24.49,68.85,20,32
24530,43.11,23,24.57,13.75,20,32
24532,80.69,24,21.12,61.39,20,32
24533,96.54,26,23.01,51.76,20,32
24535,34.66,22,9.29,16.83,20,32
24536,50.04,25,48.24,40.51,20,32
24536,52.54,24,20.82,11.14,20,32
24538,42.44,19,7.71,86.7,20,32
24540,2.83,4,33.84,64.33,20,33
24539,86.27,27,23.45,48.21,20,33
24540,54.83,33,8.45,52.68,20,33
24541,56.86,15,20.64,53.4,20,33
24544,50.73,13,25.91,54.54,20,33
24545,57.6,15,28.12,41.71,20,33
24544,86.73,31,30.12,56.57,20,33
24545,55.85,33,5.53,94.03,20,33
24547,20.61,13,53.85,93.34,20,33
24548,61.06,20,31.22,45.71,20,33
24547,52.92,26,25.11,91.89,20,33
24551,0.89,8,34.86,11.14,20,33
24549,57.72,34,5.53,13.97,20,33
24551,21.58,17,7.99,93.28,20,33
24551,47.28,16,22.95,61.13,20,33
24555,65.1,23,33.14,15.37,20,33
24555,2.99,10,33.49,62.36,20,33
24557,0.89,2,26.17,55.84,20,33
24557,113.58,34,27.26,69.55,20,33
24559,3.83,6,33.2,60.65,20,33
24558,99.69,24,34.12,42.94,20,33
24558,4.49,1,32.25,40.86,20,33
24561,62.3,16,29.88,68.83,20,33
24561,104.98,25,21.4,63.82,20,33
24562,2.29,7,28.28,89.98,20,33
24565,95.89,32,34.16,62.42,20,33
24564,26.17,14,58.15,53.05,20,33
24567,47.61,19,7.33,55.94,20,33
24566,3.39,10,29.53,57.62,20,33
24569,71.92,28,27.8,46.07,20,33
24567,33.55,17,5.53,43.15,20,33
24569,56.47,16,32.16,66.18,20,33
24572,111.83,33,34.15,60.46,20,33
24570,39.12,13,22.78,62.9,20,33
24572,3.45,6,33.46,63.19,20,33
24572,3.23,6,30.82,49.27,20,33
24575,46.85,16,25.82,11.14,20,33
24574,33.9,15,5.83,61.25,20,33
24576,2.7,5,26.19,42.95,20,33
24579,84.85,22,20.12,42.26,20,33
24580,2.29,6,28.89,64.77,20,33
24579,74.43,28,27.05,65.36,20,33
24579,47.93,35,52.11,93.3,20,33
24582,34.9,15,7.28,48.7,20,33
24584,66.47,30,26.31,18.33,20,33
24584,84.45,21,25.28,61.7,20,33
24583,54.51,18,24.9,47.05,20,33
24587,95.57,30,23.04,69.89,20,33
24586,55.79,18,30.14,45.94,20,33
24588,115.86,32,25.19,56.26,20,33
24588,2.4,2,26.71,86.52,20,33
24591,1.78,9,29.32,58.45,20,33
24589,2.47,10,23.06,47.18,20,33
24592,99.38,27,24.26,64.35,20,33
24591,37.94,13,33.64,47.21,20,33
24595,59.79,28,9.63,50.09,20,33
24593,4.86,1,25.46,18.73,20,33
24596,59.52,15,31.45,55.99,20,33
24596,66.96,29,31.63,12.8,20,33
24597,118.32,32,28.98,54.1,20,33
24600,114.17,34,29.49,69.57,20,34
24599,52.85,14,34.49,68.66,20,34
24602,4.61,8,57.82,52.74,20,34
24600,25.89,12,8.97,44.89,20,34
24603,26.81,23,52.36,92.95,20,34
24602,90.74,25,26.0,49.46,20,34
24604,0.51,9,22.35,55.38,20,34
24606,2.29,3,52.7,44.33,20,34
24608,36.78,22,49.39,49.65,20,34
24606,2.37,4,31.51,52.7,20,34
24609,2.85,2,22.14,67.87,20,34
24609,0.83,2,33.29,91.89,20,34
24610,47.47,15,27.46,53.95,20,34
24612,39.4,26,9.72,42.57,20,34
24614,20.16,13,57.7,42.48,20,34
24612,2.12,9,6.51,41.67,20,34
24615,0.36,4,29.12,60.81,20,34
24614,3.84,2,20.46,56.46,20,34
24616,83.45,33,23.32,13.05,20,34
24616,81.25,20,32.87,55.53,20,34
24618,2.65,7,27.7,57.04,20,34
24620,35.65,21,55.12,55.0,20,34
24620,104.75,26,34.85,62.31,20,34
24623,71.68,35,23.09,15.07,20,34
24624,40.61,21,34.8,19.34,20,34
24622,3.66,3,32.3,64.57,20,34
24625,84.19,33,25.59,50.93,20,34
24626,3.76,4,20.72,40.38,20,34
24626,1.09,5,30.64,57.17,20,34
24626,3.18,8,22.25,93.7,20,34
24628,4.53,4,55.26,47.68,20,34
24628,115.77,35,28.44,42.41,20,34
24629,3.15,1,33.96,52.3,20,34
24631,46.1,12,24.87,57.45,20,34
24634,71.17,24,29.95,49.94,20,34
24633,50.71,19,23.96,41.99,20,34
24636,119.06,29,32.32,42.9,20,34
24635,74.77,30,27.51,11.8,20,34
24636,66.14,25,33.74,46.44,20,34
24638,69.57,33,6.33,86.67,20,34
24637,2.03,2,28.05,67.46,20,34
24640,82.1,28,20.63,52.48,20,34
24640,2.9,4,46.88,54.23,20,34
24642,41.11,14,22.83,54.73,20,34
24644,63.79,31,9.01,49.04,20,34
24642,68.56,32,7.05,53.75,20,34
24646,3.53,11,25.39,42.87,20,34
24647,113.59,33,33.34,62.55,20,34
24648,42.34,12,20.85,68.18,20,34
24648,55.67,25,30.41,13.91,20,34
24648,99.56,34,24.61,69.71,20,34
24651,2.68,3,24.24,16.03,20,34
24649,46.7,15,30.9,53.16,20,34
24650,74.2,30,9.08,67.5,20,34
24651,65.39,26,34.82,45.67,20,34
24654,70.8,24,27.67,88.45,20,34
24656,0.3,2,31.26,48.49,20,34
24656,2.24,1,29.71,59.25,20,34
24657,2.43,3,48.24,88.24,20,34
24657,1.04,4,24.94,69.78,20,34
24660,55.42,15,29.64,53.83,20,35
24659,97.26,33,30.24,47.32,20,35
24662,2.91,10,32.44,68.26,20,35
24662,39.58,13,21.46,52.61,20,35
24661,2.38,1,21.23,62.57,20,35
24664,78.35,24,28.89,54.6,20,35
24665,3.14,2,22.92,91.37,20,35
24665,100.98,30,21.24,52.92,20,35
24667,112.65,30,22.89,51.03,20,35
24666,49.63,14,34.96,86.87,20,35
24670,58.38,17,31.2,58.37,20,35
24668,49.61,25,55.87,54.36,20,35
24672,41.75,15,33.35,60.83,20,35
24673,92.11,35,33.17,19.83,20,35
24673,55.74,14,32.71,46.07,20,35
24674,4.86,11,8.84,43.74,20,35
24673,0.46,11,5.53,85.08,20,35
24674,0.99,7,33.57,44.26,20,35
24678,1.48,10,26.11,43.84,20,35
24676,82.93,35,9.73,40.41,20,35
24680,99.14,34,25.07,62.76,20,35
24678,4.87,3,29.56,46.7,20,35
24682,26.92,22,52.21,19.28,20,35
24683,40.73,18,6.07,48.52,20,35
24684,27.7,15,9.45,51.97,20,35
24682,1.03,11,29.11,51.46,20,35
24684,43.05,16,31.41,47.79,20,35
24684,4.92,6,29.16,11.68,20,35
24687,118.58,30,30.52,45.77,20,35
24689,33.23,17,27.79,16.66,20,35
24689,4.2,2,28.7,51.65,20,35
24688,3.44,10,33.57,52.31,20,35
24690,60.42,18,21.8,44.01,20,35
24691,53.46,21,32.15,94.03,20,35
24694,0.95,8,21.63,45.73,20,35
24692,46.14,18,23.48,15.97,20,35
24694,113.9,31,24.0,46.84,20,35
24697,131.41,33,23.88,68.92,20,35
24696,86.36,31,20.6,45.02,20,35
24699,74.87,18,27.73,51.53,20,35
24699,47.94,17,25.77,47.41,20,35
24699,58.84,25,7.59,48.08,20,35
24700,107.34,28,31.6,54.09,20,35
24701,81.38,25,24.67,57.36,20,35
24703,76.8,19,23.58,51.59,20,35
24704,3.55,9,27.45,58.26,20,35
24703,3.43,6,8.7,67.77,20,35
24706,111.13,33,28.92,58.27,20,35
24708,53.93,24,48.48,52.14,20,35
24707,4.97,2,28.86,43.05,20,35
24710,1.29,7,9.78,52.76,20,35
24710,0.38,1,22.94,48.42,20,35
24711,4.81,6,32.24,19.82,20,35
24713,1.91,11,45.83,52.18,20,35
24713,1.13,7,32.4,55.63,20,35
24714,0.26,10,24.86,62.84,20,35
24715,54.32,13,31.49,54.98,20,35
24714,48.28,14,21.67,65.71,20,35
24717,103.08,29,21.01,50.88,20,35
24717,79.79,23,31.72,57.97,20,35
24720,0.18,11,24.8,59.11,20,36
24720,45.14,29,7.63,54.81,20,36
24720,64.83,17,22.93,45.07,20,36
24723,59.91,33,34.03,11.14,20,36
24723,3.8,6,20.18,56.3,20,36
24725,34.14,13,27.7,59.26,20,36
24726,0.53,3,32.03,52.02,20,36
24725,70.42,19,31.42,55.43,20,36
24725,63.9,24,27.34,48.7,20,36
24726,36.16,23,9.62,94.03,20,36
24727,117.92,33,21.12,43.89,20,36
24728,68.28,20,27.65,63.58,20,36
24729,61.5,24,33.78,49.9,20,36
24732,47.39,13,32.9,49.79,20,36
24733,83.25,23,32.1,68.38,20,36
24734,44.98,14,22.23,50.36,20,36
24735,62.16,23,34.43,55.18,20,36
24735,74.73,18,22.6,65.51,20,36
24735,75.6,27,21.74,88.51,20,36
24738,95.72,35,27.41,69.34,20,36
24738,66.92,21,32.18,66.74,20,36
24739,26.83,12,8.76,56.7,20,36
24739,0.65,7,31.58,42.32,20,36
24743,4.52,7,34.64,94.03,20,36
24741,93.16,34,31.75,58.94,20,36
24742,115.75,30,27.96,48.4,20,36
24743,97.18,32,34.64,68.19,20,36
24747,4.47,8,51.04,17.81,20,36
24748,2.61,5,21.91,12.98,20,36
24747,1.81,1,28.05,60.57,20,36
24748,0.75,2,26.27,61.66,20,36
24749,2.77,6,24.27,44.37,20,36
24750,2.59,5,25.85,15.15,20,36
24752,1.25,11,25.66,69.37,20,36
24754,113.83,30,32.52,50.28,20,36
24754,50.89,20,20.3,88.28,20,36
24756,35.01,14,33.74,64.93,20,36
24756,40.82,14,26.1,55.74,20,36
24758,53.34,13,30.08,51.63,20,36
24758,86.32,31,27.55,55.41,20,36
24760,4.17,6,5.53,55.76,20,36
24761,49.46,17,30.48,69.59,20,36
24760,93.58,35,27.04,44.87,20,36
24761,84.35,28,31.59,42.49,20,36
24761,54.9,14,23.93,53.48,20,36
24763,25.5,14,28.19,16.78,20,36
24763,36.57,20,5.76,59.54,20,36
24767,83.19,34,28.35,92.0,20,36
24766,0.3,10,57.92,42.88,20,36
24768,1.48,3,21.34,91.89,20,36
24767,1.72,5,29.16,40.93,20,36
24769,35.55,19,27.89,15.88,20,36
24771,1.86,8,22.23,47.05,20,36
24772,114.64,31,26.52,42.85,20,36
24772,95.34,27,29.59,56.87,20,36
24772,26.38,16,54.01,50.18,20,36
24776,4.03,9,20.31,53.81,20,36
24774,2.99,8,7.95,59.74,20,36
24775,2.12,2,57.88,15.17,20,36
24777,52.59,20,30.9,19.97,20,36
24779,3.5,6,34.25,88.09,20,37
24780,68.46,24,31.68,56.27,20,37
24780,27.68,24,7.83,17.97,20,37
24783,48.69,18,33.09,44.4,20,37
24781,110.98,35,24.68,57.32,20,37
24785,4.18,8,34.44,18.94,20,37
24786,43.79,18,9.57,67.14,20,37
24786,92.37,32,28.95,47.08,20,37
24787,4.45,9,21.03,47.85,20,37
24789,38.89,24,8.48,62.79,20,37
24789,3.96,6,23.52,11.14,20,37
24790,67.62,33,52.47,89.26,20,37
24790,48.21,28,6.61,12.0,20,37
24790,61.14,15,31.02,41.29,20,37
24792,53.89,35,54.73,45.17,20,37
24792,33.62,12,21.06,12.26,20,37
24794,79.17,21,24.57,48.71,20,37
24794,63.72,28,20.57,93.99,20,37
24795,44.85,15,20.51,63.23,20,37
24799,37.67,17,26.37,91.41,20,37
24800,95.62,35,25.2,69.68,20,37
24800,43.31,23,31.35,17.34,20,37
24800,1.97,6,26.83,11.14,20,37
24802,61.07,29,34.06,11.5,20,37
24801,83.82,20,28.59,62.72,20,37
24804,2.31,10,20.14,68.25,20,37
24804,64.5,22,20.05,68.3,20,37
24805,63.69,22,29.72,55.47,20,37
24806,49.87,17,33.82,42.96,20,37
24806,132.77120000000002,34,23.11,60.45,20,37
24808,0.24,1,34.84,64.39,20,37
24810,52.06,27,34.08,16.73,20,37
24810,33.55,15,9.67,88.04,20,37
24810,39.56,12,23.64,45.65,20,37
24814,72.6,18,20.38,58.44,20,37
24812,4.11,3,21.85,51.99,20,37
24815,47.25,29,6.95,59.29,20,37
24815,4.85,5,22.21,44.57,20,37
24818,100.73,29,32.29,45.16,20,37
24818,67.48,34,5.87,41.49,20,37
24818,108.62,26,29.91,68.22,20,37
24819,48.33,16,24.43,45.96,20,37
24819,59.04,24,51.92,58.25,20,37
24822,2.95,2,33.32,13.23,20,37
24824,0.82,8,9.97,14.94,20,37
24824,43.2,17,29.32,67.4,20,37
24825,87.57,27,30.52,48.29,20,37
24825,72.22,20,34.92,63.33,20,37
24827,92.55,29,24.51,69.86,20,37
24829,40.73,27,9.15,88.22,20,37
24829,79.18,23,31.99,41.21,20,37
24830,46.45,21,5.53,55.71,20,37
24830,45.64,17,31.78,40.04,20,37
24830,42.96,12,24.86,87.78,20,37
24834,48.97,12,24.85,48.48,20,37
24835,80.74,23,28.94,45.91,20,37
24833,2.34,10,6.98,56.79,20,37
24835,34.41,12,23.35,41.94,20,37
24838,75.48,35,54.03,53.16,20,37
24836,128.26,33,27.66,53.24,20,37
24839,43.02,15,25.55,57.81,20,38
24841,0.48,6,27.46,45.73,20,38
24842,91.9,23,31.53,48.38,20,38
24843,76.36,30,28.48,66.65,20,38
24844,67.69,19,26.35,40.05,20,38
24842,1.49,7,9.19,46.12,20,38
24845,65.45,20,28.99,60.14,20,38
24844,0.66,11,26.8,51.86,20,38
24847,69.25,17,23.38,57.87,20,38
24849,84.62,29,29.34,55.24,20,38
24847,0.21,2,32.7,15.8,20,38
24848,2.1,5,6.85,68.53,20,38
24850,115.93,28,32.04,43.55,20,38
24853,123.57,31,31.6,46.52,20,38
24851,1.41,8,24.56,50.6,20,38
24854,48.79,29,57.87,17.17,20,38
24855,67.17,17,24.8,45.0,20,38
24856,89.93,22,34.7,68.94,20,38
24858,40.62,12,23.97,46.88,20,38
24857,42.66,22,8.99,53.04,20,38
24857,70.47,20,27.71,69.88,20,38
24858,85.83,31,21.84,60.42,20,38
24862,96.2,31,27.77,69.18,20,38
24863,0.24,5,27.27,49.51,20,38
24861,86.38,21,27.3,63.34,20,38
24863,70.01,18,20.03,69.12,20,38
24866,61.52,18,22.02,52.11,20,38
24865,58.97,18,26.51,53.29,20,38
24867,95.36,24,21.12,58.0,20,38
24869,2.52,2,27.46,67.96,20,38
24867,102.35,30,30.63,44.88,20,38
24869,42.74,13,29.07,68.78,20,38
24871,55.07,29,8.21,45.3,20,38
24873,87.36,24,32.0,47.23,20,38
24872,1.1,8,28.04,92.93,20,38
24873,65.76,32,22.94,11.6,20,38
24876,53.44,22,26.45,12.6,20,38
24877,2.4,10,34.24,48.94,20,38
24875,50.05,17,21.31,43.44,20,38
24876,2.22,7,30.4,15.38,20,38
24879,1.53,2,47.29,54.13,20,38
24880,46.71,17,33.17,58.31,20,38
24882,28.0,14,9.57,45.32,20,38
24880,71.45,21,30.27,64.76,20,38
24881,3.41,3,25.03,58.65,20,38
24882,50.25,29,50.09,61.65,20,38
24886,90.56,28,33.87,47.8,20,38
24884,97.76,32,24.39,57.83,20,38
24885,74.1,27,32.93,63.79,20,38
24886,64.05,21,30.91,68.45,20,38
24890,100.08,29,34.38,87.73,20,38
24889,2.94,10,32.81,53.63,20,38
24891,64.87,24,31.56,12.07,20,38
24890,4.08,6,7.92,16.59,20,38
24893,3.13,4,24.97,59.85,20,38
24894,41.18,14,34.57,49.13,20,38
24894,106.13,34,20.2,61.64,20,38
24897,91.01,31,24.76,62.66,20,38
24896,46.38,18,21.14,54.57,20,38
24896,95.1,35,30.85,18.7,20,38
24898,93.33,29,31.21,48.6,20,39
24901,50.36,12,29.58,66.79,20,39
24900,2.16,3,26.47,68.42,20,39
24903,64.76,20,28.54,42.08,20,39
24901,1.34,2,33.84,41.79,20,39
24903,35.7,16,7.15,55.77,20,39
24906,95.22,24,20.68,67.11,20,39
24907,66.31,17,34.15,65.43,20,39
24907,69.38,28,33.91,91.47,20,39
24906,4.31,9,7.8,46.3,20,39
24908,92.82,26,26.6,68.28,20,39
24908,3.0,1,21.86,88.95,20,39
24909,3.62,5,31.17,47.28,20,39
24913,78.85,26,22.11,60.74,20,39
24913,4.14,4,22.97,47.46,20,39
24913,132.77120000000002,32,22.74,50.73,20,39
24916,112.64,35,20.18,46.22,20,39
24916,42.71,14,31.6,48.8,20,39
24916,83.57,33,27.44,46.1,20,39
24918,50.03,17,24.97,54.86,20,39
24919,132.77120000000002,33,28.79,47.95,20,39
24921,3.47,8,8.48,41.67,20,39
24919,4.57,1,30.52,69.39,20,39
24923,47.5,19,45.11,47.57,20,39
24924,0.18,9,20.79,42.34,20,39
24923,104.74,32,22.68,45.66,20,39
24923,2.05,1,8.52,49.91,20,39
24925,50.53,19,24.77,91.0,20,39
24925,41.22,13,20.59,43.21,20,39
24928,71.63,22,30.48,85.58,20,39
24927,55.64,20,25.56,46.38,20,39
24930,66.79,17,27.53,56.86,20,39
24929,4.93,8,34.12,90.98,20,39
24933,4.87,5,21.67,58.44,20,39
24933,33.18,12,27.96,56.82,20,39
24932,92.47,26,28.95,68.19,20,39
24934,63.7,28,54.78,53.22,20,39
24934,2.83,8,27.34,50.67,20,39
24936,54.68,19,24.83,43.48,20,39
24937,72.36,22,25.49,68.41,20,39
24938,92.23,27,32.59,69.56,20,39
24940,0.72,8,31.78,51.17,20,39
24939,96.58,25,27.38,55.2,20,39
24942,50.34,20,21.7,52.14,20,39
24941,33.69,12,34.24,18.98,20,39
24942,60.51,31,31.91,16.28,20,39
24943,72.81,19,22.82,88.89,20,39
24946,127.34,32,26.75,51.66,20,39
24946,99.13,28,24.03,51.96,20,39
24946,39.95,12,34.66,46.3,20,39
24949,3.49,10,8.07,59.34,20,39
24948,63.39,25,33.66,43.64,20,39
24951,75.62,20,28.49,44.2,20,39
24950,43.03,27,6.42,12.86,20,39
24954,3.99,5,34.66,53.15,20,39
24955,32.33,12,32.44,42.99,20,39
24953,55.12,22,25.1,42.23,20,39
24957,62.95,15,20.02,85.67,20,39
24956,72.34,31,26.58,13.57,20,39
24959,92.15,35,20.11,91.08,20,39
24958,76.83,23,26.28,41.47,20,40
24958,87.73,27,32.37,51.78,20,40
24962,93.85,29,34.5,68.48,20,40
24962,62.69,27,7.11,40.18,20,40
24962,85.76,22,28.98,68.5,20,40
24963,88.85,28,23.95,55.67,20,40
24966,4.09,5,24.98,46.79,20,40
24966,24.37,13,31.82,19.95,20,40
24966,53.3,19,20.4,46.71,20,40
24968,4.86,2,33.61,40.91,20,40
24968,67.14,19,22.96,40.5,20,40
24969,81.95,24,30.95,88.36,20,40
24969,109.32,30,21.03,42.34,20,40
24971,0.18,9,34.49,69.88,20,40
24972,2.98,10,28.8,56.35,20,40
24975,81.11,33,49.52,50.06,20,40
24976,42.4,16,27.51,44.95,20,40
24976,1.62,10,26.58,19.26,20,40
24978,57.29,20,23.56,59.05,20,40
24976,43.9,12,21.38,67.27,20,40
24979,1.7,6,29.18,56.64,20,40
24980,82.74,30,25.1,50.45,20,40
24982,2.67,2,22.18,57.92,20,40
24981,65.81,25,33.72,87.75,20,40
24982,1.84,9,25.43,52.12,20,40
24983,132.77120000000002,35,26.71,62.1,20,40
24984,0.71,10,30.05,52.1,20,40
24985,45.96,20,5.53,56.07,20,40
24985,78.8,22,24.52,63.82,20,40
24986,78.46,19,32.34,68.18,20,40
24988,82.11,20,20.67,65.37,20,40
24989,76.46,20,29.89,69.07,20,40
24990,35.22,16,23.09,19.01,20,40
24992,2.31,9,34.68,44.5,20,40
24994,68.4,27,25.32,51.15,20,40
24993,4.51,1,26.72,60.3,20,40
24994,124.17,31,24.1,50.19,20,40
24995,48.58,16,28.46,45.19,20,40
24995,1.83,6,30.93,57.9,20,40
24999,105.72,33,29.7,49.18,20,40
24998,60.38,31,8.13,42.8,20,40
24999,2.9,4,27.1,43.49,20,40
25001,77.49,20,20.57,46.71,20,40
25001,25.54,16,7.18,61.9,20,40
25003,3.15,10,22.93,45.58,20,40
25003,0.52,3,6.74,45.74,20,40
25003,64.78,33,32.32,94.03,20,40
25007,36.01,16,9.98,56.85,20,40
25005,87.52,24,32.07,40.96,20,40
25009,35.77,22,5.62,16.77,20,40
25010,29.89,16,34.59,92.02,20,40
25009,53.93,23,50.72,51.75,20,40
25009,90.57,23,33.65,48.6,20,40
25012,2.84,3,23.58,62.83,20,40
25011,85.04,33,22.97,55.25,20,40
25013,50.62,33,8.24,65.8,20,40
25016,98.04,34,25.61,54.17,20,40
25017,4.83,9,34.16,48.01,20,40
25016,2.22,5,30.77,85.44,20,40
25017,4.7,3,5.53,66.08,20,40
25020,65.91,25,28.72,16.61,20,41
25018,25.39,13,46.11,59.11,20,41
25019,0.71,8,48.17,48.16,20,41
25022,0.18,6,25.54,48.46,20,41
25023,78.32,26,24.19,68.33,20,41
25023,37.69,23,9.74,57.32,20,41
25023,96.19,29,27.95,45.97,20,41
25027,36.38,13,21.75,94.03,20,41
25026,48.45,23,48.48,42.95,20,41
25029,114.59,33,20.32,44.03,20,41
25028,1.28,7,24.87,67.35,20,41
25030,53.9,13,23.08,61.08,20,41
25032,83.45,20,26.98,60.7,20,41
25030,92.91,35,27.2,93.67,20,41
25033,2.07,11,51.68,91.67,20,41
25032,110.0,35,30.86,64.8,20,41
25035,4.47,2,8.37,50.01,20,41
25036,104.86,31,25.99,54.16,20,41
25036,3.9,1,24.69,43.08,20,41
25037,64.82,33,31.76,93.23,20,41
25038,32.16,14,8.86,68.12,20,41
25039,47.47,15,29.33,50.11,20,41
25040,2.68,7,26.97,17.03,20,41
25043,0.18,6,47.46,59.18,20,41
25041,4.08,7,30.96,63.83,20,41
25044,53.36,33,8.46,42.19,20,41
25043,3.82,3,24.81,52.27,20,41
25045,65.5,30,27.65,91.24,20,41
25047,1.04,9,30.91,50.91,20,41
25049,4.87,1,20.37,40.57,20,41
25049,51.29,18,32.85,66.33,20,41
25049,90.69,28,27.53,57.5,20,41
25049,0.18,6,23.66,67.85,20,41
25053,4.39,11,28.65,19.41,20,41
25053,0.71,10,22.71,66.32,20,41
25054,65.1,34,54.5,56.98,20,41
25054,64.17,25,25.37,56.04,20,41
25054,21.66,14,46.58,53.86,20,41
25056,61.18,29,8.16,59.83,20,41
25058,37.99,20,53.09,47.38,20,41
25060,73.91,28,21.59,68.85,20,41
25059,2.93,10,32.3,63.11,20,41
25060,71.13,34,26.4,11.14,20,41
25061,39.1,35,48.34,18.08,20,41
25064,55.81,28,6.59,68.41,20,41
25063,91.28,27,22.07,40.31,20,41
25064,90.09,35,28.15,61.38,20,41
25064,64.85,21,22.39,47.41,20,41
25067,1.29,8,23.17,68.9,20,41
25069,1.4,6,23.34,14.17,20,41
25069,1.14,5,7.0,63.86,20,41
25071,86.72,29,27.43,44.35,20,41
25072,54.3,33,7.81,65.74,20,41
25071,116.99,29,20.3,46.31,20,41
25073,79.78,34,25.5,11.14,20,41
25072,30.59,15,26.85,14.14,20,41
25073,65.54,30,57.51,66.64,20,41
25075,39.81,24,53.39,57.32,20,41
25075,3.85,11,34.95,64.1,20,41
25077,72.76,22,34.36,89.59,20,41
25080,2.67,11,9.79,19.89,20,42
25079,58.83,26,24.39,15.68,20,42
25079,72.18,28,29.83,46.32,20,42
25080,87.5,27,34.17,68.9,20,42
25083,72.63,26,23.25,52.71,20,42
25084,3.55,5,33.76,60.88,20,42
25086,0.53,7,34.97,60.51,20,42
25086,46.26,23,9.43,89.34,20,42
25086,45.13,14,27.63,59.98,20,42
25088,70.45,20,25.29,87.44,20,42
25089,4.41,5,48.26,67.44,20,42
25091,55.64,20,31.89,60.93,20,42
25091,2.59,11,58.22,11.3,20,42
25092,73.46,26,20.72,51.36,20,42
25091,3.4,4,32.6,64.53,20,42
25094,35.53,22,9.76,85.88,20,42
25095,3.8,3,22.77,50.0,20,42
25096,42.65,32,51.68,91.25,20,42
25095,102.67,28,23.29,62.21,20,42
25098,28.93,12,29.72,16.73,20,42
25098,69.74,21,33.11,51.94,20,42
25100,43.1,20,46.81,54.94,20,42
25099,1.84,1,32.94,12.86,20,42
25102,0.18,5,50.88,56.63,20,42
25102,0.34,7,46.48,15.38,20,42
25103,1.45,7,20.19,40.68,20,42
25104,122.75,32,27.98,45.62,20,42
25106,78.46,28,27.89,40.89,20,42
25108,1.05,8,27.23,58.25,20,42
25107,78.96,26,25.08,69.26,20,42
25107,132.77120000000002,35,34.97,56.6,20,42
25109,0.24,10,8.97,61.66,20,42
25111,78.41,28,26.23,42.37,20,42
25110,72.68,21,21.26,46.85,20,42
25111,4.82,4,22.57,11.14,20,42
25115,68.02,24,26.01,49.68,20,42
25114,0.49,2,29.27,43.68,20,42
25116,84.6,24,26.18,65.46,20,42
25116,94.74,26,23.79,55.74,20,42
25116,52.52,25,6.62,56.54,20,42
25118,3.44,9,30.71,47.17,20,42
25118,3.18,4,20.63,49.03,20,42
25121,56.56,22,22.33,64.18,20,42
25123,89.99,32,34.64,68.39,20,42
25122,2.77,3,29.86,41.71,20,42
25123,3.09,1,25.52,56.82,20,42
25123,31.54,18,55.08,60.58,20,42
25126,51.71,14,26.57,54.53,20,42
25128,3.5,1,30.37,91.73,20,42
25129,4.74,8,29.35,54.15,20,42
25128,0.47,7,51.26,62.64,20,42
25131,78.53,30,26.78,56.47,20,42
25132,1.09,8,51.98,69.5,20,42
25132,62.55,30,6.16,48.85,20,42
25134,2.44,3,22.36,46.28,20,42
25133,93.48,23,33.1,69.74,20,42
25133,2.44,10,30.75,59.44,20,42
25137,99.25,33,25.68,48.67,20,42
25137,37.63,13,28.26,94.03,20,42
25136,57.51,34,58.25,63.0,20,42
25138,41.3,18,8.51,56.59,20,43
25140,55.56,26,47.58,51.27,20,43
25139,61.24,15,32.84,45.87,20,43
25141,119.01,34,31.3,40.23,20,43
25141,77.49,26,29.58,63.23,20,43
25145,50.03,21,6.91,64.21,20,43
25143,41.07,19,50.06,54.14,20,43
25145,64.37,28,28.76,16.5,20,43
25145,2.85,4,32.15,60.92,20,43
25149,36.61,12,24.36,49.73,20,43
25148,74.6,26,31.59,14.42,20,43
25150,4.12,2,47.5,41.9,20,43
25151,48.3,24,57.28,62.37,20,43
25153,2.69,9,24.45,92.68,20,43
25151,42.77,14,32.01,88.57,20,43
25152,4.1,5,21.81,52.84,20,43
25154,132.77120000000002,32,34.33,42.96,20,43
25154,130.68,32,30.84,65.83,20,43
25158,1.82,3,26.76,64.26,20,43
25157,94.32,31,32.9,44.3,20,43
25159,22.47,12,25.07,94.03,20,43
25158,49.31,14,23.26,42.73,20,43
25159,4.04,3,33.11,64.72,20,43
25161,90.84,23,21.57,63.47,20,43
25161,2.6,6,31.12,58.86,20,43
25163,87.44,27,23.79,56.74,20,43
25166,0.26,4,32.51,11.14,20,43
25165,87.56,34,23.53,11.3,20,43
25165,114.56,34,25.36,49.18,20,43
25169,60.65,20,27.89,60.14,20,43
25169,67.67,26,34.03,14.92,20,43
25171,132.77120000000002,34,25.48,44.02,20,43
25170,0.65,4,20.62,55.26,20,43
25173,4.07,3,5.91,55.66,20,43
25173,67.13,20,21.15,62.01,20,43
25175,24.17,12,9.34,63.03,20,43
25174,0.34,5,22.88,42.15,20,43
25174,97.06,31,21.13,53.69,20,43
25176,3.8,2,54.8,69.17,20,43
25178,52.31,22,8.28,44.72,20,43
25177,3.25,9,28.02,92.75,20,43
25180,72.2,21,31.0,63.76,20,43
25180,0.44,1,28.56,44.43,20,43
25183,4.55,4,34.51,43.09,20,43
25182,2.87,10,6.72,61.49,20,43
25183,2.24,1,26.78,88.1,20,43
25185,4.32,9,47.32,49.32,20,43
25187,0.56,3,32.85,68.07,20,43
25185,59.07,16,24.67,57.78,20,43
25186,45.09,21,58.45560000000002,55.59,20,43
25187,4.07,11,27.44,53.22,20,43
25191,131.47,35,25.21,47.01,20,43
25189,37.73,16,50.6,54.76,20,43
25193,100.02,29,33.98,52.52,20,43
25194,83.12,23,21.41,46.8,20,43
25193,88.91,27,27.72,58.68,20,43
25194,90.09,32,27.91,93.32,20,43
25197,109.23,27,24.11,69.13,20,43
25198,3.21,4,8.18,56.41,20,43
25196,69.08,33,56.17,61.47,20,43
25197,93.98,31,24.49,52.94,20,44
25200,75.69,25,33.12,54.05,20,44
25200,38.9,13,24.41,67.25,20,44
25200,97.76,33,20.6,44.14,20,44
25201,55.28,14,22.02,67.75,20,44
25203,4.23,10,33.96,52.93,20,44
25206,111.6,32,34.62,57.25,20,44
25206,88.32,29,30.05,59.76,20,44
25206,65.78,33,7.28,56.82,20,44
25206,66.44,25,22.2,87.18,20,44
25210,65.76,25,21.91,49.97,20,44
25211,96.36,29,25.96,50.48,20,44
25210,1.44,6,9.89,45.7,20,44
25211,37.31,21,48.24,40.99,20,44
25211,4.24,3,8.46,42.27,20,44
25212,2.34,6,25.24,59.24,20,44
25215,44.59,17,29.72,48.15,20,44
25216,31.05,16,7.34,57.39,20,44
25217,39.7,14,24.56,42.64,20,44
25216,42.61,19,6.54,89.27,20,44
25220,59.07,20,24.62,44.28,20,44
25221,0.95,2,22.54,56.07,20,44
25221,0.82,3,27.2,50.25,20,44
25221,35.18,13,30.21,67.84,20,44
25222,38.03,20,5.92,85.75,20,44
25222,51.3,19,26.81,43.63,20,44
25224,44.03,12,20.53,50.7,20,44
25225,77.85,31,54.65,58.23,20,44
25226,94.93,34,31.23,66.48,20,44
25228,61.42,24,33.66,64.01,20,44
25230,50.35,19,29.19,51.09,20,44
25231,0.71,10,34.32,64.21,20,44
25232,94.56,32,20.19,49.7,20,44
25230,66.1,26,27.33,42.31,20,44
25234,124.63,30,27.88,42.62,20,44
25233,86.38,33,28.73,18.14,20,44
25235,2.04,10,29.02,61.2,20,44
25235,2.15,10,20.96,14.22,20,44
25235,43.11,26,56.79,51.11,20,44
25238,2.44,7,34.73,62.34,20,44
25238,61.36,20,20.88,53.12,20,44
25239,23.95,13,51.93,40.88,20,44
25240,59.79,17,28.99,88.21,20,44
25243,40.94,16,27.15,14.09,20,44
25241,60.35,33,5.83,65.31,20,44
25244,1.74,1,34.34,48.84,20,44
25246,69.07,25,31.39,46.37,20,44
25246,2.36,6,34.52,68.21,20,44
25248,67.81,18,30.99,59.87,20,44
25248,3.03,7,34.21,60.25,20,44
25250,3.54,7,23.29,44.01,20,44
25248,115.18,31,22.38,67.5,20,44
25249,82.62,24,22.71,48.65,20,44
25253,4.28,6,8.05,47.8,20,44
25251,0.41,4,25.82,49.84,20,44
25254,59.99,27,46.93,46.9,20,44
25254,124.5,31,31.23,85.09,20,44
25254,0.78,1,27.32,62.9,20,44
25258,4.95,8,8.69,40.29,20,44
25256,67.6,19,32.79,54.73,20,44
25257,109.71,33,27.59,59.83,20,45
25260,1.54,11,28.41,89.38,20,45
25260,0.18,2,29.29,18.48,20,45
25261,52.35,20,28.05,17.42,20,45
25264,37.73,14,23.19,57.87,20,45
25265,48.75,15,22.69,53.25,20,45
25266,87.09,22,31.54,64.37,20,45
25267,48.04,21,22.27,12.26,20,45
25266,47.32,17,29.17,42.83,20,45
25269,60.97,21,21.63,55.4,20,45
25268,3.05,1,34.04,54.33,20,45
25271,47.62,21,7.92,66.13,20,45
25271,44.13,27,51.98,60.85,20,45
25271,65.61,21,23.68,48.83,20,45
25273,1.23,6,24.54,64.72,20,45
25274,72.41,21,21.86,48.91,20,45
25274,1.62,8,34.76,40.66,20,45
25277,132.77120000000002,35,20.77,69.57,20,45
25275,59.18,19,30.46,60.25,20,45
25276,55.43,14,23.84,52.53,20,45
25278,111.75,30,31.72,61.16,20,45
25279,67.86,17,23.05,62.53,20,45
25281,24.13,15,56.94,51.94,20,45
25280,3.74,10,30.18,63.7,20,45
25283,22.72,14,7.68,59.18,20,45
25283,30.99,19,7.19,91.72,20,45
25284,77.77,19,25.39,66.68,20,45
25287,77.08,30,32.17,51.55,20,45
25288,48.1,22,31.59,93.19,20,45
25288,106.07,27,25.71,62.4,20,45
25287,45.22,13,34.43,51.31,20,45
25289,102.56,27,21.18,44.91,20,45
25290,3.8,3,26.55,48.59,20,45
25293,22.09,12,55.3,48.65,20,45
25292,45.32,13,27.99,54.77,20,45
25294,2.1,1,34.82,12.53,20,45
25293,95.3,31,22.17,44.4,20,45
25294,87.93,26,27.85,41.12,20,45
25295,53.3,14,22.66,54.15,20,45
25299,72.65,18,33.25,62.65,20,45
25299,88.06,24,32.47,48.21,20,45
25299,2.52,9,56.69,17.41,20,45
25302,1.79,7,27.34,69.82,20,45
25301,23.54,15,7.41,68.34,20,45
25301,49.71,19,34.24,91.48,20,45
25305,51.59,27,27.85,16.02,20,45
25305,50.96,17,29.54,68.21,20,45
25304,0.69,11,33.67,55.95,20,45
25308,125.1,35,26.29,51.74,20,45
25307,41.8,16,30.95,44.7,20,45
25308,0.37,4,30.23,58.78,20,45
25309,94.34,34,21.82,58.83,20,45
25310,70.54,21,30.64,46.18,20,45
25312,68.45,26,30.25,64.02,20,45
25314,39.6,12,28.46,66.51,20,45
25315,3.06,6,51.38,16.56,20,45
25316,39.32,17,51.98,56.97,20,45
25316,88.17,28,26.78,51.31,20,45
25315,132.77120000000002,33,34.13,51.74,20,45
25317,56.67,19,31.53,57.26,20,45
25319,1.15,3,26.41,63.63,20,46
25320,79.85,25,20.07,43.05,20,46
25320,75.36,23,31.23,51.49,20,46
25322,2.71,2,22.23,40.67,20,46
25321,92.11,25,20.84,49.92,20,46
25324,70.66,23,22.52,56.95,20,46
25326,69.48,28,56.38,45.32,20,46
25325,124.34,32,26.63,54.18,20,46
25328,84.43,32,31.66,60.66,20,46
25327,56.19,27,7.96,45.35,20,46
25330,2.22,6,27.4,61.65,20,46
25330,3.11,2,30.01,58.82,20,46
25331,68.59,29,51.3,68.29,20,46
25331,82.16,35,58.13,60.42,20,46
25332,2.35,5,34.35,65.37,20,46
25333,70.04,28,5.69,65.99,20,46
25336,58.37,29,51.21,40.25,20,46
25337,61.26,32,5.87,63.12,20,46
25338,86.75,34,24.85,57.32,20,46
25336,106.29,29,27.08,68.93,20,46
25338,2.89,8,34.53,50.55,20,46
25338,61.51,15,25.56,66.43,20,46
25339,4.85,4,29.65,40.91,20,46
25340,95.67,34,31.99,65.08,20,46
25344,56.8,21,23.67,11.26,20,46
25345,98.97,24,25.62,40.25,20,46
25346,48.18,24,46.42,60.44,20,46
25347,3.7,7,27.94,61.68,20,46
25348,95.19,33,20.56,89.22,20,46
25346,41.31,26,8.31,59.17,20,46
25348,2.83,2,32.85,69.16,20,46
25348,54.93,19,34.05,40.57,20,46
25352,36.35,13,32.59,50.47,20,46
25351,3.38,3,27.12,92.43,20,46
25353,132.77120000000002,33,26.45,45.38,20,46
25352,113.13,32,34.04,56.27,20,46
25353,40.31,15,28.54,19.17,20,46
25354,111.06,30,29.38,64.49,20,46
25358,65.97,16,29.25,41.25,20,46
25356,121.98,31,33.96,45.41,20,46
25360,107.06,34,32.27,69.33,20,46
25360,82.0,24,27.36,42.06,20,46
25362,91.02,26,28.83,50.42,20,46
25361,81.13,25,31.37,46.28,20,46
25363,3.08,8,52.98,53.82,20,46
25364,115.88,30,27.46,57.45,20,46
25366,85.79,25,23.9,66.5,20,46
25365,49.79,26,55.53,64.48,20,46
25368,3.62,11,21.02,46.01,20,46
25367,45.18,13,32.26,51.28,20,46
25370,66.46,35,48.77,69.71,20,46
25368,59.92,15,22.35,61.04,20,46
25372,3.9,9,5.84,53.17,20,46
25372,2.25,9,26.1,60.08,20,46
25371,71.99,26,31.46,48.45,20,46
25372,60.51,22,22.84,53.17,20,46
25375,26.67,23,6.86,15.65,20,46
25376,3.88,7,58.25,41.04,20,46
25378,52.82,13,32.1,62.32,20,46
25377,100.83,31,30.03,43.67,20,46
25377,93.03,34,31.39,50.68,20,47
25381,3.72,2,20.73,49.04,20,47
25381,79.25,29,33.63,58.17,20,47
25381,1.77,4,6.12,48.01,20,47
25381,56.1,19,32.6,45.63,20,47
25383,56.02,18,31.12,51.83,20,47
25386,59.25,16,20.69,86.11,20,47
25386,1.64,4,30.05,42.32,20,47
25388,132.77120000000002,33,28.06,66.63,20,47
25388,55.82,28,33.38,17.47,20,47
25387,4.25,10,45.84,63.59,20,47
25390,90.9,27,29.09,57.03,20,47
25390,26.61,17,55.15,40.13,20,47
25390,79.0,19,32.78,66.39,20,47
25391,55.24,14,21.71,42.59,20,47
25395,0.47,10,20.04,59.11,20,47
25393,64.13,24,26.93,92.48,20,47
25397,132.77120000000002,33,21.2,45.69,20,47
25395,96.51,27,24.62,50.92,20,47
25398,121.09,29,29.23,50.13,20,47
25400,83.21,28,20.32,53.89,20,47
25399,113.23,33,31.59,49.15,20,47
25401,59.49,20,33.43,54.78,20,47
25402,51.59,15,29.58,65.07,20,47
25403,0.25,7,33.1,63.98,20,47
25405,2.25,1,33.82,58.48,20,47
25405,2.46,11,22.35,60.5,20,47
25407,0.62,1,8.55,15.21,20,47
25407,74.63,19,23.08,87.96,20,47
25409,91.32,27,30.06,52.51,20,47
25409,78.36,26,34.54,45.1,20,47
25409,71.67,21,28.9,56.48,20,47
25410,53.02,18,26.92,64.26,20,47
25411,3.49,8,25.88,14.41,20,47
25413,0.35,5,24.01,45.95,20,47
25414,112.73,32,34.23,48.44,20,47
25413,48.39,19,32.51,92.21,20,47
25417,35.14,12,33.02,13.59,20,47
25418,49.63,19,27.8,54.18,20,47
25417,73.26,24,29.88,40.42,20,47
25417,0.94,9,22.68,11.14,20,47
25418,30.01,17,55.76,63.29,20,47
25422,97.96,24,31.62,40.09,20,47
25421,0.9,11,33.93,58.89,20,47
25421,3.09,2,20.58,44.36,20,47
25425,4.58,6,24.23,60.94,20,47
25426,1.3,3,31.87,68.05,20,47
25427,1.06,4,50.22,69.02,20,47
25425,65.63,33,53.65,48.28,20,47
25427,49.36,25,58.45560000000002,53.41,20,47
25428,4.4,10,23.25,51.18,20,47
25429,63.71,28,52.1,66.15,20,47
25430,32.83,18,9.05,53.03,20,47
25432,38.26,17,29.92,11.4,20,47
25433,99.06,24,23.26,67.68,20,47
25432,2.34,9,27.04,52.68,20,47
25434,35.23,12,24.89,61.46,20,47
25437,4.2,6,33.38,66.25,20,47
25437,75.1,19,33.12,55.95,20,47
25437,98.81,31,20.64,85.25,20,47
25437,30.63,12,26.77,46.3,20,48
25438,132.77120000000002,34,28.12,65.51,20,48
25442,3.64,10,21.87,59.54,20,48
25441,1.16,5,22.55,52.25,20,48
25443,72.08,20,33.02,52.06,20,48
25442,0.91,5,48.18,46.31,20,48
25444,2.37,3,23.08,50.27,20,48
25445,27.02,17,50.55,56.65,20,48
25448,0.4,11,28.47,40.37,20,48
25447,19.57,12,48.88,88.85,20,48
25449,32.34,24,45.64,12.92,20,48
25449,3.53,6,23.01,49.07,20,48
25451,3.21,5,28.17,52.91,20,48
25453,1.67,6,21.36,48.31,20,48
25452,63.0,18,20.19,43.64,20,48
25455,115.09,29,28.09,63.9,20,48
25453,84.44,27,27.39,51.86,20,48
25457,1.1,6,30.16,59.85,20,48
25457,0.5,5,20.1,66.16,20,48
25456,2.82,8,21.06,53.79,20,48
25458,96.92,25,23.03,44.42,20,48
25460,132.77120000000002,35,27.94,68.65,20,48
25462,113.27,32,29.88,65.07,20,48
25462,103.87,29,26.13,50.94,20,48
25463,50.06,13,26.34,68.24,20,48
25463,53.46,31,58.45560000000002,55.53,20,48
25464,51.63,13,21.32,67.67,20,48
25466,80.23,31,24.05,13.64,20,48
25466,35.29,14,24.97,51.85,20,48
25468,4.44,4,53.74,60.15,20,48
25467,31.33,18,58.45560000000002,85.42,20,48
25471,3.64,8,51.33,93.2,20,48
25472,34.11,12,23.06,69.77,20,48
25470,119.93,33,26.4,87.2,20,48
25472,66.16,32,7.87,44.57,20,48
25473,37.15,21,32.96,94.03,20,48
25473,49.28,16,32.78,45.11,20,48
25475,3.78,7,29.44,49.95,20,48
25475,94.76,23,31.68,43.23,20,48
25479,93.4,34,29.47,49.48,20,48
25478,4.88,9,23.05,61.51,20,48
25480,45.09,17,28.87,61.15,20,48
25481,2.26,5,24.96,51.38,20,48
25483,4.98,2,26.2,14.39,20,48
25484,80.86,27,31.9,60.63,20,48
25484,51.06,21,9.86,49.81,20,48
25483,4.55,7,6.55,87.36,20,48
25487,35.93,18,29.41,12.72,20,48
25488,1.52,6,22.11,63.21,20,48
25488,68.45,26,28.32,66.47,20,48
25488,1.96,3,27.37,57.17,20,48
25490,3.63,5,21.16,14.59,20,48
25490,92.85,34,32.75,47.95,20,48
25491,95.07,23,23.06,42.64,20,48
25494,3.84,11,26.01,12.0,20,48
25494,62.5,25,27.39,13.22,20,48
25493,2.54,5,32.39,54.08,20,48
25495,81.54,23,25.58,44.47,20,48
25498,34.58,13,30.41,11.14,20,48
25496,28.65,24,8.09,90.89,20,48
25499,46.01,18,33.97,85.38,20,49
25500,87.03,25,22.55,88.58,20,49
25502,40.78,16,33.87,12.2,20,49
25500,4.5,3,49.7,94.03,20,49
25503,3.29,1,20.7,64.22,20,49
25503,122.53,31,32.89,68.62,20,49
25505,100.74,27,30.66,65.67,20,49
25505,3.39,1,20.36,59.24,20,49
25508,105.16,34,27.27,42.07,20,49
25506,46.59,14,34.86,68.43,20,49
25508,40.45,17,6.63,87.72,20,49
25508,42.9,24,9.2,48.02,20,49
25511,29.23,16,50.26,50.98,20,49
25510,77.32,30,30.78,90.89,20,49
25511,4.93,5,26.9,54.51,20,49
25514,1.06,8,54.56,50.61,20,49
25516,92.23,29,34.8,42.49,20,49
25516,1.45,4,31.53,69.93,20,49
25515,47.92,31,58.45560000000002,43.77,20,49
25519,35.28,15,45.84,42.49,20,49
25517,0.26,5,23.73,42.16,20,49
25519,50.97,18,32.66,64.63,20,49
25519,2.14,4,30.38,55.59,20,49
25523,67.19,18,31.92,46.72,20,49
25521,4.44,8,34.75,43.49,20,49
25523,54.2,27,5.53,64.42,20,49
25523,111.16,27,33.28,41.52,20,49
25527,87.55,31,27.84,42.22,20,49
25527,48.46,13,25.25,55.48,20,49
25529,28.56,16,20.63,18.09,20,49
25528,100.87,25,23.71,67.17,20,49
25530,2.43,1,24.34,43.46,20,49
25532,2.63,4,33.2,42.67,20,49
25531,56.06,27,6.61,47.7,20,49
25534,35.27,13,23.53,66.28,20,49
25532,0.52,7,20.48,94.03,20,49
25535,106.42,29,24.51,48.27,20,49
25537,60.16,20,28.21,55.16,20,49
25535,23.1,14,6.55,41.46,20,49
25536,70.3,27,29.15,45.34,20,49
25538,4.14,3,30.46,58.49,20,49
25539,4.5,4,30.25,47.79,20,49
25539,82.92,34,23.6,11.14,20,49
25541,60.76,21,20.11,68.3,20,49
25541,0.97,1,24.82,51.82,20,49
25543,37.12,14,21.88,43.09,20,49
25544,95.21,31,34.99,57.49,20,49
25545,53.16,13,34.55,44.6,20,49
25546,22.66,20,8.14,92.57,20,49
25549,44.29,17,24.06,58.07,20,49
25550,38.22,15,22.03,42.23,20,49
25548,3.96,1,27.22,43.84,20,49
25549,49.4,15,22.67,59.16,20,49
25550,78.87,31,20.94,64.06,20,49
25553,79.86,23,27.53,50.21,20,49
25552,80.26,28,22.89,63.52,20,49
25553,57.16,31,55.69,68.26,20,49
25557,3.48,9,29.0,86.55,20,49
25555,43.74,21,5.53,44.59,20,49
25557,60.42,15,24.99,62.22,20,49
25559,1.47,5,32.3,50.24,20,50
25559,2.82,1,25.59,54.46,20,50
25559,45.33,35,9.43,90.98,20,50
25560,91.29,32,34.83,59.83,20,50
25563,4.58,1,20.61,19.29,20,50
25565,4.46,11,27.87,57.43,20,50
25563,85.16,25,23.0,46.5,20,50
25565,63.65,22,33.94,86.78,20,50
25567,3.48,4,30.81,44.51,20,50
25567,27.69,16,48.6,48.55,20,50
25569,108.54,28,25.56,43.62,20,50
25571,4.54,10,7.41,17.62,20,50
25569,3.98,3,47.61,88.16,20,50
25571,3.15,10,23.16,40.96,20,50
25571,45.37,14,23.21,49.34,20,50
25573,41.29,15,33.23,50.12,20,50
25574,91.74,31,27.61,54.3,20,50
25577,44.52,14,22.88,54.02,20,50
25576,87.34,32,24.99,47.75,20,50
25579,4.85,5,26.22,47.05,20,50
25578,2.72,8,31.94,46.66,20,50
25581,0.68,7,27.63,49.79,20,50
25581,110.87,28,21.33,45.28,20,50
25583,67.09,18,20.79,48.88,20,50
25584,61.74,20,20.46,45.32,20,50
25583,3.96,6,23.41,64.47,20,50
25586,0.85,5,51.24,49.37,20,50
25585,87.36,33,33.86,11.14,20,50
25588,68.48,26,32.86,49.15,20,50
25589,21.0,12,49.16,90.5,20,50
25590,3.47,3,5.6,65.65,20,50
25590,80.32,30,20.02,42.14,20,50
25590,44.79,24,52.2,65.19,20,50
25592,47.72,17,20.55,13.0,20,50
25594,82.67,34,25.05,94.03,20,50
25593,81.77,27,27.19,61.0,20,50
25595,122.18,33,29.9,56.99,20,50
25597,58.64,20,25.56,59.2,20,50
25596,0.53,8,24.68,85.27,20,50
25598,128.64,32,22.1,47.48,20,50
25597,4.47,6,31.16,47.49,20,50
25600,2.18,11,9.55,49.68,20,50
25601,1.56,1,20.2,52.64,20,50
25603,28.91,13,5.53,44.19,20,50
25603,0.76,5,23.3,56.14,20,50
25602,46.74,17,26.78,67.15,20,50
25605,109.35,35,21.31,63.55,20,50
25607,40.08,21,50.76,52.91,20,50
25608,45.13,26,55.6,52.55,20,50
25608,53.04,16,28.97,49.51,20,50
25609,3.25,4,25.61,52.5,20,50
25609,25.36,14,27.25,90.74,20,50
25611,67.02,29,29.64,17.4,20,50
25611,68.72,21,27.95,56.38,20,50
25611,25.4,12,7.8,47.51,20,50
25614,2.79,11,29.65,68.08,20,50
25614,2.82,7,24.0,67.96,20,50
25614,3.94,8,23.65,60.17,20,50
25617,65.78,25,33.04,60.12,20,50
25618,0.34,6,33.2,50.29,20,50
25619,97.33,24,29.82,68.35,20,51
25620,124.41,34,33.97,59.99,20,51
25620,42.32,12,34.24,40.45,20,51
25621,0.42,1,20.7,40.77,20,51
25622,115.45,30,29.46,42.01,20,51
25625,82.45,23,21.5,45.25,20,51
25625,83.7,20,21.54,52.05,20,51
25627,0.36,9,22.41,45.25,20,51
25627,74.15,19,20.07,42.86,20,51
25629,103.46,35,33.6,40.58,20,51
25628,46.31,21,50.88,57.54,20,51
25629,63.04,28,55.54,52.6,20,51
25629,132.77120000000002,35,26.5,87.1,20,51
25633,72.72,31,31.04,12.66,20,51
25633,3.05,4,20.28,57.75,20,51
25633,66.32,20,26.64,56.18,20,51
25635,25.68,15,58.29,19.14,20,51
25635,31.24,12,22.9,65.22,20,51
25637,4.87,8,22.21,49.74,20,51
25637,2.34,2,21.8,54.71,20,51
25639,0.95,10,21.8,47.91,20,51
25638,79.72,29,31.48,48.09,20,51
25640,103.75,32,34.61,42.2,20,51
25642,37.13,13,33.34,40.17,20,51
25643,52.43,18,28.14,51.64,20,51
25642,77.7,23,32.97,47.73,20,51
25646,81.05,20,30.15,52.01,20,51
25644,51.48,16,33.95,49.16,20,51
