pressure,temperature_C,humidity_percent
6.0,22.32,57.83
17.0,46.51,41.54
32.0,30.29,93.42
20.0,32.68,49.07
8.0,20.45,51.42
7.0,31.64,51.33
35.0,26.95,62.82
22.0,9.65,62.21
5.0,29.4,17.12
33.0,24.51,92.4
27.0,21.97,86.9
13.0,23.89,52.22
14.0,34.97,42.13
24.0,20.08,65.75
10.0,34.39,50.49
14.0,7.77,67.76
12.0,9.41,51.34
15.0,21.2,67.28
30.0,31.97,41.11
32.0,55.36,43.76
25.0,27.63,40.49
31.0,23.38,51.9
11.0,6.47,55.79
27.0,28.82,46.73
29.0,29.98,53.57
21.0,24.4,62.57
4.0,34.32,90.88
25.0,27.86,19.81
20.0,31.08,64.31
1.0,30.45,67.15
20.0,21.15,62.01
5.0,34.25,53.15
33.0,31.5,61.94
8.0,30.26,19.26
19.0,25.44,13.67
15.0,31.67,56.66
14.0,34.73,61.54
5.0,33.63,42.37
20.0,33.1,49.57
2.0,30.85,59.53
22.0,46.36,63.43
11.0,24.5,40.38
22.0,27.17,55.3
7.0,32.06,69.08
19.0,21.38,68.23
24.0,20.06,49.33
23.0,26.92,11.17
11.0,21.71,62.39
23.0,29.79,16.4
27.0,22.89,65.24
22.0,25.46,45.31
34.0,25.93,58.76
24.0,24.64,63.89
25.0,22.96,63.43
35.0,7.31,45.71
18.0,57.15,19.88
4.0,24.09,56.65
4.0,33.69,55.55
14.0,33.46,93.05
31.0,20.96,65.63
4.0,21.09,69.68
10.0,23.97,41.88
26.0,27.25,61.77
3.0,33.99,50.92
31.0,8.69,50.04
10.0,33.87,57.87
3.0,52.98,12.06
15.0,23.17,47.54
1.0,32.97,60.52
20.0,24.16,63.99
10.0,26.61,65.79
15.0,27.4,65.32
1.0,27.56,54.84
7.0,48.56,68.71
33.0,29.83,19.05
7.0,50.83,67.88
1.0,49.7,42.74
30.0,28.81,53.68
29.0,31.49,66.76
27.0,21.44,48.33
35.0,52.81,50.9
23.0,23.87,42.47
34.0,29.2,40.81
5.0,34.91,66.1
5.0,23.69,55.22
24.0,21.4,19.78
32.0,23.53,59.18
13.0,20.14,92.12
19.0,23.14,57.84
33.0,23.53,50.74
19.0,24.03,49.63
16.0,31.41,47.79
15.0,5.75,87.69
32.0,24.38,53.63
18.0,24.49,54.53
35.0,58.1,67.16
2.0,56.68,57.05
22.0,32.81,46.42
7.0,24.28,55.42
4.0,34.85,65.0
15.0,20.1,51.17
20.0,7.47,90.78
3.0,22.11,45.9
15.0,31.57,47.74
2.0,24.05,42.78
15.0,31.85,69.9
13.0,47.01,40.92
34.0,50.39,14.57
5.0,22.06,41.68
14.0,20.86,49.71
31.0,25.0,50.6
6.0,7.54,45.51
14.0,58.45560000000002,63.93
11.0,21.35,65.7
20.0,46.44,53.01
9.0,22.18,94.03
27.0,30.05,66.52
12.0,32.12,45.61
16.0,31.35,43.55
12.0,27.0,46.29
13.0,7.5,55.16
18.0,46.01,65.6
33.0,24.23,92.27
8.0,24.18,61.26
33.0,22.25,48.6
16.0,20.61,60.83
28.0,32.99,62.21
14.0,22.54,55.3
5.0,27.27,49.51
23.0,5.53,53.03
7.0,27.93,64.12
29.0,31.5,42.5
35.0,34.13,86.79
27.0,24.64,68.7
34.0,25.72,56.02
26.0,32.76,64.25
25.0,48.75,52.4
4.0,31.11,69.98
4.0,32.63,16.62
15.0,53.47,86.31
19.0,9.77,54.15
34.0,33.21,44.43
14.0,27.97,48.44
26.0,24.78,56.58
26.0,30.94,15.95
12.0,24.88,60.8
19.0,21.7,48.44
22.0,28.98,15.11
27.0,58.45560000000002,69.92
4.0,27.31,67.25
3.0,50.51,86.06
18.0,27.64,94.03
9.0,54.01,69.01
21.0,27.84,45.61
16.0,28.71,61.27
19.0,32.26,18.23
23.0,33.64,58.88
26.0,21.76,65.93
22.0,32.04,62.44
18.0,21.51,57.98
6.0,23.41,64.47
9.0,25.8,19.87
12.0,28.62,44.86
5.0,8.35,57.19
25.0,20.07,43.05
11.0,34.22,41.98
7.0,23.94,57.56
24.0,25.51,47.23
29.0,23.24,56.1
7.0,7.26,46.99
4.0,29.1,48.42
30.0,32.56,46.39
17.0,25.41,67.76
16.0,32.43,50.23
22.0,31.52,14.89
18.0,33.71,60.78
24.0,23.61,88.22
3.0,29.18,42.93
9.0,22.09,58.32
35.0,23.09,15.07
13.0,22.89,92.83
21.0,50.63,55.52
21.0,27.26,47.88
30.0,28.29,61.15
12.0,5.53,90.63
5.0,6.01,62.93
32.0,21.34,68.96
10.0,23.23,55.87
22.0,21.49,89.48
24.0,21.92,61.42
31.0,26.58,13.57
12.0,49.28,49.83
19.0,57.34,55.16
16.0,30.48,68.31
20.0,22.21,42.4
32.0,5.75,17.44
15.0,31.21,50.31
31.0,25.63,12.06
7.0,24.93,47.83
13.0,31.76,56.07
29.0,45.57,68.95
15.0,30.34,59.69
35.0,9.36,45.25
2.0,28.21,51.03
14.0,21.47,66.9
31.0,55.23,57.88
33.0,33.24,56.95
33.0,26.4,87.2
17.0,24.99,60.25
3.0,31.87,68.05
15.0,46.74,43.99
4.0,20.66,48.24
24.0,23.82,52.73
12.0,7.8,47.51
16.0,34.59,92.02
19.0,52.39,63.13
2.0,9.57,18.34
8.0,20.32,47.79
26.0,27.69,11.14
6.0,25.51,86.8
30.0,24.73,94.03
12.0,33.96,48.36
28.0,32.21,89.8
15.0,33.83,85.39
15.0,24.99,62.22
28.0,33.38,17.47
12.0,34.12,50.63
28.0,23.78,53.09
1.0,24.33,69.86
9.0,30.74,40.55
31.0,53.8,46.8
18.0,55.93,64.76
24.0,26.15,61.05
4.0,34.07,94.03
14.0,22.64,85.24
13.0,8.64,50.09
28.0,34.26,54.72
20.0,29.54,41.86
30.0,26.29,52.78
4.0,25.37,43.49
28.0,20.23,47.11
12.0,23.69,43.75
14.0,24.1,59.54
35.0,31.23,43.9
3.0,58.45560000000002,44.75
20.0,31.89,60.93
26.0,57.99,55.55
16.0,21.27,42.85
24.0,9.73,41.42
6.0,25.26,45.29
23.0,46.13,68.31
18.0,30.27,91.94
2.0,31.51,66.82
9.0,28.38,45.15
24.0,29.47,47.43
23.0,23.43,40.14
6.0,33.63,41.38
16.0,33.74,68.82
23.0,33.76,42.7
8.0,33.9,86.4
18.0,32.85,66.33
4.0,23.64,61.9
11.0,34.38,47.66
13.0,28.96,88.87
34.0,26.04,63.5
1.0,32.79,54.63
28.0,28.6,68.74
28.0,25.73,52.41
25.0,48.6,93.59
35.0,31.98,40.12
4.0,6.79,53.48
8.0,31.34,44.72
28.0,24.45,65.03
33.0,25.91,61.43
6.0,33.3,41.59
28.0,23.2,52.28
31.0,26.83,13.81
5.0,45.34,45.36
4.0,22.39,42.71
17.0,34.31,51.62
33.0,31.18,51.49
12.0,29.32,54.92
35.0,24.56,51.26
24.0,29.99,40.78
17.0,29.83,47.03
25.0,32.77,85.78
33.0,22.71,67.98
8.0,31.94,46.66
32.0,29.19,65.89
12.0,34.44,41.28
12.0,48.09,11.14
32.0,27.73,60.43
21.0,22.23,87.24
12.0,26.78,85.59
29.0,8.16,59.83
22.0,5.65,41.99
11.0,30.8,56.87
22.0,20.99,42.15
32.0,23.95,53.74
28.0,27.39,14.28
29.0,8.01,19.32
19.0,31.22,44.13
28.0,23.59,14.44
13.0,21.36,91.86
7.0,34.95,45.77
17.0,23.36,64.8
16.0,31.64,46.55
32.0,29.88,40.21
32.0,32.05,55.46
6.0,30.16,59.85
26.0,31.13,68.79
8.0,20.9,93.84
31.0,32.22,56.71
4.0,30.28,62.67
4.0,24.94,52.41
14.0,27.39,49.45
21.0,24.92,53.08
1.0,23.2,40.7
31.0,32.86,52.07
1.0,29.52,49.21
28.0,23.6,53.14
27.0,28.51,48.46
30.0,20.38,60.81
4.0,24.7,51.98
26.0,28.24,43.23
31.0,26.08,47.15
18.0,26.28,67.93
22.0,23.03,58.98
17.0,29.72,48.15
34.0,27.37,45.59
25.0,52.39,48.14
3.0,28.62,47.44
24.0,27.63,44.5
32.0,31.8,89.14
26.0,27.15,61.23
31.0,7.61,41.42
2.0,33.61,64.01
35.0,8.08,69.84
8.0,28.57,11.14
8.0,30.83,50.64
4.0,26.15,55.58
18.0,9.2,60.0
30.0,33.1,14.2
19.0,24.39,44.75
11.0,26.95,57.82
19.0,24.55,66.11
23.0,32.16,55.5
17.0,25.49,48.93
4.0,56.19,86.71
13.0,26.77,45.56
34.0,9.07,65.45
33.0,5.83,65.31
18.0,30.91,51.06
13.0,30.45,59.5
28.0,26.38,58.29
25.0,34.14,58.45
13.0,33.68,51.47
26.0,22.83,48.37
9.0,21.02,57.1
23.0,31.53,48.38
26.0,24.15,44.61
24.0,32.87,40.41
2.0,8.6,86.26
30.0,20.27,41.47
14.0,25.38,44.99
22.0,29.22,63.16
15.0,33.93,48.85
7.0,9.25,64.73
2.0,26.75,18.35
27.0,28.25,45.24
29.0,22.68,93.51
4.0,32.37,54.85
22.0,21.71,57.5
29.0,30.42,42.34
10.0,31.64,63.87
1.0,20.05,91.03
34.0,26.49,93.84
31.0,32.25,68.23
17.0,29.31,47.64
29.0,22.69,11.53
19.0,54.38,13.48
7.0,34.73,62.34
1.0,26.55,59.55
29.0,23.22,52.1
14.0,28.41,43.48
30.0,32.65,14.74
31.0,31.58,46.76
12.0,23.1,50.54
23.0,27.96,58.6
24.0,9.29,66.54
30.0,28.46,69.55
32.0,28.5,69.22
5.0,30.91,41.76
9.0,24.86,53.82
15.0,32.08,66.08
23.0,48.48,42.95
15.0,29.13,53.65
6.0,29.96,43.41
25.0,25.82,52.18
31.0,34.98,46.83
31.0,34.25,62.79
9.0,29.55,69.85
15.0,30.44,11.97
19.0,55.39,11.68
24.0,30.66,47.74
2.0,31.65,68.18
25.0,21.71,43.41
28.0,33.8,53.86
20.0,7.62,49.32
27.0,8.09,61.5
28.0,31.7,58.14
6.0,23.05,69.15
2.0,51.55,52.44
19.0,21.06,53.0
16.0,21.05,49.52
33.0,24.29,65.93
11.0,30.7,46.37
11.0,29.49,17.05
30.0,29.36,93.49
6.0,9.68,43.05
11.0,55.73,60.54
20.0,23.69,57.99
33.0,34.55,52.95
33.0,29.84,94.03
31.0,8.86,43.62
13.0,21.24,65.3
14.0,28.66,47.77
2.0,28.23,64.01
17.0,31.72,64.65
27.0,30.87,60.72
6.0,24.7,68.98
27.0,48.74,54.25
3.0,24.71,56.41
35.0,55.43,54.21
8.0,27.28,51.52
19.0,29.05,88.64
34.0,52.07,59.04
18.0,22.08,57.42
20.0,31.72,41.45
7.0,26.11,41.02
12.0,26.98,45.99
7.0,50.7,53.57
14.0,26.73,57.51
17.0,30.36,11.55
28.0,22.84,62.47
16.0,9.31,43.07
13.0,33.48,62.24
5.0,53.55,89.04
2.0,53.94,60.73
14.0,28.07,51.25
11.0,28.44,61.56
3.0,23.12,44.22
14.0,26.1,58.04
26.0,30.49,62.84
15.0,23.3,42.85
20.0,32.87,55.53
34.0,32.23,64.46
21.0,32.12,65.82
9.0,20.89,19.17
6.0,58.45560000000002,59.07
14.0,32.83,17.52
30.0,31.13,48.22
3.0,28.96,50.5
1.0,8.55,49.88
3.0,8.5,49.11
17.0,29.31,51.17
29.0,29.67,62.48
17.0,9.69,49.19
6.0,23.64,88.28
33.0,26.48,67.7
15.0,26.44,69.02
17.0,24.34,17.68
20.0,33.04,52.18
6.0,34.71,67.37
29.0,25.53,43.69
15.0,31.45,55.99
10.0,34.68,93.85
5.0,27.88,93.05
29.0,23.34,58.6
1.0,30.58,17.76
19.0,24.69,69.96
29.0,25.21,64.43
13.0,29.45,56.1
19.0,26.93,49.99
16.0,5.82,68.56
33.0,29.7,69.88
24.0,20.81,66.25
9.0,34.66,45.38
16.0,23.51,18.51
32.0,25.67,42.85
19.0,30.38,64.95
23.0,27.01,67.33
15.0,24.54,40.32
33.0,23.9,46.95
34.0,22.9,63.33
27.0,27.07,58.14
20.0,8.21,43.59
11.0,5.53,19.05
27.0,27.29,67.11
28.0,33.18,43.87
30.0,22.38,88.43
5.0,23.37,63.8
21.0,26.55,51.38
17.0,32.99,91.61
21.0,30.95,88.02
34.0,57.76,60.91
19.0,5.95,45.72
33.0,6.74,47.44
34.0,31.06,94.03
10.0,25.1,55.35
3.0,20.56,46.3
25.0,8.96,52.81
35.0,24.88,62.04
28.0,22.73,15.31
30.0,31.97,86.32
21.0,28.63,60.84
24.0,28.44,50.56
35.0,29.0,46.43
27.0,24.97,60.41
9.0,49.91,62.78
33.0,6.2,53.33
1.0,6.88,68.84
23.0,58.45560000000002,41.94
15.0,28.75,49.14
24.0,25.38,61.52
30.0,31.98,64.43
25.0,58.45560000000002,85.42
18.0,33.25,62.65
24.0,34.85,54.34
23.0,32.34,61.1
28.0,34.1,61.59
22.0,26.56,43.06
3.0,29.28,54.59
31.0,22.31,40.52
30.0,53.08,65.81
23.0,21.73,54.2
14.0,25.79,49.12
4.0,26.86,66.49
26.0,27.23,47.47
11.0,33.72,69.75
9.0,26.1,60.08
8.0,48.96,51.34
17.0,21.31,92.8
20.0,24.31,66.85
7.0,24.59,58.44
15.0,20.8,58.56
17.0,29.66,63.13
27.0,20.27,52.96
9.0,22.53,49.84
22.0,22.49,56.64
8.0,20.42,42.23
27.0,47.31,51.41
15.0,47.94,52.96
24.0,20.05,50.28
23.0,21.73,69.52
7.0,28.98,11.14
31.0,20.54,42.74
24.0,34.54,50.63
18.0,21.83,58.35
26.0,58.45560000000002,65.25
29.0,20.82,50.09
32.0,7.41,62.09
11.0,26.94,54.97
1.0,28.76,64.32
19.0,32.2,88.7
11.0,27.87,57.43
12.0,21.61,55.64
26.0,25.29,63.91
7.0,25.01,42.23
18.0,25.38,61.18
33.0,29.46,16.44
8.0,8.54,43.79
12.0,23.39,40.21
29.0,33.25,47.27
23.0,25.29,44.22
14.0,33.75,45.32
15.0,27.05,55.39
9.0,28.36,64.81
4.0,30.23,58.78
1.0,47.77,13.17
19.0,24.53,64.36
15.0,45.57,17.07
29.0,33.57,67.44
31.0,20.19,53.88
23.0,9.35,85.22
16.0,34.42,46.02
33.0,24.93,63.3
12.0,28.77,44.7
14.0,31.45,16.47
8.0,51.48,61.36
2.0,32.49,48.84
35.0,45.22,41.54
24.0,30.84,57.07
13.0,27.89,45.67
32.0,23.36,57.73
21.0,34.05,48.8
34.0,34.38,61.86
15.0,29.73,53.99
17.0,27.65,56.38
28.0,29.17,12.42
25.0,31.66,69.16
2.0,20.46,56.46
4.0,21.68,60.92
1.0,32.54,48.65
13.0,51.93,40.88
2.0,27.2,46.9
20.0,26.98,60.7
26.0,26.93,51.34
23.0,32.83,57.19
12.0,25.16,93.39
35.0,34.33,40.17
1.0,28.44,40.56
5.0,9.8,86.96
21.0,21.54,11.14
27.0,34.22,91.64
9.0,34.55,91.98
34.0,27.35,60.0
11.0,31.92,57.62
32.0,28.94,49.45
33.0,7.85,63.69
22.0,29.93,50.14
28.0,30.81,63.97
16.0,22.67,43.63
10.0,21.66,65.53
28.0,29.46,18.17
17.0,7.99,93.28
24.0,27.8,44.57
3.0,31.09,93.86
13.0,22.78,62.9
11.0,26.32,69.56
22.0,56.83,69.4
34.0,9.11,46.62
15.0,26.18,43.72
29.0,54.76,57.51
5.0,32.43,42.07
29.0,29.61,58.24
33.0,33.59,61.64
11.0,21.94,48.71
35.0,29.38,12.21
5.0,24.67,61.0
31.0,20.13,91.83
27.0,24.68,63.2
9.0,33.97,61.27
17.0,29.6,48.41
22.0,7.29,50.72
28.0,20.85,45.44
26.0,26.96,58.76
21.0,22.23,16.6
21.0,48.24,40.99
5.0,27.17,44.21
26.0,31.41,43.57
13.0,31.93,88.19
2.0,30.77,54.05
26.0,25.26,55.36
4.0,29.24,59.16
14.0,27.43,12.19
16.0,34.28,59.81
3.0,32.94,69.57
30.0,34.71,56.97
14.0,6.97,47.17
16.0,26.88,66.08
16.0,26.48,56.18
14.0,28.98,57.1
6.0,7.94,86.86
32.0,25.55,42.49
29.0,48.21,18.94
6.0,7.92,16.59
24.0,32.93,44.39
8.0,21.41,68.14
1.0,32.53,52.49
10.0,27.83,15.14
26.0,24.42,42.38
29.0,26.84,52.63
27.0,24.65,68.24
9.0,51.12,18.45
29.0,31.2,46.58
23.0,26.74,59.64
17.0,23.62,59.6
26.0,28.64,67.12
18.0,21.77,90.27
7.0,26.33,55.85
32.0,6.03,89.97
14.0,22.64,53.77
14.0,30.38,40.44
22.0,32.71,57.01
25.0,27.01,93.59
27.0,22.65,59.84
5.0,24.36,45.33
13.0,26.75,64.08
14.0,23.91,45.55
27.0,29.05,42.66
14.0,7.33,62.4
6.0,34.76,52.37
7.0,7.63,69.7
9.0,21.09,50.66
27.0,34.47,88.08
10.0,32.26,62.53
18.0,24.33,40.14
21.0,5.79,46.07
20.0,33.9,85.69
8.0,24.68,56.02
21.0,8.16,65.21
15.0,26.18,49.07
5.0,31.46,13.49
17.0,23.04,57.43
28.0,31.31,43.73
18.0,9.54,69.85
12.0,22.43,55.13
5.0,28.79,69.24
35.0,24.38,52.86
15.0,27.43,56.37
27.0,23.52,40.41
31.0,22.56,65.74
23.0,23.9,61.92
34.0,27.91,41.78
29.0,24.72,18.01
16.0,32.43,56.73
21.0,8.4,87.57
20.0,28.49,69.07
9.0,20.44,11.14
5.0,22.18,58.57
21.0,20.97,59.96
3.0,9.8,60.21
2.0,29.85,94.03
1.0,33.87,50.73
10.0,28.95,47.83
9.0,32.15,66.49
25.0,34.72,59.96
28.0,45.19,58.98
24.0,7.4,51.38
25.0,33.85,92.67
10.0,6.98,56.79
14.0,25.46,41.64
1.0,27.6,48.14
3.0,24.5,48.03
21.0,47.08,56.28
17.0,27.8,57.2
35.0,25.39,93.0
29.0,53.94,57.22
24.0,46.42,60.44
13.0,33.44,66.2
33.0,25.91,46.97
8.0,30.01,59.64
5.0,50.62,62.09
30.0,23.41,63.89
29.0,26.47,69.38
15.0,58.29,19.14
3.0,21.64,40.91
35.0,21.27,47.86
28.0,27.61,42.33
26.0,34.55,58.44
3.0,31.32,62.63
8.0,34.64,69.0
3.0,31.37,14.33
29.0,21.29,53.1
13.0,33.58,85.15
11.0,5.53,56.94
34.0,22.63,46.18
1.0,24.17,67.0
25.0,33.93,57.11
32.0,33.17,68.44
13.0,26.5,41.82
9.0,29.91,66.43
27.0,34.36,61.4
26.0,47.5,53.38
28.0,5.53,65.07
15.0,30.15,42.23
32.0,33.23,45.85
23.0,31.22,59.29
4.0,5.53,54.78
13.0,26.02,53.12
33.0,28.54,93.34
21.0,31.34,67.75
27.0,31.5,48.49
15.0,30.63,68.6
28.0,20.0,66.72
26.0,5.54,46.74
15.0,20.88,61.98
12.0,47.97,54.18
23.0,28.46,19.14
4.0,32.92,53.12
25.0,31.7,67.77
26.0,28.54,46.17
8.0,24.17,94.03
22.0,24.66,46.32
16.0,29.58,51.75
28.0,23.15,51.85
35.0,33.57,41.9
11.0,52.02,48.42
15.0,32.83,93.76
27.0,21.7,55.13
31.0,24.05,13.64
22.0,29.61,57.0
27.0,31.28,43.54
28.0,5.53,13.67
18.0,29.87,46.96
33.0,29.49,69.92
15.0,50.05,49.4
20.0,29.21,52.55
9.0,20.64,56.9
20.0,20.78,69.48
7.0,28.14,63.99
24.0,47.06,50.11
15.0,23.84,91.11
21.0,34.3,66.44
23.0,6.17,49.73
21.0,5.91,55.8
26.0,28.26,16.55
24.0,24.88,90.5
19.0,29.51,55.71
31.0,23.8,47.46
24.0,26.5,58.86
32.0,47.9,53.98
8.0,22.34,44.2
28.0,33.29,66.2
15.0,26.5,69.18
13.0,27.42,91.88
35.0,20.45,50.64
21.0,31.72,51.59
1.0,23.52,11.28
11.0,20.03,11.14
22.0,57.59,65.16
30.0,22.98,67.04
31.0,27.43,57.93
14.0,33.13,62.49
9.0,29.0,67.72
28.0,24.44,55.76
6.0,29.9,68.33
5.0,26.47,91.14
33.0,32.19,87.22
6.0,23.22,16.78
29.0,7.36,63.46
14.0,29.37,51.33
5.0,32.3,50.24
11.0,21.8,93.68
35.0,24.29,12.14
7.0,34.11,52.72
18.0,26.43,57.8
7.0,56.63,56.04
7.0,20.76,67.44
28.0,6.22,91.2
33.0,31.16,68.39
14.0,5.75,18.42
3.0,26.76,64.26
14.0,21.93,66.86
28.0,32.88,87.49
2.0,30.66,57.4
14.0,22.89,65.14
35.0,50.84,57.96
7.0,32.68,53.01
11.0,26.63,19.34
1.0,30.08,45.83
14.0,34.84,18.31
6.0,23.44,61.64
22.0,22.22,64.53
11.0,26.99,59.31
13.0,7.79,85.8
23.0,34.59,43.7
25.0,24.76,65.24
13.0,26.33,90.5
20.0,29.03,86.78
30.0,25.31,42.81
18.0,33.61,17.07
32.0,28.18,47.17
8.0,23.75,43.68
34.0,21.13,92.82
12.0,28.15,47.01
1.0,29.42,65.58
27.0,34.04,64.18
18.0,20.88,47.72
34.0,24.09,57.02
1.0,7.8,14.62
5.0,51.59,41.64
32.0,34.65,57.52
10.0,8.34,62.55
5.0,21.94,67.66
4.0,32.38,67.27
13.0,33.82,12.97
4.0,20.26,46.57
10.0,23.38,61.74
17.0,9.68,48.43
14.0,26.65,68.46
34.0,20.77,66.64
5.0,20.78,68.53
32.0,34.75,65.63
20.0,54.0,56.49
13.0,50.2,47.49
13.0,23.72,88.68
21.0,55.97,87.52
26.0,27.37,41.31
11.0,8.02,62.49
26.0,24.32,57.27
16.0,30.4,40.12
33.0,28.64,69.95
32.0,29.19,66.56
35.0,32.66,40.15
33.0,20.58,40.11
8.0,20.5,41.53
27.0,33.33,52.03
27.0,22.61,54.41
10.0,22.81,45.72
1.0,23.02,69.57
21.0,20.87,86.78
8.0,8.08,86.02
33.0,23.06,68.48
27.0,32.82,91.06
20.0,32.15,15.35
34.0,31.27,46.37
27.0,5.53,11.14
30.0,8.49,64.57
24.0,24.31,56.9
7.0,33.57,44.26
2.0,26.59,66.95
33.0,21.59,60.17
27.0,31.3,56.29
33.0,29.57,67.53
29.0,33.63,58.17
21.0,54.75,90.05
21.0,32.59,60.31
7.0,30.09,59.57
3.0,21.18,47.35
3.0,7.36,40.54
11.0,34.33,67.53
26.0,55.53,64.48
33.0,31.34,66.14
22.0,33.54,47.93
30.0,27.69,65.14
29.0,32.26,43.78
23.0,33.62,59.57
6.0,21.42,55.83
16.0,28.19,47.04
22.0,26.35,58.88
25.0,53.48,47.57
19.0,31.32,12.39
10.0,30.67,63.54
31.0,27.8,54.33
23.0,26.78,50.49
30.0,27.7,57.24
29.0,20.88,52.41
34.0,26.29,59.24
14.0,25.78,69.3
34.0,34.37,68.97
31.0,55.96,93.65
30.0,8.44,45.21
9.0,23.85,11.14
2.0,31.63,44.4
34.0,32.12,16.8
17.0,29.17,57.03
20.0,31.36,92.9
19.0,5.59,52.32
17.0,22.78,85.18
27.0,32.37,51.78
13.0,22.88,47.14
20.0,28.29,54.72
3.0,21.34,67.81
23.0,26.58,18.08
20.0,20.91,62.59
16.0,27.33,11.67
10.0,30.43,40.95
10.0,26.42,63.3
23.0,22.31,49.86
14.0,33.31,49.39
26.0,29.38,55.86
23.0,28.94,45.91
35.0,7.69,49.96
23.0,52.81,45.09
33.0,23.97,45.27
23.0,23.2,91.66
12.0,32.9,42.53
24.0,50.94,45.49
20.0,6.86,40.42
24.0,21.42,57.95
8.0,22.16,17.12
2.0,24.77,43.25
10.0,28.51,56.34
5.0,29.64,62.84
5.0,9.54,54.85
28.0,24.95,66.6
20.0,5.86,42.76
28.0,23.76,55.05
11.0,30.18,65.9
22.0,27.58,63.91
9.0,24.81,94.03
29.0,29.68,62.82
3.0,28.7,88.63
16.0,21.77,56.68
7.0,8.18,17.59
32.0,28.55,54.13
14.0,23.46,93.91
20.0,9.73,46.08
2.0,25.55,86.46
9.0,32.74,49.43
33.0,23.07,56.17
19.0,31.37,52.04
26.0,22.2,42.24
34.0,24.54,64.59
28.0,33.44,58.64
12.0,53.85,87.09
30.0,33.18,63.54
23.0,31.01,47.97
6.0,33.2,60.65
31.0,28.84,65.1
14.0,26.13,16.49
24.0,31.6,65.21
9.0,20.25,48.12
35.0,23.03,64.83
33.0,7.83,51.29
24.0,26.99,18.61
20.0,32.66,15.81
28.0,47.99,68.09
22.0,29.9,60.82
33.0,20.47,40.49
26.0,20.71,57.52
30.0,26.42,93.58
34.0,23.16,49.01
25.0,27.1,14.04
33.0,30.4,50.42
19.0,24.84,68.7
23.0,23.97,67.95
27.0,22.67,69.19
10.0,30.18,63.7
24.0,29.35,85.57
33.0,25.72,89.1
21.0,32.37,53.94
34.0,23.81,42.42
8.0,5.53,63.83
33.0,27.54,61.97
10.0,34.6,68.5
9.0,32.36,85.2
7.0,34.23,64.75
28.0,26.46,89.02
11.0,55.34,68.06
23.0,29.37,40.09
34.0,32.13,46.0
7.0,33.9,67.72
27.0,9.04,53.81
9.0,24.99,47.61
33.0,5.75,85.77
28.0,33.57,52.44
19.0,32.66,15.34
34.0,32.57,59.27
14.0,22.07,67.99
35.0,32.46,47.12
29.0,25.51,55.67
15.0,30.69,41.63
21.0,29.72,41.1
32.0,5.53,12.86
28.0,20.11,13.66
21.0,28.04,64.36
11.0,6.43,51.9
27.0,31.15,49.81
20.0,29.89,69.07
3.0,28.78,69.76
8.0,29.85,58.0
14.0,30.67,57.15
25.0,21.31,57.88
21.0,32.63,93.98
35.0,33.38,16.38
20.0,5.84,49.72
19.0,34.42,45.81
5.0,31.32,40.88
21.0,23.1,92.94
22.0,31.78,59.6
7.0,24.74,12.53
25.0,30.79,55.27
12.0,33.04,66.31
14.0,30.96,13.9
20.0,21.07,94.03
14.0,34.4,90.43
3.0,28.64,47.59
9.0,31.36,63.78
13.0,22.1,40.03
20.0,20.57,46.71
1.0,7.57,12.77
21.0,23.11,42.0
25.0,20.01,47.14
34.0,32.59,11.14
8.0,21.14,43.91
11.0,20.54,57.01
16.0,33.44,68.08
1.0,30.52,69.39
29.0,34.06,11.5
32.0,46.36,62.75
8.0,32.08,46.21
15.0,31.13,56.77
30.0,22.54,67.55
20.0,23.66,43.25
6.0,52.09,41.02
26.0,22.35,19.01
10.0,29.31,62.34
24.0,33.2,63.24
21.0,8.88,49.61
23.0,23.34,42.2
22.0,31.34,51.31
3.0,6.65,48.37
4.0,30.51,91.96
14.0,33.41,40.82
8.0,31.21,40.44
12.0,30.64,69.32
8.0,23.58,63.12
16.0,24.69,46.35
2.0,27.96,63.76
28.0,33.64,87.72
2.0,32.49,63.57
6.0,21.19,56.05
26.0,34.74,58.32
28.0,8.82,60.58
6.0,34.71,45.53
9.0,31.6,40.42
31.0,31.34,62.75
25.0,25.39,60.29
26.0,29.85,63.3
3.0,34.22,69.63
12.0,34.53,16.36
27.0,5.99,63.22
1.0,53.94,57.19
13.0,33.76,44.8
4.0,20.95,59.21
3.0,31.39,59.33
9.0,9.07,59.65
7.0,30.91,48.51
35.0,26.25,94.03
22.0,23.62,15.95
24.0,5.53,57.95
17.0,29.8,93.35
3.0,32.37,41.17
14.0,32.66,16.48
26.0,32.14,49.91
32.0,29.22,60.06
8.0,33.1,69.45
3.0,57.59,41.99
10.0,30.09,50.51
9.0,24.35,62.75
9.0,20.63,59.23
25.0,30.22,51.72
23.0,47.04,50.85
34.0,22.33,47.55
24.0,7.84,85.02
13.0,25.57,55.08
12.0,55.58,51.92
18.0,24.66,52.48
16.0,23.89,47.07
19.0,29.47,56.18
14.0,25.02,15.52
18.0,22.17,50.59
9.0,33.41,47.95
26.0,28.45,50.77
35.0,47.11,85.27
35.0,29.48,40.83
4.0,22.57,11.14
23.0,21.72,69.66
28.0,29.14,44.83
26.0,31.99,52.86
28.0,53.08,54.77
20.0,27.2,69.36
32.0,52.37,48.75
25.0,33.24,68.28
35.0,58.45560000000002,50.05
30.0,22.49,49.85
20.0,33.82,52.61
16.0,32.29,87.14
19.0,24.27,49.63
34.0,29.62,41.71
34.0,33.35,69.13
32.0,21.4,13.44
18.0,30.41,56.6
34.0,5.53,19.86
32.0,51.17,45.57
23.0,29.18,63.58
25.0,25.66,61.51
29.0,30.14,56.43
5.0,24.73,61.46
13.0,47.94,94.03
21.0,35.0,43.18
5.0,9.39,40.05
2.0,28.38,46.51
7.0,20.72,15.57
11.0,24.9,51.34
1.0,21.49,53.58
1.0,21.23,62.57
17.0,34.89,48.07
30.0,8.42,15.5
19.0,27.37,12.64
12.0,27.49,48.6
23.0,9.7,49.74
8.0,34.44,18.94
6.0,7.21,43.5
26.0,31.92,44.93
1.0,21.35,45.89
27.0,29.82,18.55
33.0,29.65,66.07
4.0,23.33,57.48
11.0,33.24,16.15
25.0,33.27,47.8
14.0,5.77,68.78
1.0,28.21,50.31
29.0,29.82,68.4
27.0,23.05,42.15
20.0,8.01,43.58
24.0,51.26,49.08
31.0,27.77,57.42
6.0,9.56,41.22
32.0,28.62,46.11
17.0,22.32,69.19
20.0,27.71,69.88
27.0,34.61,64.52
12.0,22.4,43.92
19.0,32.33,86.91
33.0,27.12,65.9
35.0,29.77,44.64
2.0,24.76,47.72
27.0,8.43,13.28
25.0,6.62,56.54
6.0,7.36,19.68
26.0,28.83,50.42
10.0,24.94,51.3
8.0,30.06,15.78
25.0,24.65,60.76
18.0,33.62,55.94
30.0,47.51,65.48
28.0,28.87,55.96
12.0,31.04,14.23
10.0,57.82,40.44
22.0,20.94,43.65
20.0,5.61,45.63
18.0,26.23,67.46
3.0,53.46,40.82
31.0,32.49,87.51
28.0,30.92,40.9
19.0,26.79,90.7
13.0,27.93,50.11
11.0,50.06,67.89
6.0,31.71,46.61
8.0,24.34,64.16
29.0,45.85,52.33
11.0,23.45,85.02
30.0,21.47,67.28
20.0,7.01,57.41
3.0,33.28,65.24
35.0,33.17,19.83
20.0,20.81,56.6
35.0,30.11,60.4
20.0,31.6,49.86
34.0,28.63,58.08
13.0,25.78,57.71
33.0,28.6,19.51
5.0,26.56,13.99
32.0,27.31,49.79
33.0,27.58,91.91
28.0,27.26,42.16
5.0,50.88,56.63
7.0,23.22,64.87
14.0,26.63,44.55
17.0,24.92,15.95
19.0,7.33,55.94
1.0,52.63,11.87
25.0,23.24,46.59
20.0,57.91,40.54
7.0,48.48,50.74
21.0,33.25,44.27
26.0,23.21,56.57
9.0,31.33,65.99
6.0,33.44,50.08
11.0,30.91,66.36
34.0,8.37,49.35
26.0,32.89,47.55
6.0,31.76,86.73
34.0,31.2,54.77
1.0,7.16,54.38
31.0,21.86,57.57
9.0,31.86,54.26
23.0,31.41,44.25
28.0,21.7,46.55
12.0,28.2,40.17
3.0,6.56,59.21
17.0,20.19,53.4
30.0,27.76,49.7
17.0,24.52,44.59
35.0,30.2,67.02
24.0,21.2,54.09
30.0,49.88,42.49
34.0,20.96,58.95
23.0,22.56,52.07
4.0,32.97,53.06
3.0,27.03,52.75
7.0,34.59,64.2
28.0,31.07,51.59
24.0,57.42,41.86
4.0,34.64,55.0
17.0,5.75,14.4
13.0,22.24,19.57
13.0,33.42,14.19
12.0,29.0,48.49
25.0,24.86,40.64
29.0,29.31,61.35
9.0,33.56,68.9
33.0,28.33,56.31
13.0,21.17,62.59
8.0,23.52,40.5
34.0,50.48,46.96
35.0,29.44,69.87
28.0,29.44,66.44
29.0,20.36,60.52
19.0,22.68,47.27
21.0,26.81,46.8
26.0,48.92,52.28
11.0,34.01,64.44
3.0,23.42,46.67
32.0,28.38,58.0
14.0,32.34,62.34
5.0,31.2,52.69
20.0,20.13,14.03
18.0,20.8,64.26
28.0,21.33,45.28
29.0,32.34,85.77
18.0,29.93,65.2
25.0,27.29,43.08
10.0,22.28,41.12
8.0,31.29,63.28
1.0,30.27,50.48
33.0,25.6,55.97
29.0,27.77,52.97
21.0,26.88,13.09
10.0,22.3,54.35
9.0,9.41,42.95
33.0,31.52,69.37
28.0,22.16,54.18
15.0,23.59,55.95
28.0,25.13,87.68
7.0,26.73,56.24
17.0,29.93,40.23
15.0,48.66,55.15
21.0,6.44,57.63
1.0,8.27,57.61
11.0,27.69,52.84
22.0,9.76,85.88
32.0,20.94,40.22
19.0,26.39,42.84
18.0,48.31,59.38
32.0,29.99,51.88
10.0,23.56,67.1
1.0,27.25,93.17
2.0,20.17,57.51
18.0,22.95,58.7
28.0,21.09,56.5
3.0,33.25,67.69
16.0,30.81,41.95
30.0,51.7,40.32
34.0,26.31,53.9
28.0,33.67,11.66
14.0,25.37,52.87
19.0,21.57,52.99
12.0,58.45560000000002,11.14
26.0,27.75,61.49
16.0,48.25,48.28
3.0,31.0,44.56
12.0,28.14,59.95
19.0,20.44,63.42
28.0,28.2,93.98
29.0,26.1,60.87
22.0,8.72,56.4
22.0,47.22,40.74
15.0,28.5,46.23
3.0,22.65,57.6
6.0,22.62,67.19
13.0,50.07,44.14
4.0,28.23,91.84
5.0,27.76,90.14
5.0,30.75,52.86
5.0,9.35,46.1
16.0,9.6,53.02
6.0,52.4,54.66
13.0,33.95,41.72
21.0,23.14,16.24
24.0,7.83,17.97
9.0,34.19,88.36
16.0,30.44,58.09
21.0,28.04,69.64
24.0,21.85,16.6
19.0,29.17,68.59
23.0,27.09,42.42
34.0,49.63,93.12
31.0,34.67,14.79
26.0,30.41,91.37
35.0,30.94,68.15
14.0,33.27,69.23
16.0,31.35,41.83
3.0,23.08,50.27
10.0,48.08,87.3
1.0,34.33,11.42
14.0,23.26,42.73
34.0,27.47,67.52
28.0,26.99,17.75
33.0,22.07,41.91
3.0,6.36,66.51
8.0,31.85,47.35
2.0,50.62,45.84
18.0,47.75,62.71
22.0,26.02,85.23
28.0,25.41,61.1
8.0,23.96,44.71
12.0,21.39,66.65
9.0,33.35,62.12
13.0,34.55,44.6
34.0,31.57,56.68
31.0,23.74,59.31
23.0,45.71,68.66
24.0,26.13,57.41
16.0,29.32,49.79
5.0,21.16,14.59
25.0,21.07,63.31
16.0,33.95,45.35
1.0,58.45560000000002,18.91
27.0,34.21,45.81
31.0,26.54,13.36
20.0,32.45,42.78
32.0,52.63,64.32
9.0,21.52,89.83
3.0,7.44,40.5
29.0,28.41,68.33
28.0,28.56,53.25
10.0,34.32,87.53
6.0,20.93,62.38
26.0,21.39,50.11
24.0,8.21,61.17
23.0,23.7,58.57
22.0,8.92,49.55
32.0,25.08,11.14
12.0,25.96,46.78
1.0,32.92,55.46
28.0,31.47,44.26
27.0,54.94,85.25
18.0,20.45,68.72
5.0,26.28,15.74
25.0,21.55,66.29
12.0,49.33,43.23
3.0,30.18,11.56
12.0,24.86,87.78
33.0,31.28,93.3
17.0,29.41,52.68
24.0,5.53,40.89
17.0,28.89,50.52
25.0,24.38,68.69
8.0,31.76,68.15
3.0,27.63,43.04
22.0,27.37,11.14
4.0,23.27,57.07
20.0,32.47,17.98
10.0,23.71,69.08
31.0,31.42,41.59
7.0,33.55,56.3
31.0,24.1,50.19
35.0,33.66,44.09
8.0,29.3,49.23
14.0,32.09,53.7
19.0,7.19,91.72
13.0,9.64,43.71
15.0,25.99,92.14
4.0,29.92,60.3
27.0,25.64,50.3
9.0,26.55,47.98
30.0,9.38,62.49
20.0,49.82,52.86
18.0,33.97,52.8
18.0,8.07,65.02
5.0,32.15,40.76
6.0,25.71,54.08
34.0,53.25,42.7
27.0,28.67,66.41
9.0,29.02,13.35
22.0,33.92,58.59
31.0,52.08,54.18
8.0,5.53,60.08
5.0,27.51,57.99
32.0,27.23,46.22
23.0,52.36,92.95
17.0,24.75,85.46
19.0,31.7,14.76
2.0,30.83,88.45
31.0,23.51,62.25
4.0,33.84,49.34
24.0,52.13,60.31
16.0,29.94,47.92
5.0,26.04,68.65
10.0,25.1,12.66
27.0,34.99,94.03
9.0,23.06,55.63
12.0,34.24,18.98
21.0,28.78,57.71
21.0,56.63,41.48
28.0,56.25,48.74
27.0,28.68,43.85
7.0,24.94,45.27
11.0,27.48,40.43
3.0,25.86,11.14
22.0,33.07,56.64
29.0,23.59,91.05
20.0,33.91,66.65
33.0,27.92,11.14
8.0,25.56,63.35
30.0,26.78,56.47
13.0,30.12,41.89
22.0,25.9,12.41
8.0,27.58,92.56
19.0,30.99,59.58
23.0,30.18,47.64
8.0,29.49,54.0
24.0,58.45560000000002,68.32
21.0,29.24,40.87
28.0,29.89,54.88
30.0,21.5,14.8
16.0,30.07,68.7
2.0,30.86,64.95
17.0,22.31,44.16
14.0,30.75,89.32
18.0,27.82,65.55
12.0,23.88,61.38
28.0,30.57,58.62
26.0,23.24,40.94
11.0,27.19,48.51
16.0,26.28,47.22
32.0,20.0,54.39
2.0,7.09,50.58
16.0,26.71,18.73
28.0,20.03,65.58
13.0,6.37,60.96
19.0,29.25,53.6
32.0,33.5,16.42
21.0,34.43,43.67
19.0,5.53,46.95
29.0,32.41,53.52
12.0,23.97,46.88
15.0,22.73,49.42
1.0,24.49,18.87
32.0,27.63,53.68
31.0,32.87,65.25
18.0,32.09,18.36
35.0,53.86,44.72
22.0,9.39,59.9
17.0,5.57,57.49
9.0,6.1,58.73
20.0,32.25,85.22
35.0,28.54,49.58
31.0,23.38,42.78
19.0,28.57,88.33
27.0,30.07,18.95
35.0,25.53,67.73
23.0,8.04,19.39
23.0,7.4,93.11
15.0,31.18,87.26
23.0,7.35,89.53
28.0,30.41,61.75
33.0,58.45560000000002,60.1
30.0,21.87,51.99
19.0,7.32,48.91
1.0,31.04,65.2
10.0,29.75,11.14
3.0,30.1,48.91
8.0,26.13,47.89
31.0,22.9,43.58
15.0,20.11,60.36
5.0,5.84,68.73
22.0,26.79,46.36
21.0,21.41,47.0
15.0,46.69,52.66
14.0,30.12,40.68
19.0,30.67,41.19
30.0,9.78,56.33
28.0,26.06,93.74
20.0,55.02,68.77
27.0,33.38,52.31
11.0,28.98,64.76
31.0,7.84,61.23
23.0,30.46,58.55
29.0,21.26,15.89
27.0,25.15,68.24
12.0,7.29,67.28
19.0,24.37,60.68
31.0,33.89,65.73
31.0,24.2,67.04
25.0,32.71,41.63
4.0,34.98,12.48
18.0,20.03,45.69
7.0,23.11,93.77
27.0,27.83,44.05
33.0,23.75,59.28
14.0,32.13,65.02
32.0,22.19,48.04
28.0,30.42,47.79
7.0,28.81,62.87
10.0,31.07,49.19
4.0,34.86,45.83
1.0,51.33,44.91
8.0,55.11,85.82
28.0,29.17,40.92
8.0,48.12,44.22
8.0,58.45560000000002,64.89
33.0,21.2,45.69
5.0,30.64,57.17
4.0,33.9,58.09
15.0,28.92,41.61
6.0,56.58,46.86
9.0,29.45,12.19
2.0,32.99,68.09
19.0,9.78,55.51
4.0,21.17,47.36
35.0,24.67,52.98
10.0,25.31,45.29
26.0,9.4,92.26
3.0,30.77,49.78
11.0,33.86,57.51
26.0,51.6,64.28
8.0,30.98,44.0
13.0,20.1,86.45
28.0,26.3,61.2
22.0,32.38,87.17
23.0,58.45560000000002,52.76
22.0,51.87,52.7
10.0,21.8,47.91
1.0,20.54,66.95
16.0,21.07,56.5
30.0,25.32,64.75
7.0,22.26,54.86
18.0,54.47,61.31
22.0,28.27,92.83
1.0,24.07,48.17
27.0,30.03,67.21
17.0,32.94,51.38
19.0,45.11,47.57
30.0,32.47,17.19
7.0,23.77,47.7
26.0,7.44,44.81
15.0,22.6,46.12
32.0,7.66,65.65
17.0,50.8,43.49
6.0,22.36,89.95
22.0,20.12,42.26
15.0,23.54,13.86
15.0,22.69,53.25
15.0,21.7,63.29
13.0,30.21,67.84
12.0,33.85,57.27
23.0,48.61,40.72
2.0,7.17,63.23
27.0,48.19,63.04
35.0,20.23,48.3
2.0,49.32,46.21
1.0,50.76,42.37
18.0,27.48,43.92
25.0,30.44,68.7
19.0,25.72,54.35
15.0,27.96,43.46
21.0,26.77,48.59
28.0,32.65,46.03
30.0,46.43,43.12
19.0,31.04,68.65
20.0,34.64,44.68
17.0,24.06,58.07
15.0,23.11,60.31
10.0,31.04,40.94
24.0,23.3,68.0
8.0,5.53,41.75
24.0,27.63,55.53
18.0,31.39,62.62
17.0,26.2,40.26
32.0,26.26,57.53
12.0,20.22,50.96
34.0,31.34,48.84
9.0,53.68,85.16
19.0,23.27,48.74
27.0,30.19,59.25
8.0,34.3,14.63
14.0,26.47,61.65
27.0,54.63,54.02
23.0,29.45,61.74
15.0,22.2,55.62
31.0,33.59,48.07
25.0,30.25,47.44
20.0,6.66,68.66
3.0,22.38,51.81
28.0,34.11,54.76
35.0,20.17,53.53
1.0,49.75,59.61
15.0,58.45560000000002,18.35
33.0,28.81,53.15
31.0,49.57,90.21
2.0,29.8,67.12
11.0,24.08,93.68
18.0,23.26,57.07
29.0,33.75,66.55
21.0,20.13,51.31
20.0,48.14,65.06
13.0,33.41,61.77
25.0,21.21,69.75
20.0,34.26,44.33
5.0,47.82,65.9
13.0,22.29,65.1
28.0,29.4,61.93
3.0,20.83,67.19
18.0,20.61,41.14
23.0,26.59,47.79
35.0,23.93,53.06
9.0,26.08,44.87
23.0,32.97,47.73
9.0,20.43,40.28
12.0,33.8,42.01
21.0,28.85,87.94
10.0,47.23,52.48
26.0,26.91,61.67
18.0,26.77,54.03
35.0,34.52,65.21
17.0,55.76,63.29
30.0,30.74,47.5
17.0,27.63,91.36
17.0,23.16,11.14
11.0,8.47,42.43
1.0,20.76,19.54
34.0,26.91,40.65
32.0,24.79,45.4
5.0,54.56,58.41
1.0,21.97,19.97
19.0,6.06,58.39
22.0,29.85,49.87
4.0,30.51,93.94
4.0,31.19,91.45
29.0,31.16,66.63
19.0,33.16,15.78
19.0,26.34,94.03
9.0,32.41,90.79
7.0,32.05,87.22
1.0,33.43,11.14
1.0,30.9,48.74
4.0,29.21,40.47
7.0,47.71,64.8
13.0,45.5,44.45
3.0,21.73,42.88
26.0,25.78,91.45
8.0,9.93,51.95
17.0,27.3,67.5
1.0,26.17,52.72
18.0,34.82,57.98
7.0,24.0,67.96
5.0,30.3,52.74
12.0,29.51,62.29
23.0,30.51,61.96
21.0,29.02,56.15
30.0,48.64,62.13
30.0,34.4,60.59
35.0,47.64,61.98
30.0,21.68,44.01
8.0,32.48,16.5
8.0,6.23,43.52
15.0,27.53,60.1
28.0,20.22,66.94
8.0,56.08,57.34
5.0,32.39,54.08
28.0,25.9,50.18
25.0,34.07,43.89
16.0,21.49,63.4
18.0,27.92,66.79
3.0,47.69,51.52
5.0,45.09,47.96
20.0,34.18,13.84
9.0,20.57,53.74
29.0,27.83,43.7
33.0,27.94,67.92
2.0,23.1,45.2
16.0,29.19,86.67
4.0,33.66,56.12
25.0,20.05,51.61
34.0,25.05,94.03
32.0,33.38,12.34
15.0,33.61,57.7
8.0,27.97,42.41
16.0,7.15,55.77
34.0,30.52,54.81
30.0,28.67,16.22
6.0,34.25,88.09
13.0,21.17,65.93
21.0,45.66,16.45
30.0,49.15,43.25
27.0,32.5,63.05
32.0,33.5,91.05
18.0,22.45,48.01
26.0,33.1,55.41
4.0,6.83,68.22
18.0,23.82,41.37
12.0,23.48,57.26
4.0,27.43,62.21
20.0,7.9,45.38
35.0,20.23,43.86
10.0,22.1,64.04
29.0,28.9,42.65
35.0,31.65,15.58
10.0,33.12,65.84
30.0,55.47,50.27
20.0,6.44,61.51
16.0,24.3,53.77
5.0,25.02,61.01
8.0,21.63,45.73
22.0,49.72,52.27
30.0,33.4,58.4
20.0,27.89,60.14
11.0,33.52,45.73
8.0,34.96,50.01
26.0,22.95,66.25
34.0,58.45560000000002,56.62
33.0,6.09,53.47
9.0,20.31,57.57
21.0,20.34,46.09
7.0,30.81,48.07
9.0,33.66,60.24
28.0,33.99,65.5
28.0,22.38,55.19
7.0,51.13,61.21
10.0,22.67,58.06
28.0,24.05,51.08
9.0,7.74,46.36
9.0,9.8,46.3
29.0,32.76,15.57
30.0,26.32,69.71
15.0,26.27,61.85
6.0,28.12,61.17
5.0,50.54,17.11
31.0,22.05,89.37
1.0,33.69,46.83
23.0,9.08,53.07
10.0,7.73,85.07
16.0,30.97,50.76
9.0,30.77,11.14
8.0,6.5,60.51
26.0,20.55,41.84
4.0,57.08,45.35
15.0,26.39,54.03
12.0,25.33,51.3
3.0,27.28,11.52
20.0,29.7,46.1
7.0,23.92,60.24
23.0,31.55,40.57
8.0,33.88,88.95
1.0,22.94,48.42
25.0,23.52,40.12
23.0,58.45560000000002,59.38
33.0,32.76,62.81
11.0,20.97,59.26
14.0,27.07,55.89
33.0,23.24,12.52
31.0,33.16,59.97
8.0,22.51,46.8
26.0,29.04,61.59
13.0,20.06,51.24
25.0,21.1,60.77
6.0,22.31,49.89
35.0,33.25,53.91
26.0,56.16,11.31
4.0,25.96,12.07
31.0,29.18,65.38
16.0,27.87,48.67
4.0,32.38,45.3
14.0,22.79,66.9
6.0,30.24,68.76
6.0,29.32,53.23
3.0,20.4,64.69
12.0,31.75,62.81
25.0,24.35,94.03
29.0,24.51,69.86
5.0,30.19,54.1
17.0,28.12,55.73
23.0,29.91,93.76
30.0,30.54,55.4
7.0,6.07,60.83
22.0,21.9,69.53
8.0,21.54,46.79
31.0,57.38,43.97
35.0,31.11,68.32
31.0,21.84,60.42
1.0,6.38,47.14
34.0,26.33,66.92
17.0,28.7,86.15
8.0,22.89,85.3
2.0,25.73,53.65
9.0,30.94,53.14
17.0,20.92,44.71
13.0,29.55,85.21
29.0,21.78,62.42
33.0,23.35,51.64
2.0,30.8,46.69
18.0,20.11,41.32
19.0,20.45,50.54
4.0,20.93,49.38
34.0,21.69,56.15
7.0,29.85,62.3
7.0,28.99,86.22
9.0,33.27,68.44
12.0,7.14,68.16
34.0,55.02,55.58
7.0,33.88,52.83
11.0,29.29,43.94
18.0,29.87,54.05
16.0,8.15,17.62
17.0,34.64,63.77
9.0,31.32,47.09
32.0,20.65,11.14
34.0,33.24,52.93
27.0,34.39,57.67
11.0,25.39,42.87
14.0,5.8,57.44
11.0,21.37,52.26
19.0,30.95,66.52
23.0,23.4,91.99
24.0,20.29,92.18
15.0,31.72,48.05
30.0,21.6,52.97
7.0,26.19,17.11
14.0,22.85,42.83
10.0,9.8,48.04
34.0,48.02,93.09
2.0,30.87,14.97
31.0,33.8,50.73
17.0,28.57,51.97
22.0,6.26,87.58
11.0,20.99,60.49
34.0,33.82,52.09
3.0,51.2,45.47
6.0,34.34,66.83
2.0,25.89,59.18
28.0,30.25,55.55
35.0,30.23,41.39
4.0,51.92,50.42
23.0,23.73,46.88
21.0,58.45560000000002,48.45
10.0,24.24,62.76
19.0,32.65,17.85
3.0,31.93,52.32
30.0,32.19,85.35
30.0,7.1,64.43
7.0,21.21,14.52
12.0,21.06,49.25
17.0,22.9,60.0
3.0,33.11,64.72
30.0,27.41,65.34
15.0,28.44,91.7
20.0,29.04,41.93
24.0,49.47,55.37
23.0,28.05,65.35
16.0,29.67,56.39
14.0,31.7,42.76
35.0,31.86,43.46
11.0,34.27,53.98
26.0,21.37,58.83
15.0,31.11,47.02
9.0,8.91,11.56
20.0,29.96,13.06
16.0,20.89,41.82
23.0,22.47,57.55
11.0,31.82,40.17
27.0,33.15,58.59
23.0,21.7,44.31
16.0,6.7,57.34
3.0,30.29,63.36
8.0,25.36,14.61
2.0,5.53,85.93
15.0,29.24,51.41
21.0,33.98,55.0
31.0,6.21,58.11
16.0,28.14,55.03
2.0,21.64,89.52
7.0,25.71,50.36
31.0,25.72,44.24
26.0,33.27,60.52
1.0,9.15,16.6
12.0,53.82,40.77
14.0,29.91,40.57
3.0,6.24,53.55
14.0,5.53,64.06
12.0,29.13,48.18
21.0,22.03,52.09
18.0,27.43,17.1
29.0,5.53,42.08
26.0,26.26,57.53
29.0,5.58,65.24
23.0,54.91,12.3
21.0,34.51,19.85
18.0,33.32,65.38
5.0,20.36,92.44
30.0,25.5,45.15
21.0,28.48,86.28
5.0,26.19,42.22
5.0,30.92,91.63
27.0,26.81,12.08
22.0,28.32,62.55
28.0,54.95,47.24
1.0,21.74,11.14
26.0,28.32,12.4
9.0,22.87,52.41
31.0,5.67,69.17
35.0,24.06,63.44
16.0,21.86,92.18
14.0,23.62,68.76
12.0,34.32,85.63
10.0,20.85,50.96
19.0,24.46,57.02
27.0,25.16,48.55
7.0,30.74,51.85
22.0,46.56,68.85
30.0,25.16,55.11
11.0,27.16,64.22
13.0,34.02,55.98
34.0,29.39,54.72
2.0,30.6,45.02
6.0,26.15,64.21
7.0,6.21,56.81
34.0,32.86,52.09
1.0,32.6,59.07
7.0,5.53,44.67
18.0,29.8,55.21
15.0,34.6,91.06
25.0,56.49,12.78
3.0,22.49,85.31
11.0,25.02,43.31
21.0,30.01,57.27
30.0,32.87,45.47
5.0,30.95,45.58
19.0,28.27,89.7
6.0,24.62,59.27
22.0,26.99,56.21
17.0,52.8,12.48
7.0,30.88,17.59
24.0,20.86,52.3
11.0,34.23,49.12
22.0,32.11,52.19
14.0,57.87,43.19
15.0,28.58,47.04
4.0,30.56,59.19
27.0,29.15,45.34
8.0,31.59,49.87
22.0,34.04,68.1
15.0,28.53,89.78
9.0,26.83,48.83
12.0,26.19,43.02
9.0,26.41,57.94
25.0,25.89,55.1
15.0,27.76,52.91
19.0,7.66,60.33
29.0,26.39,55.95
26.0,27.09,45.6
9.0,24.97,65.15
5.0,29.31,61.76
27.0,28.36,63.51
33.0,34.0,63.38
27.0,6.9,52.31
18.0,20.19,43.64
23.0,29.67,64.31
29.0,25.79,44.24
32.0,31.37,68.18
31.0,32.69,68.99
9.0,29.75,60.81
6.0,27.43,60.57
21.0,24.71,44.18
13.0,23.81,60.47
33.0,53.15,42.91
14.0,34.46,64.53
21.0,30.55,48.13
17.0,27.67,53.93
18.0,30.01,40.55
24.0,45.91,57.43
35.0,33.18,42.42
16.0,26.44,66.49
27.0,29.09,65.3
11.0,51.48,61.01
6.0,24.47,16.36
2.0,28.82,62.82
32.0,22.13,63.79
35.0,29.59,92.22
6.0,33.44,40.32
33.0,31.03,85.52
15.0,22.38,56.2
14.0,30.09,67.0
23.0,20.92,49.56
3.0,27.29,19.78
17.0,26.84,63.99
13.0,22.93,19.0
33.0,32.48,86.71
16.0,27.96,13.18
23.0,22.71,54.75
25.0,34.69,57.71
26.0,52.88,87.08
30.0,21.03,42.34
18.0,6.13,65.95
1.0,26.93,85.03
2.0,24.57,63.67
7.0,27.95,92.39
26.0,28.83,16.65
5.0,23.86,88.85
29.0,33.11,61.7
7.0,29.52,57.27
7.0,21.56,15.4
20.0,5.53,43.19
28.0,31.99,63.39
9.0,46.33,44.92
21.0,21.86,43.55
18.0,31.38,56.17
16.0,31.59,94.02
19.0,8.49,50.68
34.0,27.94,43.58
33.0,27.78,85.23
21.0,47.72,40.68
34.0,31.06,44.29
22.0,6.79,57.24
5.0,24.95,54.61
5.0,22.14,65.73
11.0,23.43,93.06
5.0,5.53,42.22
20.0,54.55,44.47
29.0,54.75,40.61
35.0,31.76,57.12
25.0,22.72,43.0
20.0,46.05,42.12
3.0,23.59,19.85
9.0,7.08,46.73
20.0,25.54,42.79
17.0,20.25,92.87
9.0,34.5,17.2
4.0,25.06,60.28
10.0,21.97,53.31
8.0,27.18,49.7
16.0,32.01,90.45
29.0,47.41,67.88
28.0,28.47,19.59
26.0,5.53,61.78
17.0,26.24,53.93
1.0,21.08,52.1
11.0,55.98,48.79
8.0,26.24,56.95
16.0,22.18,44.52
10.0,33.27,44.57
3.0,24.58,62.5
7.0,9.88,89.88
35.0,9.48,65.54
25.0,25.4,40.8
3.0,26.64,46.64
8.0,22.76,56.73
10.0,58.45560000000002,58.86
23.0,34.46,58.2
11.0,29.86,44.3
33.0,28.98,12.95
25.0,31.76,49.56
6.0,8.42,89.13
2.0,33.24,65.6
5.0,23.67,43.25
5.0,21.45,44.27
19.0,50.36,43.44
21.0,24.44,60.1
5.0,31.44,51.5
9.0,27.38,50.25
34.0,29.11,62.57
24.0,27.81,65.69
28.0,31.91,61.75
15.0,32.12,43.95
12.0,34.74,92.05
13.0,33.85,58.78
7.0,29.85,86.8
12.0,25.67,59.08
17.0,21.94,64.36
19.0,20.89,64.1
16.0,25.71,58.77
31.0,20.94,64.06
2.0,21.74,51.69
20.0,24.24,60.02
9.0,30.97,68.7
26.0,32.77,42.03
29.0,25.01,40.09
33.0,32.98,41.87
23.0,55.86,46.6
5.0,26.18,48.17
3.0,7.32,65.51
34.0,34.45,52.86
31.0,24.32,51.61
31.0,22.33,66.5
20.0,31.77,59.49
24.0,31.06,42.11
16.0,50.6,54.76
17.0,29.44,58.52
25.0,22.87,48.23
9.0,27.75,57.7
13.0,34.12,62.91
11.0,29.56,11.14
8.0,33.16,49.54
33.0,32.84,43.03
29.0,25.18,59.04
31.0,24.7,15.59
5.0,29.09,42.27
26.0,34.94,49.38
22.0,9.84,41.65
2.0,23.67,66.23
23.0,46.07,61.38
14.0,27.25,49.55
10.0,27.64,69.74
15.0,31.04,55.98
15.0,7.13,43.24
19.0,24.69,43.74
16.0,28.27,54.48
7.0,27.15,89.62
29.0,22.15,44.07
18.0,23.72,87.73
13.0,22.02,60.59
31.0,30.78,41.73
30.0,46.41,42.63
22.0,23.54,54.91
1.0,32.47,52.44
32.0,26.03,41.52
21.0,6.02,18.12
23.0,20.58,86.79
23.0,23.96,65.03
1.0,53.54,42.09
33.0,25.45,41.32
21.0,28.82,48.61
3.0,6.95,51.44
23.0,32.62,52.85
29.0,5.53,61.94
12.0,25.54,55.83
11.0,26.22,58.42
28.0,20.88,64.17
29.0,26.5,62.78
35.0,24.59,16.44
28.0,22.89,63.52
7.0,21.06,67.07
6.0,23.71,43.26
22.0,27.57,50.75
12.0,29.91,48.52
17.0,48.22,58.23
23.0,33.86,65.9
27.0,24.13,54.29
30.0,23.21,68.88
22.0,54.58,63.99
9.0,31.99,63.91
27.0,22.54,42.51
23.0,58.19,11.57
3.0,48.45,45.68
16.0,25.16,57.83
24.0,34.47,58.14
34.0,26.75,90.15
7.0,31.33,89.72
1.0,32.06,47.55
31.0,27.62,17.94
1.0,24.35,63.4
20.0,30.28,65.47
7.0,22.4,68.41
15.0,29.41,46.88
7.0,30.18,49.19
13.0,21.36,61.87
22.0,21.16,14.94
25.0,32.29,48.83
20.0,58.45560000000002,48.53
2.0,28.76,52.46
17.0,50.22,88.94
16.0,22.71,62.9
7.0,23.97,16.65
33.0,34.58,51.12
4.0,34.8,42.88
26.0,27.1,69.46
8.0,30.21,54.87
27.0,22.25,48.19
13.0,56.2,41.28
8.0,26.02,61.36
20.0,29.86,45.11
35.0,30.76,65.13
2.0,34.57,61.39
23.0,9.95,92.77
2.0,32.78,43.19
35.0,51.88,42.41
15.0,31.02,41.29
22.0,29.96,86.75
29.0,26.01,64.42
17.0,21.15,59.65
28.0,58.45560000000002,55.94
31.0,7.68,63.87
25.0,32.96,55.2
7.0,23.79,53.77
27.0,23.1,49.28
7.0,8.72,43.34
27.0,6.97,94.03
20.0,46.21,42.07
10.0,33.69,46.04
4.0,28.77,41.83
17.0,47.13,40.81
18.0,22.03,13.9
13.0,29.44,63.85
30.0,30.88,56.18
4.0,33.08,49.95
3.0,32.23,62.17
8.0,23.1,63.29
22.0,22.55,11.14
28.0,6.53,61.41
34.0,20.25,67.78
31.0,31.83,94.03
24.0,33.23,62.37
6.0,27.79,44.1
29.0,34.43,68.15
17.0,26.7,61.05
1.0,22.94,60.34
9.0,30.98,92.37
16.0,30.47,61.8
24.0,32.0,47.23
2.0,24.2,50.44
26.0,33.1,14.12
30.0,32.67,69.43
28.0,24.36,40.33
28.0,26.78,51.31
26.0,46.08,55.72
7.0,8.46,40.75
31.0,21.64,48.49
5.0,24.11,65.86
35.0,21.12,68.35
7.0,33.34,14.2
34.0,5.53,13.97
20.0,27.39,51.38
1.0,22.56,66.32
3.0,32.93,67.01
4.0,26.86,64.54
35.0,32.38,46.1
25.0,51.4,89.46
14.0,25.67,64.94
10.0,34.81,68.69
17.0,29.54,62.25
17.0,8.8,42.0
9.0,45.08,56.34
14.0,30.24,48.59
23.0,23.17,53.56
27.0,20.26,40.97
35.0,24.91,56.88
5.0,33.18,52.0
32.0,8.33,65.6
14.0,34.37,90.6
29.0,25.77,59.01
29.0,23.05,93.19
13.0,22.79,18.44
9.0,25.48,51.67
14.0,7.34,43.56
10.0,20.04,59.11
33.0,34.0,52.24
15.0,31.93,60.1
35.0,31.55,44.46
21.0,5.58,42.7
31.0,23.99,55.98
16.0,34.87,51.55
14.0,31.2,91.8
29.0,27.47,94.03
8.0,22.24,49.93
11.0,24.44,58.34
25.0,57.5,94.0
10.0,57.95,65.16
29.0,31.63,12.8
28.0,27.25,69.62
31.0,33.99,59.85
25.0,27.31,13.21
28.0,28.95,61.39
31.0,25.38,65.01
18.0,34.7,93.06
8.0,23.45,40.75
26.0,31.77,62.35
10.0,20.34,69.62
1.0,33.98,40.14
13.0,31.5,50.88
14.0,23.17,53.72
33.0,23.28,49.1
3.0,21.39,65.55
17.0,22.38,86.95
26.0,28.54,44.59
20.0,57.47,55.07
14.0,50.54,52.5
35.0,24.89,59.09
14.0,28.59,52.52
23.0,31.68,43.23
10.0,24.33,69.08
26.0,31.46,48.45
1.0,30.33,40.58
13.0,21.32,67.67
10.0,6.0,51.53
34.0,25.81,41.92
21.0,24.75,53.64
11.0,33.88,59.91
8.0,22.91,68.4
25.0,31.13,64.9
8.0,31.05,66.03
6.0,32.84,40.71
13.0,22.67,47.99
20.0,28.72,56.55
12.0,31.59,63.39
6.0,5.53,52.51
25.0,23.23,92.74
22.0,8.44,65.55
2.0,26.19,42.07
1.0,25.0,48.89
19.0,7.33,52.72
26.0,25.7,41.42
21.0,23.25,65.28
23.0,23.99,50.34
21.0,22.54,66.44
16.0,58.45560000000002,19.84
7.0,29.8,58.63
23.0,20.43,49.33
1.0,6.59,43.41
15.0,25.55,59.79
7.0,22.95,65.2
11.0,29.97,59.35
8.0,24.24,56.14
19.0,27.86,47.73
17.0,34.07,47.35
16.0,23.62,40.58
13.0,27.99,49.37
24.0,51.21,58.4
23.0,20.6,65.68
10.0,7.36,69.59
31.0,33.19,60.43
1.0,32.49,62.98
23.0,28.83,58.1
4.0,23.47,43.24
18.0,8.83,49.31
26.0,55.6,52.55
28.0,21.03,60.89
30.0,26.64,11.35
8.0,20.59,68.58
35.0,22.46,52.3
28.0,21.23,19.54
5.0,47.74,50.95
31.0,6.9,69.26
33.0,33.09,70.0
1.0,34.15,46.57
7.0,27.29,57.29
9.0,25.79,46.68
3.0,27.51,90.61
24.0,24.0,11.82
21.0,20.08,58.89
16.0,31.51,47.58
4.0,27.29,19.31
33.0,22.39,44.1
10.0,24.8,18.45
1.0,22.52,48.65
15.0,29.98,85.06
14.0,23.48,60.49
2.0,23.31,68.82
4.0,30.41,57.67
22.0,34.61,87.76
30.0,49.98,47.5
22.0,30.17,51.68
8.0,26.24,94.03
30.0,25.75,68.45
35.0,30.22,49.81
4.0,33.11,56.21
8.0,23.71,47.2
19.0,28.99,43.73
10.0,23.16,46.17
18.0,25.09,86.22
2.0,31.22,11.14
12.0,23.14,60.84
1.0,20.72,41.1
35.0,25.05,48.4
8.0,32.6,61.82
30.0,53.71,85.32
35.0,25.47,46.19
25.0,23.24,52.33
31.0,31.67,41.45
23.0,29.48,46.19
12.0,22.67,56.45
1.0,28.72,68.32
20.0,57.22,62.57
9.0,6.17,53.86
9.0,23.52,41.07
2.0,31.26,60.88
17.0,31.85,62.41
20.0,28.97,46.24
2.0,21.63,11.79
35.0,24.98,40.63
29.0,24.04,18.14
3.0,26.55,48.59
14.0,7.84,55.65
14.0,25.44,17.18
5.0,29.51,90.49
2.0,32.55,92.92
26.0,25.19,43.04
13.0,21.24,56.06
26.0,23.2,47.32
17.0,32.08,18.93
8.0,27.94,52.26
18.0,27.29,45.28
20.0,8.59,11.14
6.0,25.17,15.33
5.0,22.71,43.83
29.0,9.12,51.47
34.0,24.12,61.96
28.0,28.9,43.6
3.0,26.05,49.51
31.0,28.22,43.77
18.0,21.16,93.86
15.0,28.22,66.2
30.0,6.64,46.6
23.0,33.51,68.11
28.0,30.31,65.11
4.0,25.14,53.86
26.0,46.23,67.02
24.0,30.47,41.61
28.0,31.68,90.5
33.0,32.48,67.89
6.0,22.02,57.12
23.0,57.96,45.6
6.0,23.94,66.2
24.0,32.07,87.64
17.0,27.87,40.24
10.0,31.57,57.99
2.0,24.1,86.71
22.0,29.27,68.29
31.0,34.9,68.36
6.0,31.9,48.46
18.0,21.42,50.21
16.0,20.93,63.78
19.0,30.29,49.06
4.0,29.57,63.07
23.0,26.7,60.92
17.0,26.53,59.58
32.0,34.63,68.3
10.0,26.26,46.24
17.0,24.96,56.32
2.0,9.29,52.0
8.0,24.3,16.48
6.0,23.89,69.79
23.0,32.6,60.8
22.0,5.61,56.67
30.0,33.78,60.7
1.0,28.08,50.65
11.0,9.08,68.91
26.0,9.72,42.57
24.0,50.39,41.35
24.0,27.59,59.01
2.0,30.04,91.52
14.0,22.84,66.77
17.0,23.71,54.35
35.0,5.53,18.48
31.0,30.24,64.19
33.0,32.91,64.63
6.0,27.93,63.13
22.0,29.09,66.77
12.0,33.06,42.55
17.0,24.4,47.48
29.0,26.32,89.23
14.0,30.19,64.52
25.0,27.39,13.22
9.0,32.12,55.22
30.0,6.05,60.5
1.0,32.25,40.86
14.0,34.17,94.03
28.0,23.12,45.19
27.0,30.89,56.48
9.0,28.84,67.11
19.0,26.4,46.88
24.0,24.64,49.3
35.0,49.56,88.79
19.0,21.52,58.05
17.0,27.79,16.66
13.0,5.53,11.14
24.0,33.35,56.37
27.0,9.68,59.81
22.0,7.62,85.84
10.0,24.3,50.37
29.0,27.33,68.52
3.0,22.77,55.86
30.0,7.07,93.6
35.0,25.79,63.37
23.0,24.5,19.03
13.0,58.45560000000002,61.82
9.0,31.1,53.36
4.0,31.88,94.03
1.0,23.39,61.82
1.0,25.15,56.43
3.0,28.14,54.51
20.0,47.18,40.16
35.0,34.22,48.24
35.0,7.89,56.23
35.0,32.82,90.21
17.0,32.96,41.46
26.0,7.16,47.89
15.0,31.42,89.25
21.0,28.51,45.18
4.0,33.81,54.64
20.0,25.46,60.01
26.0,24.62,66.01
28.0,24.12,49.8
5.0,30.33,61.68
12.0,52.68,42.91
3.0,26.83,41.01
12.0,21.25,15.05
5.0,21.96,52.55
29.0,32.64,59.58
29.0,26.96,88.32
15.0,5.53,54.26
19.0,20.05,45.13
29.0,30.34,46.13
23.0,49.36,68.63
17.0,28.14,56.03
16.0,20.13,42.93
34.0,29.99,86.09
29.0,55.32,67.89
15.0,8.0,56.38
9.0,28.02,94.03
10.0,22.11,18.27
16.0,34.51,87.02
9.0,20.79,42.34
16.0,32.43,63.81
3.0,31.54,68.8
14.0,25.54,48.54
34.0,29.41,44.75
20.0,24.67,64.38
17.0,52.06,67.43
28.0,54.78,53.22
20.0,27.06,57.7
31.0,22.61,46.29
32.0,26.0,15.22
13.0,24.03,52.48
16.0,22.84,93.51
29.0,21.03,60.51
28.0,30.57,48.48
14.0,20.34,51.56
29.0,22.9,62.48
22.0,33.3,48.68
24.0,28.79,89.96
11.0,25.6,59.08
15.0,26.06,52.2
32.0,25.33,64.04
18.0,32.24,91.21
22.0,26.85,11.27
35.0,29.74,40.36
24.0,34.05,12.69
15.0,30.16,56.54
7.0,21.38,64.73
34.0,33.66,41.15
31.0,34.11,49.21
25.0,25.64,18.53
21.0,24.89,43.57
15.0,32.3,60.95
15.0,28.46,18.98
20.0,30.9,19.97
31.0,34.58,43.6
10.0,20.04,67.3
24.0,23.44,48.24
19.0,32.24,93.04
18.0,20.4,52.24
32.0,20.33,67.69
28.0,7.73,53.38
19.0,22.77,12.4
13.0,21.72,90.56
3.0,21.52,66.57
29.0,24.35,49.08
33.0,31.49,59.62
30.0,27.97,40.08
31.0,28.81,55.97
15.0,6.67,91.12
12.0,33.71,59.31
29.0,27.87,11.14
29.0,28.09,63.9
15.0,34.16,57.97
21.0,21.95,40.17
28.0,26.92,93.81
24.0,23.41,40.25
33.0,24.24,65.2
12.0,28.66,65.14
1.0,22.49,57.38
20.0,34.8,45.83
9.0,27.45,58.26
7.0,32.31,69.46
12.0,27.01,49.63
24.0,53.78,55.75
1.0,27.32,62.9
21.0,24.2,53.46
10.0,47.18,55.25
6.0,24.22,86.85
8.0,6.62,47.09
4.0,31.36,61.61
29.0,20.71,11.14
21.0,29.68,58.32
35.0,25.23,58.72
10.0,28.23,62.21
27.0,28.64,57.36
16.0,29.25,41.25
35.0,8.53,52.87
16.0,34.69,66.87
19.0,33.29,51.54
31.0,28.53,88.14
23.0,32.35,55.03
10.0,33.25,41.66
13.0,33.72,17.48
28.0,34.82,52.97
28.0,25.61,59.01
22.0,26.46,15.25
30.0,29.53,54.16
24.0,33.86,61.99
30.0,22.69,48.26
28.0,24.47,57.09
30.0,28.95,41.77
9.0,28.34,61.1
9.0,20.81,41.68
11.0,26.99,65.65
24.0,34.2,51.35
6.0,49.86,52.92
19.0,23.73,13.17
11.0,25.15,86.89
4.0,29.0,87.04
9.0,20.82,64.03
29.0,21.73,53.79
3.0,24.09,54.51
22.0,5.62,16.77
17.0,25.01,59.49
27.0,22.8,40.98
17.0,25.58,60.33
21.0,55.67,54.0
24.0,34.49,89.27
28.0,23.41,47.11
29.0,29.34,55.24
23.0,31.99,41.21
17.0,26.78,67.15
7.0,30.11,46.78
17.0,32.69,48.02
7.0,46.48,15.38
34.0,26.83,59.79
19.0,29.63,88.29
16.0,22.74,16.85
27.0,46.93,46.9
31.0,28.28,87.28
32.0,6.47,44.62
9.0,25.61,13.39
1.0,33.19,49.41
29.0,33.2,52.33
27.0,21.77,47.63
8.0,29.47,44.95
2.0,25.2,52.17
15.0,24.85,43.02
32.0,22.63,68.66
18.0,20.73,52.3
15.0,53.97,60.9
16.0,34.75,18.34
25.0,23.97,67.44
28.0,23.32,68.89
6.0,21.2,64.87
4.0,34.84,48.0
21.0,23.11,40.03
19.0,20.62,63.66
22.0,21.69,68.29
19.0,8.84,48.43
4.0,6.0,51.3
9.0,20.31,53.81
20.0,25.26,55.66
20.0,26.99,86.97
21.0,20.9,44.45
25.0,29.66,55.32
9.0,25.47,93.46
31.0,46.5,56.83
1.0,24.06,44.3
26.0,9.58,66.02
4.0,31.85,69.69
24.0,32.47,60.95
33.0,31.85,59.71
8.0,30.92,49.4
35.0,29.4,65.24
20.0,27.41,61.29
28.0,29.61,47.3
7.0,28.24,44.63
5.0,20.31,48.22
16.0,29.21,63.05
19.0,29.04,69.38
22.0,24.02,41.52
19.0,21.77,14.25
15.0,20.08,18.83
6.0,28.14,12.61
24.0,34.49,46.9
30.0,5.53,62.77
34.0,6.2,54.76
7.0,8.93,44.74
25.0,6.77,49.19
14.0,55.65,92.08
16.0,32.61,64.09
18.0,33.59,43.49
15.0,25.63,46.8
14.0,20.26,48.77
29.0,25.59,46.36
4.0,25.76,44.64
35.0,32.76,69.47
10.0,23.18,61.16
16.0,20.3,43.45
17.0,22.27,67.96
33.0,30.46,52.06
22.0,58.31,87.17
17.0,27.02,47.45
29.0,23.86,47.15
10.0,30.16,85.81
25.0,29.95,55.06
19.0,26.66,88.97
25.0,9.19,85.88
14.0,34.14,57.12
21.0,9.44,68.88
1.0,27.26,44.62
8.0,30.52,12.52
15.0,52.38,45.26
22.0,31.38,44.14
35.0,21.71,52.72
31.0,30.88,16.5
20.0,34.93,48.8
17.0,26.52,56.35
8.0,24.07,57.34
34.0,31.29,48.56
2.0,30.21,56.06
25.0,50.88,43.71
12.0,23.77,45.54
4.0,5.64,57.34
2.0,31.24,50.11
5.0,24.96,51.38
15.0,20.21,17.43
7.0,49.57,65.53
11.0,28.64,54.37
16.0,52.55,47.67
27.0,49.15,53.83
1.0,30.63,44.38
13.0,32.72,40.17
5.0,29.81,45.54
3.0,22.08,56.58
11.0,58.45560000000002,64.23
3.0,9.67,11.39
2.0,25.61,44.8
18.0,58.45560000000002,67.65
26.0,58.45560000000002,18.41
22.0,31.54,41.6
4.0,26.13,64.54
33.0,29.38,68.21
12.0,21.08,64.41
23.0,31.65,51.53
14.0,30.58,68.77
22.0,5.53,55.53
27.0,26.78,85.71
33.0,7.73,88.2
2.0,26.07,40.91
6.0,26.61,13.45
34.0,22.15,59.04
3.0,33.82,58.11
5.0,26.86,69.59
28.0,6.29,50.69
35.0,32.99,48.49
8.0,23.21,41.91
11.0,20.17,42.93
24.0,23.12,50.14
11.0,32.77,54.47
5.0,28.1,63.72
26.0,20.97,50.45
13.0,9.1,43.82
7.0,28.27,15.99
10.0,29.75,59.49
18.0,24.54,43.27
33.0,7.71,40.57
28.0,28.9,51.29
23.0,22.7,86.19
34.0,24.85,57.32
20.0,52.52,55.14
11.0,8.14,61.38
19.0,8.65,19.05
6.0,29.74,55.79
20.0,24.04,61.62
26.0,28.0,61.63
25.0,29.64,56.87
16.0,28.87,67.01
3.0,25.18,64.35
31.0,28.17,47.33
14.0,21.1,86.65
29.0,32.36,58.9
30.0,28.34,54.5
29.0,23.42,68.5
27.0,27.8,48.56
31.0,30.19,12.63
10.0,27.19,94.03
4.0,29.58,41.43
16.0,26.85,60.0
29.0,28.03,47.36
27.0,31.85,57.51
34.0,7.94,52.12
33.0,29.87,63.01
27.0,24.34,68.9
7.0,27.56,92.07
31.0,27.04,59.08
19.0,21.91,50.39
19.0,24.82,51.58
6.0,32.88,15.92
35.0,23.73,45.72
30.0,25.89,88.26
9.0,7.05,41.11
12.0,23.46,12.77
8.0,31.19,54.82
4.0,24.22,13.25
33.0,29.49,43.28
1.0,7.55,59.41
18.0,30.89,45.2
35.0,7.39,55.5
10.0,32.08,92.22
32.0,23.41,11.14
23.0,22.83,54.66
30.0,26.52,61.18
34.0,22.36,49.33
25.0,58.45560000000002,43.69
10.0,29.02,19.22
3.0,29.37,65.67
11.0,30.33,51.79
20.0,24.94,61.42
33.0,20.34,47.48
12.0,28.78,57.19
6.0,25.27,67.45
2.0,26.66,85.78
30.0,22.52,44.45
16.0,32.76,61.01
17.0,6.99,51.95
13.0,34.44,50.72
8.0,20.57,11.14
27.0,9.67,48.85
9.0,33.97,55.92
2.0,20.32,43.25
6.0,29.27,62.49
12.0,27.68,69.42
34.0,8.19,66.97
18.0,10.0,41.07
22.0,29.72,55.47
3.0,7.73,56.81
34.0,31.75,58.94
3.0,27.61,68.94
32.0,9.66,63.6
30.0,29.9,42.42
2.0,24.57,46.91
14.0,32.07,45.58
22.0,25.44,63.72
11.0,25.87,44.34
7.0,33.15,43.3
26.0,20.19,55.1
25.0,22.26,17.09
25.0,33.25,64.06
24.0,6.28,40.51
27.0,24.44,50.35
34.0,51.37,40.94
23.0,32.95,62.28
23.0,58.45560000000002,63.11
26.0,33.54,53.02
2.0,23.04,64.6
28.0,26.71,44.76
17.0,23.49,85.28
8.0,33.13,65.25
12.0,23.33,42.96
12.0,23.05,57.29
20.0,21.53,46.96
28.0,26.88,46.56
4.0,34.22,40.31
2.0,21.17,64.6
8.0,24.62,19.93
11.0,29.5,59.61
15.0,7.32,68.7
26.0,22.05,50.94
33.0,33.47,41.37
9.0,29.73,59.03
7.0,20.27,94.03
24.0,27.18,46.33
14.0,27.9,47.49
32.0,20.3,11.14
20.0,26.65,88.65
10.0,20.53,53.42
15.0,32.02,85.52
6.0,58.45560000000002,13.76
1.0,33.88,40.29
1.0,55.25,46.78
32.0,29.92,16.53
17.0,25.92,51.49
9.0,9.54,88.34
25.0,49.99,48.15
33.0,25.32,51.77
7.0,32.81,43.51
13.0,23.06,40.46
5.0,22.52,49.39
7.0,33.33,46.02
29.0,23.83,19.79
14.0,22.23,50.36
23.0,22.83,55.24
8.0,24.98,94.03
25.0,22.54,48.25
16.0,32.74,17.49
13.0,26.77,93.59
20.0,23.41,88.45
24.0,8.09,90.89
31.0,30.26,43.74
15.0,31.74,62.43
31.0,23.39,66.53
10.0,31.25,53.82
16.0,9.98,56.85
34.0,24.31,48.99
28.0,33.9,46.06
18.0,34.53,64.5
18.0,26.61,51.8
22.0,34.11,53.88
29.0,6.34,55.65
9.0,20.17,63.99
1.0,29.4,44.38
16.0,32.29,49.76
7.0,33.91,59.46
19.0,23.54,45.02
28.0,33.69,64.27
5.0,28.97,60.14
35.0,49.49,55.37
5.0,21.86,40.96
19.0,28.5,58.3
7.0,34.56,47.94
34.0,8.81,56.1
19.0,28.91,41.96
17.0,26.45,41.53
33.0,33.4,42.91
26.0,27.45,14.06
8.0,26.72,64.39
12.0,20.27,64.91
19.0,27.03,58.2
21.0,29.26,54.23
19.0,20.06,47.19
13.0,32.96,64.99
10.0,32.69,61.48
31.0,49.2,68.38
19.0,24.16,48.31
34.0,33.23,69.63
7.0,8.77,50.73
31.0,23.13,61.17
18.0,30.46,45.43
4.0,55.26,47.68
27.0,30.23,42.0
35.0,56.68,65.2
21.0,34.05,51.11
4.0,58.45560000000002,62.5
34.0,34.97,64.84
23.0,20.38,68.55
33.0,46.8,16.78
35.0,26.5,87.1
35.0,29.83,61.73
16.0,22.77,44.31
30.0,27.07,66.28
19.0,27.95,58.99
4.0,20.86,40.85
31.0,24.91,65.45
23.0,34.15,64.25
26.0,6.99,60.4
30.0,23.48,86.86
34.0,29.47,51.48
24.0,30.61,49.85
33.0,33.78,45.67
15.0,32.74,44.6
5.0,25.85,15.15
28.0,23.22,62.69
18.0,28.18,41.21
19.0,29.19,51.09
7.0,8.57,58.74
12.0,26.13,87.3
32.0,55.88,55.34
27.0,30.92,43.09
30.0,29.55,41.06
23.0,34.85,65.78
34.0,30.63,62.8
20.0,25.42,53.53
18.0,34.56,48.7
13.0,23.39,41.33
26.0,27.78,57.49
35.0,24.73,42.9
1.0,25.65,51.17
18.0,34.79,53.73
30.0,55.87,93.71
19.0,25.75,55.24
3.0,32.63,60.86
2.0,33.61,40.91
24.0,8.85,47.6
4.0,29.7,66.04
3.0,26.41,63.63
4.0,32.63,86.8
18.0,33.19,60.54
33.0,5.53,67.9
26.0,28.07,13.48
14.0,20.1,59.74
3.0,20.35,66.62
22.0,30.75,67.35
13.0,29.21,66.02
29.0,28.11,40.37
7.0,29.5,42.77
21.0,24.53,68.99
6.0,29.98,58.54
24.0,34.1,19.5
16.0,26.06,49.59
14.0,25.91,43.1
2.0,31.43,42.31
26.0,30.11,65.17
9.0,20.13,86.59
35.0,48.21,63.38
4.0,32.1,40.5
33.0,20.63,67.14
4.0,8.98,53.75
32.0,28.62,46.36
33.0,29.11,69.38
27.0,20.8,14.55
9.0,32.97,91.95
9.0,29.86,58.9
24.0,24.55,61.56
16.0,28.24,12.89
21.0,20.61,67.12
14.0,20.42,47.43
14.0,29.79,54.3
2.0,34.59,56.88
8.0,31.81,68.03
8.0,26.3,61.61
19.0,34.65,55.0
35.0,20.66,16.96
32.0,58.45560000000002,58.02
32.0,21.38,57.28
5.0,20.69,56.5
11.0,26.02,42.09
17.0,29.61,58.87
5.0,32.43,65.83
15.0,28.46,41.1
10.0,28.62,53.1
33.0,30.35,50.29
9.0,26.24,59.15
13.0,25.52,48.43
29.0,24.04,61.36
33.0,32.54,65.51
27.0,29.77,86.59
26.0,29.58,63.23
30.0,23.16,62.1
33.0,33.75,52.92
30.0,27.98,85.15
35.0,33.43,45.5
7.0,26.46,62.96
3.0,23.43,69.81
15.0,30.53,45.28
33.0,23.7,86.33
8.0,21.31,48.86
8.0,26.53,64.01
15.0,21.35,11.16
27.0,8.4,11.14
24.0,9.55,17.62
4.0,45.75,42.1
5.0,30.5,51.07
3.0,9.45,54.95
9.0,50.85,12.24
22.0,56.74,43.79
32.0,27.12,48.44
24.0,34.17,41.29
26.0,29.71,62.75
1.0,27.21,91.07
8.0,32.93,51.29
28.0,21.85,40.93
30.0,34.5,19.42
34.0,6.19,68.93
19.0,20.96,13.72
33.0,20.72,66.81
31.0,20.7,51.0
11.0,32.21,50.27
29.0,28.56,52.7
35.0,30.17,45.91
22.0,26.43,42.27
31.0,33.71,56.08
16.0,31.95,58.33
8.0,20.56,57.41
13.0,22.25,63.18
7.0,30.61,42.14
31.0,25.08,61.02
15.0,29.33,50.11
12.0,57.64,52.14
2.0,26.05,57.31
16.0,32.24,47.65
23.0,20.37,16.94
17.0,21.52,43.73
33.0,28.82,57.94
33.0,28.75,92.3
12.0,22.95,45.37
4.0,29.51,65.19
6.0,33.66,89.62
30.0,25.98,65.67
29.0,34.96,60.89
11.0,34.77,92.56
5.0,32.41,54.06
12.0,21.08,65.14
28.0,32.96,92.62
23.0,5.53,41.62
24.0,21.82,48.13
8.0,49.31,56.33
26.0,6.01,51.79
25.0,28.49,59.64
17.0,22.08,87.71
7.0,33.84,50.33
31.0,24.96,17.74
17.0,30.37,56.77
30.0,30.6,56.37
5.0,20.42,57.34
6.0,31.88,69.94
5.0,29.51,88.58
6.0,21.02,53.07
20.0,33.14,49.4
4.0,32.72,46.31
27.0,46.51,57.27
14.0,28.35,62.09
9.0,48.77,18.19
22.0,28.06,46.12
10.0,26.91,58.3
33.0,53.65,48.28
12.0,31.72,58.63
4.0,27.98,57.84
4.0,51.4,40.26
21.0,28.76,52.58
32.0,22.76,42.81
19.0,32.92,67.88
26.0,29.13,47.89
13.0,34.54,53.82
29.0,28.69,66.48
16.0,8.09,64.29
8.0,22.25,13.53
3.0,24.11,67.7
15.0,21.39,54.58
13.0,53.67,51.77
16.0,32.67,65.92
31.0,21.23,45.17
24.0,21.41,67.64
9.0,27.99,94.03
34.0,46.2,51.69
21.0,30.64,46.18
33.0,29.59,65.75
3.0,20.8,19.97
9.0,6.34,43.95
1.0,22.42,43.99
15.0,21.65,45.24
25.0,33.44,59.64
1.0,20.1,50.34
23.0,30.96,57.26
33.0,54.34,55.26
25.0,24.79,65.2
8.0,20.13,41.64
20.0,24.73,64.32
14.0,28.53,64.61
26.0,8.56,13.81
24.0,52.71,59.65
10.0,28.43,57.15
20.0,33.19,50.19
35.0,21.02,47.07
28.0,5.53,45.79
21.0,33.95,14.25
26.0,26.6,68.28
20.0,27.83,61.85
34.0,26.96,43.07
13.0,32.17,86.12
33.0,27.44,50.81
12.0,27.22,49.27
23.0,32.22,47.04
7.0,25.59,45.14
35.0,29.05,52.8
14.0,31.54,45.02
12.0,25.44,62.28
33.0,27.39,58.56
23.0,34.23,54.59
5.0,51.51,69.86
11.0,20.68,52.59
9.0,33.45,85.71
30.0,55.43,44.32
3.0,6.89,53.34
30.0,24.12,56.56
17.0,32.51,61.52
7.0,29.71,53.88
27.0,33.42,54.61
4.0,21.49,65.78
18.0,21.82,67.48
6.0,48.8,60.19
31.0,22.38,67.5
29.0,25.47,54.89
23.0,9.06,88.51
8.0,22.25,44.11
20.0,8.16,94.03
17.0,33.72,63.63
33.0,25.55,60.54
26.0,33.74,40.11
23.0,32.75,56.91
34.0,6.16,50.72
14.0,24.97,40.68
4.0,28.69,40.66
21.0,8.33,15.59
17.0,52.17,69.47
2.0,49.01,40.05
20.0,28.48,69.54
13.0,9.68,52.77
18.0,34.43,47.01
1.0,33.63,56.49
34.0,27.27,42.07
32.0,34.27,60.11
28.0,32.35,69.6
8.0,23.29,66.4
10.0,6.86,57.88
5.0,5.83,42.08
26.0,31.49,44.96
22.0,30.16,42.11
28.0,30.59,47.42
24.0,24.39,56.96
12.0,49.16,90.5
5.0,25.55,60.92
22.0,24.27,18.72
25.0,8.49,58.55
24.0,21.12,61.39
19.0,24.21,59.78
3.0,9.49,64.29
28.0,5.69,65.99
30.0,8.97,12.24
12.0,28.1,93.93
26.0,5.59,87.68
35.0,22.49,63.46
15.0,30.02,90.38
20.0,9.74,55.82
11.0,21.32,58.81
29.0,22.72,46.35
16.0,33.05,60.13
34.0,32.04,61.12
4.0,9.65,57.65
28.0,33.81,94.03
18.0,50.62,46.69
11.0,25.45,51.95
3.0,26.82,66.9
6.0,26.58,66.31
4.0,34.55,93.67
6.0,28.07,57.41
2.0,29.43,86.33
12.0,26.95,41.2
16.0,26.71,46.1
8.0,6.26,54.03
1.0,9.8,12.04
29.0,8.73,63.99
18.0,29.41,12.72
35.0,28.27,14.67
14.0,20.44,48.3
5.0,32.45,63.91
31.0,24.57,44.19
4.0,31.34,52.51
14.0,29.08,53.83
2.0,28.11,92.91
16.0,31.5,50.14
15.0,27.62,68.38
17.0,32.15,60.91
13.0,8.0,68.54
26.0,21.09,66.5
24.0,34.57,43.41
18.0,6.92,59.56
1.0,30.32,67.93
22.0,31.85,57.3
34.0,25.49,59.87
21.0,28.23,59.1
25.0,31.26,54.37
30.0,34.9,88.08
4.0,33.36,41.64
6.0,26.91,50.41
9.0,23.48,58.12
23.0,34.12,43.59
9.0,30.62,40.15
19.0,30.49,61.46
32.0,6.07,45.2
30.0,31.43,43.52
23.0,24.81,19.62
7.0,32.05,15.59
26.0,29.32,93.7
18.0,26.18,53.51
5.0,26.21,51.09
30.0,25.51,40.21
32.0,20.19,49.7
17.0,30.84,12.26
28.0,32.37,48.72
13.0,32.9,49.79
27.0,23.98,42.26
1.0,22.64,12.59
3.0,22.63,50.71
26.0,24.24,42.44
21.0,23.82,60.22
21.0,27.99,46.36
19.0,27.75,93.24
29.0,28.54,11.96
15.0,29.38,69.09
25.0,21.54,88.22
13.0,29.27,87.13
15.0,34.63,12.4
24.0,26.2,60.04
15.0,34.21,58.69
20.0,21.19,55.53
3.0,25.23,58.4
10.0,23.77,45.25
25.0,26.71,57.16
4.0,6.65,16.8
6.0,31.43,42.95
2.0,31.67,52.24
9.0,23.34,52.43
29.0,33.31,65.64
16.0,23.59,19.46
2.0,21.52,48.72
30.0,8.68,60.92
10.0,30.41,51.57
23.0,32.24,56.85
25.0,28.67,62.36
34.0,34.57,91.31
21.0,32.3,16.71
31.0,24.39,44.95
11.0,26.45,18.85
12.0,23.76,57.32
25.0,25.63,67.84
16.0,34.24,58.54
7.0,54.71,68.69
13.0,28.66,15.5
18.0,20.81,66.37
30.0,21.49,86.56
35.0,28.64,88.71
5.0,45.77,45.92
35.0,27.83,40.39
8.0,25.35,45.44
25.0,28.58,41.93
26.0,24.94,55.1
30.0,23.94,43.31
34.0,28.79,64.26
29.0,48.87,66.21
4.0,22.35,66.53
35.0,25.59,43.53
17.0,21.74,90.53
1.0,30.28,58.95
8.0,30.68,65.24
24.0,53.39,57.32
7.0,24.11,17.26
4.0,20.28,57.75
11.0,34.57,87.39
13.0,22.53,40.95
26.0,58.45560000000002,65.57
8.0,31.93,53.71
1.0,28.12,40.26
17.0,50.51,13.86
4.0,34.21,45.15
4.0,20.59,12.32
11.0,31.46,42.26
24.0,9.22,92.57
16.0,29.2,40.45
13.0,30.17,44.54
1.0,56.12,18.12
23.0,20.04,56.86
30.0,25.29,46.84
1.0,33.27,58.76
8.0,20.91,89.92
14.0,32.99,61.63
13.0,21.4,60.51
12.0,32.36,47.46
22.0,32.35,57.51
14.0,46.21,44.02
12.0,22.41,56.97
25.0,28.84,69.9
33.0,23.32,13.05
23.0,27.28,51.19
20.0,33.63,55.22
29.0,27.08,68.93
21.0,24.6,68.5
23.0,32.82,67.78
17.0,21.71,55.29
26.0,29.34,53.92
18.0,23.98,55.53
2.0,22.56,61.87
24.0,21.39,66.84
22.0,29.79,52.63
20.0,30.27,17.5
28.0,34.3,49.4
21.0,23.81,59.51
7.0,23.95,47.36
9.0,26.56,57.88
14.0,33.55,59.21
23.0,20.18,57.76
14.0,27.21,19.68
2.0,30.58,65.59
3.0,31.13,55.36
7.0,23.37,45.97
28.0,27.93,61.79
17.0,30.75,40.28
20.0,25.67,48.57
23.0,22.58,49.34
29.0,30.57,19.65
18.0,9.57,67.14
1.0,32.15,42.24
16.0,28.53,48.8
29.0,24.41,56.3
16.0,23.34,55.15
29.0,32.27,40.21
1.0,32.08,62.45
23.0,7.28,50.83
7.0,21.41,92.44
1.0,24.1,60.59
13.0,27.52,46.66
22.0,33.2,11.14
25.0,32.38,44.14
5.0,32.44,52.02
27.0,33.36,44.57
23.0,32.26,69.8
12.0,21.72,68.8
20.0,22.22,44.13
21.0,50.76,52.91
14.0,22.95,40.81
12.0,52.93,16.63
13.0,28.52,56.92
25.0,29.05,56.24
20.0,21.24,92.39
4.0,29.63,50.93
2.0,9.06,49.88
1.0,30.11,55.84
34.0,7.51,63.45
25.0,32.91,86.26
4.0,29.1,67.59
6.0,31.92,94.03
13.0,22.46,51.25
29.0,34.0,65.85
32.0,33.88,60.16
20.0,20.18,41.46
15.0,27.83,68.03
15.0,22.36,19.07
14.0,23.18,62.53
7.0,28.79,53.57
16.0,27.15,14.09
27.0,23.5,64.17
7.0,54.61,62.11
26.0,29.16,67.71
31.0,30.34,42.21
31.0,27.19,58.3
7.0,30.89,64.86
28.0,21.28,47.33
22.0,22.29,57.46
25.0,9.63,59.77
19.0,21.51,69.62
12.0,8.45,62.17
18.0,30.3,43.55
25.0,24.67,57.36
13.0,9.8,43.52
16.0,33.21,52.17
32.0,21.58,69.53
34.0,33.28,46.73
21.0,27.76,56.37
22.0,26.34,68.61
5.0,29.71,57.32
14.0,29.68,44.96
30.0,6.95,49.95
7.0,9.33,43.63
9.0,28.72,42.36
22.0,28.19,19.91
29.0,31.4,45.5
9.0,6.23,50.81
27.0,25.62,55.09
5.0,33.2,17.53
12.0,34.01,61.78
25.0,46.48,15.59
30.0,7.12,44.91
25.0,48.09,59.34
10.0,30.51,45.24
9.0,24.45,92.68
28.0,58.37,64.28
14.0,28.46,93.0
17.0,9.47,45.63
21.0,21.86,48.91
29.0,32.57,52.68
3.0,27.36,50.5
1.0,58.45560000000002,17.04
26.0,8.56,47.65
12.0,32.39,46.92
12.0,9.8,89.46
34.0,31.39,50.68
35.0,31.22,65.85
28.0,31.14,45.82
20.0,20.81,54.12
10.0,22.1,41.44
20.0,24.82,67.63
20.0,9.18,62.17
29.0,23.75,61.97
35.0,33.13,13.62
31.0,33.29,50.81
18.0,7.0,45.06
18.0,20.1,14.35
33.0,26.05,42.28
27.0,34.39,52.93
13.0,9.96,50.65
23.0,22.58,44.67
23.0,58.45560000000002,54.74
32.0,25.74,63.21
20.0,21.53,61.96
25.0,20.05,43.21
30.0,32.94,47.21
4.0,29.12,60.81
4.0,9.81,14.96
10.0,30.44,59.57
11.0,21.43,58.09
10.0,45.84,63.59
33.0,9.88,15.79
33.0,49.52,65.84
12.0,33.69,58.12
26.0,25.8,46.6
17.0,28.95,63.88
2.0,6.75,85.95
10.0,28.26,16.87
23.0,28.22,54.88
11.0,34.0,53.55
23.0,7.98,15.72
18.0,27.91,57.46
9.0,27.89,61.75
24.0,24.58,17.9
23.0,24.05,85.97
21.0,22.43,62.84
33.0,24.24,45.82
25.0,27.92,56.8
34.0,47.26,94.03
16.0,23.73,42.02
10.0,28.35,66.05
26.0,30.02,55.7
2.0,57.1,18.92
7.0,20.95,53.32
9.0,5.97,85.08
22.0,20.57,17.07
11.0,24.21,13.1
18.0,31.62,55.15
12.0,58.45560000000002,60.93
12.0,24.83,87.96
8.0,25.28,93.55
11.0,34.45,57.18
20.0,29.04,16.28
14.0,20.74,91.87
32.0,7.05,53.75
17.0,22.77,90.88
17.0,24.84,63.43
28.0,34.41,60.43
7.0,28.75,87.61
17.0,29.57,62.63
19.0,51.98,64.95
28.0,34.94,65.31
20.0,34.53,93.79
32.0,33.2,68.31
24.0,27.72,63.44
35.0,53.96,40.91
32.0,21.3,89.61
31.0,53.79,52.39
18.0,31.88,64.14
27.0,25.46,48.67
11.0,31.83,41.46
15.0,51.62,40.12
19.0,21.61,64.15
26.0,26.92,67.17
29.0,26.49,49.71
35.0,34.99,59.14
30.0,31.0,88.2
23.0,27.72,67.66
17.0,6.67,46.35
10.0,33.7,40.06
29.0,24.38,55.09
29.0,7.31,43.07
2.0,29.92,18.23
32.0,33.77,92.08
24.0,21.25,59.13
27.0,22.45,40.57
8.0,21.68,67.44
27.0,28.72,44.64
4.0,26.96,57.51
35.0,53.94,65.12
28.0,26.56,66.0
17.0,29.65,57.46
17.0,29.88,47.11
2.0,29.77,19.06
14.0,29.42,48.05
28.0,28.21,42.59
23.0,28.02,64.42
24.0,5.56,61.18
22.0,26.56,65.6
20.0,34.42,67.69
35.0,34.01,52.58
12.0,34.84,57.59
31.0,20.52,42.65
16.0,49.06,64.64
30.0,31.89,60.87
20.0,23.83,52.31
3.0,27.42,94.03
11.0,26.26,69.07
19.0,31.33,14.37
20.0,31.27,60.75
12.0,30.53,55.75
23.0,27.82,52.87
17.0,24.74,41.81
6.0,34.66,88.6
22.0,7.64,47.77
5.0,6.95,89.18
28.0,21.55,59.07
2.0,50.18,91.51
1.0,8.86,68.48
5.0,28.23,51.31
4.0,33.48,55.54
1.0,28.27,53.75
1.0,28.08,61.46
9.0,54.66,93.17
15.0,25.77,67.65
10.0,33.56,60.17
29.0,34.38,46.17
2.0,34.03,89.01
5.0,30.04,56.95
18.0,22.78,57.76
26.0,31.69,53.08
16.0,24.03,86.01
13.0,50.4,43.86
25.0,30.79,52.12
4.0,27.57,41.0
21.0,22.3,68.46
30.0,21.5,63.58
12.0,26.38,64.99
26.0,32.89,46.37
17.0,32.49,41.89
7.0,23.51,16.1
28.0,34.06,57.81
28.0,27.94,47.87
7.0,30.97,60.2
10.0,29.2,47.18
19.0,30.29,56.75
26.0,21.49,60.35
8.0,31.64,90.16
4.0,26.48,63.72
17.0,29.52,67.13
4.0,31.59,60.92
6.0,6.98,64.74
33.0,57.31,62.69
2.0,32.12,52.46
34.0,55.85,45.73
17.0,28.44,44.6
31.0,5.53,57.04
25.0,34.26,53.41
35.0,9.99,52.6
26.0,30.0,42.52
17.0,27.37,12.03
24.0,20.72,43.6
29.0,32.49,90.44
21.0,23.74,87.83
13.0,30.58,52.98
5.0,25.77,44.17
14.0,27.04,44.34
14.0,45.74,55.76
15.0,29.13,63.1
18.0,22.25,52.93
27.0,23.17,62.32
23.0,23.89,68.33
24.0,27.45,62.01
25.0,27.38,55.2
28.0,31.59,42.49
5.0,22.61,63.26
32.0,32.81,68.6
20.0,24.28,68.77
24.0,21.33,89.97
17.0,34.47,68.8
30.0,23.71,41.81
28.0,28.35,64.87
10.0,22.35,44.42
23.0,8.23,53.84
30.0,32.05,90.1
21.0,33.93,69.03
6.0,51.89,45.5
34.0,22.56,53.37
29.0,55.33,63.0
14.0,29.67,44.56
6.0,26.26,11.51
15.0,25.55,57.81
16.0,25.78,40.77
18.0,28.02,55.66
11.0,25.56,60.78
13.0,57.59,68.47
14.0,34.47,59.22
19.0,31.5,59.3
18.0,27.77,14.76
30.0,7.1,47.85
30.0,26.08,66.9
3.0,24.24,16.03
18.0,28.7,47.47
28.0,48.76,17.65
21.0,21.26,44.96
17.0,28.99,88.21
10.0,50.33,45.76
25.0,8.19,68.43
29.0,26.76,68.77
21.0,33.11,51.94
9.0,22.36,44.55
20.0,28.86,48.81
23.0,7.11,66.5
31.0,32.49,61.3
3.0,26.48,40.66
15.0,30.01,49.35
8.0,22.05,67.4
9.0,24.11,42.37
15.0,28.42,41.14
2.0,27.28,40.73
28.0,27.1,68.73
33.0,30.38,94.03
20.0,58.45560000000002,91.36
17.0,30.04,45.02
35.0,34.6,44.57
31.0,25.86,60.62
28.0,28.17,41.55
31.0,27.95,44.64
9.0,50.35,44.51
20.0,27.04,54.94
28.0,9.26,46.05
29.0,20.33,47.07
13.0,32.57,41.58
32.0,27.54,11.14
15.0,25.52,56.58
22.0,26.32,16.56
7.0,34.62,53.49
3.0,26.56,11.73
28.0,25.77,13.43
19.0,33.64,17.54
21.0,31.94,68.3
28.0,33.86,65.23
20.0,48.26,53.82
3.0,31.61,62.59
33.0,22.33,56.46
14.0,20.63,67.9
9.0,22.47,40.49
9.0,47.07,49.57
20.0,20.61,14.8
16.0,58.45560000000002,17.59
17.0,27.42,44.26
28.0,21.5,41.68
3.0,27.63,14.59
4.0,58.45560000000002,65.83
24.0,9.94,43.46
19.0,23.92,42.65
19.0,22.13,12.35
3.0,25.9,43.87
2.0,23.16,92.38
31.0,7.15,63.99
21.0,28.1,45.03
23.0,9.32,66.62
8.0,20.54,91.25
16.0,32.47,89.95
21.0,25.82,63.72
2.0,20.03,49.69
35.0,24.42,41.7
29.0,20.17,56.86
21.0,22.5,53.76
30.0,33.83,17.43
2.0,24.77,45.07
30.0,51.58,62.61
29.0,28.01,13.97
6.0,27.44,54.1
29.0,32.32,42.9
15.0,27.79,55.2
35.0,28.69,14.62
34.0,23.85,41.47
26.0,22.07,67.8
16.0,24.34,41.51
29.0,49.48,88.06
24.0,51.31,65.48
1.0,21.47,55.32
10.0,29.02,61.2
34.0,21.58,17.14
17.0,9.17,19.99
6.0,27.35,15.77
5.0,24.02,62.19
29.0,20.89,88.9
19.0,58.45560000000002,46.17
24.0,24.29,51.57
1.0,53.4,69.49
34.0,25.15,41.2
24.0,32.01,11.14
7.0,32.59,12.19
33.0,33.76,67.6
22.0,29.45,65.01
12.0,21.06,12.26
13.0,34.74,11.14
19.0,28.7,41.24
33.0,34.48,15.48
17.0,30.32,45.38
31.0,6.57,43.72
13.0,24.41,45.79
13.0,27.49,87.22
27.0,24.62,44.28
24.0,28.5,16.01
35.0,29.78,15.09
33.0,7.43,69.19
34.0,8.66,40.7
15.0,56.46,85.88
17.0,31.46,46.12
10.0,34.92,68.72
14.0,27.35,40.02
19.0,25.41,47.57
14.0,26.57,54.79
32.0,32.57,18.18
34.0,22.24,66.03
32.0,23.52,69.44
24.0,23.7,68.93
19.0,33.44,49.14
29.0,26.84,18.85
26.0,34.03,14.92
19.0,54.64,12.42
23.0,45.16,59.3
7.0,20.6,64.77
5.0,20.73,68.47
15.0,31.58,65.11
5.0,30.89,11.93
4.0,48.99,53.9
12.0,24.7,19.7
5.0,9.73,61.67
22.0,27.22,58.35
13.0,26.77,16.24
29.0,34.23,60.47
25.0,23.52,56.72
17.0,31.36,89.92
25.0,27.41,41.4
28.0,28.24,56.83
18.0,31.16,61.31
1.0,21.79,68.13
3.0,22.06,17.8
7.0,53.16,44.07
13.0,7.24,66.11
19.0,58.39,42.6
21.0,33.29,48.2
10.0,25.85,55.37
35.0,22.68,55.46
14.0,31.07,50.06
9.0,28.35,53.33
30.0,25.23,90.09
2.0,53.85,48.33
12.0,33.52,61.31
35.0,28.21,49.82
20.0,32.41,52.22
26.0,20.4,57.14
23.0,26.89,67.01
12.0,22.38,42.22
16.0,32.45,50.16
1.0,34.61,51.12
9.0,28.02,92.75
26.0,22.08,44.58
11.0,57.2,46.94
24.0,8.34,53.96
4.0,25.41,47.69
22.0,8.51,60.16
25.0,9.66,90.05
13.0,9.52,65.11
14.0,49.49,50.68
32.0,30.38,55.47
35.0,27.54,60.25
13.0,26.31,52.43
14.0,27.18,64.28
19.0,30.39,86.66
3.0,6.64,70.0
11.0,21.26,65.25
2.0,22.66,53.97
31.0,25.83,46.28
21.0,22.49,50.38
13.0,9.93,89.24
34.0,22.02,68.72
9.0,27.62,60.88
34.0,29.4,54.5
24.0,24.39,65.11
2.0,34.32,48.77
34.0,27.5,60.94
17.0,20.66,67.11
18.0,32.03,68.25
30.0,25.76,63.3
8.0,25.07,44.51
23.0,24.84,55.36
29.0,29.03,87.82
30.0,9.08,67.5
34.0,20.01,40.36
28.0,30.28,92.19
32.0,30.08,90.61
1.0,22.25,42.92
15.0,29.39,57.78
11.0,30.45,60.15
18.0,26.32,40.09
3.0,26.49,12.76
4.0,20.72,40.38
3.0,29.7,92.15
4.0,31.8,59.29
17.0,25.65,69.48
32.0,58.45560000000002,89.84
7.0,32.7,49.49
17.0,31.52,92.89
4.0,34.62,40.96
16.0,20.18,54.31
7.0,21.0,45.76
14.0,25.87,48.27
29.0,32.35,55.99
34.0,20.22,60.44
16.0,33.94,40.44
32.0,30.21,59.12
6.0,28.4,50.31
20.0,33.4,65.76
28.0,21.86,61.86
12.0,31.85,51.59
20.0,20.88,53.12
20.0,5.53,65.09
22.0,47.77,51.79
14.0,6.88,40.25
10.0,34.21,57.48
31.0,33.5,54.57
27.0,25.02,67.74
20.0,30.05,94.03
32.0,27.58,52.54
5.0,34.35,65.37
16.0,28.32,61.35
8.0,26.04,53.28
15.0,29.65,44.08
14.0,33.06,55.97
25.0,30.97,49.41
24.0,34.0,50.84
13.0,30.54,41.16
26.0,33.69,59.25
30.0,6.83,93.91
33.0,27.81,54.47
10.0,34.68,66.58
13.0,28.91,53.06
10.0,22.24,51.95
26.0,30.9,67.01
14.0,32.03,57.0
31.0,26.79,58.97
8.0,28.9,52.25
14.0,20.12,11.32
16.0,21.28,47.64
34.0,56.04,62.27
19.0,20.86,88.57
21.0,30.12,41.49
31.0,9.82,56.44
11.0,25.18,54.62
9.0,23.06,69.14
20.0,6.86,42.21
5.0,30.2,59.26
5.0,48.88,51.1
6.0,30.12,64.64
9.0,47.32,49.32
30.0,21.6,44.76
9.0,56.42,49.3
16.0,48.27,64.8
9.0,30.36,54.67
23.0,23.12,57.78
29.0,53.14,65.38
34.0,25.74,67.91
23.0,47.91,49.78
21.0,30.32,55.86
8.0,31.99,52.01
12.0,32.37,87.03
21.0,22.56,85.72
5.0,23.88,43.29
34.0,24.76,46.11
1.0,20.61,59.58
6.0,29.45,50.94
22.0,54.38,59.45
32.0,20.59,64.84
12.0,30.69,69.85
2.0,5.53,54.37
35.0,45.95,86.98
6.0,29.53,69.11
34.0,25.96,14.37
17.0,31.1,11.63
19.0,29.58,59.61
3.0,30.0,57.6
26.0,26.49,43.15
30.0,20.07,43.41
25.0,26.81,66.52
5.0,31.69,45.37
22.0,30.92,61.56
2.0,26.17,55.84
24.0,27.12,68.75
3.0,5.9,17.46
23.0,29.9,52.36
15.0,7.09,65.26
34.0,28.9,69.47
33.0,34.94,50.87
35.0,49.18,49.87
13.0,47.6,55.11
29.0,23.62,56.26
15.0,25.11,49.11
27.0,27.39,51.86
20.0,7.09,62.26
3.0,32.49,64.25
11.0,27.59,42.09
28.0,29.91,17.4
30.0,30.63,44.88
20.0,22.77,54.5
27.0,21.19,55.03
14.0,34.29,14.53
12.0,32.82,93.47
34.0,9.76,46.08
30.0,5.53,13.59
28.0,26.99,49.43
29.0,9.37,46.75
23.0,21.89,45.43
10.0,21.03,52.82
8.0,24.34,46.45
7.0,29.53,43.12
1.0,20.37,40.57
11.0,9.09,66.65
24.0,32.62,91.4
13.0,33.93,50.7
9.0,21.31,40.25
32.0,21.04,42.03
20.0,21.7,58.12
26.0,28.52,49.65
11.0,20.45,52.6
1.0,28.67,86.08
29.0,25.75,50.58
19.0,8.68,44.24
8.0,26.63,45.89
29.0,6.17,67.28
19.0,30.65,62.78
1.0,47.19,89.03
22.0,33.74,89.54
9.0,28.71,55.1
6.0,31.33,19.04
13.0,21.98,51.54
16.0,34.93,68.33
28.0,22.35,45.97
29.0,21.19,11.37
20.0,30.76,61.35
13.0,32.43,14.8
31.0,22.51,58.94
33.0,21.99,57.26
9.0,6.2,43.56
17.0,25.41,16.21
9.0,21.27,66.78
10.0,20.46,43.33
19.0,32.51,92.21
12.0,24.53,51.26
30.0,29.28,94.03
28.0,56.27,55.87
27.0,28.69,18.79
30.0,24.75,85.66
9.0,29.5,62.4
19.0,32.6,48.83
1.0,5.53,54.63
8.0,29.57,48.38
23.0,27.03,45.54
32.0,7.23,16.91
13.0,32.7,51.96
8.0,5.53,68.62
24.0,34.7,88.91
21.0,24.4,65.34
19.0,20.09,50.43
22.0,23.2,45.92
5.0,58.45560000000002,11.27
30.0,29.85,64.95
28.0,34.49,14.24
8.0,20.55,54.86
5.0,27.59,89.15
24.0,33.22,46.32
29.0,31.83,86.91
11.0,9.23,88.44
35.0,28.15,61.38
11.0,27.44,53.22
23.0,56.83,69.34
25.0,34.05,62.08
35.0,6.41,47.46
18.0,26.65,54.14
11.0,24.02,50.38
9.0,6.51,41.67
29.0,27.89,56.69
31.0,23.96,40.26
4.0,21.85,63.97
35.0,24.7,68.66
1.0,28.66,53.67
32.0,30.68,45.05
13.0,32.77,47.13
9.0,24.81,61.89
35.0,29.62,51.17
9.0,30.31,52.02
21.0,23.91,87.23
2.0,30.35,11.14
14.0,27.52,64.76
19.0,47.53,64.53
32.0,22.74,50.73
8.0,32.58,40.36
18.0,22.12,56.01
23.0,24.25,55.41
26.0,25.74,46.12
17.0,21.64,46.18
11.0,5.9,63.09
26.0,46.49,56.01
34.0,20.43,61.01
8.0,45.37,43.6
6.0,50.13,56.95
29.0,31.56,91.66
20.0,26.81,62.83
27.0,27.17,55.17
15.0,32.18,45.7
27.0,33.91,66.81
15.0,9.84,94.03
31.0,31.34,53.15
5.0,28.25,15.0
4.0,46.35,57.34
4.0,25.72,54.46
31.0,29.02,13.05
23.0,33.75,66.3
19.0,5.95,60.46
30.0,28.11,57.31
23.0,34.23,16.98
10.0,52.27,41.18
34.0,28.25,68.16
6.0,30.59,87.58
28.0,30.01,88.69
32.0,33.17,93.9
18.0,7.79,62.08
5.0,30.81,62.85
14.0,48.66,63.19
19.0,30.71,41.42
6.0,8.44,69.85
28.0,50.92,49.81
23.0,9.77,48.45
21.0,33.29,46.59
13.0,34.34,17.57
15.0,34.52,51.18
26.0,31.35,65.62
31.0,27.89,65.52
3.0,34.47,58.56
14.0,6.45,45.18
26.0,24.37,67.18
3.0,21.48,60.77
28.0,8.74,41.11
26.0,20.21,54.45
2.0,21.47,64.94
26.0,9.94,58.3
13.0,34.06,46.93
3.0,25.77,56.57
33.0,32.95,87.15
15.0,26.8,67.89
20.0,7.83,49.73
16.0,23.18,53.25
29.0,30.97,45.75
2.0,32.19,68.66
32.0,24.45,48.77
30.0,33.82,54.18
35.0,22.9,55.93
13.0,24.0,11.82
24.0,21.55,52.71
30.0,20.48,49.73
22.0,27.67,62.46
1.0,25.48,57.65
32.0,30.53,11.48
22.0,26.79,18.07
21.0,23.56,69.78
18.0,48.93,94.03
32.0,20.95,63.27
25.0,34.39,52.42
1.0,26.17,67.05
16.0,52.39,91.48
34.0,29.64,55.71
19.0,24.99,64.59
25.0,22.22,40.23
2.0,22.03,63.58
31.0,47.83,61.43
19.0,33.84,51.12
19.0,25.39,66.68
20.0,34.48,11.14
6.0,25.76,59.6
5.0,33.43,61.92
18.0,25.6,65.75
32.0,22.93,43.7
11.0,23.93,49.24
26.0,56.47,65.1
1.0,22.43,47.8
21.0,28.27,61.55
7.0,6.36,61.52
6.0,52.45,43.31
21.0,25.74,49.85
18.0,31.29,46.09
6.0,25.24,59.24
21.0,34.71,69.39
30.0,50.25,44.2
26.0,31.59,14.42
1.0,21.85,59.19
32.0,58.45560000000002,46.14
9.0,31.72,86.95
11.0,24.79,89.32
18.0,25.88,49.13
12.0,6.7,62.78
18.0,20.71,16.46
1.0,20.4,45.62
1.0,29.71,59.25
33.0,32.6,18.86
16.0,24.99,66.92
21.0,28.0,88.61
33.0,27.37,58.88
28.0,58.45560000000002,41.23
28.0,8.06,92.62
30.0,29.93,65.95
33.0,34.81,44.27
20.0,29.2,42.54
24.0,33.53,57.47
5.0,27.64,69.0
17.0,6.28,52.25
9.0,34.52,47.0
13.0,56.62,46.93
2.0,21.81,41.66
26.0,34.05,49.61
26.0,24.06,44.22
22.0,34.43,11.14
9.0,32.58,63.61
6.0,29.95,62.58
18.0,21.28,57.53
32.0,27.87,54.4
35.0,30.74,57.23
6.0,34.49,53.61
11.0,58.45560000000002,47.52
9.0,25.34,13.84
26.0,24.5,45.8
19.0,31.82,90.07
3.0,28.88,45.2
10.0,26.3,60.35
27.0,25.51,43.94
33.0,27.43,51.56
33.0,31.73,56.03
34.0,33.17,43.82
23.0,22.73,52.43
12.0,8.46,56.48
31.0,46.92,40.56
26.0,21.37,63.29
10.0,6.38,44.67
27.0,20.25,58.8
21.0,34.81,61.73
10.0,28.99,45.97
4.0,31.53,69.93
22.0,45.88,50.82
29.0,34.54,63.49
24.0,22.19,11.14
33.0,56.93,87.19
21.0,7.92,53.28
22.0,32.88,43.46
14.0,23.49,42.01
22.0,29.75,64.6
28.0,29.35,67.03
3.0,32.48,41.41
18.0,28.55,58.06
20.0,31.81,89.88
28.0,22.45,50.1
11.0,51.78,56.54
30.0,21.84,47.52
22.0,28.6,65.39
8.0,34.39,60.15
27.0,20.38,59.35
27.0,21.18,44.91
22.0,21.44,60.45
12.0,33.93,45.07
23.0,9.43,89.34
3.0,23.09,56.64
19.0,22.53,55.77
27.0,29.21,51.87
16.0,52.54,63.92
19.0,25.98,19.93
15.0,34.94,49.6
30.0,31.9,88.23
4.0,29.92,51.16
18.0,29.44,56.43
12.0,34.96,58.81
12.0,30.83,17.88
20.0,8.23,61.68
34.0,33.3,51.36
31.0,27.61,41.85
13.0,30.08,51.63
30.0,6.67,50.84
22.0,34.33,47.65
28.0,29.55,16.26
22.0,46.67,69.99
32.0,33.33,12.24
21.0,25.78,53.15
19.0,26.9,56.16
31.0,20.75,57.49
6.0,22.92,93.71
27.0,47.31,11.14
7.0,28.74,58.17
12.0,27.98,54.65
31.0,23.21,40.32
32.0,22.41,46.97
19.0,33.56,60.95
26.0,20.81,63.54
33.0,24.62,63.98
20.0,23.0,46.4
13.0,33.21,50.65
2.0,27.01,19.39
12.0,27.96,56.82
6.0,5.53,55.76
27.0,34.08,16.73
21.0,58.45560000000002,55.59
18.0,28.38,43.04
29.0,58.45560000000002,57.91
4.0,49.87,45.0
15.0,23.97,53.83
18.0,27.38,58.41
32.0,26.93,13.29
29.0,33.02,11.14
22.0,20.15,65.46
34.0,28.45,49.64
18.0,20.74,61.47
7.0,22.07,57.73
26.0,33.76,47.4
9.0,55.94,40.78
3.0,23.21,44.61
29.0,9.79,16.98
17.0,34.1,51.61
32.0,29.24,53.8
33.0,34.39,19.28
22.0,58.45560000000002,64.07
27.0,34.45,93.45
24.0,55.04,16.39
35.0,22.16,14.86
7.0,27.36,50.33
13.0,20.82,61.67
3.0,48.24,88.24
32.0,32.38,63.13
13.0,32.34,86.93
14.0,27.33,92.51
29.0,33.06,51.4
23.0,26.7,53.58
16.0,28.35,65.97
22.0,25.84,60.74
32.0,5.82,65.37
31.0,30.51,59.78
35.0,25.62,66.38
30.0,51.82,57.37
29.0,27.79,56.57
6.0,24.23,49.05
2.0,24.93,56.95
6.0,22.52,52.42
19.0,29.78,45.02
26.0,33.0,85.09
10.0,32.2,49.67
26.0,9.68,43.61
1.0,28.46,62.41
23.0,27.19,54.92
33.0,24.11,68.75
11.0,58.45560000000002,56.2
15.0,30.66,61.77
21.0,33.61,67.14
22.0,7.87,41.65
14.0,52.61,69.28
1.0,7.0,48.59
24.0,26.18,68.81
7.0,6.56,89.54
33.0,32.93,50.35
5.0,8.96,62.89
20.0,23.95,44.01
7.0,20.55,11.93
23.0,30.71,43.23
1.0,24.5,51.16
34.0,8.25,60.2
16.0,27.86,59.31
25.0,23.7,52.46
6.0,33.34,58.62
34.0,25.39,65.32
26.0,27.58,50.62
30.0,21.65,13.59
10.0,25.65,41.1
1.0,25.69,54.33
7.0,22.65,47.8
14.0,26.34,52.17
19.0,20.01,64.47
13.0,27.43,94.03
1.0,29.75,60.58
7.0,33.45,51.52
1.0,58.45560000000002,61.17
25.0,22.01,94.03
14.0,7.52,55.75
21.0,9.47,64.02
19.0,30.04,63.76
10.0,22.4,46.89
23.0,21.54,88.79
14.0,30.5,41.07
4.0,20.25,64.79
27.0,33.36,65.04
21.0,21.81,11.14
27.0,6.1,54.86
26.0,24.29,50.49
3.0,52.7,44.33
21.0,28.41,53.21
17.0,31.06,60.61
3.0,21.09,17.28
13.0,32.29,45.6
9.0,33.43,40.57
29.0,27.83,59.24
25.0,23.54,57.16
17.0,5.72,40.91
33.0,57.36,61.66
3.0,25.77,88.46
22.0,20.37,50.21
9.0,23.42,47.08
26.0,20.2,64.27
11.0,34.32,90.73
25.0,20.47,53.04
25.0,33.39,46.75
21.0,23.7,67.6
12.0,50.22,69.58
26.0,27.29,50.43
28.0,53.47,66.58
13.0,22.55,94.03
1.0,25.64,48.8
15.0,30.01,93.37
26.0,33.88,66.81
20.0,34.68,44.21
14.0,9.41,12.01
7.0,28.1,64.33
9.0,26.95,57.95
13.0,30.46,49.68
34.0,46.04,62.9
8.0,51.99,12.35
11.0,9.55,49.68
26.0,25.28,40.46
7.0,33.41,56.65
31.0,25.38,13.85
27.0,49.53,43.28
10.0,20.95,66.45
31.0,26.03,54.53
32.0,28.42,40.28
29.0,30.46,46.91
14.0,5.53,68.19
17.0,7.94,49.57
18.0,26.52,66.18
4.0,48.75,45.65
13.0,22.45,53.86
25.0,32.38,50.86
4.0,20.9,44.91
17.0,20.55,13.0
21.0,34.46,65.28
5.0,30.94,65.75
27.0,29.26,60.07
17.0,31.3,53.74
7.0,29.82,49.21
20.0,34.18,50.02
32.0,29.58,52.66
18.0,31.32,16.06
19.0,23.36,58.98
5.0,8.14,88.26
31.0,5.56,67.07
16.0,31.77,64.74
2.0,32.38,66.4
9.0,27.92,45.86
7.0,57.73,89.9
26.0,22.64,60.59
1.0,34.14,42.43
31.0,32.54,68.74
7.0,34.22,64.04
25.0,26.02,54.69
32.0,29.54,57.4
30.0,34.22,69.9
35.0,20.41,55.74
34.0,25.04,85.43
1.0,5.53,58.18
28.0,25.67,52.29
7.0,23.15,55.16
33.0,30.19,44.5
22.0,29.24,42.77
2.0,32.88,44.01
19.0,32.07,93.26
7.0,23.65,58.74
24.0,25.0,90.55
14.0,24.06,65.98
27.0,28.61,19.02
13.0,27.99,54.77
12.0,22.53,65.43
27.0,34.24,47.03
25.0,27.88,52.7
7.0,33.13,50.01
11.0,28.42,53.42
14.0,24.13,13.42
7.0,22.31,65.23
8.0,8.5,50.58
29.0,45.36,59.51
14.0,30.47,48.87
7.0,30.89,55.86
15.0,30.66,42.49
32.0,55.48,59.48
13.0,23.59,13.17
35.0,45.44,69.32
10.0,30.04,49.97
13.0,23.16,65.23
24.0,23.42,47.15
4.0,54.24,69.03
28.0,26.59,61.93
16.0,30.83,65.15
9.0,22.0,64.72
35.0,21.54,11.58
25.0,34.0,65.89
30.0,32.86,51.5
14.0,31.87,55.68
10.0,33.49,62.36
17.0,7.43,63.09
11.0,29.18,94.03
27.0,24.51,54.87
13.0,48.61,62.28
18.0,29.5,60.08
5.0,29.36,52.26
9.0,30.49,12.85
31.0,48.45,41.79
4.0,20.03,48.4
21.0,20.11,68.3
24.0,26.44,45.52
23.0,27.59,41.46
9.0,26.14,57.42
31.0,31.33,55.54
21.0,25.86,85.28
32.0,30.62,55.26
15.0,28.68,69.56
14.0,46.58,53.86
31.0,32.95,68.81
18.0,24.98,53.58
30.0,29.15,46.86
28.0,32.56,67.64
3.0,30.22,86.14
1.0,9.7,55.86
7.0,24.43,50.2
29.0,50.92,51.62
27.0,23.14,64.48
32.0,24.11,54.19
35.0,9.92,50.05
31.0,23.02,66.6
13.0,47.05,60.46
6.0,33.44,89.77
12.0,20.48,49.58
1.0,26.85,47.51
31.0,28.66,41.78
23.0,26.29,56.38
2.0,21.9,61.98
4.0,29.71,61.86
5.0,34.66,53.15
15.0,31.94,59.89
20.0,9.14,86.31
35.0,7.47,68.22
21.0,20.91,93.22
26.0,31.04,11.14
26.0,27.85,65.01
27.0,33.09,59.46
5.0,57.87,61.51
27.0,6.48,68.02
9.0,21.57,54.1
11.0,34.13,50.13
9.0,27.48,41.62
6.0,33.29,47.03
3.0,31.08,68.1
12.0,32.97,59.1
34.0,29.8,53.0
15.0,28.07,66.59
2.0,23.04,40.22
17.0,7.03,85.92
26.0,29.03,50.79
34.0,29.27,18.83
31.0,30.25,46.94
1.0,31.49,47.61
8.0,7.73,85.29
34.0,31.93,67.67
21.0,52.85,87.14
4.0,25.34,43.02
31.0,21.27,89.22
32.0,34.61,56.39
6.0,28.17,68.96
33.0,21.31,86.97
9.0,26.38,40.48
29.0,32.61,11.39
18.0,24.35,46.81
11.0,24.16,57.67
35.0,30.51,59.66
18.0,26.57,17.28
1.0,6.68,14.27
6.0,30.72,52.05
19.0,33.1,49.23
29.0,30.89,66.33
20.0,33.89,65.21
22.0,29.65,63.85
15.0,25.14,63.59
25.0,33.72,87.75
23.0,31.23,48.4
20.0,32.21,56.41
15.0,5.53,44.33
19.0,23.71,67.55
25.0,24.24,40.8
21.0,20.69,43.88
1.0,33.93,54.84
15.0,5.66,41.39
31.0,23.92,52.55
20.0,57.69,44.23
8.0,45.24,91.06
11.0,32.67,51.4
11.0,22.35,60.5
4.0,33.42,64.29
26.0,6.97,18.58
26.0,25.76,52.57
28.0,53.57,93.14
28.0,30.34,51.47
15.0,53.73,52.91
21.0,32.54,63.1
6.0,29.76,54.43
32.0,22.33,44.74
8.0,34.75,43.49
4.0,33.21,58.73
19.0,23.57,66.34
11.0,23.52,91.36
14.0,46.72,42.61
4.0,21.22,44.59
27.0,23.24,40.69
19.0,34.42,50.21
34.0,30.32,49.97
4.0,27.73,69.72
14.0,47.65,50.2
24.0,26.5,45.39
6.0,32.9,68.37
18.0,20.58,65.58
30.0,23.98,49.16
21.0,29.2,45.93
30.0,27.25,69.59
13.0,28.15,44.13
2.0,21.62,43.21
17.0,6.63,87.72
1.0,27.27,54.59
30.0,31.64,15.21
30.0,32.08,86.87
14.0,29.34,62.3
10.0,23.35,16.83
13.0,46.45,64.85
12.0,21.44,56.28
22.0,5.53,48.84
31.0,24.94,63.28
17.0,23.28,55.59
25.0,33.75,56.97
9.0,58.45560000000002,44.22
24.0,23.91,66.4
4.0,32.79,61.98
32.0,29.22,55.93
15.0,31.63,44.46
13.0,20.1,53.92
20.0,24.8,62.99
23.0,30.8,55.99
24.0,8.83,45.88
17.0,22.93,45.07
13.0,33.14,19.76
3.0,34.92,50.84
5.0,31.19,63.1
6.0,21.49,53.45
8.0,30.73,53.24
26.0,24.24,41.75
18.0,28.44,41.71
12.0,27.62,63.95
9.0,26.61,56.93
4.0,20.32,41.25
21.0,23.08,94.03
3.0,21.37,16.42
28.0,49.35,60.55
12.0,30.68,40.81
3.0,33.13,85.36
30.0,33.86,12.59
8.0,21.19,47.08
6.0,32.24,68.24
13.0,23.13,14.32
10.0,33.3,11.48
27.0,21.19,45.87
28.0,21.18,16.28
27.0,30.15,94.03
13.0,31.49,61.02
25.0,31.51,44.08
3.0,30.2,12.99
24.0,45.83,42.27
32.0,26.02,47.57
17.0,20.61,63.71
31.0,5.53,65.71
25.0,26.59,19.03
29.0,26.89,52.34
31.0,24.27,53.72
17.0,45.2,47.86
20.0,23.96,41.39
15.0,29.17,93.01
6.0,20.67,53.08
17.0,9.0,43.17
7.0,30.73,59.6
11.0,5.73,93.9
6.0,26.86,45.15
20.0,21.5,11.14
3.0,22.38,45.93
26.0,7.83,16.37
32.0,24.93,67.02
13.0,22.22,48.51
20.0,24.54,59.41
21.0,29.78,43.73
1.0,27.9,40.24
32.0,21.77,66.35
15.0,24.74,40.78
35.0,29.45,66.0
25.0,27.03,68.13
15.0,23.16,56.36
13.0,6.46,57.98
4.0,23.97,50.55
28.0,26.17,88.48
26.0,33.21,41.29
11.0,28.32,88.92
9.0,23.87,42.83
15.0,6.1,50.57
14.0,23.68,57.45
27.0,33.28,46.05
32.0,21.69,17.51
28.0,25.38,62.16
34.0,8.6,43.46
17.0,23.39,53.35
12.0,53.24,67.52
18.0,31.8,47.37
5.0,31.23,56.23
23.0,46.13,58.95
1.0,33.98,68.04
6.0,34.88,88.65
4.0,27.45,66.74
32.0,33.98,69.18
6.0,20.02,42.91
29.0,22.49,69.21
35.0,34.17,62.37
1.0,27.29,60.96
20.0,34.06,43.53
24.0,28.78,42.55
33.0,32.87,53.51
22.0,33.03,52.72
4.0,20.09,89.97
32.0,27.68,63.56
15.0,26.94,48.98
6.0,29.02,61.37
34.0,24.43,69.11
2.0,21.8,54.71
32.0,20.38,62.26
28.0,34.75,66.9
7.0,20.26,44.82
26.0,20.54,50.24
18.0,32.52,46.78
1.0,25.52,56.82
32.0,34.8,45.09
24.0,23.45,41.42
31.0,31.1,58.06
14.0,6.44,86.42
30.0,27.97,61.83
23.0,27.17,93.98
18.0,22.75,49.93
10.0,24.0,47.09
8.0,33.9,15.99
28.0,24.8,58.19
31.0,23.06,62.16
14.0,47.72,67.13
4.0,25.82,49.84
5.0,27.96,41.37
28.0,31.13,49.67
35.0,31.59,53.92
34.0,22.39,13.69
30.0,21.83,68.08
3.0,25.61,46.57
21.0,25.91,62.36
22.0,24.57,48.4
21.0,9.42,67.3
24.0,25.47,42.95
2.0,26.21,59.88
21.0,30.71,60.29
26.0,34.47,53.24
34.0,20.32,62.06
13.0,30.49,62.0
6.0,30.33,53.77
33.0,8.82,91.34
28.0,29.83,66.46
10.0,30.86,18.71
19.0,32.26,56.78
26.0,48.07,48.04
30.0,28.52,64.05
24.0,28.8,88.92
6.0,34.56,58.63
27.0,26.89,40.05
22.0,23.82,68.48
19.0,24.49,54.98
27.0,33.28,41.52
30.0,20.46,89.77
32.0,58.45560000000002,67.09
4.0,24.34,63.26
6.0,22.19,14.38
22.0,6.56,60.27
33.0,27.56,61.55
5.0,30.02,61.44
3.0,30.83,41.17
22.0,20.05,68.3
14.0,34.69,17.62
8.0,33.2,64.61
32.0,26.37,51.46
10.0,50.75,43.37
26.0,32.56,66.04
8.0,6.46,64.64
24.0,27.67,50.26
7.0,20.53,50.6
4.0,52.04,87.8
11.0,57.03,45.54
20.0,26.98,18.86
14.0,8.18,45.75
21.0,20.78,43.53
23.0,30.21,53.57
11.0,7.69,64.52
14.0,5.74,40.21
33.0,28.4,53.98
13.0,30.13,54.66
27.0,23.29,65.33
13.0,30.13,40.52
5.0,31.5,46.96
26.0,26.16,14.39
15.0,5.84,14.43
22.0,26.78,68.89
33.0,24.66,92.15
28.0,30.5,49.66
14.0,27.58,50.8
7.0,27.32,56.0
18.0,24.16,67.95
2.0,29.73,43.65
17.0,33.53,59.1
4.0,31.58,44.79
13.0,28.02,53.62
22.0,24.68,66.4
16.0,26.04,50.33
2.0,9.63,58.15
20.0,7.5,69.08
2.0,28.7,51.65
3.0,30.51,57.01
21.0,30.82,57.67
7.0,23.36,62.74
24.0,25.31,41.99
33.0,32.64,63.18
14.0,24.2,61.43
19.0,33.23,46.72
24.0,26.91,44.78
7.0,24.27,52.89
31.0,32.34,56.88
22.0,31.14,51.84
21.0,20.68,57.88
23.0,21.12,55.67
5.0,6.96,85.84
8.0,30.89,47.53
27.0,34.13,13.42
3.0,23.79,46.26
28.0,8.08,58.39
9.0,21.41,17.9
27.0,5.53,66.11
24.0,53.92,52.66
27.0,21.63,60.28
17.0,27.27,42.42
6.0,20.7,53.9
13.0,22.93,88.91
7.0,22.93,62.82
5.0,28.82,58.94
10.0,20.03,45.4
29.0,24.94,68.27
23.0,30.29,65.51
1.0,25.88,46.6
2.0,27.77,53.18
22.0,30.43,60.15
27.0,21.21,56.19
5.0,20.54,68.46
35.0,23.01,49.31
8.0,25.09,63.28
35.0,21.04,52.8
28.0,28.95,16.64
32.0,23.78,11.7
20.0,21.54,65.79
24.0,22.82,61.57
14.0,22.78,50.91
6.0,26.89,90.21
8.0,8.92,55.21
26.0,9.51,18.31
8.0,7.54,62.79
4.0,30.09,15.18
1.0,21.76,18.46
20.0,26.06,86.22
6.0,26.93,65.1
31.0,47.23,54.72
17.0,29.91,87.1
33.0,24.91,92.15
10.0,22.78,47.5
15.0,26.68,42.49
27.0,32.27,41.12
2.0,33.45,54.35
29.0,33.37,54.25
34.0,33.4,46.76
19.0,26.81,43.63
1.0,24.69,43.08
7.0,9.0,60.49
25.0,58.45560000000002,14.11
10.0,28.0,60.96
8.0,27.85,46.82
8.0,6.51,92.04
25.0,20.55,48.48
16.0,22.17,15.67
33.0,50.21,67.98
23.0,51.21,45.64
4.0,20.62,55.26
1.0,20.89,14.53
23.0,25.33,17.63
12.0,28.15,53.07
15.0,29.15,53.2
22.0,25.93,52.3
13.0,22.83,54.68
4.0,23.71,41.69
8.0,50.49,94.03
2.0,22.66,90.94
15.0,33.45,59.32
34.0,23.31,18.67
18.0,55.82,53.81
28.0,55.39,17.84
24.0,20.83,90.7
14.0,7.12,87.66
5.0,23.17,89.66
11.0,20.86,63.36
31.0,32.5,49.8
21.0,8.96,53.41
23.0,34.33,63.57
23.0,5.53,40.19
21.0,8.35,44.49
22.0,24.52,63.82
2.0,23.89,61.39
30.0,34.08,51.02
34.0,8.12,13.84
24.0,20.72,62.33
25.0,26.6,53.59
18.0,29.73,53.82
32.0,6.59,93.55
14.0,23.09,57.43
28.0,5.53,41.47
8.0,28.36,65.75
31.0,29.62,49.9
3.0,25.82,61.69
30.0,50.82,67.34
33.0,34.54,11.46
24.0,20.1,52.2
19.0,22.67,94.03
10.0,22.57,89.37
24.0,29.91,93.86
15.0,22.1,47.3
8.0,28.67,50.84
5.0,24.4,49.09
13.0,30.82,46.37
27.0,31.53,51.2
14.0,26.66,48.15
33.0,24.96,53.56
16.0,23.19,61.12
20.0,30.2,52.36
23.0,31.35,17.34
13.0,28.4,93.58
32.0,5.71,60.09
29.0,27.85,58.81
30.0,5.81,59.51
13.0,29.04,56.87
12.0,33.02,13.59
34.0,24.64,68.7
25.0,34.9,52.26
15.0,27.24,65.79
35.0,31.17,52.68
3.0,21.84,60.48
15.0,54.84,52.64
20.0,58.42,52.46
16.0,53.23,50.69
22.0,29.75,67.49
12.0,21.72,61.49
15.0,24.37,47.66
10.0,23.11,48.31
20.0,25.27,61.25
4.0,53.68,66.71
4.0,24.86,51.83
14.0,26.1,55.74
35.0,33.34,45.08
34.0,30.02,42.35
28.0,6.65,42.49
16.0,20.23,53.76
16.0,31.06,89.99
3.0,7.34,59.34
9.0,30.64,57.86
6.0,46.67,16.98
8.0,25.06,42.16
20.0,29.23,40.16
25.0,24.18,41.57
11.0,21.76,46.54
2.0,33.28,93.14
14.0,21.67,64.51
7.0,21.53,67.52
10.0,24.96,86.84
3.0,54.08,47.36
17.0,30.16,55.88
26.0,23.73,68.51
16.0,33.84,55.98
16.0,26.99,92.79
21.0,9.86,49.81
33.0,58.27,52.44
1.0,33.57,43.66
4.0,30.62,87.73
29.0,23.13,55.27
26.0,25.71,94.03
16.0,34.9,41.24
27.0,32.56,57.51
32.0,20.83,89.92
16.0,33.37,42.24
7.0,31.62,45.82
35.0,32.56,50.87
13.0,28.09,92.02
28.0,7.02,54.72
2.0,27.65,60.94
28.0,58.27,54.38
4.0,9.28,89.8
32.0,47.05,41.0
16.0,32.0,42.01
15.0,26.16,50.25
19.0,6.04,57.47
1.0,48.55,59.56
31.0,29.79,12.11
18.0,25.5,54.42
15.0,7.28,48.7
29.0,25.83,46.03
13.0,34.43,51.31
27.0,29.62,14.74
1.0,29.16,12.72
35.0,33.18,50.81
15.0,25.29,45.89
26.0,34.59,11.43
29.0,31.03,44.41
35.0,21.53,91.77
21.0,24.78,69.96
7.0,8.31,68.5
8.0,21.05,51.36
16.0,28.19,55.94
9.0,6.5,49.92
20.0,25.88,88.36
28.0,33.4,68.51
30.0,30.08,59.81
7.0,32.42,43.73
19.0,20.01,11.14
17.0,55.59,52.21
25.0,21.49,58.96
15.0,28.12,41.71
12.0,33.84,54.92
20.0,23.33,48.78
28.0,50.87,90.02
27.0,24.52,58.32
19.0,27.13,94.03
8.0,23.17,68.9
32.0,22.17,52.61
2.0,25.93,47.98
34.0,6.3,59.31
34.0,22.5,62.85
16.0,33.32,56.06
2.0,26.76,46.79
29.0,26.24,56.12
3.0,34.15,47.27
23.0,57.12,55.75
21.0,48.7,51.56
14.0,32.1,41.73
9.0,31.75,41.56
35.0,21.24,92.56
26.0,31.12,55.54
19.0,29.28,54.3
6.0,6.14,60.88
27.0,24.62,50.92
6.0,23.27,41.65
27.0,29.71,48.04
17.0,22.62,85.13
22.0,27.34,49.66
3.0,6.44,46.74
3.0,30.37,50.97
7.0,51.26,62.64
12.0,24.05,15.86
5.0,26.23,69.98
28.0,35.0,42.67
13.0,30.35,40.25
22.0,22.59,43.2
12.0,26.96,46.37
10.0,58.45560000000002,52.88
2.0,55.57,69.44
23.0,25.11,48.92
15.0,21.1,56.97
32.0,8.09,89.34
30.0,26.82,54.84
11.0,24.35,41.09
17.0,29.33,47.61
11.0,30.78,65.1
33.0,28.06,17.9
24.0,26.79,14.84
25.0,20.84,49.92
34.0,34.75,45.03
28.0,31.47,57.6
35.0,21.31,63.55
18.0,21.68,62.63
8.0,47.39,47.49
35.0,28.55,89.46
35.0,23.12,57.16
23.0,58.1,67.52
27.0,22.51,86.96
18.0,22.39,48.69
27.0,6.18,52.82
30.0,46.17,40.9
13.0,25.67,50.11
21.0,23.49,68.0
12.0,52.12,63.3
19.0,23.73,13.62
4.0,26.72,50.33
18.0,27.64,44.79
24.0,29.88,40.42
30.0,25.65,55.9
32.0,27.43,53.66
2.0,20.28,94.03
29.0,22.99,66.34
10.0,31.2,89.75
7.0,28.05,58.79
25.0,51.76,58.89
17.0,57.91,51.15
22.0,20.53,42.81
16.0,7.53,67.75
3.0,6.69,50.64
35.0,24.89,60.95
9.0,29.33,11.14
34.0,23.64,67.29
5.0,31.95,66.51
26.0,33.64,48.73
31.0,24.11,56.48
5.0,9.64,69.25
6.0,30.74,69.31
30.0,25.15,61.28
14.0,29.31,68.34
23.0,26.75,54.26
8.0,54.63,67.56
30.0,24.22,12.06
34.0,5.53,60.78
34.0,26.68,57.93
16.0,47.15,17.8
2.0,22.49,63.42
19.0,27.43,69.51
11.0,26.4,52.02
26.0,29.01,15.02
12.0,23.87,61.76
28.0,32.65,52.75
24.0,34.01,59.44
19.0,46.98,60.28
6.0,48.16,68.05
13.0,6.28,44.36
19.0,30.03,44.45
20.0,20.43,55.14
8.0,51.04,17.81
14.0,24.97,51.85
6.0,30.15,68.0
22.0,30.2,40.88
19.0,33.91,41.85
13.0,27.01,42.85
19.0,9.43,16.61
25.0,27.9,67.65
19.0,32.98,48.63
33.0,32.22,48.05
22.0,33.48,46.92
28.0,32.09,93.64
6.0,57.69,90.83
31.0,9.72,61.3
6.0,30.45,40.69
24.0,33.4,45.7
23.0,31.06,68.64
12.0,55.3,48.65
28.0,34.69,13.65
12.0,20.28,60.51
29.0,29.64,17.4
25.0,30.07,51.93
6.0,45.46,68.83
26.0,31.14,69.84
35.0,21.09,69.3
7.0,30.6,68.43
10.0,9.19,59.31
27.0,28.89,43.4
11.0,23.97,58.97
24.0,32.29,53.83
25.0,21.85,49.45
3.0,21.17,69.62
27.0,27.47,68.83
15.0,50.12,40.77
20.0,34.18,46.89
15.0,26.82,53.09
2.0,28.73,54.48
27.0,22.93,43.75
30.0,20.09,13.16
23.0,31.16,14.1
30.0,29.7,42.57
13.0,34.36,48.99
15.0,47.92,59.13
9.0,21.74,51.78
30.0,28.22,66.12
21.0,21.27,46.19
6.0,21.32,11.14
31.0,32.29,59.44
14.0,22.35,54.13
35.0,20.77,69.57
11.0,23.5,11.14
4.0,32.13,41.95
26.0,5.53,13.92
21.0,33.29,64.84
24.0,23.03,13.14
29.0,25.97,43.93
21.0,34.78,49.14
28.0,22.73,94.03
31.0,32.79,59.5
23.0,7.39,43.07
1.0,29.35,63.94
13.0,20.37,66.89
6.0,33.66,62.39
10.0,25.5,86.14
33.0,25.71,93.64
4.0,53.97,48.77
23.0,5.53,69.57
16.0,29.47,55.32
32.0,27.62,44.8
35.0,5.95,67.49
25.0,33.74,46.44
6.0,30.85,63.9
31.0,32.51,86.65
15.0,50.15,13.86
29.0,34.48,65.33
27.0,32.17,46.22
27.0,28.08,63.29
25.0,33.79,54.44
18.0,30.65,65.98
3.0,26.64,41.8
14.0,24.34,94.03
3.0,24.73,51.21
18.0,56.5,57.63
30.0,52.37,94.03
27.0,33.7,65.99
31.0,32.0,65.57
22.0,32.82,66.53
6.0,33.97,48.8
8.0,34.12,64.51
4.0,26.19,45.78
31.0,20.62,60.2
33.0,6.59,46.92
23.0,28.77,44.72
30.0,24.25,16.86
3.0,8.88,16.29
12.0,31.76,58.7
17.0,33.82,42.96
17.0,26.33,11.14
29.0,22.83,47.63
13.0,21.94,61.81
6.0,8.92,56.55
6.0,22.71,53.43
20.0,22.66,59.79
31.0,45.33,64.71
12.0,28.85,93.28
27.0,20.4,44.06
22.0,24.46,43.78
27.0,21.44,42.89
20.0,27.03,42.35
32.0,29.11,40.44
30.0,49.47,65.9
9.0,26.66,47.91
15.0,29.58,65.07
14.0,20.03,85.09
23.0,24.62,40.73
15.0,26.53,85.6
4.0,6.79,51.45
23.0,20.71,59.78
32.0,7.79,58.88
28.0,23.18,47.91
21.0,33.3,50.93
9.0,29.23,69.33
23.0,22.55,66.53
16.0,23.11,44.53
26.0,31.79,68.74
12.0,51.26,42.3
13.0,22.71,64.41
25.0,30.38,55.55
5.0,49.51,88.49
1.0,25.77,60.88
15.0,26.96,63.92
13.0,33.19,46.03
18.0,34.52,62.33
13.0,32.87,93.48
24.0,33.85,45.01
19.0,32.79,90.79
2.0,33.18,88.11
1.0,34.69,66.63
31.0,28.21,92.95
9.0,24.4,45.33
1.0,51.13,50.08
27.0,29.84,46.82
20.0,30.8,65.73
14.0,27.21,65.02
15.0,28.8,90.87
35.0,30.85,18.7
27.0,53.59,64.18
31.0,5.53,40.95
29.0,51.5,47.63
26.0,20.18,64.0
2.0,29.23,59.95
27.0,23.36,48.94
32.0,26.56,41.62
7.0,27.63,49.79
34.0,23.68,56.11
30.0,20.3,68.71
35.0,33.49,53.94
31.0,7.07,50.2
35.0,20.25,57.72
5.0,55.96,65.35
27.0,23.52,44.42
3.0,32.19,90.66
12.0,32.49,15.79
22.0,31.85,63.24
5.0,26.19,42.95
24.0,54.02,58.71
34.0,23.79,52.9
32.0,21.75,58.53
30.0,32.49,43.53
19.0,23.01,59.47
5.0,50.61,58.74
11.0,8.39,57.02
18.0,23.86,68.35
9.0,28.72,65.18
17.0,22.66,17.1
20.0,23.09,66.96
18.0,26.26,68.62
3.0,31.57,48.8
23.0,34.95,67.27
25.0,33.93,46.97
2.0,22.28,58.6
32.0,31.28,92.45
2.0,22.81,12.46
31.0,24.81,58.4
17.0,55.71,48.62
4.0,28.53,54.84
1.0,20.2,52.64
16.0,34.7,45.28
4.0,26.44,50.95
11.0,26.8,51.86
10.0,31.95,46.24
10.0,30.75,41.21
7.0,31.35,63.1
20.0,8.07,85.59
14.0,27.25,66.67
28.0,20.04,68.82
24.0,24.33,65.75
32.0,21.73,49.48
15.0,33.3,59.3
12.0,28.46,66.51
21.0,26.44,40.78
14.0,31.43,47.58
34.0,29.42,42.66
6.0,30.96,57.85
6.0,9.42,63.79
26.0,21.81,61.52
18.0,8.8,58.52
1.0,26.79,45.95
10.0,25.23,44.6
34.0,58.45560000000002,46.61
10.0,33.31,57.14
5.0,24.16,13.72
22.0,20.34,11.37
20.0,8.05,19.06
27.0,32.58,54.67
33.0,20.32,44.03
10.0,23.16,40.96
24.0,31.15,69.0
27.0,33.54,65.95
13.0,29.46,66.27
20.0,20.67,66.61
31.0,27.93,60.83
14.0,27.83,42.63
2.0,30.49,49.98
30.0,6.08,66.42
20.0,32.12,69.14
10.0,54.37,61.72
25.0,23.71,67.17
32.0,26.18,65.62
27.0,8.6,44.63
19.0,22.82,88.89
5.0,22.09,41.48
32.0,9.52,68.54
17.0,32.2,46.06
31.0,28.94,60.53
7.0,6.56,65.8
35.0,56.72,44.24
4.0,29.96,91.41
25.0,21.27,43.53
27.0,27.83,41.77
1.0,21.86,88.95
29.0,25.18,48.37
11.0,32.38,64.31
32.0,30.76,69.2
9.0,26.58,49.62
35.0,58.13,60.42
7.0,22.7,53.16
1.0,8.03,49.69
19.0,29.81,52.96
32.0,20.91,56.03
6.0,23.03,93.54
31.0,20.81,41.39
21.0,22.27,12.26
18.0,5.53,56.16
12.0,34.3,61.7
20.0,55.24,57.91
32.0,6.39,60.53
33.0,26.68,17.95
5.0,29.77,46.82
30.0,28.88,52.89
32.0,25.2,67.13
35.0,50.03,49.07
30.0,21.22,69.86
6.0,26.08,17.55
30.0,21.75,49.65
8.0,26.08,55.83
22.0,33.8,16.24
23.0,8.26,63.25
26.0,20.16,66.48
28.0,34.94,15.09
15.0,32.3,60.1
5.0,23.18,16.43
6.0,33.69,52.15
18.0,30.19,52.61
19.0,32.62,67.57
21.0,26.19,53.89
31.0,28.55,67.22
30.0,28.48,66.65
16.0,28.87,86.38
22.0,34.62,86.66
13.0,6.66,64.0
35.0,26.28,52.65
18.0,5.53,68.51
30.0,34.23,61.62
32.0,29.78,65.75
4.0,47.99,12.33
31.0,24.48,87.87
15.0,27.59,61.67
28.0,23.33,90.49
6.0,30.03,12.45
30.0,26.59,59.87
1.0,25.53,58.45
7.0,20.79,68.87
5.0,28.96,41.77
28.0,32.82,49.18
7.0,34.92,58.46
22.0,8.69,18.25
11.0,24.94,50.74
22.0,28.89,66.92
13.0,21.73,45.4
20.0,9.93,45.26
10.0,21.83,40.11
27.0,33.58,49.54
1.0,53.84,56.65
12.0,34.95,53.68
35.0,28.52,49.96
35.0,23.3,42.63
22.0,30.45,63.97
12.0,30.38,57.89
5.0,22.81,94.03
27.0,29.71,58.77
2.0,27.46,67.96
33.0,21.72,45.19
28.0,27.52,55.25
28.0,32.12,59.37
2.0,29.61,48.48
8.0,47.68,46.9
13.0,30.61,56.2
9.0,32.73,58.56
2.0,34.82,45.78
27.0,24.66,43.18
5.0,24.73,65.04
24.0,25.41,54.24
34.0,23.09,53.92
17.0,22.48,41.1
23.0,23.81,51.37
29.0,23.52,69.92
16.0,28.86,45.88
8.0,27.44,66.44
28.0,33.06,11.52
32.0,6.9,45.92
27.0,32.02,14.41
13.0,22.71,46.83
6.0,21.75,55.67
5.0,24.32,86.33
32.0,27.98,65.04
14.0,32.67,62.69
16.0,31.46,12.2
6.0,25.46,56.55
18.0,28.66,15.82
32.0,20.69,12.63
1.0,21.59,65.19
21.0,26.75,64.64
10.0,25.27,63.81
24.0,21.38,47.54
25.0,33.04,60.12
7.0,22.83,42.37
11.0,27.79,50.25
5.0,31.47,56.54
19.0,46.95,50.38
18.0,54.1,52.74
16.0,30.69,44.09
16.0,30.93,63.48
12.0,27.66,49.93
16.0,57.79,58.44
6.0,29.18,56.64
6.0,25.37,68.85
20.0,31.33,57.21
19.0,6.23,52.64
3.0,21.42,51.52
14.0,5.74,15.0
34.0,23.74,63.05
5.0,26.52,49.17
1.0,21.91,87.23
8.0,31.25,53.03
34.0,58.45560000000002,57.89
28.0,28.15,45.9
28.0,5.75,44.32
18.0,27.13,85.32
5.0,58.45560000000002,57.37
17.0,48.97,68.72
8.0,20.59,54.07
16.0,31.35,69.75
32.0,23.87,56.01
8.0,5.96,47.48
8.0,27.74,61.92
29.0,8.7,61.62
19.0,54.12,86.42
31.0,8.3,49.77
12.0,29.99,42.54
7.0,9.19,46.12
31.0,9.5,89.22
5.0,5.62,63.51
31.0,24.6,45.59
31.0,24.36,54.94
30.0,33.68,11.51
34.0,31.3,40.23
13.0,7.78,17.68
33.0,9.38,93.28
8.0,33.98,94.03
20.0,52.35,85.49
33.0,21.53,65.37
17.0,30.89,45.33
1.0,21.13,55.91
12.0,57.89,12.07
35.0,51.8,88.12
11.0,30.13,68.48
26.0,29.71,17.19
6.0,8.89,69.88
14.0,31.1,53.29
27.0,21.88,46.46
28.0,58.45560000000002,44.61
29.0,22.99,65.2
28.0,25.07,87.29
30.0,7.32,17.16
4.0,27.16,53.39
29.0,22.82,54.79
32.0,34.71,63.28
9.0,28.42,43.21
17.0,24.31,91.96
9.0,6.25,64.46
23.0,31.97,56.95
14.0,47.24,86.48
1.0,8.55,15.21
1.0,58.45560000000002,54.82
35.0,33.83,18.49
21.0,31.0,63.76
33.0,34.27,52.14
7.0,29.91,58.06
23.0,32.53,59.27
4.0,32.64,43.74
25.0,23.96,64.64
29.0,22.44,52.41
18.0,31.12,51.83
1.0,49.77,86.68
33.0,22.89,64.06
12.0,25.37,62.67
24.0,34.77,54.46
12.0,21.49,19.98
23.0,21.69,44.85
11.0,34.81,52.59
18.0,29.24,42.11
24.0,24.25,62.49
17.0,32.29,56.82
32.0,8.98,62.04
11.0,22.84,65.06
17.0,25.01,54.72
34.0,27.25,54.98
16.0,23.06,54.82
13.0,48.38,12.08
13.0,21.79,61.97
6.0,7.86,41.1
20.0,34.95,48.56
24.0,25.89,15.96
2.0,24.32,67.77
13.0,32.68,51.47
27.0,26.83,61.79
22.0,26.38,51.02
29.0,58.45560000000002,53.78
19.0,22.2,49.48
31.0,53.98,47.15
11.0,24.72,45.28
5.0,34.1,43.13
7.0,30.27,52.08
1.0,34.51,64.56
35.0,28.69,45.01
8.0,28.17,54.91
31.0,29.43,52.16
30.0,27.59,69.82
15.0,26.56,47.6
27.0,23.65,40.93
25.0,9.52,49.57
6.0,30.4,60.17
31.0,32.9,44.3
18.0,34.46,60.89
32.0,28.17,60.29
29.0,45.37,41.28
2.0,20.64,88.48
20.0,25.29,60.05
28.0,24.32,61.91
31.0,33.42,40.81
33.0,46.89,40.59
1.0,5.56,50.01
18.0,8.48,44.71
23.0,27.16,40.55
5.0,20.42,58.99
26.0,24.85,65.08
33.0,29.1,14.96
7.0,33.96,52.51
4.0,50.22,69.02
2.0,22.54,59.51
18.0,32.11,51.89
12.0,31.31,61.75
13.0,31.54,57.66
12.0,5.74,50.75
28.0,27.99,18.55
29.0,28.46,42.84
33.0,20.67,52.95
16.0,32.88,50.09
23.0,25.91,51.39
35.0,27.62,14.62
13.0,9.52,62.33
28.0,9.55,40.62
13.0,27.23,45.38
14.0,21.35,48.16
24.0,23.56,50.49
2.0,33.32,13.23
13.0,25.98,19.14
15.0,21.21,67.45
5.0,27.84,50.33
26.0,33.36,65.41
18.0,31.32,92.12
9.0,58.45560000000002,62.81
27.0,21.56,67.2
23.0,27.47,64.83
15.0,30.14,59.49
26.0,33.08,58.12
34.0,8.77,46.88
17.0,52.34,92.2
18.0,25.33,64.27
10.0,34.25,47.33
26.0,55.08,63.74
10.0,50.15,43.51
29.0,55.38,47.41
23.0,46.16,89.35
21.0,20.86,53.4
5.0,9.34,59.44
26.0,58.45560000000002,49.93
15.0,6.34,61.08
7.0,34.8,56.37
32.0,52.53,65.63
9.0,53.88,57.39
3.0,31.02,46.74
31.0,24.71,61.35
10.0,30.33,43.4
8.0,32.83,67.77
22.0,25.86,56.94
17.0,21.0,60.01
35.0,9.19,58.74
27.0,57.67,16.57
10.0,29.89,51.04
26.0,26.33,48.51
16.0,29.19,40.94
16.0,57.17,68.28
24.0,33.12,46.11
2.0,33.23,11.67
24.0,24.87,53.67
30.0,31.97,47.15
21.0,21.07,64.13
33.0,23.31,43.16
6.0,25.15,41.37
34.0,30.29,40.56
25.0,21.7,54.28
34.0,32.19,46.74
29.0,31.26,94.03
8.0,28.26,50.93
15.0,26.84,50.21
5.0,24.81,47.95
8.0,23.97,42.03
3.0,20.09,60.99
5.0,34.13,43.42
27.0,50.89,52.29
28.0,8.94,65.04
27.0,5.67,86.56
27.0,27.31,59.03
24.0,29.99,56.52
23.0,21.72,46.55
12.0,26.01,48.79
4.0,32.22,40.11
1.0,24.28,18.04
2.0,23.01,44.1
8.0,28.34,49.82
12.0,49.32,40.27
19.0,28.53,54.87
24.0,24.84,65.75
32.0,6.07,46.08
5.0,21.81,52.84
34.0,33.97,67.18
35.0,24.05,57.12
34.0,26.01,52.97
21.0,30.39,12.28
12.0,26.26,63.67
29.0,20.3,53.78
17.0,6.97,50.38
7.0,30.7,60.35
17.0,22.73,42.37
29.0,47.51,13.01
27.0,25.69,45.54
35.0,21.87,50.74
31.0,26.48,47.65
32.0,27.39,57.75
5.0,26.76,19.29
18.0,22.6,65.51
22.0,32.25,11.95
5.0,22.87,54.01
14.0,33.9,19.63
18.0,57.1,11.14
28.0,31.55,60.68
5.0,46.52,89.74
29.0,8.21,45.3
12.0,30.62,59.48
8.0,47.18,61.24
16.0,21.08,68.2
22.0,34.8,15.36
34.0,57.96,61.25
5.0,32.72,58.76
5.0,5.53,55.27
13.0,31.88,55.39
31.0,31.6,46.52
16.0,21.43,56.13
17.0,25.77,47.41
20.0,26.43,58.09
35.0,32.91,42.17
12.0,23.79,45.93
20.0,8.42,68.98
31.0,9.91,63.85
26.0,28.74,13.14
11.0,28.77,46.1
10.0,29.88,40.97
11.0,27.62,42.11
3.0,25.62,64.04
32.0,33.91,62.27
5.0,33.73,51.53
30.0,34.13,66.47
8.0,28.08,88.48
14.0,24.99,60.9
26.0,25.96,45.8
2.0,30.47,62.29
7.0,32.7,43.85
20.0,34.24,16.62
2.0,8.89,85.97
11.0,32.65,89.52
15.0,25.24,69.04
8.0,29.04,69.4
32.0,24.12,56.15
28.0,5.99,19.23
3.0,49.28,51.2
24.0,6.26,88.4
21.0,5.53,64.75
21.0,32.75,53.72
19.0,32.22,47.72
20.0,53.4,59.61
17.0,20.32,69.63
3.0,34.17,69.14
35.0,30.37,61.77
16.0,28.19,52.0
12.0,28.67,87.11
28.0,30.24,86.12
1.0,32.3,16.99
13.0,23.98,68.02
21.0,32.26,94.03
6.0,27.16,66.81
12.0,28.6,50.32
25.0,22.1,15.04
32.0,33.44,65.92
22.0,54.89,90.9
14.0,21.71,42.59
33.0,21.14,12.13
35.0,25.51,58.19
32.0,29.82,56.3
22.0,31.82,68.37
14.0,30.08,63.87
9.0,45.95,85.82
6.0,58.45560000000002,85.47
9.0,32.48,11.14
30.0,8.68,65.86
29.0,25.2,47.55
30.0,8.97,11.14
8.0,34.98,42.44
17.0,29.25,47.94
19.0,21.69,43.77
20.0,28.69,40.84
5.0,26.9,54.51
32.0,45.02,64.27
14.0,29.81,64.61
5.0,33.83,59.39
5.0,22.21,44.57
4.0,24.0,64.51
19.0,21.2,58.1
21.0,21.26,46.85
31.0,31.13,46.12
13.0,34.59,58.22
12.0,27.48,15.2
24.0,5.53,88.18
1.0,34.2,68.92
30.0,48.89,41.79
30.0,29.72,49.51
5.0,33.25,65.72
15.0,21.03,69.28
10.0,52.39,50.1
2.0,24.95,17.47
24.0,30.21,65.37
21.0,25.25,64.69
34.0,34.02,50.69
34.0,27.92,68.11
23.0,33.79,68.99
15.0,28.25,49.69
16.0,45.16,57.21
10.0,24.39,68.69
31.0,22.17,45.74
5.0,21.49,48.92
29.0,8.92,66.56
14.0,9.28,48.54
22.0,22.32,67.35
1.0,23.02,68.87
7.0,7.43,48.7
19.0,57.5,66.13
21.0,28.76,66.29
32.0,23.13,55.22
5.0,28.74,55.03
9.0,26.97,18.52
5.0,6.65,11.14
6.0,9.95,88.87
13.0,26.79,85.89
2.0,29.64,44.24
28.0,27.91,86.5
18.0,21.43,56.78
34.0,32.24,45.67
3.0,31.36,52.18
18.0,31.43,47.98
13.0,22.97,42.06
14.0,54.53,12.45
33.0,34.78,40.58
30.0,24.73,55.12
29.0,20.4,69.8
3.0,5.87,87.9
6.0,34.9,89.77
15.0,21.09,55.08
2.0,21.1,69.96
32.0,9.63,42.54
17.0,34.9,94.03
22.0,25.36,42.6
33.0,21.76,46.49
16.0,24.73,44.74
10.0,50.03,85.72
8.0,7.01,64.22
2.0,31.44,51.12
10.0,23.34,44.39
13.0,32.06,54.75
2.0,22.27,58.63
22.0,29.29,68.34
22.0,26.77,56.19
30.0,51.82,63.37
30.0,33.23,63.43
12.0,33.03,53.74
22.0,22.41,43.76
18.0,22.25,56.14
7.0,32.21,52.02
4.0,30.91,46.11
14.0,34.08,45.71
18.0,34.62,66.5
18.0,33.0,56.78
20.0,23.69,47.57
28.0,31.2,86.38
33.0,34.96,46.49
28.0,26.21,47.92
26.0,23.68,43.88
16.0,27.56,45.29
31.0,29.4,68.26
3.0,5.53,54.77
31.0,24.74,42.99
1.0,31.14,51.88
6.0,29.67,85.06
25.0,32.82,42.19
33.0,50.5,40.05
21.0,32.26,62.24
4.0,28.37,51.84
11.0,6.78,67.06
9.0,56.56,51.63
16.0,30.25,43.77
1.0,22.52,57.69
7.0,6.52,85.34
24.0,33.41,44.79
22.0,33.85,65.97
7.0,28.38,92.77
12.0,32.68,47.25
18.0,9.71,47.23
18.0,54.5,59.32
30.0,33.53,67.71
22.0,27.58,68.28
19.0,33.37,14.21
33.0,27.48,90.14
34.0,21.48,87.34
20.0,9.78,44.57
17.0,34.16,85.74
8.0,22.04,88.81
12.0,5.82,40.34
31.0,26.44,11.25
5.0,23.3,56.14
27.0,32.33,42.73
22.0,28.91,90.07
10.0,58.45560000000002,41.22
18.0,20.51,41.77
16.0,34.01,55.35
11.0,25.32,63.83
15.0,31.32,49.23
25.0,22.61,88.83
8.0,58.45560000000002,47.62
23.0,24.95,48.12
21.0,26.73,86.33
17.0,29.25,44.49
1.0,27.82,40.86
23.0,20.25,45.05
15.0,21.44,41.42
10.0,21.53,19.13
10.0,32.0,93.49
35.0,25.57,42.47
21.0,49.06,92.92
30.0,22.09,45.49
23.0,30.02,54.87
13.0,30.71,45.89
18.0,32.09,46.98
5.0,7.63,64.29
11.0,24.49,15.84
3.0,29.6,63.14
2.0,26.88,67.11
22.0,20.95,85.45
8.0,26.54,89.42
21.0,28.9,87.66
21.0,9.61,46.94
30.0,22.82,40.69
6.0,34.45,65.71
15.0,21.41,93.89
28.0,23.87,50.34
10.0,8.5,54.09
27.0,31.15,64.08
20.0,27.21,56.33
8.0,22.21,49.74
7.0,21.21,93.05
23.0,21.61,56.41
11.0,27.18,53.42
30.0,26.02,58.5
4.0,30.94,14.62
28.0,24.71,41.52
23.0,25.39,69.8
16.0,22.69,68.37
14.0,28.85,66.17
33.0,29.4,61.34
19.0,29.96,42.49
32.0,28.67,87.42
18.0,30.42,60.03
27.0,29.68,41.1
24.0,6.91,47.89
27.0,27.79,61.2
24.0,21.74,44.11
34.0,26.24,56.77
14.0,30.91,47.26
9.0,6.07,51.37
1.0,33.92,42.33
2.0,48.59,43.26
27.0,33.85,66.6
2.0,24.18,92.22
11.0,20.55,62.12
28.0,25.19,94.03
27.0,21.54,60.12
18.0,33.59,42.59
30.0,20.69,45.73
24.0,27.34,48.7
24.0,26.88,59.04
23.0,25.76,62.42
33.0,24.53,60.18
12.0,21.03,66.58
32.0,31.25,69.5
13.0,21.4,54.18
17.0,32.55,51.4
16.0,30.31,41.8
11.0,21.94,60.52
26.0,20.53,88.33
9.0,29.57,59.32
33.0,58.45560000000002,54.37
6.0,54.03,60.92
13.0,33.46,47.58
21.0,28.69,56.13
23.0,30.66,54.34
3.0,7.68,46.61
2.0,20.81,67.42
5.0,8.91,61.64
24.0,34.47,63.92
4.0,27.18,47.3
18.0,27.44,66.16
16.0,7.34,57.39
27.0,32.59,69.56
12.0,32.23,44.12
25.0,22.89,50.3
13.0,21.04,59.15
24.0,22.41,48.5
16.0,50.2,14.02
30.0,23.01,49.09
31.0,23.3,68.54
30.0,20.66,94.03
14.0,21.55,61.44
12.0,32.27,48.25
19.0,27.64,67.96
29.0,50.09,61.65
30.0,21.77,54.84
2.0,32.58,50.63
2.0,49.51,54.12
35.0,5.53,55.28
13.0,32.59,50.47
11.0,24.14,49.35
9.0,24.11,60.32
21.0,33.58,11.14
18.0,22.71,55.91
31.0,31.2,47.05
21.0,8.79,56.92
9.0,32.66,13.08
15.0,45.08,43.71
16.0,27.41,48.85
29.0,32.22,93.32
18.0,32.85,66.45
24.0,27.39,57.94
14.0,27.19,59.87
31.0,7.49,63.48
11.0,7.79,51.41
7.0,33.1,63.98
1.0,9.1,86.18
26.0,33.43,59.85
20.0,21.74,42.11
12.0,24.85,48.48
16.0,29.39,60.23
22.0,34.79,11.22
2.0,32.11,46.15
33.0,5.53,46.14
34.0,23.98,92.65
30.0,23.5,59.36
17.0,30.78,58.74
8.0,20.03,63.72
26.0,22.0,46.77
25.0,8.38,65.37
17.0,26.73,69.1
1.0,47.57,60.42
33.0,49.74,13.0
15.0,30.63,85.67
23.0,20.51,43.55
10.0,32.13,46.48
24.0,26.86,53.25
28.0,31.49,45.03
14.0,21.79,64.88
24.0,8.66,48.26
32.0,5.53,56.43
8.0,30.61,46.59
27.0,27.24,93.39
4.0,25.25,67.72
35.0,5.73,92.36
9.0,20.15,68.13
21.0,57.28,50.9
26.0,31.16,89.63
32.0,32.44,49.33
13.0,21.79,42.54
2.0,30.86,42.01
32.0,30.06,54.41
19.0,9.05,62.53
6.0,25.43,66.23
2.0,21.68,48.5
28.0,51.22,90.74
27.0,22.29,60.69
6.0,34.89,11.14
25.0,49.46,52.14
3.0,31.62,51.45
14.0,22.2,68.1
6.0,25.21,90.71
1.0,24.45,59.67
13.0,25.92,64.46
25.0,31.13,41.32
3.0,23.85,56.23
17.0,27.92,46.49
20.0,34.92,63.33
15.0,29.28,51.61
16.0,8.43,61.17
25.0,55.93,43.35
30.0,21.64,67.66
4.0,33.68,66.61
14.0,26.67,67.04
14.0,22.99,16.44
5.0,46.64,66.44
13.0,50.33,65.04
34.0,47.98,63.03
30.0,34.18,55.92
25.0,28.48,49.64
3.0,22.44,46.84
32.0,20.19,47.1
4.0,28.85,46.3
13.0,23.08,59.18
14.0,25.96,57.27
25.0,31.47,57.89
9.0,32.79,44.27
35.0,26.94,58.9
12.0,9.38,54.56
7.0,23.26,53.06
23.0,7.22,17.88
12.0,23.88,63.78
23.0,8.66,60.68
33.0,23.58,61.81
6.0,5.53,16.39
3.0,31.54,68.79
14.0,31.93,46.17
7.0,28.06,66.55
19.0,30.74,51.88
23.0,6.77,60.74
32.0,34.54,64.9
16.0,32.06,16.26
25.0,28.5,14.67
31.0,32.69,56.03
9.0,34.23,12.64
10.0,28.37,60.84
4.0,21.71,91.9
4.0,33.6,45.62
34.0,30.08,94.03
13.0,53.13,64.54
20.0,22.96,47.4
1.0,27.71,43.5
4.0,26.29,40.92
35.0,34.31,91.09
6.0,32.24,41.57
32.0,27.58,64.92
8.0,22.4,18.86
20.0,28.25,14.27
23.0,54.48,11.14
25.0,32.42,88.61
35.0,30.62,68.41
26.0,34.14,15.02
35.0,23.73,67.16
26.0,26.16,11.64
16.0,33.6,61.43
22.0,30.92,48.36
4.0,24.94,69.78
9.0,27.36,45.58
32.0,29.26,44.43
29.0,28.67,48.96
2.0,55.21,62.99
2.0,30.81,94.03
20.0,32.09,13.5
21.0,24.45,49.16
29.0,48.21,66.56
16.0,45.4,46.13
25.0,26.38,11.68
28.0,31.58,14.23
1.0,5.53,47.43
34.0,30.48,59.2
16.0,28.27,18.14
28.0,34.99,64.44
9.0,9.86,46.53
13.0,34.48,44.11
27.0,33.71,52.53
12.0,24.84,19.41
2.0,49.66,59.09
18.0,23.76,69.38
8.0,31.64,60.8
26.0,22.99,52.45
27.0,32.52,44.89
22.0,34.89,66.61
21.0,23.98,60.45
34.0,26.05,49.67
5.0,9.5,68.69
8.0,25.56,57.76
17.0,28.87,61.15
31.0,7.71,42.92
9.0,54.29,56.34
27.0,20.04,16.57
2.0,32.73,49.82
24.0,21.83,47.38
17.0,56.88,12.84
26.0,22.06,62.8
5.0,51.2,56.32
15.0,22.2,85.99
20.0,20.67,60.67
3.0,31.19,65.5
18.0,55.08,60.58
15.0,22.18,56.93
19.0,22.52,14.05
28.0,28.76,48.57
28.0,5.53,53.92
25.0,29.73,85.11
31.0,27.34,44.22
25.0,30.23,53.87
12.0,25.15,66.04
8.0,47.3,50.08
24.0,9.3,50.79
35.0,34.81,68.63
9.0,22.37,90.95
3.0,31.32,50.46
35.0,5.88,14.97
24.0,8.86,15.52
30.0,22.45,60.12
34.0,33.91,53.17
20.0,27.65,63.58
24.0,22.87,57.11
18.0,22.14,19.91
18.0,26.26,48.6
16.0,34.28,88.43
7.0,20.17,44.97
17.0,24.02,86.38
9.0,21.67,57.27
16.0,29.71,89.29
22.0,28.65,11.14
27.0,27.32,88.5
23.0,31.57,69.97
22.0,24.71,53.28
28.0,32.09,62.26
21.0,25.2,45.1
30.0,23.81,14.11
7.0,31.16,63.13
22.0,27.48,14.69
18.0,7.62,53.49
2.0,26.59,11.77
27.0,7.59,50.4
25.0,32.57,55.99
25.0,28.53,44.89
22.0,27.01,47.99
20.0,23.92,43.71
27.0,22.3,46.37
19.0,25.34,57.29
22.0,26.09,41.41
2.0,25.61,59.72
14.0,27.95,59.89
24.0,29.66,45.7
25.0,26.52,68.35
22.0,31.77,18.13
5.0,27.79,52.09
23.0,29.13,45.25
1.0,33.46,88.91
14.0,33.91,49.31
1.0,29.37,63.95
14.0,6.77,64.43
34.0,22.9,43.23
13.0,21.24,62.62
33.0,20.05,69.42
4.0,31.06,63.96
4.0,9.66,51.43
21.0,27.39,69.82
23.0,22.74,67.15
3.0,26.7,47.4
12.0,31.36,65.65
17.0,32.78,67.89
28.0,28.97,61.67
22.0,22.07,45.81
10.0,24.79,51.44
12.0,22.52,62.79
26.0,33.95,67.16
34.0,21.97,41.6
21.0,25.2,47.04
8.0,34.6,57.31
34.0,21.76,59.81
26.0,53.88,64.93
20.0,28.2,54.73
29.0,25.65,57.75
5.0,31.44,15.74
23.0,34.12,43.99
27.0,34.31,69.16
23.0,31.54,69.57
10.0,30.41,66.54
16.0,30.31,49.27
16.0,21.86,94.03
34.0,7.41,60.26
20.0,49.71,50.48
11.0,9.09,86.66
19.0,32.51,40.03
8.0,23.4,92.88
22.0,25.26,57.38
5.0,22.28,59.95
4.0,34.58,49.05
14.0,29.2,64.68
7.0,27.7,57.04
17.0,7.77,50.03
8.0,20.81,44.95
3.0,29.48,50.37
11.0,23.18,54.0
3.0,23.0,93.31
13.0,26.04,90.95
15.0,34.51,13.05
6.0,8.7,57.68
35.0,8.91,14.66
26.0,20.76,58.03
35.0,29.5,51.6
6.0,25.3,47.68
30.0,30.74,61.07
25.0,56.36,61.59
19.0,5.91,58.63
13.0,9.62,67.88
16.0,20.16,47.18
33.0,32.33,53.93
11.0,20.16,47.11
5.0,29.63,55.28
13.0,20.95,49.55
27.0,21.9,17.06
18.0,28.35,62.76
2.0,33.33,11.14
22.0,26.73,62.75
1.0,30.38,42.76
6.0,31.38,52.2
22.0,29.48,85.71
27.0,30.31,48.13
16.0,9.04,61.21
11.0,31.11,64.12
23.0,45.8,63.12
15.0,25.29,57.56
6.0,20.25,61.15
1.0,22.93,49.37
7.0,23.85,67.71
29.0,32.29,50.86
7.0,54.04,87.61
19.0,46.57,64.64
22.0,29.9,52.17
19.0,9.11,88.56
31.0,21.12,15.04
13.0,31.18,60.07
8.0,54.94,61.64
32.0,24.13,45.49
35.0,34.94,62.47
18.0,27.92,53.55
22.0,31.82,63.56
20.0,7.67,64.74
15.0,27.86,50.77
5.0,31.2,68.77
3.0,6.14,93.51
32.0,25.57,41.42
8.0,22.95,63.82
32.0,25.85,62.08
20.0,27.49,41.41
27.0,5.98,65.62
10.0,30.09,66.24
17.0,23.38,60.63
32.0,28.3,42.97
26.0,5.74,53.5
11.0,24.73,54.67
16.0,32.48,53.0
33.0,34.03,60.64
1.0,21.43,64.86
5.0,34.58,60.9
30.0,23.43,94.03
2.0,29.4,41.82
6.0,48.69,64.83
5.0,30.08,63.91
17.0,50.34,11.14
19.0,27.8,54.18
26.0,56.79,51.11
20.0,20.76,53.3
28.0,48.14,93.14
10.0,34.24,48.94
8.0,25.72,59.68
33.0,23.65,54.9
27.0,27.5,46.09
21.0,21.85,62.32
35.0,20.11,91.08
20.0,22.77,47.09
9.0,22.4,60.29
15.0,27.76,94.03
10.0,32.3,62.56
21.0,7.15,92.02
16.0,33.25,49.97
28.0,32.76,59.58
31.0,8.29,48.65
25.0,26.77,94.03
1.0,31.56,47.71
14.0,22.77,87.36
5.0,32.55,48.42
13.0,27.0,93.72
10.0,31.97,61.96
17.0,31.88,56.84
20.0,31.76,49.73
19.0,20.12,66.62
7.0,23.29,44.01
22.0,26.47,45.52
1.0,27.72,63.79
33.0,28.76,41.23
27.0,10.0,12.61
15.0,32.65,52.23
14.0,6.88,61.24
18.0,33.21,66.73
1.0,8.31,89.03
5.0,9.94,92.71
18.0,25.66,17.43
15.0,28.17,89.43
23.0,56.82,40.69
2.0,27.96,63.43
10.0,28.54,64.16
15.0,30.89,15.33
24.0,51.92,58.25
35.0,26.59,63.1
10.0,26.74,54.33
23.0,24.68,45.45
11.0,25.5,49.04
1.0,34.24,53.66
13.0,21.77,85.48
26.0,21.67,40.62
35.0,23.02,88.38
33.0,57.06,62.5
27.0,32.32,60.28
24.0,30.62,63.68
29.0,21.92,66.88
14.0,30.66,42.47
3.0,27.51,59.57
24.0,31.03,16.76
18.0,5.78,45.15
20.0,27.09,49.38
26.0,8.25,43.25
29.0,21.79,57.36
29.0,28.12,17.61
14.0,56.96,54.32
12.0,29.96,50.11
33.0,32.73,12.54
18.0,27.38,50.76
7.0,54.08,65.5
14.0,24.56,42.64
11.0,30.21,61.72
13.0,30.4,63.68
17.0,27.8,57.53
8.0,56.24,55.69
4.0,32.0,42.1
22.0,8.99,53.04
29.0,28.22,50.09
5.0,49.22,69.35
21.0,27.52,86.84
8.0,26.88,86.77
31.0,33.46,14.04
26.0,29.79,69.5
21.0,24.93,59.32
1.0,23.58,68.93
24.0,34.45,11.14
33.0,26.99,55.58
26.0,20.01,53.85
29.0,30.75,67.9
3.0,50.43,54.99
27.0,22.37,68.48
16.0,58.06,55.01
17.0,33.45,51.18
5.0,27.41,62.19
24.0,26.34,94.03
5.0,23.67,61.51
32.0,31.9,42.36
16.0,29.78,89.43
19.0,33.4,67.66
3.0,34.12,46.98
18.0,30.62,67.69
33.0,27.89,41.36
3.0,26.47,68.42
2.0,23.95,47.05
16.0,22.97,54.31
29.0,32.48,50.55
29.0,28.41,64.74
35.0,23.54,85.86
21.0,30.99,60.67
1.0,51.69,43.06
32.0,49.23,47.46
7.0,23.12,48.99
24.0,7.44,63.16
11.0,31.51,58.17
1.0,25.32,68.77
19.0,32.09,55.93
9.0,8.97,53.91
20.0,29.85,65.22
21.0,32.08,64.38
26.0,26.87,59.59
2.0,33.63,88.19
33.0,30.01,56.06
13.0,23.8,41.41
5.0,30.24,59.59
25.0,57.94,61.29
19.0,28.03,52.52
1.0,34.04,54.33
3.0,20.32,17.36
5.0,30.01,44.56
19.0,56.02,91.53
30.0,29.48,66.28
32.0,33.07,56.19
15.0,51.46,13.51
13.0,24.01,41.95
14.0,34.95,16.83
9.0,27.09,50.76
2.0,31.48,50.85
4.0,30.47,67.94
19.0,27.38,58.02
16.0,50.36,63.35
15.0,20.82,55.76
24.0,22.26,47.45
9.0,33.13,87.11
7.0,33.99,48.82
35.0,24.29,63.46
23.0,28.39,41.41
16.0,28.46,45.19
8.0,53.21,92.87
17.0,29.82,46.58
35.0,45.2,47.14
24.0,27.35,41.81
20.0,20.16,68.71
2.0,32.44,87.48
8.0,27.52,47.62
4.0,32.61,50.81
20.0,32.39,66.83
20.0,24.35,59.43
25.0,20.65,49.57
22.0,31.42,49.24
15.0,28.98,63.42
33.0,23.26,94.03
24.0,30.32,46.93
6.0,23.3,57.23
30.0,7.54,64.92
26.0,34.91,41.58
35.0,29.35,69.29
6.0,30.27,52.71
14.0,27.25,90.74
13.0,24.8,65.83
8.0,6.38,60.53
13.0,25.03,40.1
5.0,34.63,55.77
7.0,6.81,52.33
5.0,24.09,55.75
6.0,29.53,63.04
13.0,27.75,40.0
6.0,21.4,56.53
2.0,34.64,62.54
3.0,29.89,49.62
3.0,33.76,13.51
13.0,20.38,54.73
15.0,31.22,12.59
25.0,23.0,46.5
17.0,21.64,14.55
2.0,21.48,56.44
26.0,28.01,64.34
19.0,33.74,64.94
2.0,27.25,66.27
32.0,21.26,11.14
35.0,48.44,66.37
14.0,30.79,64.15
10.0,25.45,54.39
12.0,30.05,12.42
20.0,28.07,65.35
15.0,58.45560000000002,67.68
6.0,24.62,58.28
19.0,24.29,69.98
17.0,33.18,11.14
6.0,22.72,45.23
6.0,27.88,60.54
21.0,58.45560000000002,49.2
1.0,21.28,62.89
27.0,21.04,65.56
19.0,30.76,60.1
18.0,6.94,45.25
2.0,32.4,86.29
6.0,30.27,50.51
14.0,33.1,85.59
1.0,22.35,15.01
29.0,23.68,16.5
30.0,54.95,69.25
17.0,30.52,46.83
29.0,28.74,45.98
32.0,25.02,15.13
9.0,24.2,42.75
3.0,24.29,40.19
34.0,26.3,51.83
34.0,22.06,92.37
24.0,24.01,40.8
27.0,26.87,88.26
10.0,27.5,56.27
14.0,6.59,89.75
24.0,5.8,57.26
1.0,30.37,91.73
11.0,33.41,40.35
31.0,23.65,54.37
20.0,20.35,13.15
23.0,31.14,50.22
27.0,27.45,40.44
34.0,49.83,49.58
21.0,30.99,64.02
2.0,21.78,47.99
13.0,20.54,91.77
4.0,48.77,56.78
30.0,34.37,91.69
24.0,23.31,94.03
26.0,23.01,53.0
28.0,54.37,43.29
25.0,22.79,49.66
25.0,6.27,69.41
11.0,24.01,53.25
23.0,9.13,46.02
3.0,32.51,53.23
9.0,21.05,60.08
31.0,21.96,61.7
7.0,7.55,50.06
1.0,9.77,44.29
32.0,22.36,43.31
26.0,34.04,47.25
21.0,22.45,50.01
6.0,34.17,61.6
2.0,26.58,50.2
9.0,8.33,43.74
34.0,25.32,11.65
4.0,27.56,49.5
16.0,32.68,85.21
21.0,48.76,66.0
2.0,27.85,43.47
23.0,28.79,66.21
6.0,25.82,67.04
3.0,24.4,44.56
24.0,31.42,51.26
23.0,57.75,55.05
7.0,7.14,63.83
9.0,24.54,50.22
27.0,28.1,51.88
32.0,26.35,55.03
35.0,5.53,56.22
12.0,33.8,52.53
1.0,30.84,58.09
21.0,32.97,91.74
19.0,9.16,62.76
18.0,24.9,60.27
31.0,30.6,52.83
32.0,21.38,89.39
31.0,23.67,64.85
16.0,57.99,62.46
27.0,34.59,51.98
33.0,34.25,56.65
16.0,48.39,88.06
3.0,7.04,68.95
26.0,31.99,63.42
19.0,26.35,40.05
1.0,33.27,15.28
19.0,21.68,61.41
29.0,32.06,65.81
10.0,29.12,45.46
23.0,5.53,50.26
22.0,30.68,54.24
16.0,20.32,59.25
22.0,31.42,55.36
22.0,29.32,69.95
22.0,58.45560000000002,86.54
11.0,9.6,46.39
7.0,20.08,17.3
15.0,6.6,93.44
26.0,30.92,59.03
5.0,22.4,66.52
23.0,32.15,12.29
1.0,24.71,61.04
27.0,21.75,67.05
2.0,20.61,54.89
23.0,54.82,42.48
30.0,30.08,68.29
18.0,34.6,64.14
15.0,25.76,53.55
16.0,21.76,14.33
9.0,26.82,89.35
31.0,47.3,52.87
28.0,32.67,47.0
1.0,30.35,65.25
8.0,32.7,61.07
19.0,30.11,19.32
26.0,22.11,60.74
7.0,32.37,93.47
33.0,31.06,54.13
4.0,34.59,54.14
27.0,25.06,42.95
29.0,50.54,59.44
15.0,21.82,57.66
9.0,24.16,52.44
17.0,21.31,43.44
30.0,24.16,64.09
11.0,29.65,59.96
17.0,25.48,54.43
34.0,33.63,68.96
30.0,31.53,68.97
34.0,31.08,62.88
1.0,34.92,56.5
17.0,33.22,57.96
4.0,32.13,61.81
2.0,29.59,92.06
7.0,50.59,52.28
2.0,24.67,59.62
13.0,20.41,55.53
31.0,8.11,44.71
6.0,31.68,47.86
1.0,6.44,68.15
29.0,28.27,88.78
16.0,31.79,64.27
30.0,25.1,62.57
10.0,25.74,47.17
31.0,24.54,63.05
23.0,27.45,20.0
9.0,24.83,11.56
6.0,22.14,58.48
33.0,6.92,55.74
27.0,33.62,61.61
31.0,57.94,45.78
16.0,27.48,54.4
24.0,55.55,58.96
31.0,20.75,15.38
17.0,20.5,65.82
15.0,27.5,53.82
11.0,33.87,89.21
7.0,5.56,51.98
28.0,6.3,52.17
3.0,20.77,60.1
9.0,55.23,63.81
33.0,9.51,40.57
27.0,21.48,49.3
17.0,27.86,60.83
17.0,26.92,91.54
5.0,46.63,45.43
11.0,26.01,12.0
30.0,6.76,41.89
34.0,21.6,48.88
3.0,34.14,44.48
18.0,57.49,68.5
13.0,22.93,58.07
32.0,20.9,52.99
27.0,30.06,52.51
13.0,27.28,52.12
24.0,27.12,43.88
9.0,24.62,59.74
25.0,48.6,14.41
33.0,23.67,65.1
26.0,32.5,66.61
20.0,33.24,54.6
21.0,25.93,16.37
9.0,21.71,48.34
18.0,23.37,57.01
1.0,23.19,66.54
7.0,23.02,11.7
21.0,9.93,64.91
28.0,55.86,41.53
17.0,50.3,60.59
24.0,29.6,45.05
34.0,26.54,57.86
9.0,23.1,45.67
19.0,21.95,57.44
24.0,47.03,60.04
31.0,21.92,41.5
2.0,27.04,60.74
20.0,22.05,66.37
25.0,26.36,94.0
25.0,23.49,11.27
16.0,30.4,42.23
5.0,26.29,56.03
13.0,22.75,85.64
3.0,30.36,59.12
34.0,24.83,59.78
4.0,25.23,69.7
30.0,52.6,55.1
8.0,22.99,40.14
8.0,23.76,45.41
18.0,8.25,51.75
22.0,28.63,15.11
14.0,21.53,55.44
9.0,27.96,64.74
32.0,22.75,13.77
13.0,22.39,88.08
20.0,26.39,56.21
4.0,31.31,59.78
25.0,28.48,55.12
19.0,54.51,40.71
7.0,29.67,40.64
31.0,56.16,51.22
29.0,6.29,45.78
30.0,25.16,53.19
1.0,22.53,57.69
27.0,27.7,49.14
31.0,28.47,54.37
18.0,28.4,48.2
29.0,25.6,59.43
24.0,27.72,16.78
25.0,31.87,60.55
15.0,21.76,51.08
24.0,57.09,11.15
35.0,32.63,43.26
27.0,28.21,51.9
13.0,20.82,13.92
25.0,24.6,44.91
5.0,22.2,17.61
13.0,34.07,66.23
28.0,25.27,41.18
3.0,24.4,61.7
24.0,30.21,53.91
18.0,51.55,93.84
5.0,9.25,86.64
10.0,21.17,19.21
8.0,33.98,41.59
8.0,31.9,55.5
20.0,31.86,51.55
9.0,20.42,44.46
25.0,26.89,53.66
27.0,30.64,48.58
26.0,32.58,69.82
26.0,23.92,69.51
3.0,29.25,86.3
8.0,29.55,89.96
28.0,23.84,45.35
10.0,32.99,53.33
11.0,31.77,56.05
6.0,26.12,56.84
32.0,53.71,53.53
11.0,28.74,58.46
12.0,5.53,60.52
29.0,50.95,61.95
24.0,32.77,54.91
33.0,23.43,42.9
28.0,9.84,44.7
3.0,23.99,53.05
2.0,28.65,94.03
17.0,20.29,60.47
20.0,31.47,65.23
21.0,5.53,47.77
8.0,8.88,59.62
29.0,28.01,11.29
13.0,30.3,66.74
24.0,20.03,43.71
13.0,24.46,43.29
8.0,52.17,41.18
9.0,24.71,48.15
17.0,25.59,46.42
34.0,29.1,15.26
15.0,7.46,14.01
29.0,21.38,46.36
16.0,21.23,47.52
22.0,26.15,17.03
3.0,20.14,66.96
22.0,25.77,18.09
32.0,23.55,51.57
2.0,21.55,49.06
27.0,56.34,48.69
4.0,52.59,11.32
10.0,30.74,19.1
33.0,25.68,48.67
17.0,23.68,44.92
20.0,33.52,53.58
28.0,33.16,11.14
2.0,8.42,65.49
31.0,31.46,50.52
9.0,20.51,61.09
34.0,33.72,48.61
33.0,52.92,63.87
12.0,5.53,56.3
33.0,27.44,46.1
19.0,31.75,57.51
8.0,26.63,49.57
27.0,27.75,63.95
30.0,47.84,65.71
4.0,49.33,56.86
31.0,33.8,52.87
34.0,33.68,48.45
27.0,34.34,43.86
35.0,33.53,47.27
33.0,29.13,64.54
14.0,33.22,41.87
19.0,6.39,17.24
32.0,26.75,51.66
33.0,24.03,67.37
22.0,20.33,56.15
6.0,8.57,63.76
5.0,7.79,53.21
14.0,22.48,92.39
34.0,21.93,57.88
7.0,47.48,61.67
26.0,28.86,65.3
31.0,30.59,47.46
6.0,29.07,11.37
6.0,7.05,91.75
20.0,29.97,53.38
26.0,8.57,65.39
26.0,31.74,42.62
21.0,28.05,60.08
6.0,23.93,41.38
3.0,32.1,59.88
32.0,29.06,11.47
2.0,33.47,61.41
32.0,7.67,43.82
17.0,21.88,65.33
1.0,51.71,53.34
17.0,33.3,85.22
5.0,31.11,46.42
5.0,9.75,55.76
17.0,24.53,64.83
23.0,27.14,19.08
23.0,8.53,44.96
12.0,21.25,58.63
35.0,25.63,40.97
4.0,50.55,89.42
11.0,54.44,85.38
28.0,24.76,52.28
34.0,8.95,63.71
18.0,8.4,64.99
2.0,24.14,64.04
29.0,24.81,67.53
15.0,5.77,42.32
13.0,20.61,42.58
28.0,45.64,19.56
35.0,30.68,11.47
19.0,24.82,89.69
1.0,25.46,18.73
23.0,26.4,68.76
32.0,26.31,91.45
1.0,22.55,53.53
1.0,32.63,59.59
8.0,30.37,49.49
22.0,22.65,55.24
1.0,47.71,47.44
4.0,31.89,50.97
4.0,7.45,44.33
26.0,26.72,19.14
9.0,29.31,68.34
25.0,9.17,60.83
10.0,21.87,59.54
21.0,5.53,58.35
11.0,6.36,62.02
32.0,23.22,64.61
3.0,29.86,41.71
14.0,20.52,65.57
20.0,24.44,43.13
11.0,28.65,19.41
8.0,27.81,65.42
21.0,21.63,55.4
34.0,9.05,43.83
32.0,5.53,68.23
21.0,33.23,53.43
23.0,58.45560000000002,53.12
32.0,24.1,51.8
20.0,8.43,49.08
24.0,6.97,45.91
7.0,33.87,57.2
12.0,7.78,14.17
2.0,24.09,53.87
27.0,7.4,56.02
24.0,22.51,61.24
11.0,50.45,61.56
26.0,25.3,86.07
24.0,30.88,61.81
8.0,29.22,61.19
17.0,29.54,68.21
1.0,28.27,40.5
9.0,5.84,67.25
17.0,24.98,44.76
33.0,21.66,43.67
5.0,30.74,58.45
34.0,24.52,52.04
12.0,28.27,64.85
32.0,27.56,93.0
14.0,29.74,47.46
27.0,29.46,56.86
14.0,22.92,91.09
26.0,20.33,69.92
31.0,28.32,65.2
32.0,28.25,89.96
32.0,33.91,62.73
8.0,51.52,14.6
13.0,20.2,49.87
28.0,20.23,13.22
14.0,57.33,61.42
26.0,8.91,58.71
29.0,25.09,92.29
5.0,22.06,66.38
21.0,34.51,15.71
17.0,31.17,65.73
15.0,32.94,55.15
4.0,26.09,69.0
8.0,6.99,69.67
26.0,21.2,90.0
20.0,8.98,89.49
6.0,29.74,49.93
8.0,20.24,11.35
20.0,23.38,69.69
25.0,27.22,59.04
28.0,23.96,49.57
31.0,33.53,61.86
21.0,28.46,63.93
34.0,31.23,66.48
19.0,49.66,92.76
8.0,27.82,57.63
11.0,28.59,53.26
10.0,29.59,50.72
3.0,26.19,69.21
11.0,29.44,62.25
35.0,26.46,18.38
16.0,32.78,45.11
34.0,34.25,62.01
3.0,29.73,89.77
15.0,30.23,57.8
13.0,25.53,11.14
26.0,20.17,67.08
5.0,31.17,47.28
23.0,23.06,42.64
13.0,30.7,50.72
3.0,32.77,44.02
28.0,26.75,61.74
12.0,29.56,85.18
23.0,27.25,42.45
17.0,22.24,94.03
1.0,23.97,42.94
9.0,24.53,48.69
8.0,32.0,67.04
15.0,21.56,57.95
25.0,24.45,56.68
28.0,51.55,94.03
22.0,31.28,59.68
26.0,50.86,47.04
17.0,32.38,62.78
14.0,33.0,11.14
29.0,31.23,18.7
15.0,22.8,55.55
1.0,28.96,66.19
15.0,26.45,65.36
10.0,32.24,68.5
17.0,26.47,53.76
5.0,30.89,68.45
25.0,22.45,91.87
10.0,24.68,52.09
1.0,28.33,56.45
2.0,21.86,61.89
9.0,25.83,40.91
1.0,31.21,59.94
9.0,30.74,89.28
18.0,21.14,54.57
32.0,30.74,52.67
2.0,23.95,69.67
30.0,8.19,66.1
11.0,27.22,64.62
28.0,29.41,56.87
17.0,28.77,16.0
2.0,45.23,52.45
7.0,33.91,69.19
35.0,25.25,56.2
20.0,5.76,59.54
19.0,32.51,40.91
30.0,7.75,89.14
35.0,27.29,57.43
33.0,27.56,15.17
7.0,29.91,14.72
21.0,8.74,56.18
13.0,49.29,69.9
17.0,28.9,66.78
25.0,20.94,19.8
2.0,27.57,59.87
13.0,29.14,57.5
31.0,31.24,53.67
17.0,54.05,52.78
2.0,27.54,66.12
14.0,54.77,57.67
13.0,26.68,56.04
35.0,34.13,64.12
19.0,25.0,13.75
19.0,22.4,58.96
35.0,28.81,57.3
28.0,22.56,55.0
10.0,21.81,54.22
30.0,20.32,57.67
21.0,50.46,60.67
9.0,20.32,92.22
33.0,26.05,62.49
5.0,8.74,93.94
14.0,23.66,44.36
9.0,30.87,66.9
24.0,23.03,15.95
5.0,48.13,56.69
15.0,30.09,55.9
14.0,46.9,65.5
24.0,9.2,48.02
25.0,32.26,40.15
14.0,20.35,40.74
11.0,34.96,12.83
23.0,27.04,45.18
26.0,25.83,55.05
14.0,49.91,48.77
10.0,28.62,51.38
30.0,31.71,41.71
9.0,21.57,89.32
22.0,5.53,43.9
23.0,46.76,18.49
23.0,31.64,65.65
6.0,24.27,44.37
20.0,22.97,60.68
21.0,6.82,53.43
1.0,23.78,64.65
27.0,26.22,11.14
7.0,28.13,50.0
25.0,30.31,68.3
12.0,8.47,62.03
35.0,31.1,66.73
19.0,24.28,61.02
19.0,23.55,63.62
27.0,31.94,17.78
25.0,22.33,49.79
14.0,23.47,45.58
20.0,8.73,61.74
25.0,20.7,56.58
25.0,22.5,53.08
33.0,34.99,16.93
9.0,9.89,48.9
34.0,49.16,55.9
12.0,31.91,51.83
16.0,28.0,13.42
20.0,8.65,62.61
30.0,56.86,58.43
12.0,29.98,69.02
31.0,27.12,62.66
30.0,22.89,51.03
28.0,28.21,49.17
1.0,25.0,58.39
10.0,20.36,11.14
6.0,26.5,69.71
13.0,25.23,67.6
23.0,23.16,68.05
5.0,5.53,59.49
13.0,20.61,64.16
16.0,46.52,52.1
22.0,51.63,16.52
17.0,29.57,54.03
15.0,34.21,45.3
26.0,27.59,48.88
23.0,28.13,64.76
11.0,56.74,43.64
24.0,53.38,51.03
8.0,23.97,50.46
19.0,6.37,56.13
4.0,6.52,51.24
18.0,28.34,65.74
29.0,58.45560000000002,65.74
33.0,29.59,68.4
22.0,48.45,50.98
31.0,21.13,53.69
4.0,21.72,53.69
6.0,23.48,61.92
2.0,28.97,57.36
10.0,27.27,14.59
2.0,33.19,65.48
17.0,54.98,45.76
23.0,20.62,44.61
20.0,56.03,43.37
14.0,27.09,41.28
15.0,27.73,64.22
2.0,56.91,46.89
27.0,8.56,56.85
5.0,25.39,46.73
3.0,34.53,94.03
15.0,50.36,59.13
12.0,22.7,56.36
10.0,27.66,40.3
24.0,26.55,56.63
17.0,31.32,65.42
19.0,21.97,48.74
23.0,21.57,63.47
19.0,26.63,60.36
15.0,27.37,51.44
3.0,50.5,60.08
7.0,27.74,53.72
25.0,34.45,91.9
1.0,49.2,61.71
12.0,47.92,52.95
2.0,26.24,87.42
14.0,34.61,44.99
17.0,20.49,48.28
15.0,22.04,46.08
16.0,23.09,62.57
31.0,21.33,44.85
14.0,29.08,58.95
21.0,32.66,56.58
8.0,34.21,47.02
2.0,28.59,12.93
34.0,33.22,58.36
8.0,54.62,43.17
5.0,26.2,46.77
1.0,25.45,55.79
32.0,34.06,65.68
9.0,32.9,42.76
21.0,27.04,56.4
27.0,33.14,65.65
9.0,5.53,65.06
32.0,30.32,61.26
28.0,45.96,56.8
31.0,50.14,54.44
8.0,27.22,65.6
22.0,24.95,61.23
2.0,28.06,65.59
26.0,25.81,50.7
19.0,33.95,67.26
26.0,32.61,57.12
22.0,22.01,57.5
21.0,24.67,49.43
21.0,22.36,61.95
5.0,20.81,61.16
16.0,34.25,59.26
19.0,34.05,40.57
33.0,25.59,57.14
17.0,25.82,40.93
32.0,30.8,87.0
25.0,24.73,56.3
6.0,31.94,93.42
23.0,6.86,15.65
5.0,25.55,53.51
14.0,30.47,67.0
8.0,20.92,46.71
30.0,21.72,52.18
24.0,21.73,15.85
29.0,34.36,65.48
21.0,22.39,47.41
12.0,27.63,50.31
4.0,21.63,69.54
34.0,32.11,19.48
25.0,32.46,54.93
21.0,31.38,11.44
23.0,29.94,56.79
29.0,26.41,68.02
27.0,21.74,88.51
27.0,31.51,53.32
17.0,22.9,42.45
6.0,29.15,67.59
9.0,22.11,44.91
29.0,32.29,62.27
21.0,20.84,44.63
13.0,32.3,48.6
23.0,28.06,55.16
23.0,9.84,58.8
4.0,20.63,49.03
15.0,33.34,62.74
14.0,23.23,51.2
23.0,24.22,50.07
9.0,8.21,54.73
24.0,20.21,67.18
33.0,31.18,50.78
15.0,46.7,13.02
16.0,25.62,85.04
22.0,21.89,65.08
4.0,21.61,45.49
30.0,21.43,50.44
27.0,30.52,48.29
28.0,27.06,52.46
34.0,20.88,11.35
5.0,45.89,52.82
24.0,33.23,40.07
24.0,56.25,66.09
15.0,58.45560000000002,68.99
20.0,56.6,64.73
11.0,8.67,56.88
29.0,26.66,67.47
31.0,21.27,49.85
2.0,23.1,92.89
3.0,28.23,14.13
34.0,58.01,18.44
32.0,24.37,18.97
23.0,52.89,43.61
21.0,25.52,69.48
35.0,47.25,64.45
10.0,22.93,45.58
11.0,31.74,89.08
27.0,29.52,16.17
35.0,25.58,44.09
29.0,33.5,59.06
5.0,28.19,65.94
32.0,33.97,87.98
10.0,28.11,47.85
1.0,20.51,42.5
23.0,24.26,65.58
14.0,33.16,54.67
33.0,52.19,88.2
21.0,28.56,46.32
23.0,25.03,54.87
10.0,23.4,63.66
21.0,24.35,17.44
23.0,27.45,57.49
12.0,34.42,68.77
12.0,20.75,94.03
35.0,24.9,46.94
3.0,23.83,50.66
27.0,8.21,50.43
23.0,22.51,53.46
23.0,6.97,48.27
14.0,29.13,67.51
35.0,30.04,85.35
32.0,51.48,62.23
11.0,23.01,67.25
15.0,34.31,12.7
16.0,31.87,40.39
20.0,25.31,56.74
10.0,31.73,40.78
33.0,22.21,49.81
1.0,33.63,40.54
1.0,23.75,12.62
19.0,28.86,53.35
11.0,29.05,40.95
16.0,50.26,50.98
13.0,23.78,69.36
3.0,20.91,66.54
33.0,21.36,53.44
22.0,33.87,69.52
5.0,21.85,60.08
9.0,27.91,48.55
18.0,31.74,47.16
24.0,31.57,11.17
8.0,34.78,49.66
13.0,9.9,46.93
25.0,9.9,59.47
10.0,56.69,43.43
29.0,31.95,85.27
9.0,48.82,41.43
19.0,33.12,16.05
29.0,50.93,46.7
26.0,30.08,68.36
10.0,54.61,94.03
16.0,34.26,88.82
20.0,33.31,93.62
28.0,22.2,45.57
29.0,6.56,53.33
25.0,28.4,47.06
22.0,58.18,47.44
30.0,31.64,90.54
20.0,8.13,46.02
32.0,21.47,58.65
7.0,24.87,67.35
15.0,33.16,48.83
27.0,28.68,15.85
1.0,21.57,50.36
33.0,24.07,66.36
23.0,52.78,67.01
34.0,25.05,43.25
4.0,30.64,53.49
18.0,31.85,63.31
26.0,27.97,85.2
5.0,6.94,67.14
31.0,31.38,62.33
25.0,25.64,48.8
8.0,8.56,55.49
11.0,33.99,69.38
30.0,20.85,64.12
24.0,26.29,69.16
33.0,26.97,64.23
30.0,5.53,65.85
3.0,5.53,11.14
32.0,23.39,14.9
33.0,52.47,89.26
10.0,21.41,85.05
22.0,21.87,17.74
13.0,22.99,68.82
15.0,23.2,19.62
16.0,34.75,69.26
16.0,34.82,13.31
31.0,33.02,41.57
27.0,45.72,86.56
13.0,22.15,46.85
20.0,32.24,68.0
4.0,21.12,47.79
9.0,8.25,55.62
22.0,27.94,12.97
15.0,31.37,52.46
34.0,23.6,11.14
5.0,54.12,51.99
3.0,25.51,60.13
34.0,25.85,58.55
14.0,22.53,61.31
16.0,22.06,94.03
13.0,50.63,40.52
3.0,22.98,51.01
22.0,28.09,62.44
7.0,32.25,57.44
10.0,8.73,50.2
5.0,28.64,61.57
13.0,58.45560000000002,68.58
30.0,23.32,67.11
34.0,22.1,48.7
16.0,28.25,69.79
19.0,27.09,41.06
26.0,31.93,92.93
16.0,28.11,47.9
2.0,20.79,45.82
30.0,24.23,63.6
34.0,28.68,60.83
22.0,34.56,54.86
13.0,9.73,18.61
3.0,20.47,56.3
31.0,5.53,53.62
34.0,25.26,66.4
8.0,24.36,89.33
3.0,34.57,13.56
33.0,34.31,46.56
16.0,33.56,64.58
17.0,22.32,56.07
32.0,26.16,56.91
33.0,30.87,18.59
28.0,22.08,12.26
32.0,30.3,58.34
26.0,25.62,60.24
23.0,50.54,47.67
13.0,9.89,62.39
4.0,22.2,89.23
26.0,24.63,60.07
24.0,26.02,55.06
10.0,33.72,48.97
32.0,32.49,57.43
16.0,5.99,64.39
3.0,22.28,54.94
8.0,26.32,46.32
15.0,29.0,85.07
27.0,22.0,68.27
11.0,21.6,42.6
9.0,30.24,50.33
5.0,31.68,56.43
15.0,22.31,12.4
21.0,5.53,44.59
17.0,31.18,50.21
10.0,23.84,47.83
28.0,45.12,54.91
25.0,8.4,67.06
34.0,49.09,56.09
33.0,24.32,46.76
21.0,29.32,66.26
32.0,31.87,51.19
33.0,26.62,85.09
9.0,22.71,16.13
10.0,26.59,56.67
34.0,23.12,16.24
9.0,20.51,62.07
28.0,6.6,45.97
2.0,25.46,51.77
12.0,22.99,50.19
2.0,31.59,93.44
24.0,26.31,69.22
8.0,26.05,51.57
27.0,22.63,19.53
13.0,20.06,40.25
18.0,5.78,54.72
22.0,30.38,60.05
20.0,27.66,88.47
22.0,28.07,51.62
7.0,6.55,87.36
27.0,32.87,53.45
32.0,27.13,93.14
24.0,52.2,65.19
15.0,31.15,58.81
1.0,26.61,43.89
8.0,21.54,41.78
23.0,23.85,51.44
30.0,30.77,59.08
2.0,29.77,14.72
31.0,45.19,59.7
23.0,57.25,52.85
30.0,6.42,59.96
20.0,24.46,55.44
35.0,32.18,66.99
28.0,24.81,90.65
34.0,26.09,64.77
5.0,9.06,63.68
10.0,24.96,58.47
10.0,25.04,64.14
11.0,20.12,54.72
23.0,32.79,67.0
7.0,28.78,69.6
30.0,24.46,90.66
3.0,33.72,42.55
33.0,29.36,61.76
30.0,49.98,59.1
7.0,25.69,43.28
14.0,34.86,68.43
14.0,26.89,44.57
27.0,30.8,11.14
10.0,22.29,11.14
7.0,20.89,57.61
12.0,20.75,45.19
3.0,22.48,53.69
19.0,30.07,94.03
28.0,49.86,68.77
11.0,27.89,65.98
21.0,22.06,42.35
12.0,20.53,50.7
9.0,26.73,65.55
22.0,52.35,60.67
16.0,28.11,43.29
24.0,22.53,54.93
19.0,28.45,54.0
24.0,49.24,49.54
31.0,27.73,40.71
9.0,30.09,53.27
18.0,7.14,48.3
2.0,21.91,62.66
4.0,29.13,66.49
35.0,23.98,53.41
26.0,24.99,16.08
9.0,57.73,40.94
5.0,21.89,55.08
31.0,25.37,49.09
32.0,22.97,48.5
3.0,23.7,67.49
11.0,25.58,50.02
17.0,48.61,63.91
17.0,21.52,55.97
18.0,25.68,48.38
30.0,33.96,40.53
26.0,34.5,53.73
24.0,33.08,49.46
10.0,29.99,52.52
30.0,29.8,55.85
25.0,53.67,45.0
3.0,8.58,60.28
35.0,22.45,58.21
11.0,26.64,58.3
32.0,31.27,45.09
8.0,27.18,65.73
35.0,25.56,53.17
10.0,34.78,92.41
7.0,21.77,40.16
13.0,29.06,15.52
23.0,31.66,46.74
23.0,28.34,89.85
33.0,34.15,60.46
35.0,30.41,65.28
27.0,27.57,19.65
16.0,34.14,69.62
32.0,23.22,47.04
15.0,8.24,52.17
15.0,29.25,66.15
31.0,49.55,64.0
8.0,28.01,18.72
18.0,24.63,60.93
28.0,50.91,68.71
15.0,47.33,48.52
16.0,27.72,65.61
9.0,8.52,87.46
14.0,20.26,63.78
14.0,23.33,86.38
3.0,28.87,56.77
25.0,27.02,51.59
4.0,32.45,46.55
18.0,27.7,59.61
9.0,30.98,64.37
35.0,21.99,64.44
4.0,23.75,11.14
5.0,29.12,50.45
10.0,25.91,19.3
19.0,28.48,54.64
5.0,33.35,62.49
18.0,52.23,43.96
35.0,25.94,91.12
29.0,58.45560000000002,63.03
1.0,23.78,53.38
24.0,34.21,60.89
25.0,20.6,46.63
19.0,26.35,11.46
28.0,23.46,51.7
9.0,28.26,48.07
19.0,6.34,90.45
29.0,20.12,41.41
30.0,27.43,14.96
22.0,30.38,43.35
25.0,6.65,42.33
9.0,24.08,59.77
31.0,9.74,64.75
29.0,26.33,59.54
5.0,24.05,61.44
7.0,26.64,69.15
7.0,30.57,19.71
33.0,29.94,54.4
20.0,23.27,12.13
14.0,50.86,62.74
3.0,30.98,58.49
21.0,27.38,44.75
35.0,27.28,47.89
7.0,22.07,91.77
8.0,20.45,43.32
7.0,28.42,46.87
10.0,25.94,60.98
13.0,29.21,17.11
28.0,21.5,59.6
22.0,27.1,86.3
17.0,33.77,51.59
22.0,58.45560000000002,52.14
33.0,24.53,42.34
34.0,23.99,43.24
10.0,33.87,63.52
35.0,27.53,48.4
33.0,28.39,42.23
6.0,7.67,51.86
10.0,22.94,59.95
10.0,21.93,46.62
24.0,23.1,69.56
18.0,5.53,87.39
26.0,30.27,43.44
3.0,28.02,17.05
28.0,24.32,49.81
12.0,5.94,43.79
25.0,33.62,45.06
35.0,8.52,55.35
22.0,23.46,91.25
16.0,31.52,43.78
24.0,29.46,12.18
29.0,20.19,93.11
6.0,22.83,48.65
2.0,33.84,41.79
32.0,28.1,62.63
7.0,23.72,17.2
16.0,22.74,61.9
19.0,25.23,64.95
20.0,20.08,63.15
1.0,25.35,42.76
23.0,20.49,58.69
34.0,22.22,11.14
5.0,32.19,58.27
10.0,20.94,61.26
22.0,25.07,94.03
4.0,29.28,47.81
18.0,22.1,62.96
34.0,47.37,53.48
15.0,30.42,62.97
11.0,8.31,60.83
5.0,34.79,63.25
3.0,32.03,52.02
31.0,22.01,50.65
14.0,26.42,18.24
13.0,30.59,43.41
13.0,24.04,67.16
10.0,28.47,61.35
17.0,25.77,49.26
15.0,28.07,40.3
33.0,31.63,11.14
14.0,33.36,59.6
18.0,34.39,54.74
32.0,30.4,85.25
23.0,34.64,49.71
35.0,32.91,66.12
2.0,21.62,67.24
26.0,32.99,41.31
10.0,33.05,54.91
34.0,27.81,58.17
11.0,24.38,56.18
33.0,30.21,11.14
19.0,29.35,55.6
33.0,24.7,64.69
8.0,31.5,44.83
6.0,23.34,14.17
27.0,8.38,62.16
20.0,32.21,62.57
2.0,28.38,41.92
28.0,22.74,41.56
17.0,25.32,62.59
29.0,5.53,55.81
28.0,20.36,58.75
19.0,21.35,53.9
8.0,31.23,56.69
13.0,23.17,89.08
17.0,26.28,57.8
6.0,26.02,13.3
19.0,30.52,58.61
12.0,31.76,68.47
8.0,5.53,54.07
21.0,25.04,57.57
31.0,27.25,85.56
10.0,31.59,61.43
29.0,24.57,44.13
9.0,25.39,11.22
30.0,29.26,11.77
24.0,27.05,69.95
15.0,20.4,61.59
12.0,7.07,17.74
17.0,27.14,66.07
1.0,28.79,11.14
31.0,9.58,13.44
4.0,22.89,53.96
34.0,34.06,66.12
13.0,5.53,87.49
32.0,31.81,66.09
17.0,26.03,65.74
22.0,21.23,61.38
19.0,7.89,55.26
15.0,34.34,90.73
25.0,21.66,46.89
27.0,28.49,51.92
17.0,54.21,59.35
21.0,27.03,51.69
7.0,22.65,47.55
3.0,34.19,69.24
13.0,6.73,65.94
12.0,20.95,43.07
4.0,45.72,40.76
35.0,52.17,50.27
20.0,25.12,63.56
19.0,55.68,66.86
21.0,33.23,86.51
8.0,32.4,51.74
15.0,23.94,56.16
15.0,30.89,54.74
27.0,28.1,19.8
16.0,32.65,53.94
19.0,34.17,66.78
26.0,34.91,46.09
34.0,27.8,90.45
16.0,25.06,90.36
3.0,22.56,68.35
14.0,9.85,56.37
19.0,28.47,43.15
27.0,32.48,55.52
3.0,21.8,86.42
5.0,27.35,67.98
16.0,30.35,58.83
32.0,23.53,66.74
6.0,23.22,47.02
19.0,33.36,65.39
26.0,33.65,68.07
11.0,8.45,54.06
3.0,30.37,40.02
21.0,8.14,50.13
16.0,33.08,91.92
18.0,28.07,56.17
4.0,26.52,18.71
16.0,7.26,63.47
4.0,22.43,65.14
1.0,21.42,66.97
24.0,27.91,57.85
12.0,46.65,89.06
1.0,34.78,40.08
15.0,25.88,13.98
35.0,5.53,59.03
28.0,30.08,58.93
17.0,34.15,65.43
24.0,32.07,85.11
2.0,32.33,54.26
35.0,6.65,15.48
8.0,51.33,93.2
8.0,25.72,58.46
14.0,25.84,58.83
8.0,8.99,92.73
14.0,25.43,68.29
10.0,58.39,86.02
24.0,23.54,57.38
25.0,20.22,62.42
13.0,32.81,59.72
33.0,20.14,60.45
1.0,32.14,40.64
27.0,20.95,11.63
13.0,28.63,87.69
29.0,26.57,67.97
21.0,22.51,63.84
5.0,32.68,50.36
14.0,25.78,59.53
32.0,29.0,59.95
23.0,33.8,50.47
14.0,30.36,55.57
33.0,33.02,55.82
14.0,30.94,47.04
30.0,51.78,56.35
13.0,45.25,85.74
23.0,33.02,43.18
13.0,31.03,48.05
24.0,24.81,63.05
19.0,24.44,51.93
6.0,28.37,64.28
12.0,23.41,63.8
7.0,27.62,62.61
11.0,25.65,59.47
7.0,30.53,67.98
31.0,27.36,41.17
15.0,8.45,54.44
24.0,5.65,64.0
11.0,26.36,53.73
29.0,22.26,57.81
3.0,25.75,46.64
20.0,55.06,43.26
6.0,27.67,48.4
16.0,25.16,46.96
27.0,58.45560000000002,18.28
35.0,21.33,51.75
20.0,34.82,40.07
35.0,24.2,94.02
13.0,24.28,57.58
3.0,5.81,52.8
5.0,33.6,40.26
34.0,50.8,42.42
33.0,21.78,62.38
34.0,31.18,85.89
6.0,30.36,65.73
30.0,31.78,45.05
4.0,23.15,12.0
29.0,26.67,67.13
20.0,9.03,56.2
6.0,29.4,46.18
30.0,23.23,69.32
2.0,45.25,48.76
3.0,54.91,94.03
29.0,22.95,18.42
21.0,25.6,48.09
19.0,9.46,69.44
19.0,31.63,53.75
19.0,26.71,11.87
9.0,24.57,14.66
22.0,45.56,15.11
17.0,6.83,67.83
3.0,32.63,68.52
17.0,24.94,88.73
20.0,5.53,44.05
1.0,27.17,47.72
27.0,21.41,68.12
6.0,6.47,68.13
25.0,29.18,57.06
30.0,7.26,19.89
13.0,21.46,52.61
31.0,25.55,66.6
28.0,20.13,52.42
1.0,23.87,17.98
1.0,31.29,62.55
24.0,31.34,55.81
6.0,23.92,56.07
4.0,28.17,58.12
30.0,5.78,40.39
18.0,52.51,46.37
25.0,33.32,54.42
13.0,26.27,62.34
8.0,29.04,52.73
26.0,23.76,43.58
5.0,20.73,49.9
27.0,30.53,52.16
24.0,30.18,52.12
28.0,27.76,52.53
8.0,24.57,51.52
10.0,31.72,42.66
31.0,28.87,52.32
14.0,58.45560000000002,18.23
15.0,25.79,87.67
4.0,30.63,49.99
19.0,31.5,57.94
7.0,31.58,42.32
3.0,20.34,65.12
2.0,30.09,47.49
26.0,25.82,42.2
27.0,34.95,94.03
4.0,21.9,45.24
31.0,58.45560000000002,49.32
15.0,5.53,45.72
26.0,29.02,11.44
5.0,7.28,60.55
20.0,6.22,57.48
20.0,29.57,45.53
31.0,22.54,45.7
7.0,22.08,15.23
4.0,24.96,63.01
10.0,31.24,40.65
18.0,5.53,47.03
22.0,27.87,93.52
22.0,8.08,16.62
8.0,49.67,63.83
11.0,50.16,69.63
30.0,51.23,55.5
30.0,32.57,65.61
19.0,25.81,52.44
22.0,20.42,48.06
16.0,26.36,43.29
4.0,52.12,50.03
9.0,21.31,64.49
22.0,20.96,47.78
14.0,26.15,12.91
22.0,24.52,61.6
23.0,57.55,63.25
30.0,49.84,88.69
5.0,26.2,68.65
30.0,30.98,86.98
2.0,32.44,45.86
10.0,26.02,44.6
24.0,29.97,45.24
33.0,5.98,67.99
33.0,34.6,66.17
10.0,30.75,59.44
2.0,21.64,56.38
7.0,27.58,62.77
6.0,22.04,68.53
12.0,30.0,55.55
7.0,24.36,68.72
14.0,28.92,52.48
7.0,50.9,92.84
13.0,30.66,64.68
7.0,25.94,47.33
29.0,24.68,45.58
3.0,6.12,60.19
14.0,28.49,47.95
21.0,28.24,59.64
19.0,34.24,91.48
3.0,25.24,65.57
22.0,31.8,51.4
33.0,32.83,49.07
5.0,30.05,59.1
34.0,26.53,54.2
18.0,26.75,69.89
6.0,6.1,16.59
15.0,33.98,46.36
19.0,32.11,12.62
2.0,58.45560000000002,63.39
35.0,34.67,16.45
4.0,29.04,14.36
27.0,29.35,67.24
25.0,34.08,55.82
32.0,33.34,60.63
2.0,27.36,66.65
16.0,24.9,40.95
33.0,20.94,44.93
35.0,34.96,67.81
21.0,33.94,67.53
16.0,21.88,63.16
28.0,31.79,49.73
6.0,32.32,12.93
12.0,25.91,15.07
20.0,21.14,65.76
17.0,26.14,85.55
27.0,30.4,54.93
10.0,28.36,67.75
2.0,32.32,43.59
30.0,23.89,54.81
30.0,6.44,61.63
14.0,5.6,48.68
23.0,5.53,40.76
32.0,22.87,55.35
25.0,24.46,58.21
31.0,26.16,40.68
12.0,32.65,45.05
14.0,31.85,58.79
22.0,27.17,62.33
12.0,51.42,61.8
23.0,30.25,49.58
22.0,23.38,69.38
25.0,27.77,47.65
22.0,31.87,52.62
15.0,24.52,40.65
33.0,26.43,16.39
19.0,54.11,54.19
27.0,29.6,55.34
30.0,20.33,49.73
23.0,20.53,54.99
35.0,28.32,42.78
31.0,20.32,49.65
19.0,30.05,54.88
13.0,34.58,18.56
27.0,55.34,49.99
17.0,32.98,11.15
4.0,9.84,40.76
15.0,33.2,11.14
7.0,29.51,62.14
24.0,29.76,55.0
17.0,28.96,19.69
16.0,32.32,90.34
9.0,25.96,61.14
14.0,28.0,52.8
3.0,29.18,86.08
5.0,21.01,17.68
7.0,8.75,41.67
25.0,23.83,91.54
32.0,21.91,47.43
11.0,9.1,42.58
26.0,7.11,61.08
28.0,22.32,92.4
9.0,33.69,58.77
31.0,20.31,11.14
22.0,5.66,42.03
16.0,23.55,12.46
4.0,22.33,57.06
1.0,20.55,61.32
27.0,45.98,50.77
23.0,24.87,45.37
13.0,34.74,59.13
24.0,26.65,64.62
1.0,30.01,50.76
5.0,23.57,51.43
14.0,33.83,46.16
12.0,25.04,51.58
8.0,57.7,12.51
15.0,31.14,41.92
20.0,20.73,40.28
33.0,21.89,11.73
9.0,23.52,62.46
25.0,20.18,55.21
10.0,57.46,45.53
19.0,30.36,47.38
13.0,29.0,57.58
12.0,27.5,41.59
7.0,33.55,57.73
26.0,26.25,52.89
33.0,21.66,51.3
18.0,25.9,51.16
7.0,32.02,59.08
4.0,25.95,40.81
30.0,25.8,69.28
18.0,25.51,63.29
19.0,49.92,69.62
8.0,29.55,94.03
31.0,20.45,94.03
21.0,27.19,41.86
18.0,28.48,89.73
17.0,23.46,67.81
4.0,23.55,12.07
7.0,25.84,67.71
32.0,22.94,11.6
27.0,26.99,50.24
12.0,6.46,54.89
29.0,23.45,88.63
12.0,28.82,92.81
25.0,24.2,67.81
34.0,20.72,69.69
18.0,20.09,55.17
3.0,26.18,57.19
35.0,34.75,63.59
25.0,26.36,67.94
17.0,20.96,16.21
19.0,24.75,46.83
3.0,33.97,61.55
29.0,24.93,45.61
24.0,22.51,43.26
6.0,30.56,89.35
8.0,9.89,66.85
1.0,22.8,69.81
13.0,20.8,60.04
26.0,45.65,47.03
7.0,27.34,69.82
11.0,6.47,51.8
1.0,25.67,46.34
27.0,31.92,47.8
21.0,24.8,62.45
9.0,24.28,64.84
9.0,34.42,69.07
21.0,24.09,60.49
6.0,28.74,52.27
27.0,27.91,59.15
3.0,26.23,88.43
19.0,20.09,14.96
33.0,23.07,46.26
14.0,29.89,63.4
34.0,58.45560000000002,94.03
35.0,28.31,64.71
34.0,33.81,53.49
16.0,26.62,64.77
35.0,21.55,62.03
18.0,52.27,62.43
10.0,54.75,60.93
19.0,30.12,69.86
26.0,20.84,89.64
21.0,33.52,68.81
18.0,27.78,45.34
15.0,58.45560000000002,88.85
35.0,51.23,14.64
26.0,21.32,62.41
18.0,6.57,50.22
7.0,33.79,67.52
33.0,29.08,43.84
29.0,23.14,49.4
15.0,24.66,60.75
12.0,47.36,48.94
24.0,20.32,86.28
12.0,30.17,12.91
16.0,23.69,68.33
12.0,24.89,61.46
25.0,31.97,18.12
32.0,32.74,64.86
17.0,22.43,53.38
34.0,53.92,51.68
32.0,20.8,47.6
12.0,50.04,42.29
11.0,56.97,41.21
34.0,50.89,59.92
34.0,21.66,69.38
21.0,30.84,41.16
30.0,20.1,55.64
14.0,21.96,65.34
16.0,26.03,91.38
31.0,25.84,85.21
10.0,7.55,66.41
14.0,22.97,56.17
6.0,29.02,43.26
15.0,30.69,47.17
4.0,32.6,64.53
17.0,22.81,47.47
32.0,32.9,47.67
3.0,28.15,46.62
8.0,33.94,85.27
7.0,23.64,49.57
17.0,22.7,68.67
28.0,21.72,19.97
26.0,28.12,56.04
11.0,26.21,59.62
22.0,29.65,47.76
5.0,30.24,62.33
10.0,28.81,66.12
8.0,23.66,66.77
27.0,26.6,43.98
33.0,26.24,48.11
9.0,6.25,42.88
12.0,29.38,44.8
10.0,23.42,46.85
27.0,22.24,66.7
28.0,33.29,50.44
18.0,34.64,69.57
23.0,34.03,64.88
3.0,26.55,67.33
33.0,28.29,51.82
9.0,27.26,61.48
19.0,32.79,58.06
31.0,33.06,65.3
20.0,26.38,69.56
27.0,30.76,64.27
24.0,23.5,53.29
14.0,27.17,52.63
31.0,34.54,42.16
35.0,26.68,64.31
6.0,20.76,85.85
20.0,20.05,44.87
25.0,8.02,65.99
13.0,20.59,42.81
12.0,23.35,42.52
30.0,50.64,19.48
5.0,32.9,17.04
35.0,28.67,69.85
5.0,33.28,18.22
29.0,23.44,68.26
9.0,22.32,52.65
19.0,30.48,92.75
20.0,29.34,66.9
20.0,58.45560000000002,57.07
35.0,32.89,15.19
32.0,34.61,42.2
13.0,33.63,64.18
20.0,26.56,88.88
20.0,28.97,55.53
7.0,22.31,64.63
27.0,31.65,19.4
18.0,8.64,57.98
10.0,23.76,65.14
15.0,30.26,89.06
22.0,23.63,55.61
5.0,34.49,67.56
35.0,53.05,18.56
2.0,47.5,41.9
35.0,32.79,58.34
2.0,28.07,91.11
4.0,29.22,56.83
23.0,53.62,62.77
23.0,20.74,56.53
28.0,6.74,19.75
32.0,34.16,62.42
32.0,34.67,62.42
14.0,26.74,59.08
7.0,32.03,52.28
25.0,9.25,47.23
3.0,29.86,46.63
18.0,6.07,48.52
23.0,22.34,68.41
4.0,9.82,14.05
30.0,26.2,12.05
2.0,28.34,18.83
12.0,27.9,89.67
20.0,53.96,45.52
9.0,34.73,51.75
13.0,27.52,11.14
19.0,5.53,11.14
30.0,50.61,64.39
28.0,33.27,54.39
5.0,21.91,12.98
32.0,20.35,89.92
19.0,24.39,85.77
24.0,25.78,40.59
20.0,23.45,47.7
15.0,33.26,43.22
20.0,5.81,51.18
23.0,31.69,14.56
21.0,56.61,85.48
30.0,33.46,67.37
12.0,31.22,18.87
3.0,33.05,45.91
25.0,22.71,94.03
8.0,23.33,63.92
24.0,24.99,41.79
3.0,34.91,41.11
27.0,31.15,90.17
1.0,26.05,54.44
33.0,6.59,64.16
28.0,56.85,69.31
18.0,22.6,51.37
21.0,50.77,69.56
30.0,27.46,57.45
9.0,7.71,47.83
26.0,8.26,42.97
29.0,6.71,89.79
17.0,57.84,58.91
23.0,49.17,49.2
33.0,28.44,65.84
8.0,27.23,58.25
30.0,29.25,46.11
18.0,25.59,46.07
21.0,31.27,90.95
11.0,9.46,67.67
33.0,27.8,48.22
34.0,32.7,48.94
7.0,22.99,12.01
31.0,32.41,42.4
14.0,30.85,61.61
29.0,24.11,59.41
3.0,22.1,63.14
31.0,26.53,46.53
25.0,23.16,53.4
16.0,34.85,91.74
11.0,32.69,58.75
18.0,22.36,40.43
13.0,23.71,89.92
7.0,20.14,59.81
32.0,6.86,67.49
30.0,23.1,87.61
27.0,33.78,48.76
2.0,28.58,15.06
3.0,22.71,56.97
17.0,7.13,49.23
6.0,30.33,93.81
26.0,23.45,63.61
26.0,46.32,67.6
26.0,28.32,66.47
18.0,21.8,44.01
20.0,26.79,42.94
22.0,21.43,43.09
27.0,22.44,94.03
24.0,32.85,41.03
15.0,49.28,56.93
22.0,46.6,48.45
18.0,20.82,67.74
5.0,20.82,41.47
12.0,24.09,14.35
16.0,32.1,54.95
27.0,30.48,51.0
22.0,7.4,48.22
24.0,24.35,62.34
30.0,33.55,47.45
35.0,34.38,64.93
7.0,8.81,57.52
24.0,27.64,56.37
18.0,29.41,43.22
10.0,49.64,66.97
30.0,9.16,54.92
3.0,24.34,68.33
4.0,6.42,52.27
3.0,22.6,52.02
30.0,28.85,65.28
30.0,28.12,51.22
20.0,20.71,40.98
33.0,20.56,89.22
33.0,28.94,50.79
13.0,51.55,49.76
20.0,34.35,49.82
29.0,25.23,41.17
7.0,49.22,63.94
23.0,27.38,52.02
11.0,23.23,18.18
13.0,56.69,50.83
19.0,33.7,61.23
30.0,5.86,68.35
27.0,52.95,55.06
31.0,21.17,57.83
16.0,21.94,62.47
13.0,53.0,68.49
24.0,28.61,50.48
6.0,54.59,40.89
6.0,22.51,90.92
11.0,46.75,58.2
27.0,30.72,48.26
25.0,46.15,11.14
35.0,57.52,44.28
15.0,24.6,91.51
28.0,30.15,54.81
35.0,6.78,69.48
4.0,32.54,59.76
15.0,27.38,47.91
2.0,5.53,88.54
27.0,27.31,65.33
9.0,9.15,53.65
9.0,21.6,54.43
25.0,33.31,53.52
34.0,32.61,54.65
5.0,25.88,14.38
7.0,34.15,55.53
10.0,34.02,61.98
5.0,6.14,56.23
6.0,33.95,53.59
27.0,26.23,43.48
9.0,50.92,65.12
20.0,28.83,89.16
32.0,34.02,53.31
16.0,30.22,58.15
18.0,57.15,89.81
19.0,32.22,42.85
16.0,32.72,61.07
16.0,21.81,55.69
6.0,29.68,44.48
20.0,32.22,56.19
15.0,56.94,51.94
26.0,23.06,66.22
7.0,29.1,61.75
10.0,30.99,67.28
33.0,27.21,49.55
4.0,53.14,90.99
14.0,29.49,54.35
31.0,20.13,69.05
2.0,6.02,47.9
7.0,31.41,94.03
16.0,48.49,40.74
35.0,27.96,43.7
24.0,30.07,56.02
15.0,21.15,66.32
20.0,23.53,87.93
9.0,30.62,59.24
15.0,27.98,59.86
22.0,30.0,41.75
28.0,31.48,43.99
1.0,22.34,62.47
10.0,22.07,57.79
25.0,28.99,47.85
33.0,34.03,62.3
1.0,31.89,94.03
31.0,9.6,44.22
26.0,28.19,67.2
33.0,29.09,60.9
31.0,58.45560000000002,48.52
24.0,31.99,63.76
32.0,29.55,58.72
21.0,34.52,67.45
8.0,28.45,44.53
28.0,46.62,61.05
32.0,5.53,68.59
12.0,28.65,60.95
14.0,33.66,91.92
20.0,25.56,59.2
11.0,21.16,91.23
4.0,31.81,40.76
13.0,24.84,13.72
31.0,25.89,40.44
10.0,29.79,90.34
1.0,26.66,40.54
34.0,29.31,61.83
15.0,28.16,40.71
20.0,31.37,44.16
28.0,22.2,57.78
25.0,26.49,47.01
32.0,27.95,40.65
3.0,33.15,85.86
12.0,22.71,91.69
31.0,26.01,86.61
26.0,8.31,59.17
6.0,21.15,59.94
27.0,8.42,63.35
8.0,5.53,55.3
18.0,27.87,58.93
4.0,30.63,85.41
27.0,33.62,89.2
28.0,27.44,59.94
2.0,32.24,52.91
21.0,31.64,64.97
31.0,33.06,43.81
5.0,33.61,67.46
23.0,9.74,57.32
27.0,27.5,17.07
24.0,21.54,42.47
24.0,32.72,41.73
35.0,6.82,59.51
7.0,23.94,49.32
35.0,33.47,86.32
7.0,32.27,49.47
1.0,34.56,60.6
16.0,30.17,18.24
27.0,23.2,41.39
32.0,24.61,41.04
17.0,54.23,48.9
22.0,8.74,43.88
32.0,30.84,65.83
32.0,34.41,46.35
28.0,55.14,42.52
31.0,26.82,87.33
27.0,32.77,58.74
13.0,29.34,89.53
6.0,7.99,62.18
24.0,9.14,61.73
3.0,22.3,54.27
32.0,21.66,53.39
28.0,23.0,45.82
26.0,8.9,61.8
20.0,33.53,59.16
2.0,30.4,57.06
26.0,30.95,41.18
33.0,29.77,44.74
28.0,23.68,64.36
17.0,33.9,47.68
13.0,29.52,68.46
30.0,34.78,94.03
9.0,21.12,65.04
16.0,30.42,67.1
31.0,31.5,55.6
29.0,7.06,52.03
14.0,27.76,59.59
24.0,29.41,62.86
6.0,23.53,61.26
19.0,32.0,86.19
12.0,34.55,69.69
3.0,48.92,57.05
26.0,29.25,48.91
12.0,27.61,41.09
8.0,30.47,61.95
29.0,21.42,49.19
5.0,28.33,48.3
23.0,26.28,41.47
17.0,58.45560000000002,44.01
12.0,6.55,45.33
2.0,32.85,69.16
11.0,30.45,58.88
19.0,7.79,52.83
34.0,27.76,62.88
28.0,27.46,68.97
3.0,27.54,66.01
28.0,22.01,52.22
2.0,21.87,44.97
25.0,22.6,59.74
17.0,26.4,55.61
17.0,24.99,56.1
25.0,30.76,88.38
33.0,9.22,66.02
12.0,26.56,44.3
24.0,56.51,46.94
31.0,20.32,49.24
6.0,20.15,67.37
6.0,28.38,61.16
11.0,30.15,46.46
32.0,24.34,61.2
28.0,32.43,16.98
2.0,7.5,55.1
21.0,23.17,55.67
3.0,7.85,56.58
31.0,31.8,59.88
20.0,22.57,54.5
27.0,32.46,54.48
34.0,29.43,41.16
18.0,58.45560000000002,43.36
13.0,23.34,52.12
26.0,20.62,69.71
20.0,34.35,51.91
34.0,34.59,53.61
10.0,29.76,52.5
32.0,29.48,52.33
22.0,20.44,54.18
14.0,57.29,67.92
6.0,34.28,64.7
16.0,25.09,40.41
12.0,28.07,47.0
16.0,31.73,44.83
7.0,50.42,53.98
3.0,31.99,43.77
20.0,23.68,41.22
5.0,28.69,67.78
35.0,20.86,69.27
21.0,23.01,44.07
10.0,28.15,42.64
12.0,33.39,50.67
22.0,33.19,58.86
10.0,9.93,48.83
11.0,25.23,64.21
30.0,29.87,49.64
20.0,20.95,41.98
27.0,23.85,45.14
22.0,33.62,19.32
7.0,5.7,87.53
17.0,9.43,44.92
9.0,27.12,69.37
7.0,22.57,49.76
22.0,23.26,68.46
9.0,31.56,65.34
25.0,20.78,55.46
32.0,25.89,12.53
13.0,25.4,41.07
28.0,33.25,69.78
22.0,53.34,68.67
23.0,25.82,50.02
21.0,21.35,66.64
2.0,32.06,42.92
12.0,25.65,89.07
28.0,21.95,61.07
25.0,25.85,92.8
21.0,54.76,61.19
32.0,34.33,42.96
31.0,31.05,85.24
20.0,32.04,89.01
6.0,21.19,51.23
22.0,20.14,62.72
20.0,26.42,90.08
16.0,9.29,56.52
33.0,52.23,61.03
31.0,55.72,64.22
17.0,24.52,60.41
31.0,9.01,49.04
27.0,57.12,48.54
28.0,27.75,62.63
28.0,8.87,61.98
28.0,34.65,91.35
24.0,46.75,52.86
31.0,31.91,16.28
6.0,20.23,19.7
29.0,6.95,59.29
4.0,54.11,86.6
25.0,31.08,58.04
22.0,27.46,55.77
10.0,28.99,62.55
17.0,6.99,43.44
31.0,25.42,42.24
20.0,33.59,40.35
24.0,30.01,18.98
24.0,32.07,40.96
33.0,29.72,49.24
22.0,34.68,13.05
12.0,26.75,45.49
3.0,31.5,41.94
24.0,24.07,44.71
14.0,33.12,52.14
24.0,32.8,66.23
13.0,20.03,57.55
25.0,22.42,59.68
35.0,24.08,40.03
15.0,22.53,60.17
31.0,47.2,90.67
30.0,33.41,58.35
19.0,28.26,52.92
12.0,30.07,44.4
20.0,33.03,67.75
6.0,25.7,58.17
34.0,25.07,62.76
12.0,20.85,68.18
5.0,34.78,49.92
5.0,27.4,19.74
1.0,33.82,58.48
6.0,33.76,51.96
25.0,8.89,49.44
35.0,29.46,11.14
10.0,25.85,67.08
15.0,25.56,66.43
4.0,46.88,54.23
28.0,57.43,40.86
8.0,21.52,64.34
8.0,26.32,47.51
16.0,52.09,42.33
18.0,30.57,52.74
24.0,26.53,56.03
2.0,30.55,41.97
11.0,33.67,55.95
34.0,32.27,69.33
19.0,28.11,11.17
15.0,53.94,60.81
7.0,20.29,51.63
34.0,22.12,46.33
11.0,8.98,19.42
18.0,34.4,60.9
9.0,27.33,62.89
17.0,20.08,50.67
4.0,25.86,44.12
14.0,31.0,59.58
8.0,20.88,57.23
11.0,29.93,86.43
28.0,31.84,59.34
25.0,20.96,50.51
29.0,30.69,50.88
7.0,30.98,48.84
22.0,33.27,89.92
27.0,20.32,49.62
18.0,22.92,11.14
31.0,31.9,68.48
32.0,31.01,43.23
27.0,22.62,65.24
2.0,53.42,51.04
7.0,33.06,57.35
18.0,33.72,58.42
12.0,6.92,53.9
21.0,23.17,48.11
1.0,20.83,69.69
12.0,22.35,56.57
1.0,28.97,65.81
3.0,9.26,50.59
18.0,30.99,59.87
20.0,47.25,53.56
33.0,9.95,51.6
20.0,52.18,48.29
35.0,30.68,63.72
3.0,21.73,90.77
2.0,30.48,91.32
6.0,33.9,43.44
16.0,33.62,66.28
12.0,30.68,69.42
31.0,22.02,58.9
13.0,55.51,87.89
34.0,24.5,65.66
5.0,21.83,43.91
13.0,22.21,44.49
32.0,22.21,54.76
12.0,22.41,43.82
21.0,9.8,45.48
32.0,24.9,45.49
21.0,33.39,65.18
23.0,31.04,57.97
31.0,25.64,50.02
33.0,21.68,69.0
27.0,8.82,41.78
26.0,26.59,90.14
1.0,6.77,67.85
13.0,7.4,63.91
33.0,5.76,53.02
2.0,31.09,94.03
29.0,32.1,41.42
18.0,34.5,46.52
26.0,24.14,49.44
28.0,29.15,43.11
16.0,5.66,65.42
9.0,31.19,65.18
32.0,29.03,61.68
32.0,27.0,90.17
34.0,21.04,43.52
21.0,8.3,47.74
33.0,30.88,65.56
3.0,28.02,46.67
15.0,20.38,40.44
17.0,21.54,44.13
16.0,49.46,54.57
30.0,34.92,58.61
5.0,23.88,69.9
13.0,6.04,13.92
29.0,33.79,69.05
14.0,34.5,17.8
22.0,8.88,41.54
29.0,24.35,65.7
2.0,52.49,69.13
24.0,25.71,57.08
22.0,31.36,94.03
7.0,20.56,54.03
27.0,29.16,17.46
28.0,27.36,43.07
7.0,22.04,93.82
26.0,31.89,67.86
21.0,8.85,64.14
24.0,27.34,56.17
35.0,20.86,62.31
31.0,31.31,54.46
8.0,20.1,52.05
10.0,31.36,42.64
6.0,32.51,54.02
30.0,25.03,17.9
22.0,21.73,89.08
35.0,23.61,60.78
11.0,34.22,93.43
35.0,7.76,48.89
34.0,26.52,40.82
15.0,20.15,89.93
31.0,34.61,46.53
33.0,57.96,85.34
5.0,8.26,52.95
16.0,25.05,48.8
9.0,30.71,47.17
26.0,31.93,64.73
20.0,32.07,52.22
15.0,20.73,13.84
13.0,22.8,65.25
29.0,31.86,64.52
11.0,31.22,12.12
1.0,20.82,69.27
22.0,6.53,17.8
22.0,26.08,85.1
3.0,32.12,59.52
4.0,23.34,50.63
6.0,29.36,59.32
1.0,30.44,88.86
25.0,30.16,48.96
20.0,8.12,52.45
29.0,31.89,61.53
26.0,24.59,93.46
33.0,22.68,50.93
9.0,34.67,69.64
32.0,22.68,45.66
34.0,20.78,92.02
31.0,6.51,56.04
21.0,5.53,55.19
30.0,29.67,55.58
17.0,31.65,92.02
19.0,20.41,57.0
25.0,28.75,50.21
19.0,27.08,11.14
6.0,6.76,53.65
28.0,28.9,17.1
24.0,45.64,12.92
34.0,20.56,91.38
13.0,32.94,50.51
6.0,58.45560000000002,51.45
4.0,29.57,46.49
25.0,25.68,68.87
9.0,24.67,14.55
32.0,50.63,68.66
12.0,31.23,46.72
5.0,32.23,44.65
31.0,58.45560000000002,60.93
3.0,30.28,42.67
6.0,26.5,56.43
19.0,23.98,50.57
21.0,24.54,51.69
3.0,22.77,50.0
20.0,20.24,13.76
23.0,30.16,49.85
11.0,50.65,45.72
17.0,34.6,67.83
30.0,26.45,56.45
24.0,30.33,60.03
29.0,25.65,53.0
10.0,20.4,44.98
5.0,29.35,52.35
32.0,27.99,47.4
20.0,22.19,60.34
5.0,52.82,11.96
27.0,34.37,86.24
6.0,25.76,50.74
11.0,32.69,44.95
30.0,32.52,50.28
3.0,21.96,56.35
31.0,31.25,59.37
25.0,29.72,44.16
34.0,27.05,61.22
32.0,7.36,63.23
33.0,22.01,63.21
27.0,26.15,11.14
30.0,32.19,53.9
24.0,29.41,50.98
24.0,26.34,58.25
8.0,55.67,66.1
35.0,31.21,64.66
6.0,26.41,48.02
12.0,24.58,48.83
27.0,29.78,43.93
7.0,8.28,55.71
2.0,29.29,18.48
5.0,55.7,45.02
23.0,23.41,54.2
2.0,27.51,64.7
12.0,20.63,17.32
26.0,58.45560000000002,59.15
27.0,20.6,45.12
21.0,30.27,64.76
16.0,34.56,64.36
12.0,25.35,41.05
13.0,27.92,43.72
2.0,32.38,93.04
32.0,26.71,40.41
13.0,32.25,59.86
14.0,22.76,54.92
29.0,21.21,12.72
35.0,26.91,54.9
34.0,22.59,11.14
12.0,24.62,55.41
11.0,31.56,12.56
10.0,32.41,47.12
31.0,34.33,51.0
32.0,29.88,65.07
33.0,30.63,90.24
9.0,24.67,61.88
3.0,25.76,68.69
4.0,23.82,67.49
17.0,26.51,90.13
34.0,27.69,12.93
4.0,29.6,18.75
27.0,7.93,93.46
26.0,26.77,69.02
16.0,55.91,93.11
24.0,20.95,48.36
22.0,33.91,51.98
2.0,20.86,43.12
7.0,27.89,92.75
21.0,25.24,65.34
13.0,34.3,92.51
28.0,25.83,51.91
27.0,25.25,46.46
16.0,53.54,60.14
22.0,26.9,17.56
5.0,26.55,60.89
34.0,5.95,66.89
17.0,56.1,44.79
9.0,46.1,61.42
8.0,24.84,63.14
22.0,28.37,59.18
10.0,25.02,43.51
26.0,29.09,66.88
23.0,27.45,44.71
5.0,47.1,65.24
31.0,49.72,42.1
29.0,8.77,49.86
29.0,32.15,59.88
4.0,22.69,63.77
17.0,29.93,63.75
32.0,23.31,63.18
20.0,22.41,69.26
34.0,29.1,85.83
12.0,34.5,45.05
27.0,23.79,56.74
27.0,34.86,63.05
35.0,22.44,56.34
23.0,26.09,50.67
20.0,5.53,16.72
5.0,27.37,57.65
14.0,55.74,40.61
2.0,22.89,50.58
13.0,48.66,54.34
3.0,27.21,62.13
13.0,25.28,42.85
24.0,20.69,55.69
8.0,31.65,49.29
16.0,23.13,14.72
26.0,33.99,43.7
29.0,31.79,87.59
26.0,7.41,55.3
13.0,9.96,56.04
14.0,29.66,65.32
26.0,32.91,41.96
6.0,21.51,56.47
29.0,34.81,58.92
35.0,8.49,65.61
1.0,20.1,92.56
17.0,34.16,62.06
11.0,33.69,67.37
1.0,23.15,67.56
17.0,29.0,48.72
15.0,31.29,53.95
5.0,25.09,44.86
12.0,33.39,93.11
7.0,29.44,43.06
3.0,33.05,60.27
19.0,24.72,64.41
28.0,29.22,65.47
35.0,34.5,62.99
13.0,26.43,42.84
11.0,21.94,59.01
12.0,25.71,12.54
17.0,31.58,47.36
16.0,29.67,62.31
1.0,20.36,59.24
19.0,33.72,61.91
14.0,56.26,92.76
27.0,27.68,56.79
12.0,31.79,44.94
35.0,30.78,65.38
16.0,25.06,40.56
25.0,34.62,50.66
19.0,31.91,66.81
2.0,26.24,58.05
21.0,31.76,40.71
35.0,25.4,13.49
10.0,26.49,64.65
10.0,22.8,44.02
12.0,57.1,94.03
2.0,20.53,53.24
34.0,32.84,64.71
5.0,27.54,69.54
21.0,7.92,66.13
29.0,22.83,66.44
17.0,34.41,59.89
11.0,24.77,46.28
7.0,5.62,14.96
35.0,22.1,91.84
19.0,22.66,58.11
11.0,30.3,60.5
22.0,25.61,65.94
3.0,27.0,57.99
1.0,23.31,94.03
25.0,25.01,40.27
26.0,28.61,61.74
11.0,49.61,89.16
34.0,52.52,53.33
30.0,6.27,52.21
19.0,25.41,42.88
27.0,22.83,42.52
16.0,24.06,59.83
9.0,5.53,65.43
24.0,25.98,60.49
4.0,20.36,50.35
28.0,20.84,56.87
16.0,20.27,45.72
12.0,29.38,52.8
30.0,56.3,58.8
15.0,26.38,51.76
11.0,22.46,56.52
8.0,27.59,93.34
12.0,27.83,49.27
27.0,24.26,64.35
4.0,21.93,60.29
17.0,27.5,53.08
18.0,27.33,67.33
30.0,33.24,53.54
4.0,26.24,63.34
20.0,25.09,41.1
30.0,34.17,45.32
20.0,29.67,40.19
24.0,34.19,12.27
3.0,21.83,53.18
5.0,32.08,53.79
9.0,24.03,49.83
26.0,53.97,87.7
13.0,20.72,40.63
12.0,27.14,60.97
3.0,20.76,94.03
29.0,30.11,17.46
19.0,21.17,19.33
11.0,29.51,69.53
29.0,26.01,17.63
17.0,7.23,54.47
5.0,23.17,93.63
20.0,25.04,56.05
27.0,32.71,53.59
22.0,32.42,52.57
7.0,30.92,64.18
10.0,7.22,53.46
19.0,26.97,44.45
23.0,32.1,68.38
28.0,33.39,13.72
16.0,28.16,69.74
26.0,20.77,19.84
10.0,32.42,43.33
13.0,21.61,68.61
8.0,28.58,40.36
31.0,34.89,68.83
28.0,34.48,40.15
10.0,26.94,44.94
11.0,26.56,50.2
12.0,6.49,50.92
23.0,54.16,57.24
15.0,22.56,13.11
17.0,24.27,90.23
15.0,30.15,43.22
25.0,49.6,62.23
18.0,22.35,93.9
29.0,5.53,61.28
12.0,27.11,50.25
22.0,46.32,85.65
17.0,6.87,66.99
5.0,32.37,41.13
17.0,23.26,45.71
13.0,32.05,42.9
28.0,34.3,68.57
20.0,24.66,91.92
18.0,30.63,45.08
4.0,25.73,56.34
1.0,26.42,58.38
15.0,31.43,66.67
7.0,5.54,59.13
6.0,49.84,63.73
23.0,28.76,67.08
8.0,23.68,48.95
5.0,28.68,46.74
35.0,32.34,87.13
24.0,26.33,41.12
6.0,26.8,60.26
33.0,28.38,16.5
16.0,22.72,54.19
10.0,22.44,40.21
33.0,20.68,67.94
9.0,32.13,60.2
8.0,34.24,85.97
30.0,25.77,43.97
19.0,24.42,60.86
24.0,28.89,54.6
30.0,58.45560000000002,14.45
30.0,23.2,49.24
31.0,28.97,67.46
18.0,27.46,46.58
33.0,8.46,54.9
19.0,20.49,69.13
8.0,26.83,47.35
11.0,30.37,56.26
5.0,20.93,50.9
27.0,30.54,56.22
29.0,30.32,69.85
5.0,20.64,55.64
12.0,20.5,41.2
16.0,27.06,47.82
7.0,34.14,66.86
28.0,58.45560000000002,41.61
25.0,27.56,69.65
29.0,31.06,89.03
16.0,27.44,60.9
12.0,58.02,48.96
6.0,29.02,67.15
3.0,6.45,48.03
8.0,52.86,58.94
34.0,28.09,49.41
23.0,24.9,52.77
11.0,52.79,12.94
21.0,46.23,59.61
15.0,25.9,52.21
7.0,52.62,62.14
31.0,33.6,48.54
18.0,34.97,49.98
25.0,50.31,63.5
17.0,25.95,64.64
31.0,25.36,64.52
20.0,57.87,63.44
8.0,29.25,64.86
16.0,28.76,40.45
12.0,58.45560000000002,85.49
6.0,33.06,57.63
1.0,31.03,67.54
10.0,20.4,68.75
6.0,22.79,57.38
5.0,30.6,50.77
1.0,26.9,67.68
3.0,23.87,14.39
14.0,32.35,47.29
2.0,23.58,17.79
22.0,25.1,42.23
14.0,8.5,57.87
7.0,20.76,42.14
35.0,29.21,46.76
19.0,33.23,47.14
22.0,47.46,88.29
12.0,30.66,57.06
12.0,29.81,44.05
9.0,22.53,66.2
13.0,24.29,16.67
10.0,34.5,56.82
3.0,31.83,17.64
10.0,27.29,47.39
11.0,20.91,62.03
23.0,51.28,62.34
24.0,33.81,65.6
21.0,32.46,65.34
19.0,27.23,59.18
7.0,21.54,50.95
2.0,28.27,67.54
28.0,28.02,57.82
15.0,23.55,57.41
12.0,20.92,65.33
7.0,57.51,50.09
10.0,34.89,63.73
22.0,22.63,50.45
6.0,27.26,51.82
8.0,30.57,92.64
3.0,20.82,61.35
33.0,5.72,66.02
25.0,23.76,69.44
11.0,32.64,50.93
9.0,22.41,45.25
19.0,49.65,64.06
25.0,22.49,49.1
27.0,26.57,60.64
13.0,34.9,91.8
21.0,33.6,45.77
18.0,23.56,42.36
25.0,32.62,69.46
35.0,26.54,54.51
26.0,5.53,46.84
14.0,27.93,46.08
28.0,21.81,67.6
30.0,31.78,61.99
25.0,22.02,49.42
34.0,31.04,40.79
8.0,24.0,87.94
20.0,25.26,16.13
24.0,33.09,57.04
6.0,22.71,45.95
8.0,20.52,40.41
16.0,29.45,66.7
33.0,27.28,17.88
21.0,22.81,19.68
10.0,56.1,52.37
18.0,25.59,62.39
29.0,21.87,11.9
25.0,5.53,63.36
10.0,31.55,52.42
29.0,34.98,66.68
22.0,33.52,45.96
27.0,7.37,60.54
33.0,28.83,42.4
3.0,49.7,94.03
35.0,6.77,41.64
34.0,25.22,63.71
27.0,23.02,47.26
29.0,28.2,65.35
31.0,20.15,69.56
25.0,27.26,41.97
10.0,5.53,54.15
11.0,22.69,85.05
30.0,27.21,59.24
21.0,29.43,92.86
28.0,5.68,67.99
20.0,33.76,57.24
15.0,20.1,64.74
13.0,34.81,89.67
10.0,30.85,50.28
19.0,28.44,86.66
20.0,32.98,51.45
33.0,30.63,46.15
33.0,27.14,17.74
30.0,20.8,51.3
1.0,34.98,63.19
16.0,23.7,43.48
33.0,6.02,62.58
35.0,23.75,12.7
26.0,33.76,62.04
35.0,6.27,63.2
27.0,22.06,50.4
24.0,24.44,51.6
13.0,53.65,40.13
2.0,9.05,44.52
10.0,25.39,87.39
9.0,27.04,66.0
26.0,21.61,61.19
13.0,26.34,68.24
6.0,27.13,54.15
17.0,26.45,18.89
17.0,34.17,64.71
25.0,29.84,51.19
26.0,25.94,90.69
27.0,26.49,54.78
22.0,29.41,62.12
24.0,23.93,69.32
20.0,8.52,45.48
3.0,27.14,51.09
27.0,29.72,52.57
26.0,26.78,59.99
23.0,29.43,42.25
5.0,8.54,57.73
33.0,8.55,64.23
23.0,26.58,15.61
15.0,9.04,85.51
22.0,21.75,63.51
4.0,34.8,54.02
21.0,6.58,65.5
15.0,33.32,60.11
28.0,34.97,64.49
34.0,20.33,86.01
17.0,45.44,50.3
9.0,21.98,49.48
21.0,26.8,62.3
15.0,22.11,67.25
2.0,27.56,88.75
13.0,29.53,56.77
14.0,23.82,51.22
13.0,21.61,65.26
28.0,20.62,48.52
21.0,34.79,60.52
20.0,31.17,19.61
25.0,20.12,47.71
35.0,34.41,93.93
2.0,25.89,43.97
26.0,21.63,40.5
13.0,32.77,11.62
12.0,34.77,47.39
29.0,20.43,93.4
20.0,28.92,65.97
7.0,33.64,62.24
27.0,26.38,18.96
16.0,24.38,41.66
14.0,23.86,43.94
27.0,21.24,53.11
11.0,24.7,58.45
1.0,25.6,49.82
24.0,27.38,69.34
8.0,25.8,52.69
27.0,34.0,90.74
23.0,23.14,50.09
19.0,24.32,61.54
33.0,33.65,67.96
14.0,29.25,69.17
31.0,31.47,59.92
26.0,9.12,60.68
32.0,28.82,62.03
14.0,27.98,48.35
13.0,24.56,68.1
7.0,47.42,41.71
10.0,21.37,66.1
19.0,27.21,59.57
20.0,33.37,65.74
25.0,25.58,50.94
29.0,30.11,51.44
30.0,24.36,43.52
8.0,25.72,52.58
26.0,25.33,11.14
21.0,21.17,60.93
8.0,56.11,92.44
2.0,9.43,63.85
12.0,23.35,17.64
7.0,9.44,68.51
32.0,8.06,55.34
23.0,24.09,47.21
14.0,23.34,66.83
13.0,23.56,50.42
30.0,21.34,41.58
19.0,32.91,47.82
9.0,5.84,53.17
31.0,23.14,60.85
9.0,32.8,40.45
15.0,20.53,60.18
34.0,24.97,40.29
4.0,22.32,51.79
7.0,21.13,40.15
5.0,33.72,11.95
15.0,32.11,65.25
33.0,23.41,62.67
10.0,29.53,57.62
16.0,55.55,53.03
2.0,22.72,11.83
15.0,25.51,41.51
5.0,6.32,63.0
22.0,33.6,51.35
33.0,22.05,42.35
8.0,33.5,44.14
2.0,30.52,40.71
13.0,26.03,60.64
14.0,27.3,46.82
13.0,33.48,57.99
20.0,31.08,70.0
31.0,24.46,66.26
31.0,34.96,89.15
30.0,24.55,44.21
7.0,21.15,42.45
12.0,30.73,41.3
17.0,21.17,58.27
10.0,34.84,90.76
1.0,6.87,47.7
5.0,29.75,49.01
35.0,31.78,44.83
5.0,45.6,45.99
9.0,32.6,43.47
20.0,34.56,42.94
3.0,22.12,63.62
22.0,32.1,51.44
18.0,22.55,62.9
16.0,48.66,45.76
25.0,26.33,58.69
24.0,33.66,64.01
21.0,7.89,46.73
1.0,23.69,51.73
14.0,24.02,49.53
14.0,33.26,41.62
14.0,25.54,68.69
14.0,23.88,59.46
9.0,28.61,44.52
26.0,27.87,58.55
20.0,21.04,53.37
35.0,6.34,56.99
28.0,27.87,62.6
20.0,21.02,11.14
31.0,20.38,67.51
17.0,8.7,51.03
20.0,29.38,14.37
1.0,23.66,44.27
12.0,32.44,42.99
2.0,24.1,48.09
34.0,27.44,94.03
3.0,31.09,53.18
28.0,9.56,48.5
19.0,46.6,68.7
12.0,25.67,47.6
31.0,23.21,52.69
6.0,25.97,41.42
34.0,27.77,41.93
1.0,34.7,50.35
30.0,30.44,54.77
22.0,23.62,67.57
25.0,25.45,65.0
34.0,24.41,54.24
24.0,51.47,56.2
10.0,20.61,69.55
10.0,46.65,47.81
4.0,30.02,68.12
23.0,58.45560000000002,67.75
23.0,27.41,51.28
18.0,26.02,68.88
27.0,32.76,45.97
11.0,21.74,55.15
34.0,30.4,61.59
33.0,34.45,67.93
27.0,20.58,88.83
12.0,25.43,49.4
21.0,5.68,44.23
29.0,28.44,46.84
17.0,20.06,46.16
14.0,20.52,50.42
11.0,5.53,85.08
6.0,30.85,66.51
3.0,8.21,66.66
7.0,30.23,94.03
17.0,20.57,52.42
26.0,28.45,64.75
13.0,21.02,15.55
23.0,29.51,17.83
12.0,5.53,50.14
12.0,55.12,44.11
3.0,28.35,66.56
27.0,27.72,58.68
34.0,32.31,61.66
3.0,28.07,46.56
11.0,58.45560000000002,54.03
13.0,24.14,66.07
7.0,20.48,94.03
7.0,22.72,50.06
29.0,34.14,89.59
4.0,21.38,46.07
23.0,20.11,66.01
24.0,31.21,69.22
24.0,22.28,42.22
2.0,48.71,56.11
24.0,20.9,41.57
7.0,51.5,41.93
35.0,30.91,64.98
15.0,24.1,43.64
15.0,21.22,63.37
30.0,27.55,52.14
18.0,29.62,69.86
8.0,55.31,85.79
3.0,34.87,69.85
35.0,22.07,41.28
29.0,34.89,42.92
25.0,21.81,93.71
15.0,32.29,49.84
6.0,33.91,67.35
19.0,20.17,87.3
10.0,22.93,91.15
24.0,8.48,62.79
22.0,25.89,65.54
19.0,23.58,51.59
3.0,29.99,46.98
20.0,25.51,86.4
15.0,7.65,59.54
7.0,53.2,47.79
25.0,25.06,12.41
33.0,22.49,66.12
6.0,20.05,60.91
11.0,45.12,40.97
27.0,51.24,11.14
19.0,27.7,68.58
8.0,46.61,45.74
16.0,30.04,66.79
11.0,5.65,14.58
1.0,34.34,48.84
25.0,25.91,50.7
23.0,21.86,44.09
8.0,22.82,61.51
2.0,45.45,87.47
27.0,27.92,65.6
5.0,9.69,60.2
35.0,33.82,15.58
25.0,34.4,62.83
8.0,33.89,53.2
32.0,24.22,53.61
11.0,31.28,41.9
26.0,20.78,92.76
5.0,31.45,18.75
11.0,32.9,93.62
27.0,31.88,40.1
33.0,28.55,87.72
7.0,26.62,50.26
18.0,21.58,46.58
31.0,21.0,92.06
22.0,7.97,13.91
26.0,25.5,93.0
17.0,22.15,42.92
25.0,20.72,63.82
20.0,32.49,85.71
16.0,25.36,41.41
23.0,32.3,62.58
18.0,20.55,60.53
33.0,28.15,86.06
7.0,20.39,45.6
18.0,31.92,46.72
28.0,33.72,68.56
25.0,48.57,94.03
6.0,29.81,45.41
10.0,8.33,56.76
16.0,57.22,42.88
33.0,31.77,56.95
19.0,30.61,50.47
16.0,24.83,14.41
29.0,24.99,67.2
35.0,24.08,42.18
24.0,34.16,55.98
29.0,33.02,46.79
4.0,20.91,43.33
17.0,20.49,93.64
1.0,51.46,13.6
18.0,31.14,64.5
3.0,22.84,59.45
26.0,30.33,61.98
15.0,5.88,54.21
11.0,20.13,17.79
3.0,58.45560000000002,68.7
3.0,57.91,62.13
5.0,21.4,17.92
22.0,27.8,11.14
33.0,53.61,58.31
17.0,5.53,57.26
16.0,7.47,87.14
16.0,29.51,41.13
12.0,48.26,60.0
16.0,33.38,90.71
21.0,33.02,69.8
16.0,24.79,61.92
17.0,32.19,58.06
26.0,20.4,17.47
20.0,32.7,14.26
15.0,23.27,50.08
1.0,28.92,46.1
10.0,6.24,52.97
3.0,24.79,14.97
10.0,22.0,59.34
33.0,51.25,48.37
27.0,22.83,59.65
21.0,25.16,56.46
18.0,30.61,46.43
2.0,22.71,43.16
14.0,52.59,56.45
27.0,31.48,40.02
6.0,24.4,68.38
33.0,47.31,40.88
13.0,26.33,60.49
28.0,28.6,46.73
32.0,58.45560000000002,68.22
6.0,20.25,92.08
17.0,30.2,67.06
22.0,34.81,15.39
6.0,28.75,15.31
20.0,7.28,60.87
18.0,52.95,54.4
10.0,22.33,56.6
17.0,5.66,85.05
28.0,25.17,54.36
11.0,6.31,67.3
22.0,22.6,50.31
24.0,28.0,40.91
15.0,27.87,86.15
2.0,27.35,62.62
23.0,21.61,45.22
30.0,52.5,67.9
7.0,25.35,88.11
32.0,34.94,85.09
33.0,25.45,69.61
4.0,27.76,47.24
32.0,55.8,42.29
29.0,8.49,54.05
14.0,6.51,41.37
31.0,32.97,67.77
33.0,22.29,94.03
2.0,32.93,49.9
24.0,21.72,45.35
11.0,33.14,59.46
7.0,32.32,42.72
7.0,20.94,56.58
26.0,33.92,12.36
25.0,24.71,11.6
7.0,33.84,55.03
7.0,22.66,67.83
21.0,9.88,44.41
8.0,56.69,40.83
3.0,28.94,19.73
25.0,20.21,41.14
33.0,28.9,41.46
30.0,25.74,62.63
24.0,24.43,67.71
33.0,21.53,46.64
34.0,21.67,46.84
28.0,20.4,46.55
34.0,5.53,90.68
10.0,22.59,43.52
18.0,28.06,56.97
32.0,52.46,85.74
7.0,25.47,47.04
28.0,22.53,52.86
18.0,30.28,40.58
6.0,8.43,52.81
24.0,21.95,67.27
29.0,7.88,89.22
28.0,30.95,51.75
21.0,34.25,40.35
22.0,29.97,68.72
21.0,28.85,56.58
23.0,29.74,13.25
10.0,27.61,87.25
13.0,34.82,53.88
35.0,24.43,57.82
8.0,25.47,67.34
34.0,49.53,67.34
17.0,29.26,66.99
20.0,51.89,57.45
20.0,26.62,88.42
23.0,29.58,63.57
1.0,21.1,60.13
4.0,21.98,58.42
22.0,26.14,41.55
31.0,33.6,66.7
31.0,23.24,53.33
31.0,23.71,62.06
31.0,47.99,46.25
8.0,57.32,59.66
10.0,28.98,52.84
21.0,47.77,47.73
6.0,24.61,64.8
19.0,31.32,47.35
22.0,26.45,12.6
33.0,25.07,40.42
22.0,32.23,85.44
35.0,29.71,15.66
10.0,20.45,40.05
20.0,33.12,40.95
14.0,21.7,40.53
23.0,5.53,17.54
11.0,9.77,40.5
16.0,51.13,90.77
3.0,23.43,67.79
5.0,5.53,64.3
31.0,23.37,46.7
2.0,46.01,65.03
20.0,5.53,65.56
10.0,6.98,69.6
24.0,34.64,40.07
32.0,29.9,54.23
2.0,27.48,52.1
1.0,30.18,91.4
30.0,23.78,66.27
33.0,24.23,49.67
15.0,29.46,41.56
24.0,45.54,53.43
3.0,47.61,88.16
26.0,27.18,19.38
31.0,34.23,15.9
22.0,8.05,44.6
3.0,20.12,64.59
9.0,30.0,62.58
20.0,28.62,62.09
27.0,34.84,50.1
7.0,20.25,59.84
17.0,23.54,49.64
30.0,22.56,58.89
4.0,8.0,45.46
7.0,25.82,44.11
24.0,24.94,17.99
29.0,7.15,49.82
3.0,25.31,55.36
14.0,22.15,43.08
34.0,30.98,58.42
21.0,23.3,44.86
20.0,24.46,51.26
5.0,28.46,56.94
20.0,28.59,57.18
7.0,32.5,69.04
8.0,20.52,43.97
12.0,30.86,68.12
31.0,33.46,48.38
5.0,34.1,60.06
30.0,30.7,51.61
31.0,48.14,48.42
12.0,29.23,46.74
1.0,25.33,50.07
17.0,8.1,41.89
13.0,33.08,50.78
21.0,32.18,66.74
25.0,34.85,57.34
1.0,24.12,66.67
23.0,26.33,66.22
4.0,31.28,49.79
34.0,21.49,42.33
20.0,26.28,66.94
15.0,23.97,41.54
22.0,20.15,61.13
6.0,29.89,92.64
19.0,28.92,58.67
13.0,30.86,48.81
14.0,46.8,48.13
31.0,21.88,87.3
5.0,22.71,19.51
15.0,33.87,61.53
29.0,30.91,43.27
31.0,24.15,61.3
5.0,22.41,45.46
31.0,22.26,45.68
29.0,31.87,65.79
30.0,58.45560000000002,42.18
31.0,33.4,19.35
27.0,6.56,61.32
11.0,27.01,53.8
9.0,30.15,63.8
21.0,27.35,69.37
6.0,26.65,51.23
19.0,25.27,57.89
34.0,50.1,66.39
14.0,25.51,63.74
15.0,32.86,68.66
2.0,20.19,43.31
25.0,25.37,56.04
21.0,31.99,19.99
28.0,34.24,65.27
35.0,31.78,52.26
6.0,32.69,69.84
26.0,27.28,47.79
18.0,33.05,49.87
7.0,57.24,62.14
3.0,25.17,56.69
26.0,21.26,40.47
25.0,25.34,54.47
10.0,22.78,48.14
20.0,9.07,42.03
35.0,28.27,91.19
35.0,20.88,48.17
6.0,21.58,41.41
29.0,9.28,41.86
5.0,25.96,40.03
16.0,21.81,12.41
14.0,23.42,43.93
14.0,21.88,43.09
4.0,56.86,11.37
15.0,21.65,46.19
7.0,30.27,61.91
27.0,51.98,60.85
18.0,8.2,56.49
15.0,28.87,86.59
27.0,34.33,54.0
4.0,21.36,64.13
2.0,52.46,89.69
30.0,22.5,61.88
22.0,29.89,68.09
2.0,57.88,15.17
2.0,33.21,58.13
33.0,30.39,11.14
16.0,29.25,41.08
11.0,21.77,41.15
13.0,22.15,66.39
30.0,9.36,17.21
33.0,22.58,63.93
16.0,6.44,16.26
16.0,33.77,58.17
6.0,22.18,43.21
11.0,33.95,18.04
35.0,22.1,54.77
15.0,24.87,64.04
28.0,21.99,58.69
19.0,34.45,93.95
32.0,31.15,94.03
21.0,33.66,42.23
13.0,22.14,11.14
14.0,30.09,42.92
35.0,27.99,68.28
18.0,31.65,45.54
7.0,23.47,42.78
33.0,32.44,59.83
18.0,23.1,40.15
16.0,34.97,46.37
25.0,48.11,56.11
6.0,5.53,63.21
2.0,30.06,55.34
21.0,8.12,89.09
27.0,22.76,53.48
12.0,31.88,68.27
13.0,21.05,54.1
34.0,46.82,57.52
23.0,53.58,69.07
13.0,23.89,43.9
21.0,22.83,60.29
27.0,32.77,11.95
10.0,20.21,40.71
15.0,34.83,58.6
30.0,22.13,11.34
33.0,29.41,64.4
25.0,31.22,61.86
30.0,21.68,13.05
1.0,26.81,65.45
27.0,28.66,94.03
16.0,32.97,61.0
33.0,8.99,66.22
30.0,7.34,57.54
13.0,33.98,93.34
11.0,27.58,51.67
33.0,31.82,67.73
14.0,27.67,60.23
24.0,6.23,89.29
7.0,27.91,57.09
7.0,26.45,41.1
26.0,25.02,17.59
19.0,21.02,51.07
30.0,29.03,54.03
18.0,32.69,53.88
17.0,26.27,55.74
26.0,29.73,42.87
13.0,23.79,47.09
25.0,23.86,47.33
1.0,9.09,61.16
14.0,32.72,50.07
17.0,31.83,69.46
34.0,32.96,54.52
22.0,58.43,12.52
29.0,33.39,48.77
18.0,21.95,45.99
31.0,31.02,64.88
6.0,25.92,11.32
15.0,34.37,40.16
24.0,23.84,41.54
4.0,33.34,45.26
15.0,45.67,64.49
30.0,20.79,53.79
19.0,32.3,45.45
15.0,26.41,16.02
29.0,31.48,48.09
14.0,58.45560000000002,46.68
6.0,25.65,54.43
21.0,33.62,45.62
28.0,22.32,14.19
12.0,26.66,19.69
25.0,31.72,42.55
29.0,25.51,42.08
3.0,24.37,55.28
25.0,24.98,69.45
27.0,21.23,60.65
11.0,21.56,17.62
20.0,33.15,17.95
12.0,30.09,54.26
17.0,32.54,56.69
4.0,28.28,87.54
4.0,20.94,85.84
22.0,34.15,47.58
23.0,55.3,86.4
6.0,34.16,58.31
19.0,29.22,64.93
15.0,27.34,93.0
28.0,25.21,59.27
20.0,25.95,40.41
27.0,30.81,61.46
3.0,26.07,56.58
32.0,31.28,13.45
21.0,33.64,16.4
22.0,22.76,41.9
30.0,28.19,92.98
35.0,32.15,87.21
32.0,24.56,87.37
8.0,29.26,88.53
10.0,48.71,62.18
34.0,23.93,53.04
26.0,22.69,65.53
14.0,20.65,49.22
35.0,22.15,41.1
31.0,29.71,64.68
8.0,28.08,48.41
21.0,21.22,65.58
24.0,33.01,41.84
29.0,33.12,94.01
21.0,23.38,44.79
12.0,25.34,40.06
29.0,25.94,66.16
5.0,34.05,87.48
34.0,34.94,52.73
14.0,21.44,13.78
11.0,29.13,11.23
17.0,6.6,44.82
33.0,27.35,92.23
24.0,6.49,42.5
12.0,21.35,68.62
7.0,24.26,17.92
17.0,57.64,57.57
28.0,25.32,47.74
30.0,52.8,53.29
10.0,27.86,52.98
21.0,48.63,86.27
15.0,22.05,93.82
20.0,21.89,64.29
23.0,30.17,51.98
24.0,25.44,48.52
12.0,32.83,56.13
7.0,28.28,89.98
15.0,54.92,85.27
18.0,28.69,49.05
18.0,24.51,59.77
24.0,29.59,57.13
33.0,25.04,56.76
31.0,27.37,58.74
25.0,25.5,53.81
16.0,54.46,59.05
30.0,9.97,14.06
35.0,23.3,42.92
32.0,48.15,66.99
23.0,24.08,92.46
29.0,30.52,64.58
28.0,25.6,46.16
4.0,28.38,44.62
15.0,24.03,54.72
5.0,31.39,49.89
2.0,24.29,58.18
6.0,22.89,62.36
27.0,29.57,59.04
11.0,30.5,40.15
11.0,5.74,62.3
16.0,21.4,42.22
24.0,34.99,59.77
2.0,32.68,45.11
34.0,28.79,55.83
34.0,24.54,11.98
12.0,32.22,58.68
27.0,29.77,43.41
14.0,22.83,54.73
9.0,20.9,68.41
19.0,23.12,51.7
16.0,32.2,62.18
10.0,26.94,58.7
13.0,33.33,49.93
21.0,34.57,60.64
30.0,24.31,12.77
33.0,34.84,49.92
12.0,25.33,13.41
2.0,29.23,12.96
26.0,34.54,45.1
18.0,8.17,65.02
30.0,31.2,69.3
28.0,25.67,88.79
30.0,25.17,63.24
34.0,21.88,11.14
30.0,49.93,57.53
35.0,53.92,65.9
34.0,28.32,53.2
6.0,51.89,43.44
30.0,9.15,40.44
11.0,45.42,16.64
25.0,22.4,12.53
12.0,26.59,43.7
29.0,20.28,49.89
35.0,34.51,59.69
2.0,21.96,46.07
10.0,47.64,58.29
11.0,27.62,11.14
6.0,30.1,14.64
9.0,30.19,69.64
26.0,52.16,53.97
24.0,24.35,43.94
9.0,29.98,68.95
8.0,31.55,11.69
20.0,27.65,60.54
35.0,28.45,50.97
18.0,20.81,55.01
28.0,20.05,68.71
10.0,26.36,46.87
34.0,53.13,43.87
7.0,20.02,69.28
6.0,32.94,48.75
14.0,29.53,19.16
24.0,26.82,17.85
35.0,25.69,53.86
26.0,32.72,60.31
22.0,58.26,50.52
14.0,27.01,19.96
12.0,32.76,88.77
19.0,33.87,41.49
4.0,48.11,46.72
2.0,30.82,61.1
7.0,5.53,50.97
13.0,24.61,16.08
30.0,33.53,17.98
29.0,22.84,12.86
17.0,29.27,65.34
23.0,22.73,94.03
7.0,24.08,93.99
33.0,26.38,40.5
1.0,25.61,91.08
15.0,7.96,19.42
22.0,27.63,92.29
28.0,31.54,69.22
35.0,25.72,40.97
33.0,34.88,52.4
5.0,32.82,59.74
35.0,22.03,64.88
23.0,25.53,17.22
1.0,28.52,90.34
35.0,27.16,43.62
21.0,20.93,15.97
28.0,32.15,55.25
9.0,29.32,58.45
9.0,23.28,42.43
31.0,6.1,48.16
5.0,30.96,54.7
27.0,26.55,18.98
2.0,33.57,89.85
29.0,34.94,56.12
33.0,33.83,12.79
34.0,7.96,92.21
24.0,22.52,67.77
32.0,27.28,55.39
27.0,23.75,58.24
20.0,9.86,69.19
22.0,30.89,13.51
18.0,27.73,92.34
15.0,32.25,57.5
32.0,32.61,87.1
5.0,22.13,52.13
33.0,27.78,43.24
11.0,31.91,19.55
25.0,27.01,65.01
23.0,34.33,64.3
33.0,34.82,61.79
22.0,34.35,67.83
7.0,20.14,87.21
18.0,26.4,45.63
1.0,5.53,51.46
30.0,24.75,69.1
19.0,50.06,54.14
19.0,26.87,58.18
9.0,22.96,46.02
23.0,6.88,11.79
29.0,26.29,48.33
19.0,22.44,58.78
33.0,33.16,49.67
12.0,21.8,18.55
10.0,32.17,43.5
9.0,29.86,41.69
30.0,25.1,50.45
9.0,46.28,58.99
1.0,33.14,48.47
1.0,29.46,46.14
23.0,26.63,63.58
11.0,26.35,51.29
35.0,54.84,62.81
10.0,8.34,92.34
15.0,53.4,44.15
12.0,28.28,90.43
27.0,25.39,42.56
20.0,23.51,53.96
27.0,32.73,67.37
1.0,30.61,57.23
10.0,31.22,62.5
6.0,20.79,59.61
11.0,26.23,11.2
5.0,54.51,66.33
35.0,21.42,16.45
10.0,23.22,66.01
14.0,21.32,12.78
4.0,21.2,66.51
5.0,31.8,65.5
9.0,34.99,53.71
20.0,25.3,60.32
1.0,29.6,44.36
22.0,22.45,42.79
13.0,25.32,57.96
18.0,29.21,88.74
19.0,34.23,41.24
31.0,50.49,56.59
16.0,31.67,52.41
14.0,34.35,65.5
1.0,32.49,46.68
27.0,24.98,93.48
33.0,26.54,64.0
24.0,28.45,44.07
24.0,33.78,50.72
23.0,32.36,43.14
24.0,24.3,12.77
14.0,7.68,59.18
22.0,20.26,56.47
4.0,6.11,52.33
34.0,33.25,46.86
26.0,29.97,16.31
14.0,28.19,55.42
32.0,28.54,64.77
2.0,24.53,45.97
32.0,28.98,54.1
13.0,33.0,66.96
8.0,33.98,43.36
2.0,24.13,67.45
6.0,27.9,13.26
31.0,20.41,47.9
13.0,33.5,62.77
11.0,20.71,41.44
29.0,51.23,50.77
24.0,47.08,92.01
28.0,34.55,63.01
10.0,25.89,58.71
15.0,33.35,60.83
28.0,25.66,65.48
26.0,24.79,43.59
14.0,34.2,57.54
27.0,21.05,91.8
27.0,26.19,42.91
25.0,22.17,90.86
35.0,8.65,57.53
27.0,34.83,55.9
4.0,34.17,40.6
1.0,26.27,58.44
2.0,24.83,59.09
30.0,7.18,62.31
16.0,20.41,57.67
4.0,25.84,66.82
30.0,21.86,63.99
5.0,24.51,63.86
5.0,26.46,93.45
33.0,33.28,46.63
3.0,23.88,61.56
31.0,26.01,43.54
24.0,48.43,43.32
13.0,30.24,68.16
22.0,23.47,45.04
32.0,22.35,64.27
5.0,46.35,51.19
14.0,58.45560000000002,59.92
31.0,24.06,64.66
13.0,27.7,59.26
29.0,29.65,66.82
28.0,32.75,59.25
35.0,33.61,69.7
13.0,57.7,42.48
2.0,6.37,14.86
14.0,31.11,62.6
26.0,26.44,62.12
11.0,34.63,51.53
2.0,23.14,46.14
19.0,23.67,92.46
14.0,21.57,89.97
5.0,58.45560000000002,69.16
33.0,30.73,60.78
26.0,29.91,68.22
27.0,20.95,50.65
4.0,21.18,62.05
28.0,33.86,66.75
20.0,30.82,19.52
3.0,25.3,52.3
23.0,34.17,68.62
4.0,20.92,11.14
14.0,30.28,60.62
32.0,27.26,66.09
14.0,34.85,51.12
1.0,28.51,59.87
20.0,26.63,46.16
19.0,28.48,12.94
4.0,5.81,54.62
21.0,28.29,47.15
6.0,25.69,15.7
28.0,23.84,66.62
26.0,22.22,14.77
21.0,54.5,87.95
19.0,31.08,56.78
6.0,24.92,18.49
6.0,46.06,68.63
14.0,27.63,59.98
13.0,23.08,61.08
29.0,21.93,60.62
6.0,33.01,61.54
25.0,57.76,52.94
34.0,51.12,91.47
1.0,45.45,67.83
32.0,28.99,47.59
33.0,24.77,48.11
6.0,32.24,41.81
31.0,5.53,61.73
25.0,24.68,15.04
16.0,32.59,58.07
1.0,34.04,68.14
24.0,24.76,46.82
28.0,25.56,43.62
7.0,24.86,63.42
33.0,30.13,51.42
3.0,34.22,67.51
2.0,30.58,13.6
8.0,6.01,86.47
3.0,24.93,58.67
13.0,26.51,61.6
25.0,26.6,93.68
14.0,29.57,69.72
25.0,33.0,69.16
30.0,20.81,66.36
34.0,24.84,43.14
23.0,34.37,69.61
5.0,24.46,45.82
11.0,34.35,41.76
2.0,9.48,19.34
28.0,29.43,47.0
20.0,28.21,16.26
14.0,23.78,62.27
17.0,23.44,45.65
26.0,9.25,15.55
14.0,30.96,85.64
2.0,34.15,69.56
29.0,46.77,62.23
13.0,33.71,66.59
22.0,33.22,56.66
31.0,34.34,91.79
28.0,7.99,42.71
34.0,48.59,64.14
23.0,34.77,43.33
21.0,25.65,40.99
13.0,22.52,13.94
27.0,23.24,93.3
26.0,51.69,54.39
17.0,28.57,40.98
34.0,29.43,92.8
12.0,32.43,68.56
35.0,27.11,46.84
7.0,28.28,57.16
19.0,28.62,60.3
35.0,5.91,55.92
34.0,9.74,42.3
9.0,23.44,55.03
24.0,32.47,48.21
21.0,31.02,42.78
30.0,20.15,68.01
29.0,34.39,43.26
9.0,30.21,50.39
20.0,20.47,17.73
28.0,31.6,54.09
33.0,20.6,44.14
5.0,23.38,43.25
27.0,33.51,48.08
6.0,29.34,40.62
26.0,33.62,61.85
7.0,30.12,58.1
8.0,5.53,60.16
23.0,24.32,92.73
10.0,31.03,51.33
6.0,32.33,49.35
18.0,29.08,40.01
35.0,20.05,65.98
34.0,28.13,11.14
18.0,21.87,40.96
21.0,57.0,47.7
29.0,33.27,40.56
20.0,31.35,58.5
14.0,21.31,50.17
14.0,9.49,55.6
8.0,32.75,86.64
12.0,26.75,44.3
21.0,23.63,57.85
5.0,30.39,62.28
21.0,20.27,48.43
19.0,34.28,14.1
32.0,25.04,66.01
27.0,33.64,66.48
1.0,22.64,92.34
32.0,32.48,69.04
26.0,28.89,66.46
28.0,7.66,49.14
32.0,22.54,56.09
33.0,20.85,56.59
35.0,6.47,69.88
26.0,33.48,47.37
35.0,23.91,60.71
20.0,34.66,64.91
26.0,20.55,61.93
26.0,26.92,50.29
35.0,32.08,61.48
15.0,58.45560000000002,50.72
22.0,30.88,57.12
2.0,25.55,69.84
16.0,29.41,12.07
4.0,53.99,51.5
26.0,27.6,69.59
23.0,25.34,11.14
9.0,8.31,66.51
21.0,9.37,11.68
20.0,53.82,69.74
32.0,24.19,12.54
24.0,22.58,58.99
12.0,29.48,65.62
6.0,23.65,15.4
18.0,34.33,65.0
19.0,5.53,64.9
12.0,24.77,65.54
26.0,20.77,60.66
28.0,6.4,47.83
16.0,20.92,65.83
2.0,23.81,43.21
12.0,6.96,12.7
12.0,55.91,42.35
11.0,25.1,41.8
26.0,33.28,12.96
31.0,20.97,56.92
19.0,21.99,52.94
16.0,53.27,61.26
30.0,30.77,68.13
30.0,20.36,52.01
24.0,32.26,48.76
1.0,31.42,41.87
33.0,23.78,59.58
19.0,23.47,19.61
11.0,27.04,89.12
34.0,23.41,17.78
1.0,24.07,13.59
31.0,34.06,60.02
3.0,33.43,42.91
3.0,32.98,47.0
7.0,23.11,46.01
33.0,29.58,61.33
11.0,58.45560000000002,46.39
27.0,32.45,45.0
17.0,50.55,56.65
33.0,26.35,67.07
6.0,28.94,11.14
7.0,29.8,45.41
28.0,20.98,56.07
31.0,31.84,67.64
7.0,22.37,61.06
16.0,26.49,66.22
1.0,27.62,62.81
13.0,20.53,66.53
8.0,9.15,58.25
29.0,32.43,44.89
31.0,8.43,57.78
2.0,5.53,66.9
33.0,25.41,61.43
30.0,26.59,14.8
28.0,20.78,92.54
24.0,22.12,58.77
18.0,45.34,67.23
19.0,21.26,57.88
2.0,20.18,55.13
22.0,34.59,63.75
11.0,45.38,42.03
21.0,25.79,68.16
13.0,28.01,43.46
29.0,34.55,62.01
33.0,26.98,65.98
17.0,28.54,51.92
7.0,34.6,64.48
28.0,6.17,50.42
22.0,20.39,67.0
13.0,7.09,91.95
6.0,20.02,12.02
30.0,24.0,54.86
5.0,33.46,56.05
9.0,24.61,47.37
14.0,24.06,69.79
15.0,31.36,65.74
26.0,32.73,15.91
35.0,26.5,51.31
25.0,9.44,42.29
19.0,5.66,62.54
16.0,31.52,48.83
7.0,31.46,46.05
16.0,23.51,92.26
25.0,31.91,67.16
15.0,56.54,64.62
34.0,30.98,14.4
12.0,27.95,61.14
5.0,33.89,69.8
26.0,34.07,59.7
5.0,34.18,19.54
12.0,23.99,43.69
12.0,26.51,43.86
8.0,31.45,69.07
30.0,21.38,59.67
20.0,31.22,45.71
33.0,23.55,48.22
21.0,29.4,57.37
31.0,34.7,68.25
27.0,25.44,42.51
11.0,23.8,51.75
35.0,51.05,85.25
17.0,28.4,13.49
30.0,47.64,11.67
9.0,52.5,41.19
35.0,53.44,17.41
30.0,20.33,44.86
5.0,29.34,54.8
23.0,28.24,87.88
19.0,25.66,85.31
11.0,9.36,57.53
7.0,33.22,68.36
22.0,58.45560000000002,60.79
11.0,24.82,52.1
29.0,33.6,59.69
10.0,24.88,49.41
23.0,21.44,42.61
27.0,28.02,62.92
11.0,29.11,51.46
30.0,24.09,52.3
28.0,22.1,59.69
21.0,30.2,69.62
32.0,22.21,45.63
21.0,50.71,48.66
32.0,26.44,15.46
29.0,33.93,44.35
10.0,22.1,41.65
34.0,32.03,52.76
1.0,6.62,93.81
26.0,26.56,65.94
3.0,32.57,93.85
26.0,52.52,50.41
13.0,34.67,60.93
29.0,24.71,89.54
29.0,24.73,52.5
13.0,26.67,59.68
16.0,27.73,45.37
2.0,29.44,64.09
31.0,32.89,68.62
11.0,32.57,56.71
11.0,31.06,11.21
34.0,56.14,40.82
2.0,28.34,48.5
1.0,50.63,16.5
26.0,7.95,51.84
25.0,55.21,18.9
11.0,34.75,66.57
33.0,27.49,62.53
20.0,31.98,65.55
14.0,27.22,57.74
30.0,27.96,41.83
6.0,23.52,11.14
11.0,29.1,50.02
34.0,25.94,17.41
24.0,45.14,40.5
6.0,32.85,65.33
30.0,27.88,42.62
21.0,58.37,46.82
29.0,29.82,17.27
22.0,8.61,62.75
34.0,25.58,17.14
18.0,28.23,44.32
34.0,47.68,69.93
1.0,25.16,65.29
5.0,31.72,47.15
31.0,54.69,63.08
31.0,23.83,67.17
23.0,48.72,59.04
18.0,6.21,54.13
33.0,26.5,41.98
24.0,6.93,42.89
14.0,32.14,91.89
17.0,25.32,52.01
25.0,51.46,15.88
18.0,47.11,63.72
20.0,32.75,12.39
32.0,27.96,68.13
17.0,9.83,89.98
31.0,33.72,60.73
14.0,33.51,67.45
13.0,53.85,93.34
17.0,27.27,60.38
29.0,7.1,13.93
32.0,30.37,60.12
18.0,32.67,45.87
6.0,28.89,64.77
8.0,33.01,15.98
17.0,33.06,52.6
26.0,33.6,69.55
22.0,24.11,88.16
5.0,21.06,12.79
25.0,26.17,11.14
34.0,21.34,65.62
28.0,21.7,60.22
29.0,30.61,11.14
14.0,31.97,91.64
27.0,26.06,46.76
28.0,33.58,51.84
5.0,29.1,42.74
4.0,34.36,50.25
21.0,27.3,63.34
20.0,9.59,53.73
32.0,29.09,43.82
22.0,30.51,60.57
35.0,28.67,87.56
19.0,8.92,59.46
12.0,9.27,57.68
5.0,23.3,44.44
24.0,56.53,91.05
14.0,6.7,56.3
17.0,34.78,90.75
22.0,22.52,41.27
29.0,51.3,68.29
31.0,54.92,91.63
33.0,28.09,88.39
7.0,27.13,19.05
16.0,52.84,89.74
12.0,24.74,45.09
6.0,34.07,45.23
7.0,55.37,47.53
7.0,50.72,55.19
6.0,24.83,61.14
18.0,21.28,44.53
3.0,21.85,51.99
35.0,29.5,55.97
34.0,27.47,12.06
20.0,54.17,59.81
14.0,50.76,48.89
21.0,45.15,16.84
35.0,30.19,47.41
23.0,33.52,18.93
24.0,26.0,89.57
35.0,21.57,43.74
11.0,27.14,40.53
12.0,22.75,55.01
24.0,20.44,69.83
19.0,33.85,40.42
31.0,53.9,65.01
13.0,30.67,65.39
12.0,32.4,45.88
14.0,54.81,63.58
22.0,25.13,65.79
13.0,25.25,55.48
30.0,30.54,17.2
1.0,29.77,94.03
8.0,28.63,54.6
35.0,31.54,11.14
11.0,51.68,91.67
11.0,5.98,51.75
21.0,25.72,42.38
12.0,29.3,56.07
15.0,26.62,64.51
7.0,9.47,19.76
13.0,25.23,46.24
15.0,34.85,42.03
20.0,27.36,55.67
7.0,28.48,65.14
11.0,24.24,55.91
11.0,32.32,61.47
10.0,30.88,58.75
7.0,32.58,61.3
21.0,5.53,47.38
30.0,46.24,58.29
18.0,29.24,16.52
22.0,28.28,11.14
9.0,25.16,88.85
18.0,24.0,14.43
12.0,34.88,55.75
26.0,6.85,49.64
19.0,31.74,58.79
4.0,26.84,53.68
24.0,47.8,87.39
31.0,25.23,45.24
20.0,21.69,54.6
33.0,26.97,65.59
29.0,28.08,46.04
23.0,33.74,51.36
31.0,58.22,62.85
13.0,28.45,44.3
9.0,32.18,50.51
25.0,5.53,87.72
5.0,33.76,60.88
9.0,58.45560000000002,62.99
25.0,5.56,62.36
1.0,25.74,47.0
14.0,31.72,92.46
26.0,54.98,68.04
26.0,30.72,53.64
34.0,21.89,51.74
11.0,32.6,51.87
20.0,25.8,55.77
3.0,28.92,46.3
26.0,27.33,42.31
8.0,21.14,88.82
32.0,26.65,47.59
7.0,9.36,42.85
9.0,24.81,54.38
7.0,58.41,88.5
18.0,31.39,66.4
31.0,27.58,17.36
32.0,24.54,64.84
9.0,28.54,59.36
27.0,57.9,69.69
28.0,24.27,54.8
1.0,31.79,66.43
13.0,22.37,43.21
30.0,24.2,49.58
26.0,27.11,57.49
24.0,21.89,65.88
18.0,51.13,55.24
19.0,30.01,62.69
8.0,27.8,56.22
33.0,33.37,64.35
35.0,30.02,41.38
32.0,7.53,51.53
1.0,24.19,50.51
30.0,6.74,19.98
8.0,24.56,50.6
2.0,47.53,59.25
15.0,20.05,46.3
31.0,28.91,43.21
22.0,30.49,40.48
32.0,23.2,41.94
19.0,6.29,49.97
11.0,26.6,55.57
15.0,31.85,11.45
16.0,26.0,15.15
8.0,25.01,60.94
24.0,6.93,69.41
25.0,31.11,13.87
15.0,33.68,52.27
8.0,25.72,90.55
14.0,28.56,43.53
3.0,22.97,46.3
2.0,26.04,52.94
20.0,6.8,44.26
18.0,26.16,61.01
27.0,26.46,68.71
4.0,23.38,45.48
33.0,30.6,53.55
28.0,21.56,66.44
15.0,33.07,43.15
16.0,34.55,60.42
29.0,30.2,63.33
22.0,26.81,64.19
19.0,21.68,87.86
34.0,57.19,50.06
5.0,21.54,44.17
17.0,9.83,14.95
33.0,29.46,40.64
16.0,5.53,49.28
34.0,21.82,58.83
32.0,21.13,63.48
28.0,50.93,68.4
33.0,31.89,89.14
5.0,23.57,48.43
35.0,29.24,51.95
12.0,34.69,43.44
22.0,34.67,60.61
22.0,52.21,19.28
1.0,5.66,48.77
19.0,24.24,52.35
30.0,48.2,56.92
32.0,27.31,67.55
22.0,20.26,63.4
20.0,33.86,13.88
9.0,20.16,15.62
22.0,5.53,61.49
2.0,6.89,47.75
32.0,26.48,57.28
26.0,30.8,68.56
20.0,23.22,46.13
28.0,20.36,45.96
28.0,31.82,62.8
16.0,5.53,52.5
13.0,5.92,43.75
22.0,22.55,88.77
1.0,34.28,13.89
33.0,27.48,49.29
23.0,30.77,57.95
29.0,28.97,48.87
2.0,7.82,54.89
9.0,34.33,17.45
2.0,27.42,67.49
15.0,58.45560000000002,49.19
28.0,28.15,49.83
19.0,57.93,66.55
3.0,7.22,18.95
26.0,33.2,63.34
23.0,30.18,55.75
35.0,20.61,18.46
22.0,34.88,43.31
22.0,27.07,55.52
13.0,34.3,49.88
29.0,34.37,87.82
4.0,29.68,86.91
19.0,23.58,11.14
18.0,5.53,14.46
14.0,23.06,93.68
22.0,32.32,65.27
11.0,20.08,18.01
5.0,30.94,52.4
33.0,9.64,93.69
9.0,32.92,15.81
25.0,24.44,88.7
2.0,31.31,69.72
6.0,5.57,42.33
19.0,24.41,43.55
9.0,24.6,46.41
23.0,31.97,13.11
17.0,32.28,49.63
15.0,33.99,69.99
3.0,22.13,65.02
12.0,8.73,54.36
15.0,28.75,47.79
35.0,32.93,63.74
18.0,25.88,15.56
6.0,30.48,15.92
6.0,26.54,60.3
21.0,25.81,56.13
34.0,26.49,15.78
30.0,20.53,86.78
27.0,26.71,42.76
18.0,21.09,48.01
30.0,25.12,89.55
6.0,22.72,51.42
2.0,31.67,17.27
5.0,24.75,57.29
28.0,30.73,59.0
19.0,32.08,85.86
32.0,20.19,54.19
30.0,45.65,65.16
13.0,27.1,47.93
27.0,21.2,60.7
18.0,23.34,46.03
2.0,21.57,94.03
20.0,22.89,48.56
33.0,22.05,54.33
11.0,20.09,60.76
24.0,24.4,55.84
27.0,29.13,63.9
3.0,33.76,60.71
9.0,21.36,85.05
20.0,9.03,56.16
31.0,31.9,60.15
4.0,34.51,43.09
12.0,33.01,51.24
29.0,27.14,60.9
13.0,23.17,62.54
31.0,33.95,40.4
18.0,28.98,64.12
14.0,32.73,13.91
29.0,34.04,67.47
6.0,24.35,69.56
35.0,24.53,67.16
25.0,33.18,18.07
2.0,7.1,58.77
3.0,30.0,65.59
34.0,28.95,11.14
3.0,23.78,53.63
5.0,29.52,40.11
25.0,29.71,65.4
12.0,34.91,94.03
12.0,52.35,41.95
19.0,20.56,47.11
16.0,20.63,18.09
35.0,25.21,47.01
28.0,31.68,48.37
18.0,26.81,94.03
31.0,49.95,43.0
26.0,20.14,47.71
8.0,52.98,53.82
7.0,20.71,94.03
2.0,56.32,50.78
18.0,21.48,50.44
34.0,23.88,63.8
12.0,33.02,50.83
27.0,23.21,65.57
27.0,23.25,49.73
18.0,27.64,69.02
15.0,29.39,69.95
27.0,31.23,69.57
26.0,6.4,13.17
26.0,30.18,43.61
13.0,27.76,60.48
11.0,28.72,55.32
29.0,26.09,50.03
24.0,31.59,55.96
30.0,21.34,59.2
22.0,9.76,62.23
12.0,30.48,48.28
8.0,33.88,48.05
10.0,23.49,46.16
11.0,33.43,86.87
7.0,25.24,19.09
13.0,31.82,19.95
8.0,51.13,89.93
12.0,32.26,49.68
35.0,26.69,59.62
25.0,31.74,68.78
27.0,28.32,52.43
6.0,27.08,56.9
4.0,30.12,17.18
18.0,21.62,67.83
30.0,22.94,69.88
27.0,23.08,59.04
27.0,20.77,65.4
14.0,29.51,51.54
33.0,21.32,41.67
34.0,7.05,62.99
14.0,31.38,55.04
17.0,31.75,50.12
2.0,29.96,67.49
3.0,30.42,61.59
11.0,27.74,86.3
1.0,23.5,17.13
2.0,33.31,47.86
5.0,55.47,63.41
23.0,24.9,41.81
2.0,9.11,53.42
26.0,30.69,66.4
1.0,24.02,60.93
26.0,24.76,91.55
22.0,29.6,62.16
1.0,29.27,17.71
11.0,33.24,41.34
34.0,33.63,51.75
31.0,31.89,50.92
30.0,20.92,66.43
28.0,8.91,50.94
35.0,27.23,69.97
29.0,28.3,56.67
12.0,20.74,17.65
23.0,33.62,40.66
1.0,47.76,16.49
29.0,30.05,59.76
17.0,30.46,63.3
24.0,24.73,44.41
20.0,27.43,62.84
30.0,58.12,19.63
7.0,8.74,61.0
10.0,30.05,52.1
32.0,33.1,93.58
9.0,23.7,45.48
18.0,34.32,51.0
32.0,32.07,50.88
28.0,33.76,63.2
5.0,7.41,54.11
34.0,22.67,56.91
17.0,30.63,47.79
17.0,26.21,67.86
34.0,8.63,48.55
15.0,29.37,51.22
18.0,24.16,46.26
14.0,26.87,65.46
12.0,6.79,48.52
27.0,26.8,40.98
30.0,23.0,67.09
1.0,25.09,60.28
5.0,26.18,61.16
24.0,7.5,58.23
13.0,46.7,12.78
1.0,8.69,65.59
3.0,30.56,55.21
23.0,8.67,54.59
19.0,32.64,41.16
35.0,24.11,44.75
24.0,48.48,52.14
15.0,31.93,16.36
18.0,26.15,54.45
18.0,51.0,52.66
13.0,32.26,16.71
28.0,31.44,46.13
1.0,23.16,53.0
11.0,31.95,52.13
31.0,30.16,61.78
18.0,21.63,54.77
21.0,25.77,49.29
20.0,34.82,18.64
14.0,31.86,43.51
11.0,23.37,49.67
6.0,28.44,64.65
10.0,47.51,13.23
10.0,20.99,52.86
28.0,24.45,12.09
16.0,6.61,17.78
8.0,23.9,41.26
5.0,56.73,44.82
24.0,33.49,56.95
12.0,5.57,62.99
25.0,58.45560000000002,69.07
22.0,30.19,50.63
13.0,27.77,46.48
10.0,22.11,43.87
18.0,25.75,41.65
11.0,31.37,94.03
27.0,20.24,58.81
18.0,58.45560000000002,59.74
13.0,58.3,12.51
1.0,24.14,59.09
10.0,6.02,93.44
32.0,21.08,48.86
14.0,6.07,45.7
18.0,21.34,41.7
28.0,26.72,41.38
30.0,25.35,51.69
15.0,7.12,58.47
7.0,25.77,42.53
9.0,52.64,15.84
27.0,23.65,62.52
35.0,27.57,41.98
32.0,22.73,57.48
20.0,6.98,59.9
2.0,27.07,54.02
11.0,53.97,41.23
3.0,23.68,18.78
17.0,27.38,43.45
17.0,22.38,12.83
9.0,55.42,16.85
20.0,21.52,41.19
30.0,46.83,62.64
30.0,32.04,63.86
31.0,21.72,51.12
8.0,24.4,51.29
16.0,28.62,11.14
13.0,31.72,67.33
16.0,23.19,51.78
30.0,8.13,86.5
34.0,29.93,59.51
32.0,34.07,11.58
1.0,29.54,58.43
3.0,33.7,11.14
27.0,22.46,46.98
34.0,21.27,63.02
35.0,24.12,46.15
32.0,9.39,69.11
22.0,23.59,43.0
14.0,9.91,44.53
23.0,26.4,55.98
34.0,25.06,49.73
5.0,6.53,93.75
31.0,24.58,43.44
9.0,22.74,52.76
7.0,22.63,51.71
16.0,5.98,14.46
16.0,32.26,65.4
26.0,5.92,40.54
7.0,20.04,11.33
23.0,22.83,63.79
19.0,9.16,40.94
12.0,20.32,60.61
14.0,56.4,63.68
3.0,29.81,93.61
7.0,33.08,56.11
23.0,33.65,48.6
24.0,8.59,53.24
26.0,23.65,48.75
1.0,29.28,53.19
21.0,51.42,65.07
15.0,32.5,11.26
6.0,25.55,64.25
32.0,7.43,65.5
23.0,31.23,19.66
9.0,24.43,52.07
29.0,31.02,47.53
16.0,21.94,14.28
12.0,8.05,53.37
10.0,28.36,53.95
1.0,51.84,68.69
26.0,24.57,64.7
12.0,8.69,44.92
28.0,30.15,11.14
1.0,27.25,68.73
22.0,34.13,64.27
17.0,29.93,59.33
11.0,7.87,49.26
20.0,22.06,45.76
16.0,30.16,43.11
34.0,25.61,66.67
9.0,20.42,14.12
27.0,54.31,93.99
32.0,23.64,42.85
2.0,24.67,60.27
21.0,24.55,40.15
19.0,22.37,68.96
35.0,34.5,69.83
3.0,20.02,44.51
8.0,57.42,56.44
15.0,21.36,64.97
3.0,26.9,47.97
6.0,22.98,58.53
25.0,26.16,19.22
9.0,49.53,42.03
18.0,25.16,56.68
26.0,21.65,88.63
28.0,31.93,51.49
15.0,34.71,44.66
3.0,8.17,11.14
14.0,28.0,69.59
9.0,20.32,67.95
33.0,52.04,66.66
30.0,26.17,60.06
18.0,31.56,51.32
29.0,23.98,91.7
34.0,29.86,68.39
30.0,32.15,65.55
23.0,24.79,44.71
24.0,25.63,51.89
20.0,26.53,89.18
21.0,30.18,14.1
5.0,20.16,67.41
30.0,34.8,49.42
32.0,22.08,46.01
7.0,53.2,87.21
22.0,33.53,55.97
15.0,47.5,50.63
26.0,23.79,55.74
28.0,28.16,85.44
1.0,25.82,69.45
13.0,24.61,40.87
20.0,31.12,41.9
16.0,24.25,54.44
11.0,28.79,53.67
10.0,26.3,63.21
16.0,20.64,46.3
26.0,46.06,58.07
10.0,27.55,46.33
29.0,9.33,62.09
12.0,33.26,57.55
19.0,34.27,41.03
13.0,24.93,51.54
14.0,48.89,92.28
5.0,34.01,19.17
23.0,34.2,68.05
23.0,6.61,40.09
2.0,29.32,86.2
15.0,27.06,49.96
3.0,49.04,45.21
27.0,9.49,51.35
5.0,33.55,51.42
11.0,58.19,40.17
23.0,24.7,48.31
9.0,6.25,52.27
28.0,23.29,62.21
19.0,8.57,56.3
27.0,28.55,49.76
26.0,9.5,69.13
10.0,27.39,53.36
25.0,27.81,49.37
24.0,25.97,57.88
8.0,27.92,40.63
14.0,47.68,61.24
35.0,26.14,12.36
3.0,26.63,53.06
29.0,30.36,62.93
25.0,30.83,90.58
14.0,24.63,51.14
32.0,22.03,46.96
34.0,9.63,59.43
19.0,34.27,42.13
23.0,20.71,49.0
24.0,25.41,48.3
33.0,50.71,43.05
12.0,28.18,43.49
23.0,55.77,52.18
17.0,29.63,50.86
13.0,25.9,60.95
33.0,20.14,40.67
28.0,28.23,65.59
7.0,26.97,17.03
21.0,29.23,11.53
13.0,46.22,57.8
29.0,25.59,44.74
18.0,29.56,63.46
11.0,6.97,64.22
34.0,54.28,69.2
12.0,24.79,50.35
18.0,29.26,61.63
21.0,21.26,50.57
22.0,29.47,43.32
1.0,31.16,56.81
10.0,21.74,69.15
24.0,31.72,42.14
5.0,21.5,55.33
21.0,33.31,88.33
32.0,9.85,44.43
11.0,25.04,68.55
35.0,58.45560000000002,92.6
6.0,27.87,68.84
35.0,29.72,56.99
21.0,27.75,54.58
35.0,33.03,45.25
8.0,6.83,64.65
6.0,21.74,43.01
11.0,8.06,85.56
27.0,5.62,44.04
12.0,27.07,64.23
22.0,20.07,68.0
34.0,30.07,91.56
34.0,46.76,53.3
6.0,34.53,53.03
1.0,33.44,47.16
12.0,26.37,85.23
20.0,29.61,47.18
32.0,34.37,86.07
8.0,26.85,45.35
23.0,20.44,18.29
10.0,48.77,52.34
28.0,5.53,49.9
33.0,29.5,44.17
35.0,26.2,49.64
4.0,24.25,46.13
20.0,29.49,87.27
22.0,26.02,44.47
12.0,9.41,50.49
29.0,54.97,43.72
10.0,32.91,15.19
13.0,7.95,67.01
11.0,7.19,50.65
21.0,31.53,52.19
30.0,21.92,51.17
17.0,5.89,94.03
21.0,58.45560000000002,63.99
22.0,31.43,68.97
10.0,28.68,55.92
18.0,5.53,65.67
22.0,28.57,61.75
12.0,34.24,40.45
26.0,27.81,43.35
12.0,25.67,62.75
21.0,32.13,89.19
8.0,29.6,60.57
12.0,8.31,53.81
12.0,23.33,45.88
5.0,28.71,48.24
18.0,28.64,44.41
11.0,24.09,64.99
16.0,20.6,68.56
19.0,24.0,67.55
13.0,6.45,52.54
35.0,21.21,54.86
23.0,25.47,86.63
24.0,55.29,18.8
26.0,7.4,63.25
20.0,22.9,88.78
23.0,26.3,62.1
28.0,24.46,68.65
11.0,23.1,44.84
29.0,20.1,43.34
18.0,9.1,55.03
30.0,34.72,41.36
12.0,20.37,64.81
27.0,20.83,59.24
19.0,7.29,53.01
25.0,25.1,64.67
24.0,20.66,56.37
8.0,34.52,42.37
35.0,23.58,90.53
3.0,21.01,59.92
23.0,32.63,17.32
25.0,32.41,69.68
19.0,24.65,63.7
27.0,8.43,59.45
31.0,49.87,53.43
5.0,31.69,63.73
24.0,32.25,40.84
13.0,6.7,53.11
29.0,49.78,45.16
9.0,7.21,61.73
23.0,31.17,41.89
3.0,25.88,61.78
18.0,32.39,47.74
8.0,22.15,50.61
35.0,25.41,66.13
30.0,25.92,94.03
2.0,28.86,43.05
15.0,23.28,52.89
19.0,26.82,46.13
25.0,21.37,55.93
14.0,20.45,56.11
28.0,32.51,68.21
19.0,30.46,60.25
15.0,27.53,87.54
16.0,27.76,69.35
21.0,32.34,11.14
3.0,22.41,48.59
30.0,22.86,64.04
14.0,28.06,49.15
16.0,47.75,93.18
24.0,34.22,50.3
4.0,27.24,89.25
25.0,49.25,51.24
15.0,20.92,40.77
5.0,32.07,43.83
10.0,27.66,63.71
8.0,31.12,63.51
14.0,23.21,62.33
13.0,21.16,69.23
28.0,6.31,11.55
26.0,26.54,52.11
11.0,5.53,53.0
3.0,8.46,42.27
21.0,30.8,50.52
19.0,26.26,64.5
4.0,25.23,51.32
30.0,22.62,54.14
25.0,27.28,56.92
14.0,28.51,45.67
3.0,29.31,15.67
23.0,28.19,15.04
1.0,22.05,44.1
6.0,46.32,65.0
35.0,31.97,56.73
13.0,9.51,54.36
29.0,21.08,87.61
32.0,33.7,43.46
28.0,27.57,47.48
22.0,33.0,58.1
22.0,28.4,92.45
1.0,20.61,19.29
6.0,30.05,57.25
17.0,22.63,62.9
33.0,21.48,40.48
17.0,28.4,89.31
35.0,34.38,57.02
11.0,57.37,47.03
17.0,33.8,93.5
5.0,51.77,45.6
19.0,32.15,48.51
25.0,34.85,88.15
15.0,46.88,52.05
14.0,28.4,69.0
21.0,27.0,44.11
26.0,33.76,64.83
3.0,25.51,66.53
1.0,27.22,43.84
12.0,20.53,18.17
24.0,27.46,42.43
18.0,21.37,67.53
21.0,28.1,59.54
32.0,6.16,90.95
2.0,27.49,52.56
18.0,26.08,59.0
35.0,25.54,42.2
18.0,46.3,47.16
15.0,27.62,55.47
26.0,7.85,61.74
18.0,8.51,56.59
8.0,25.88,14.41
9.0,7.7,65.59
5.0,21.02,53.48
34.0,32.13,51.63
7.0,51.91,16.38
22.0,20.94,52.75
16.0,27.15,57.92
12.0,28.72,86.7
29.0,28.27,64.12
33.0,21.87,41.23
5.0,34.9,43.81
32.0,52.02,64.25
35.0,26.32,55.01
19.0,32.1,52.24
19.0,32.68,64.81
2.0,27.65,91.49
12.0,30.99,47.68
4.0,21.55,40.21
12.0,30.25,86.41
9.0,27.01,48.71
31.0,34.65,48.17
10.0,31.86,48.7
31.0,31.86,51.7
34.0,31.01,44.3
28.0,24.26,49.54
11.0,20.89,45.21
3.0,23.09,61.26
17.0,30.32,89.08
12.0,7.37,67.27
29.0,27.24,65.59
14.0,32.01,46.67
32.0,55.36,51.65
20.0,31.12,51.91
9.0,31.7,17.18
30.0,7.39,52.61
5.0,52.35,61.98
35.0,26.84,14.37
23.0,23.34,41.23
12.0,27.23,69.85
5.0,26.3,62.2
14.0,28.59,18.92
12.0,26.73,41.85
27.0,33.51,88.84
31.0,24.79,44.26
22.0,9.26,45.38
6.0,20.67,92.42
16.0,26.37,12.03
23.0,20.56,50.49
22.0,6.47,57.6
5.0,31.73,46.93
33.0,32.56,58.25
20.0,34.07,61.48
23.0,55.45,47.67
13.0,23.55,45.47
30.0,31.73,66.41
12.0,33.96,56.58
34.0,31.14,17.32
6.0,27.41,65.27
14.0,29.47,18.13
29.0,28.53,12.86
5.0,5.53,19.09
17.0,29.82,85.02
22.0,28.39,68.32
2.0,21.39,62.13
35.0,30.65,49.76
7.0,31.91,44.89
20.0,20.28,67.29
22.0,34.96,47.67
15.0,20.83,55.66
21.0,26.68,47.1
13.0,22.76,51.82
2.0,28.92,18.81
9.0,29.0,86.55
30.0,8.48,60.81
1.0,28.89,41.55
3.0,32.52,91.46
15.0,52.45,19.43
32.0,51.68,91.25
21.0,24.2,11.14
14.0,27.98,51.29
25.0,31.28,59.88
2.0,31.72,61.12
24.0,25.27,53.3
31.0,29.53,44.71
9.0,58.39,51.31
21.0,9.93,88.36
19.0,46.82,48.44
30.0,31.86,48.15
28.0,26.98,47.07
32.0,28.54,55.75
30.0,29.9,53.99
28.0,20.41,62.32
15.0,32.19,41.75
21.0,29.42,93.88
18.0,58.45560000000002,63.39
20.0,28.71,16.91
9.0,8.56,51.07
2.0,22.23,40.67
35.0,27.78,15.19
21.0,51.7,13.22
34.0,23.8,53.78
18.0,23.59,50.32
5.0,23.42,41.52
11.0,26.73,47.15
4.0,25.32,57.88
2.0,20.05,61.25
29.0,25.61,67.26
9.0,28.28,68.74
23.0,28.54,46.76
29.0,27.62,88.19
27.0,33.9,18.83
28.0,47.51,58.13
30.0,33.73,45.19
10.0,8.42,11.45
18.0,5.74,93.07
31.0,27.54,49.26
29.0,25.08,18.14
35.0,34.74,19.57
20.0,32.29,68.59
18.0,23.55,40.57
33.0,23.71,53.23
12.0,33.95,54.28
34.0,27.38,55.82
5.0,33.0,65.16
16.0,27.36,14.11
21.0,57.26,57.15
1.0,29.91,53.6
12.0,34.26,58.54
11.0,23.12,51.07
2.0,20.23,59.96
35.0,54.53,67.22
9.0,31.61,54.77
13.0,7.56,41.33
3.0,21.64,60.44
18.0,32.95,15.87
2.0,31.15,48.01
5.0,58.45560000000002,94.03
12.0,23.72,50.77
7.0,33.58,85.49
11.0,33.68,63.32
31.0,28.76,45.71
12.0,34.29,60.34
4.0,22.97,65.17
23.0,7.86,48.26
19.0,23.96,41.99
18.0,29.24,42.34
1.0,27.3,55.67
24.0,31.65,64.25
2.0,32.79,60.82
23.0,20.54,61.87
6.0,23.49,44.63
2.0,21.82,61.0
21.0,34.57,58.37
22.0,53.89,17.13
19.0,23.27,44.83
3.0,23.88,47.11
8.0,30.29,68.69
21.0,52.58,69.81
12.0,28.94,51.51
28.0,22.13,11.18
15.0,58.08,69.64
19.0,47.36,18.2
28.0,31.2,63.98
7.0,22.99,57.33
19.0,24.72,63.77
21.0,58.45560000000002,55.29
21.0,25.57,65.31
32.0,28.53,64.78
17.0,34.37,68.03
2.0,31.77,41.94
16.0,20.83,16.87
2.0,20.2,47.5
3.0,30.36,87.16
18.0,24.9,47.05
19.0,23.33,68.81
22.0,27.21,65.37
25.0,32.14,19.75
32.0,25.08,60.48
8.0,29.08,41.72
1.0,27.81,58.35
18.0,31.52,56.66
25.0,25.6,94.03
24.0,28.38,11.14
30.0,34.47,53.94
7.0,21.16,58.38
26.0,7.87,11.14
33.0,24.19,40.16
21.0,33.24,18.27
17.0,32.77,64.32
15.0,25.06,85.79
30.0,54.62,48.24
33.0,27.54,50.92
10.0,21.81,55.79
20.0,27.06,58.77
12.0,29.17,65.77
24.0,46.92,45.68
7.0,34.21,60.25
11.0,30.2,51.71
33.0,34.62,65.05
2.0,25.05,54.17
8.0,9.24,50.96
12.0,33.88,57.49
26.0,34.51,65.35
33.0,26.49,61.53
10.0,45.21,62.29
31.0,33.44,42.58
24.0,20.46,67.9
4.0,27.48,40.19
13.0,30.44,19.44
31.0,8.8,44.83
17.0,30.7,49.48
14.0,21.82,47.24
6.0,30.34,90.52
31.0,33.71,60.83
15.0,32.01,58.06
9.0,56.09,45.24
12.0,32.62,45.62
22.0,31.71,63.83
21.0,32.13,61.51
25.0,23.51,60.88
20.0,33.14,59.21
3.0,31.2,46.38
10.0,24.62,64.98
7.0,34.98,58.11
34.0,20.68,94.03
24.0,21.37,68.13
3.0,58.45560000000002,66.59
23.0,54.73,65.34
11.0,34.85,42.14
33.0,8.24,17.0
18.0,7.9,61.11
16.0,20.87,62.52
19.0,24.44,42.49
15.0,30.77,93.58
19.0,27.66,68.89
16.0,25.91,58.4
34.0,29.21,46.48
13.0,31.18,86.34
21.0,55.12,55.73
30.0,27.99,50.18
24.0,25.84,45.92
7.0,34.76,59.43
14.0,30.5,60.82
18.0,22.66,53.64
21.0,26.87,47.5
17.0,32.25,69.6
31.0,30.72,85.77
2.0,26.71,67.23
33.0,33.96,68.8
28.0,26.51,54.27
32.0,23.4,86.4
21.0,22.0,46.71
15.0,5.53,52.93
31.0,21.54,18.55
4.0,24.45,86.98
16.0,22.49,19.29
33.0,26.97,59.14
10.0,23.2,55.81
30.0,23.02,47.33
4.0,24.19,44.88
18.0,31.82,42.14
15.0,47.58,49.43
11.0,26.79,69.97
12.0,47.35,47.91
22.0,25.57,61.26
34.0,31.92,57.3
4.0,33.07,58.29
18.0,29.14,53.72
22.0,22.91,42.73
8.0,33.61,68.98
33.0,30.56,92.63
29.0,22.12,87.67
6.0,30.86,64.92
28.0,21.74,12.48
22.0,22.35,42.5
1.0,24.02,48.06
18.0,25.22,55.33
30.0,26.35,61.21
1.0,20.21,48.11
22.0,28.81,48.2
13.0,23.68,62.97
12.0,32.87,12.6
21.0,23.32,51.88
6.0,31.37,41.35
27.0,32.36,52.21
20.0,30.78,68.92
30.0,23.85,60.33
14.0,23.0,90.6
18.0,31.9,19.43
13.0,24.54,41.5
34.0,21.75,65.14
10.0,20.5,64.13
19.0,24.04,60.23
14.0,21.67,65.71
21.0,24.26,57.26
31.0,27.69,62.06
2.0,22.14,67.87
18.0,22.09,94.03
10.0,32.72,67.18
15.0,28.94,91.99
21.0,34.02,43.88
19.0,27.83,56.04
12.0,21.69,48.78
14.0,25.42,69.52
4.0,31.71,57.2
10.0,29.24,62.03
17.0,25.08,69.65
15.0,26.36,48.52
5.0,34.29,91.1
30.0,33.94,69.56
13.0,31.49,54.98
15.0,30.08,60.26
18.0,24.55,40.48
29.0,27.6,65.44
5.0,28.52,61.74
19.0,22.13,53.76
16.0,31.19,62.9
32.0,26.46,65.96
10.0,30.92,61.04
35.0,29.51,68.94
16.0,28.38,61.57
15.0,26.51,63.46
13.0,5.8,88.99
8.0,25.45,15.66
35.0,34.65,89.33
23.0,34.15,15.6
7.0,25.37,41.32
34.0,33.39,44.13
13.0,32.78,49.55
16.0,26.99,92.52
16.0,21.08,42.53
14.0,25.82,64.48
9.0,47.45,55.49
22.0,23.37,45.66
10.0,34.98,65.88
17.0,53.45,56.87
1.0,49.92,46.58
7.0,33.14,54.82
15.0,26.19,64.65
24.0,6.31,65.59
13.0,7.07,91.97
34.0,8.96,11.36
35.0,27.73,56.83
14.0,49.07,88.41
17.0,31.1,61.62
18.0,34.95,13.11
8.0,22.97,58.91
14.0,22.66,54.15
26.0,21.38,58.45
8.0,58.45560000000002,48.8
31.0,31.28,58.33
1.0,31.25,54.42
10.0,6.64,61.93
6.0,8.58,59.78
2.0,9.89,44.9
33.0,45.8,66.58
34.0,51.83,50.48
31.0,24.93,66.21
26.0,29.02,62.63
10.0,20.74,92.63
3.0,26.22,94.03
7.0,46.23,68.8
18.0,20.12,90.19
5.0,34.4,66.56
11.0,26.43,61.91
14.0,21.07,60.1
14.0,34.63,56.44
24.0,34.3,57.18
8.0,58.19,68.39
10.0,32.12,85.52
33.0,33.33,69.23
32.0,23.89,42.28
14.0,25.58,41.0
24.0,32.07,47.23
25.0,28.44,60.07
22.0,28.18,66.64
33.0,34.64,94.03
11.0,30.89,60.58
8.0,31.22,51.63
34.0,7.17,85.78
17.0,23.6,68.17
7.0,31.39,54.9
28.0,29.83,46.32
24.0,25.6,42.76
2.0,22.92,91.37
28.0,7.14,43.93
7.0,32.4,55.63
34.0,28.67,17.09
16.0,32.03,58.3
30.0,29.85,61.8
15.0,8.34,93.94
10.0,57.45,52.13
12.0,20.21,14.79
5.0,20.63,55.36
6.0,48.3,48.95
11.0,22.6,43.9
29.0,56.71,90.79
27.0,46.88,66.97
21.0,22.79,50.51
29.0,26.01,54.54
16.0,28.12,14.67
17.0,31.38,55.76
12.0,33.94,54.98
21.0,28.9,89.88
22.0,22.82,11.14
22.0,23.36,59.27
35.0,20.81,63.07
16.0,24.73,43.49
29.0,22.92,55.64
6.0,32.06,12.42
12.0,24.78,48.3
34.0,25.73,63.93
23.0,20.06,53.22
32.0,8.38,59.36
11.0,25.09,49.45
21.0,23.68,48.83
2.0,34.06,56.15
28.0,20.18,93.85
19.0,26.58,48.58
29.0,26.4,50.9
10.0,45.45,65.12
34.0,34.21,61.57
33.0,34.77,43.05
33.0,51.51,91.22
13.0,31.59,52.97
33.0,33.16,59.47
31.0,23.76,40.73
27.0,20.26,58.39
11.0,29.65,68.08
28.0,7.22,59.63
5.0,26.43,62.44
14.0,33.32,46.91
32.0,26.8,41.93
25.0,28.27,57.76
17.0,25.92,50.0
25.0,7.28,69.48
8.0,31.88,89.13
27.0,22.37,61.03
15.0,27.0,54.57
13.0,33.17,48.26
17.0,45.71,93.76
27.0,20.72,54.13
27.0,32.39,69.57
13.0,34.32,48.1
25.0,34.46,69.03
18.0,32.94,56.23
25.0,30.79,50.02
30.0,5.53,67.1
2.0,26.07,67.22
4.0,24.58,57.71
22.0,30.32,92.9
22.0,24.75,48.66
8.0,22.19,60.55
27.0,27.89,43.12
18.0,24.71,62.31
26.0,22.49,59.2
28.0,31.3,17.05
28.0,24.6,40.5
33.0,8.22,19.25
21.0,30.48,19.95
10.0,20.95,46.45
18.0,31.36,60.41
25.0,24.14,53.87
23.0,28.7,11.24
27.0,20.48,41.66
21.0,22.11,69.14
26.0,29.84,59.56
21.0,55.25,55.0
14.0,29.84,40.73
28.0,20.41,87.63
30.0,23.93,63.95
33.0,50.41,57.48
5.0,34.74,44.88
12.0,30.74,62.63
21.0,29.05,54.98
13.0,22.32,50.39
6.0,24.19,53.01
9.0,30.76,49.31
24.0,27.14,49.96
19.0,33.69,49.92
3.0,9.41,67.08
33.0,27.59,45.28
23.0,9.53,42.0
29.0,54.44,47.58
18.0,28.47,56.56
7.0,30.82,69.6
15.0,22.03,48.44
20.0,24.62,44.28
7.0,58.25,41.04
9.0,26.29,51.4
23.0,27.64,68.28
29.0,7.85,44.59
30.0,5.98,42.39
23.0,29.88,48.07
31.0,32.57,54.74
16.0,45.56,55.45
2.0,29.76,50.32
31.0,50.6,57.53
32.0,30.79,63.7
17.0,50.09,12.71
22.0,32.16,42.92
14.0,20.33,49.19
14.0,29.04,52.9
22.0,21.01,12.23
31.0,28.52,65.32
1.0,24.3,40.59
9.0,26.36,46.9
3.0,21.67,68.28
31.0,24.76,62.66
23.0,28.23,51.88
13.0,25.77,47.2
30.0,33.96,44.33
10.0,20.06,68.22
14.0,25.14,64.16
20.0,28.99,59.21
20.0,9.21,45.26
13.0,30.87,60.16
3.0,21.38,40.98
20.0,20.72,68.42
4.0,33.16,18.35
2.0,27.56,45.59
35.0,57.92,47.35
19.0,34.34,40.95
10.0,57.92,42.88
34.0,32.31,47.02
32.0,21.58,59.38
29.0,20.3,52.13
2.0,25.68,52.46
7.0,32.01,85.32
5.0,24.33,54.48
22.0,26.76,51.68
29.0,46.3,43.96
30.0,31.21,67.52
12.0,27.27,58.19
9.0,7.41,42.96
7.0,47.33,65.81
35.0,33.25,42.45
22.0,52.95,43.36
4.0,31.02,54.12
35.0,48.13,55.79
21.0,26.53,66.55
4.0,24.57,47.8
1.0,32.06,16.09
13.0,24.01,45.3
13.0,20.57,63.23
26.0,25.57,89.87
17.0,47.35,69.82
27.0,30.74,51.32
21.0,21.74,56.58
25.0,29.51,69.04
13.0,8.37,89.84
31.0,27.63,54.58
14.0,31.58,92.72
2.0,9.84,65.54
17.0,21.4,11.14
33.0,23.78,46.34
7.0,30.4,15.38
7.0,26.58,15.52
25.0,26.37,91.89
30.0,8.86,62.0
29.0,33.91,41.45
17.0,23.66,68.29
23.0,7.59,41.74
11.0,48.66,60.38
8.0,21.6,52.51
29.0,56.17,14.48
20.0,27.08,48.13
34.0,27.26,69.55
26.0,34.41,56.73
4.0,27.73,67.06
4.0,53.38,43.07
10.0,46.54,49.59
19.0,20.54,50.49
30.0,46.81,54.88
32.0,21.99,64.3
13.0,31.71,48.56
10.0,24.78,42.02
15.0,20.02,85.67
13.0,20.13,93.05
15.0,24.98,55.46
18.0,29.11,52.64
34.0,31.07,45.49
4.0,31.09,41.6
9.0,28.03,54.06
14.0,34.47,58.58
27.0,33.75,50.73
27.0,27.62,61.79
34.0,25.22,14.76
29.0,22.42,58.55
21.0,22.91,63.8
17.0,49.07,87.48
24.0,32.16,14.76
22.0,30.65,57.53
35.0,5.53,60.19
28.0,23.93,53.71
35.0,30.11,60.57
12.0,34.34,91.11
5.0,49.88,43.71
30.0,33.69,50.72
32.0,23.71,44.12
5.0,49.52,66.95
33.0,23.69,69.24
34.0,29.28,40.55
11.0,31.11,59.46
2.0,25.56,56.11
35.0,23.84,52.06
11.0,30.38,90.87
33.0,6.47,42.32
32.0,51.09,55.32
34.0,6.15,42.93
19.0,23.4,44.85
7.0,32.15,53.36
11.0,6.83,11.22
31.0,30.4,44.87
29.0,22.87,56.32
32.0,26.16,64.91
27.0,20.17,61.91
9.0,57.46,52.12
14.0,26.22,51.44
7.0,57.14,44.22
21.0,22.24,44.23
28.0,8.38,54.45
25.0,25.58,19.85
35.0,24.88,63.96
34.0,29.99,53.87
8.0,7.2,52.62
21.0,29.08,86.31
19.0,21.04,52.06
35.0,33.47,46.95
18.0,51.08,12.99
15.0,27.02,43.39
25.0,33.42,93.39
18.0,30.14,45.94
11.0,29.81,48.24
7.0,21.35,62.94
25.0,27.24,41.53
35.0,29.05,11.68
20.0,29.51,50.95
18.0,31.82,49.74
21.0,31.6,86.11
28.0,20.11,48.58
19.0,31.53,57.26
2.0,22.04,55.69
22.0,34.7,46.88
3.0,32.59,13.68
7.0,31.62,46.19
1.0,22.69,50.17
8.0,26.86,68.48
6.0,33.88,46.29
2.0,31.8,94.03
12.0,22.04,56.88
30.0,23.55,60.86
20.0,32.08,51.92
25.0,29.36,53.1
24.0,25.12,58.48
8.0,28.73,68.07
15.0,6.37,69.72
33.0,33.93,69.65
4.0,32.06,47.93
20.0,26.71,89.96
5.0,49.51,43.45
21.0,20.81,49.38
35.0,9.73,40.41
8.0,21.83,58.59
27.0,24.92,50.29
6.0,28.92,42.1
14.0,23.93,53.48
10.0,6.19,48.59
17.0,25.65,93.82
19.0,28.64,47.43
28.0,24.89,88.91
1.0,32.63,40.23
22.0,30.36,50.48
24.0,31.62,40.09
7.0,8.8,88.14
22.0,20.73,69.21
22.0,25.91,65.45
18.0,57.61,53.91
2.0,33.82,63.67
17.0,32.91,55.85
19.0,25.56,67.78
11.0,34.01,44.22
25.0,24.08,40.23
6.0,31.29,64.25
9.0,25.14,57.29
13.0,20.96,63.97
33.0,27.66,53.24
29.0,5.53,53.89
2.0,31.82,69.34
28.0,31.34,54.57
35.0,8.36,56.41
5.0,25.63,57.68
21.0,21.97,14.96
12.0,46.91,45.1
20.0,30.7,47.65
8.0,20.91,92.84
32.0,31.73,51.84
35.0,24.74,54.28
35.0,31.98,48.89
24.0,21.67,66.87
31.0,7.56,59.11
27.0,20.46,11.19
4.0,31.47,66.08
6.0,9.25,62.7
13.0,33.92,44.84
23.0,31.23,54.19
35.0,33.67,94.03
26.0,28.54,68.07
5.0,31.87,42.23
1.0,5.53,68.94
3.0,33.56,86.77
4.0,21.23,60.53
13.0,28.54,11.25
32.0,8.24,44.73
9.0,34.92,58.56
2.0,24.28,52.73
10.0,32.4,54.46
32.0,31.42,65.6
19.0,23.48,51.64
18.0,27.79,60.6
27.0,5.71,42.05
6.0,22.89,87.54
21.0,22.84,42.05
5.0,52.88,51.23
33.0,33.81,54.84
26.0,24.57,47.11
5.0,25.72,41.92
20.0,46.29,18.97
21.0,34.34,17.7
28.0,28.11,49.95
22.0,20.44,16.62
3.0,46.58,42.39
2.0,7.17,46.18
20.0,28.32,63.35
24.0,21.1,41.61
9.0,26.78,67.91
12.0,29.4,43.46
16.0,33.98,43.21
13.0,8.6,50.55
23.0,27.23,67.58
24.0,32.92,61.5
5.0,32.78,52.42
23.0,34.24,42.13
35.0,23.24,50.59
2.0,30.55,66.62
14.0,25.94,48.26
6.0,32.24,19.82
12.0,23.56,43.27
15.0,29.35,58.57
14.0,25.8,51.56
6.0,23.3,14.18
35.0,28.52,63.1
14.0,29.95,49.63
14.0,27.01,43.94
16.0,58.45560000000002,52.64
16.0,31.36,63.41
11.0,31.74,43.98
7.0,33.68,69.09
18.0,25.53,51.57
25.0,22.59,65.85
16.0,33.69,53.69
24.0,31.56,12.07
8.0,25.55,46.13
7.0,47.21,17.5
31.0,29.27,56.12
25.0,34.67,64.9
27.0,52.24,50.19
16.0,33.86,46.56
2.0,34.79,63.05
7.0,23.34,69.62
9.0,26.17,42.08
8.0,20.25,65.95
19.0,27.93,48.21
11.0,22.92,69.92
27.0,20.93,69.32
20.0,57.01,90.68
20.0,23.56,59.05
3.0,22.43,64.58
21.0,55.6,42.04
21.0,28.96,42.07
6.0,28.99,15.45
21.0,26.88,41.54
23.0,54.21,41.71
9.0,21.6,87.45
27.0,30.38,48.34
31.0,23.64,42.44
3.0,28.09,54.78
15.0,49.1,53.76
20.0,29.55,52.64
14.0,25.17,45.65
9.0,22.09,56.12
27.0,21.5,41.98
6.0,50.38,87.09
16.0,32.48,92.68
35.0,28.53,66.1
9.0,23.24,55.16
5.0,23.98,62.56
13.0,48.76,61.26
25.0,55.58,86.15
26.0,34.78,87.97
34.0,9.65,66.54
19.0,22.27,56.38
27.0,26.23,66.79
20.0,31.66,15.46
34.0,34.08,56.26
2.0,32.19,19.46
33.0,5.81,47.66
9.0,52.38,65.09
23.0,34.74,40.83
5.0,51.15,60.59
34.0,23.11,60.45
3.0,26.46,55.18
24.0,27.73,66.83
31.0,27.84,42.22
33.0,51.07,68.26
10.0,33.7,45.87
25.0,31.92,52.53
25.0,34.88,43.53
6.0,46.15,46.76
6.0,23.28,17.03
25.0,24.23,50.9
14.0,21.42,58.59
8.0,34.23,66.82
33.0,29.24,43.21
8.0,23.97,65.86
19.0,55.79,47.89
2.0,23.27,47.83
24.0,27.36,42.06
16.0,20.24,59.48
1.0,49.63,48.89
9.0,34.74,53.99
3.0,21.34,91.89
28.0,23.72,50.4
34.0,56.81,54.76
16.0,32.43,45.08
8.0,28.97,12.96
35.0,21.1,54.23
32.0,24.37,62.02
11.0,27.93,46.84
32.0,22.19,69.14
23.0,30.65,41.34
18.0,56.66,50.12
12.0,29.5,49.31
11.0,32.39,17.79
2.0,21.14,92.81
29.0,20.65,41.49
35.0,21.25,13.13
15.0,21.62,69.24
5.0,27.03,65.29
26.0,22.1,69.05
21.0,28.83,44.1
7.0,26.77,53.48
11.0,7.54,61.83
28.0,22.66,47.24
23.0,29.54,67.03
4.0,33.81,61.26
23.0,26.73,59.11
12.0,31.57,43.08
22.0,24.1,47.27
28.0,29.48,44.8
5.0,54.39,42.63
23.0,34.57,93.58
7.0,33.74,53.38
19.0,20.48,55.46
35.0,32.84,19.04
1.0,20.17,45.51
35.0,33.63,65.49
34.0,30.51,61.39
34.0,25.66,68.96
9.0,21.09,69.52
7.0,27.83,47.24
28.0,28.94,89.27
19.0,32.34,86.9
4.0,5.53,57.82
35.0,7.56,64.98
20.0,30.08,54.52
35.0,25.92,55.2
29.0,21.68,19.25
32.0,31.03,49.64
24.0,20.84,44.33
14.0,25.8,63.52
8.0,33.26,59.36
3.0,32.85,58.82
32.0,25.04,11.14
21.0,22.31,55.28
27.0,5.71,89.41
31.0,28.29,62.97
4.0,34.69,54.04
10.0,28.19,59.97
28.0,24.82,62.24
28.0,21.54,47.48
27.0,20.46,64.28
18.0,26.09,42.4
33.0,22.57,47.2
5.0,6.4,46.7
21.0,32.29,55.01
33.0,25.19,91.41
26.0,20.77,44.43
11.0,33.82,11.14
32.0,24.43,44.98
16.0,32.39,43.93
35.0,51.73,65.8
2.0,29.56,41.64
12.0,31.17,18.26
7.0,32.11,67.6
4.0,28.7,59.04
5.0,8.47,51.47
30.0,22.93,69.98
4.0,26.33,55.69
19.0,21.81,41.92
25.0,32.76,58.05
20.0,29.64,69.41
26.0,31.21,59.87
12.0,34.28,48.77
33.0,27.14,52.94
9.0,25.43,52.12
20.0,27.41,85.17
34.0,26.37,44.59
16.0,33.51,54.45
31.0,26.16,65.83
10.0,9.61,41.88
24.0,28.75,41.04
3.0,26.56,52.18
2.0,29.74,68.01
15.0,9.45,51.97
22.0,22.95,13.09
16.0,23.98,54.74
11.0,21.94,86.45
25.0,23.98,66.12
25.0,25.64,45.43
25.0,29.83,56.77
10.0,29.0,92.11
6.0,33.04,53.9
27.0,28.04,45.6
28.0,29.9,93.22
32.0,26.55,19.2
19.0,20.17,12.3
32.0,28.3,53.94
12.0,20.26,55.84
8.0,6.82,63.34
34.0,33.94,67.63
5.0,31.72,47.98
34.0,29.46,43.53
4.0,27.02,16.03
31.0,24.02,50.52
25.0,22.25,41.34
25.0,26.3,87.99
7.0,32.03,60.63
20.0,25.29,87.44
11.0,27.99,51.03
29.0,33.84,67.94
26.0,23.25,52.71
20.0,30.15,54.88
9.0,34.87,13.77
16.0,21.23,12.55
13.0,30.11,49.11
19.0,32.83,56.76
28.0,30.12,53.83
17.0,53.25,44.52
4.0,24.14,52.12
15.0,20.7,52.41
18.0,28.77,54.52
11.0,25.67,68.57
2.0,48.0,49.72
19.0,26.14,67.44
14.0,20.51,52.1
3.0,21.73,45.57
18.0,26.05,13.08
4.0,31.29,90.17
11.0,26.17,64.02
26.0,22.79,89.1
25.0,20.06,88.84
4.0,23.36,47.68
2.0,27.53,67.56
27.0,34.01,64.82
30.0,32.17,51.55
31.0,8.34,65.05
15.0,27.54,67.65
27.0,25.75,60.56
15.0,20.91,18.41
13.0,34.65,55.8
6.0,48.36,63.91
3.0,24.53,64.58
5.0,21.67,58.44
26.0,28.23,56.83
16.0,21.14,57.48
23.0,21.77,58.29
30.0,28.13,85.56
25.0,33.5,42.64
18.0,33.97,85.38
13.0,23.17,68.65
25.0,20.61,90.34
24.0,23.33,59.18
5.0,26.22,47.05
9.0,31.66,67.61
15.0,29.64,53.83
16.0,26.43,43.54
23.0,31.77,17.28
18.0,6.35,62.5
9.0,29.35,67.64
33.0,26.49,47.44
28.0,22.44,62.98
27.0,6.61,47.7
34.0,31.58,43.73
8.0,5.53,64.09
18.0,21.19,63.41
1.0,22.69,52.94
26.0,29.68,85.72
5.0,7.76,17.88
21.0,33.1,43.58
14.0,27.72,44.23
17.0,31.24,87.35
24.0,32.02,14.55
32.0,24.39,57.83
16.0,23.09,19.01
34.0,32.79,56.68
33.0,30.18,59.73
20.0,21.14,52.1
13.0,21.53,19.62
5.0,27.05,69.9
28.0,6.17,46.35
12.0,24.38,42.55
7.0,50.61,48.18
34.0,32.52,12.4
29.0,24.19,87.37
23.0,45.03,43.18
10.0,24.71,53.63
3.0,56.28,42.78
34.0,45.74,68.1
6.0,24.69,40.33
10.0,24.5,54.23
3.0,34.69,57.33
4.0,6.81,13.71
3.0,30.68,51.27
30.0,28.68,42.34
29.0,34.49,52.29
2.0,34.8,47.5
5.0,22.65,61.94
7.0,22.5,64.88
4.0,25.68,65.16
20.0,53.69,68.74
5.0,31.81,56.86
34.0,56.45,68.78
19.0,34.37,47.29
25.0,5.61,68.12
33.0,6.38,11.56
20.0,7.85,89.86
9.0,27.36,49.72
21.0,8.68,67.87
34.0,34.05,89.91
12.0,8.54,58.59
14.0,20.69,56.96
16.0,57.65,56.32
2.0,20.06,16.57
34.0,27.19,63.87
35.0,24.62,55.45
2.0,21.35,43.57
6.0,21.89,65.02
8.0,29.93,67.46
23.0,9.95,60.55
10.0,9.87,56.32
23.0,33.1,69.74
7.0,29.63,49.6
28.0,25.32,53.41
27.0,54.07,14.45
3.0,30.61,87.21
24.0,55.82,65.24
2.0,32.67,68.9
9.0,28.18,49.75
19.0,46.04,89.12
1.0,33.4,64.03
7.0,33.86,48.09
33.0,28.5,48.08
20.0,53.12,42.33
29.0,20.63,44.82
11.0,29.22,45.35
20.0,24.41,85.34
22.0,29.78,68.63
9.0,23.46,15.94
18.0,27.03,41.37
1.0,24.82,51.82
21.0,30.22,49.34
23.0,30.02,65.4
16.0,29.16,11.52
27.0,7.96,45.35
12.0,55.69,57.79
1.0,54.81,55.82
6.0,23.22,63.5
16.0,27.51,44.95
22.0,29.78,45.75
10.0,6.13,63.05
1.0,20.6,11.21
31.0,31.73,64.3
11.0,32.56,63.81
35.0,24.09,63.83
16.0,45.92,16.53
2.0,21.91,46.24
18.0,26.18,65.33
23.0,34.5,65.77
26.0,33.29,93.14
35.0,29.93,66.61
33.0,31.95,53.13
33.0,29.2,48.52
33.0,21.18,54.49
15.0,31.79,45.06
4.0,31.04,50.46
6.0,28.22,52.68
6.0,7.19,85.35
25.0,31.2,52.52
33.0,58.45560000000002,47.68
20.0,24.38,66.99
9.0,26.29,67.15
10.0,46.61,89.73
1.0,25.43,47.3
33.0,26.77,86.53
25.0,45.63,46.97
33.0,56.17,61.47
3.0,30.7,90.29
1.0,6.13,52.76
23.0,25.37,47.95
7.0,31.36,11.14
17.0,28.1,58.91
30.0,23.75,46.03
11.0,31.96,54.42
27.0,28.49,50.5
23.0,23.45,53.14
18.0,31.78,55.97
28.0,8.55,49.38
19.0,22.88,55.37
33.0,33.15,58.58
5.0,54.14,64.9
22.0,23.25,64.79
27.0,22.1,18.42
18.0,30.24,40.57
17.0,21.11,58.08
21.0,25.06,91.97
16.0,32.74,57.12
33.0,30.22,19.94
35.0,47.41,68.36
27.0,24.18,56.6
9.0,30.91,50.91
16.0,30.51,41.62
21.0,29.77,40.8
29.0,20.4,67.01
27.0,32.07,56.89
21.0,34.67,45.45
13.0,23.41,59.54
18.0,32.87,67.28
14.0,7.55,58.61
19.0,24.77,91.0
17.0,29.84,63.04
2.0,33.49,60.02
15.0,21.06,68.05
2.0,8.62,89.91
30.0,21.64,53.93
19.0,8.98,92.22
28.0,33.49,60.68
15.0,30.3,54.9
25.0,32.61,53.21
29.0,29.59,56.88
4.0,30.25,47.79
17.0,24.97,54.86
14.0,32.32,59.74
25.0,34.09,49.19
14.0,6.88,69.24
9.0,22.95,53.23
30.0,31.86,51.92
29.0,32.7,41.42
5.0,33.27,54.31
9.0,27.7,49.18
10.0,32.51,52.17
34.0,23.68,89.59
11.0,32.07,43.98
20.0,27.47,59.87
17.0,33.4,66.7
13.0,26.71,52.48
31.0,31.46,67.08
34.0,24.74,43.78
14.0,22.41,12.3
32.0,55.68,68.26
17.0,23.39,62.0
17.0,23.78,56.31
11.0,29.86,57.02
26.0,28.09,69.31
10.0,21.94,54.83
6.0,32.42,57.63
30.0,9.48,53.02
3.0,29.32,45.38
9.0,30.26,61.74
1.0,25.79,43.08
30.0,31.13,42.67
22.0,30.21,55.89
27.0,28.13,52.86
22.0,26.79,45.48
22.0,29.06,43.34
33.0,30.17,50.09
20.0,33.43,54.78
1.0,20.43,16.89
28.0,20.35,66.77
24.0,27.18,43.31
28.0,49.35,89.61
30.0,28.12,90.14
5.0,7.9,57.79
23.0,27.57,58.62
22.0,26.38,45.39
25.0,32.93,60.72
28.0,33.2,64.19
25.0,9.66,60.45
29.0,21.13,58.65
19.0,34.11,63.83
32.0,20.15,64.16
31.0,31.93,48.62
35.0,21.58,41.93
10.0,28.3,42.91
8.0,21.23,48.74
6.0,26.68,17.93
9.0,30.34,67.84
27.0,24.3,44.7
33.0,34.58,49.87
13.0,20.02,68.53
22.0,24.17,87.49
34.0,34.27,11.76
15.0,25.65,41.63
9.0,33.48,45.39
17.0,25.46,45.08
13.0,31.45,57.91
17.0,47.78,51.1
8.0,29.72,11.75
15.0,27.5,94.03
7.0,57.44,65.08
13.0,31.4,15.06
6.0,23.1,88.36
28.0,7.93,61.95
16.0,23.27,58.03
31.0,8.13,42.8
18.0,26.55,17.32
5.0,24.06,50.7
2.0,23.35,58.73
29.0,6.67,19.49
19.0,24.53,45.06
1.0,30.92,53.82
1.0,25.67,55.78
5.0,22.43,61.81
20.0,27.52,63.44
24.0,20.6,54.38
25.0,5.53,48.24
5.0,30.09,91.6
31.0,32.85,15.66
30.0,29.87,68.86
8.0,22.68,91.21
21.0,28.87,68.26
12.0,31.12,44.41
7.0,47.85,59.1
9.0,27.32,63.03
11.0,29.85,43.03
14.0,22.65,52.48
33.0,29.66,52.95
30.0,27.59,64.85
27.0,33.92,19.91
15.0,28.58,65.34
23.0,48.65,63.09
2.0,24.76,65.42
3.0,25.56,44.87
4.0,32.84,43.52
24.0,29.49,41.84
15.0,46.86,69.16
13.0,26.03,65.57
2.0,20.76,43.81
13.0,20.22,13.29
27.0,55.2,44.26
18.0,26.98,65.26
28.0,27.29,58.1
22.0,54.72,50.33
13.0,32.43,65.07
16.0,33.2,63.51
1.0,26.22,43.66
34.0,9.16,51.74
17.0,32.92,48.69
25.0,25.54,55.25
10.0,27.68,47.33
3.0,23.58,62.83
33.0,7.98,15.23
6.0,26.99,67.02
27.0,28.42,50.62
5.0,8.13,68.58
29.0,33.94,40.15
32.0,34.65,51.59
16.0,7.8,56.39
10.0,29.61,17.15
3.0,21.76,59.17
30.0,28.96,47.08
31.0,55.69,68.26
26.0,28.85,13.09
13.0,25.79,65.69
8.0,28.04,92.93
26.0,29.84,69.18
1.0,27.42,12.29
16.0,30.45,67.28
28.0,6.92,54.89
20.0,26.44,15.09
19.0,6.23,69.76
8.0,32.03,11.14
21.0,23.1,52.74
17.0,7.79,49.82
10.0,26.75,48.61
26.0,20.59,51.37
3.0,27.66,93.52
9.0,30.87,48.57
16.0,25.06,87.97
11.0,27.31,41.44
5.0,29.34,65.23
33.0,34.47,58.58
3.0,34.81,63.81
18.0,33.14,94.03
19.0,30.51,63.69
8.0,23.85,54.79
12.0,22.73,44.84
12.0,6.3,12.5
6.0,25.34,43.48
33.0,34.94,65.21
5.0,25.38,49.53
12.0,27.66,48.94
28.0,8.2,43.74
10.0,50.01,61.18
11.0,27.45,14.96
19.0,34.09,57.41
29.0,32.19,86.0
6.0,34.09,85.82
2.0,26.2,61.09
22.0,29.27,62.62
28.0,20.23,68.66
22.0,21.04,61.89
3.0,31.23,48.51
28.0,31.06,46.68
2.0,25.64,55.9
13.0,31.65,90.94
20.0,20.96,54.46
18.0,25.38,66.24
28.0,21.71,18.15
6.0,45.09,49.32
20.0,27.51,40.05
16.0,21.54,52.46
3.0,23.66,91.44
3.0,25.38,94.03
34.0,20.6,18.67
18.0,25.0,65.92
26.0,24.08,53.29
25.0,58.37,52.5
23.0,28.89,48.61
6.0,6.51,60.45
2.0,5.58,44.34
9.0,31.92,47.69
26.0,30.05,54.7
12.0,24.65,57.02
23.0,34.23,66.11
32.0,25.0,51.82
20.0,30.06,56.0
25.0,21.21,42.48
18.0,28.59,57.85
3.0,21.44,62.1
29.0,26.89,48.55
16.0,23.9,50.68
3.0,29.02,47.03
26.0,28.77,44.84
34.0,22.28,16.62
24.0,31.37,44.55
16.0,33.87,12.2
4.0,25.34,55.02
31.0,34.4,12.77
22.0,34.79,12.32
20.0,8.75,48.73
21.0,33.28,42.48
12.0,58.45560000000002,42.64
32.0,21.86,57.55
4.0,58.18,60.32
14.0,25.99,57.96
35.0,34.95,89.0
2.0,30.92,43.02
19.0,21.43,93.97
31.0,29.03,65.71
33.0,31.13,55.63
31.0,26.14,63.96
16.0,33.41,18.03
9.0,30.27,14.72
28.0,23.12,91.01
34.0,28.33,51.31
22.0,20.06,11.23
22.0,8.1,63.82
17.0,22.8,60.45
16.0,30.84,62.58
29.0,55.39,57.65
31.0,31.43,47.67
23.0,31.76,42.83
12.0,54.44,49.44
11.0,24.34,46.45
30.0,9.56,85.47
9.0,31.93,67.24
28.0,28.42,47.31
21.0,21.17,41.06
19.0,58.45560000000002,54.6
14.0,33.25,90.91
5.0,20.98,54.56
19.0,47.6,58.66
12.0,30.91,68.94
16.0,24.17,52.69
7.0,24.49,68.85
27.0,32.44,66.76
34.0,24.03,93.79
30.0,24.67,13.75
15.0,30.77,61.96
27.0,23.4,63.76
8.0,22.25,67.58
19.0,22.62,69.6
2.0,30.52,15.58
8.0,23.32,54.24
7.0,28.2,53.11
8.0,33.71,49.37
14.0,21.81,49.28
3.0,23.69,59.13
25.0,21.4,40.33
21.0,51.92,49.9
33.0,26.6,67.36
28.0,7.28,40.9
35.0,22.51,47.22
11.0,23.36,53.81
16.0,25.1,88.66
27.0,23.08,68.88
30.0,34.46,54.35
4.0,28.76,11.14
20.0,30.85,48.62
25.0,28.44,56.29
33.0,46.03,52.46
4.0,31.81,61.64
16.0,30.34,49.3
25.0,34.23,61.59
19.0,32.6,45.63
18.0,21.9,89.84
16.0,27.16,41.59
9.0,23.33,64.02
5.0,27.5,60.48
26.0,50.38,67.61
9.0,29.17,52.29
32.0,29.69,59.93
28.0,31.87,85.36
23.0,21.39,43.85
10.0,32.3,63.11
15.0,31.33,11.49
18.0,27.47,89.19
34.0,29.77,40.52
8.0,22.01,46.22
10.0,22.17,85.53
17.0,27.03,60.15
13.0,21.62,52.48
21.0,5.83,59.29
35.0,23.06,60.25
10.0,23.06,47.18
9.0,46.81,68.09
32.0,21.78,50.46
16.0,31.76,59.89
15.0,22.41,45.11
7.0,23.51,48.78
2.0,34.31,64.55
22.0,21.76,61.89
18.0,30.65,15.06
5.0,30.77,85.44
11.0,32.51,40.55
29.0,22.88,60.94
25.0,27.12,50.49
1.0,24.34,43.46
30.0,34.31,65.04
28.0,24.5,43.05
5.0,27.23,44.02
1.0,29.48,57.2
9.0,22.21,51.77
17.0,58.45560000000002,90.78
35.0,31.8,57.3
8.0,29.59,48.38
28.0,21.65,18.57
31.0,27.38,69.1
24.0,25.31,11.14
29.0,32.83,91.88
13.0,28.8,47.31
31.0,21.9,11.14
31.0,20.99,61.85
14.0,33.62,41.49
17.0,32.79,43.12
32.0,46.88,61.48
26.0,34.82,45.67
26.0,24.64,12.47
25.0,8.47,19.76
31.0,24.53,60.67
15.0,30.9,53.16
12.0,28.17,46.77
34.0,20.98,40.31
3.0,24.96,93.57
28.0,33.87,47.8
18.0,23.68,67.33
16.0,6.31,14.78
32.0,21.58,41.44
20.0,6.62,67.67
13.0,57.34,68.25
29.0,50.86,90.12
27.0,29.22,85.07
24.0,26.47,64.01
6.0,33.1,44.47
22.0,33.48,42.24
19.0,27.02,60.3
7.0,51.83,40.35
23.0,26.86,53.17
2.0,22.23,43.95
5.0,21.47,41.66
9.0,8.29,48.27
10.0,30.33,93.12
21.0,5.53,53.13
30.0,6.82,41.62
26.0,22.79,94.03
22.0,9.94,62.44
5.0,32.2,18.23
15.0,5.8,53.62
30.0,20.85,92.48
8.0,22.96,67.61
21.0,32.0,56.39
24.0,5.53,67.3
2.0,28.25,54.92
4.0,30.84,41.98
25.0,28.1,65.55
11.0,33.79,91.63
22.0,58.45560000000002,16.47
3.0,9.29,45.65
27.0,31.41,43.35
7.0,30.58,43.74
15.0,34.37,48.78
7.0,30.75,59.81
17.0,25.2,18.13
3.0,8.13,85.65
20.0,25.82,53.83
1.0,33.11,68.05
5.0,23.21,58.32
3.0,6.36,41.71
4.0,23.25,43.75
6.0,29.79,69.16
14.0,9.72,66.14
22.0,34.04,57.8
6.0,33.18,54.05
31.0,49.55,44.19
1.0,9.42,41.22
7.0,31.76,67.13
5.0,29.04,55.46
30.0,7.35,66.19
26.0,29.21,56.42
13.0,29.76,51.99
20.0,20.07,89.38
7.0,25.95,11.14
3.0,28.82,86.88
26.0,30.82,66.34
32.0,33.03,89.95
4.0,23.51,64.42
6.0,20.97,55.35
14.0,32.71,46.07
7.0,26.04,59.79
23.0,33.96,47.86
26.0,53.83,94.03
33.0,58.45560000000002,56.08
14.0,21.36,67.99
10.0,56.95,46.34
11.0,33.37,49.99
18.0,24.46,13.17
10.0,24.24,55.65
1.0,58.44,66.58
30.0,30.41,46.07
33.0,34.56,56.95
31.0,23.74,43.58
12.0,49.2,53.69
34.0,7.26,62.28
2.0,58.45560000000002,87.33
16.0,30.72,60.68
30.0,25.93,42.97
1.0,6.39,67.36
9.0,33.0,61.02
12.0,33.1,43.69
7.0,25.9,69.14
31.0,31.61,46.93
20.0,34.33,44.21
28.0,6.28,42.13
30.0,24.59,48.44
5.0,29.88,56.06
16.0,8.83,47.23
33.0,24.48,47.15
23.0,9.61,48.77
34.0,23.97,13.06
5.0,29.61,48.25
29.0,22.27,53.22
12.0,31.06,69.74
8.0,26.6,43.93
19.0,34.43,55.31
1.0,46.36,48.59
28.0,5.55,40.15
26.0,27.42,45.19
14.0,8.86,68.12
21.0,7.96,60.83
18.0,47.55,43.35
30.0,26.98,18.23
12.0,24.18,64.97
7.0,22.46,60.11
7.0,26.61,67.48
20.0,24.52,40.06
5.0,56.18,44.0
16.0,22.68,41.2
27.0,27.69,51.35
2.0,29.21,11.14
20.0,32.37,12.55
30.0,29.83,49.86
8.0,28.43,63.87
14.0,20.56,17.47
33.0,21.11,67.43
34.0,7.98,60.25
12.0,50.46,62.95
14.0,30.26,89.77
11.0,26.64,93.6
28.0,20.32,53.89
33.0,58.45560000000002,63.64
26.0,26.22,60.52
29.0,26.21,43.06
7.0,20.3,48.57
1.0,34.74,59.6
19.0,6.75,60.3
24.0,34.68,44.67
4.0,26.63,51.01
16.0,23.4,42.96
6.0,29.34,48.36
12.0,8.76,56.7
18.0,24.88,43.18
23.0,25.86,87.64
18.0,26.34,91.13
22.0,7.3,56.87
21.0,21.31,41.56
25.0,33.96,47.81
34.0,32.51,68.91
34.0,50.16,66.19
34.0,23.18,47.97
34.0,23.66,89.08
34.0,24.36,54.13
30.0,30.89,50.7
25.0,27.01,40.02
17.0,21.94,67.02
3.0,49.86,13.85
28.0,20.63,52.48
27.0,22.92,15.78
3.0,8.26,55.96
14.0,32.7,60.5
18.0,21.72,62.52
33.0,31.76,93.23
3.0,53.59,40.18
10.0,29.9,51.32
5.0,28.93,69.34
5.0,26.59,58.81
24.0,27.71,44.45
10.0,26.55,43.64
1.0,55.31,88.18
7.0,30.03,92.29
9.0,9.47,17.57
6.0,54.67,41.91
6.0,5.59,87.41
18.0,20.7,57.32
25.0,34.87,15.66
21.0,32.42,55.61
18.0,25.02,46.62
30.0,28.88,85.72
3.0,33.44,55.53
30.0,27.99,53.77
11.0,9.08,45.22
24.0,21.31,65.8
32.0,23.57,59.03
12.0,28.95,40.8
2.0,58.45560000000002,68.7
19.0,49.31,68.05
30.0,31.3,50.7
27.0,21.85,44.98
4.0,49.87,54.52
5.0,29.24,67.45
29.0,32.5,54.03
19.0,32.08,47.27
2.0,55.09,44.75
24.0,7.1,55.64
25.0,23.23,53.51
29.0,6.18,62.42
27.0,54.59,42.5
6.0,30.13,48.52
5.0,24.6,90.81
4.0,28.0,93.39
34.0,22.58,69.72
24.0,33.75,44.9
34.0,33.8,66.55
34.0,25.19,50.23
17.0,31.91,67.62
28.0,26.4,40.18
12.0,22.32,58.36
33.0,9.85,65.59
15.0,6.22,44.36
23.0,53.27,58.44
3.0,27.81,50.45
20.0,23.96,59.38
22.0,26.02,56.49
19.0,23.03,69.26
27.0,21.34,16.03
3.0,26.97,64.12
10.0,21.32,51.01
26.0,8.96,46.61
31.0,29.02,45.34
27.0,34.99,52.78
20.0,21.84,88.95
6.0,22.86,45.43
5.0,23.62,43.86
24.0,31.4,63.81
17.0,56.03,42.85
14.0,54.91,89.48
10.0,21.83,42.46
22.0,6.74,94.03
25.0,20.27,41.07
17.0,9.12,61.43
27.0,27.03,85.31
22.0,21.92,65.01
31.0,34.19,58.44
7.0,31.38,67.24
2.0,26.27,61.66
29.0,29.29,42.87
26.0,21.34,50.53
2.0,21.21,50.69
13.0,33.91,56.1
15.0,33.45,66.08
27.0,34.78,94.03
20.0,28.53,69.68
33.0,32.77,46.31
35.0,27.04,44.87
7.0,25.57,59.3
33.0,22.97,55.25
9.0,27.98,63.39
30.0,32.82,54.41
4.0,30.65,57.73
5.0,22.16,50.03
15.0,32.22,94.03
1.0,29.08,93.37
29.0,34.52,69.72
22.0,58.45560000000002,69.53
8.0,21.77,59.22
34.0,22.53,48.06
10.0,30.36,60.27
4.0,22.37,18.56
12.0,52.31,40.42
16.0,34.18,46.2
1.0,29.67,69.64
28.0,25.27,54.18
4.0,34.33,53.73
3.0,26.95,61.32
9.0,57.82,40.25
20.0,21.98,50.0
20.0,30.23,61.01
19.0,25.78,63.83
17.0,8.6,46.78
26.0,6.25,56.53
20.0,7.62,41.69
31.0,28.2,11.14
7.0,33.6,59.74
15.0,32.49,62.81
22.0,32.74,58.35
31.0,22.84,41.72
8.0,50.4,46.93
28.0,58.45560000000002,52.33
14.0,32.33,14.1
3.0,9.51,67.71
34.0,25.25,52.41
10.0,23.55,90.2
18.0,34.81,53.82
35.0,30.97,14.8
34.0,21.96,44.84
18.0,22.97,54.94
28.0,25.08,57.78
21.0,27.0,63.82
24.0,32.82,59.45
6.0,25.69,55.88
14.0,29.83,66.9
20.0,56.37,48.8
7.0,27.09,11.14
10.0,28.82,49.62
1.0,23.41,57.07
6.0,20.41,42.59
30.0,34.28,41.45
28.0,5.53,68.48
17.0,7.78,53.25
23.0,23.03,89.3
16.0,23.4,55.04
7.0,26.39,43.09
21.0,55.97,61.24
3.0,53.63,59.34
26.0,26.63,46.61
21.0,20.78,53.4
24.0,33.25,55.09
23.0,22.16,49.38
22.0,8.03,61.2
5.0,54.38,69.66
25.0,27.42,41.3
19.0,5.53,41.46
22.0,22.22,41.19
23.0,29.8,65.81
23.0,21.35,56.96
30.0,33.83,42.27
13.0,33.34,43.02
32.0,29.24,89.65
12.0,6.03,86.2
11.0,34.6,69.65
19.0,57.7,48.77
27.0,5.53,53.71
27.0,30.7,14.9
6.0,25.91,64.61
27.0,31.37,43.77
8.0,25.65,43.86
24.0,48.57,63.76
4.0,21.19,48.01
5.0,7.65,48.57
20.0,25.23,64.42
8.0,27.7,44.51
12.0,22.27,46.64
4.0,32.15,60.92
12.0,22.87,42.05
17.0,28.39,62.49
12.0,28.02,55.47
15.0,30.13,85.78
27.0,33.82,66.2
15.0,28.53,17.71
32.0,24.57,67.59
10.0,28.43,56.39
12.0,25.08,92.76
30.0,24.87,48.57
22.0,24.1,89.73
10.0,22.1,56.8
29.0,21.92,47.98
18.0,23.41,64.87
29.0,27.94,50.91
25.0,58.45560000000002,13.88
7.0,7.41,53.49
33.0,28.28,63.87
20.0,28.96,48.83
21.0,24.32,94.03
13.0,25.58,52.32
7.0,22.26,40.01
30.0,29.65,62.29
9.0,49.51,11.14
14.0,27.4,54.69
20.0,20.3,43.22
5.0,20.21,53.79
15.0,25.12,48.7
25.0,28.19,19.23
26.0,26.12,88.82
21.0,25.88,59.02
6.0,49.06,47.71
10.0,21.17,65.02
6.0,32.48,49.92
20.0,20.65,44.81
7.0,26.07,49.17
10.0,24.54,41.28
31.0,32.4,48.48
12.0,6.29,45.79
24.0,32.51,66.07
16.0,25.26,46.7
20.0,31.83,40.53
24.0,29.28,52.11
19.0,21.75,55.36
11.0,30.1,67.8
34.0,28.62,48.91
27.0,21.0,56.51
4.0,27.3,51.97
35.0,24.96,43.59
30.0,29.23,65.64
27.0,26.26,55.56
12.0,53.19,43.35
11.0,45.83,52.18
22.0,20.4,57.41
29.0,30.9,69.57
34.0,32.93,93.45
14.0,33.09,47.91
32.0,33.07,55.77
18.0,33.35,57.49
16.0,25.82,11.14
4.0,21.36,12.89
31.0,28.16,67.87
21.0,27.57,66.44
8.0,22.82,59.07
16.0,47.43,12.63
6.0,32.82,59.91
21.0,28.02,46.06
12.0,21.98,45.37
29.0,20.68,47.82
5.0,26.89,47.52
29.0,6.67,45.48
5.0,30.56,94.03
29.0,9.67,40.2
8.0,23.42,65.37
9.0,22.32,41.63
32.0,28.62,60.15
9.0,45.36,67.71
3.0,5.53,43.66
3.0,27.22,12.42
15.0,22.3,19.56
20.0,54.31,47.37
24.0,23.66,57.97
5.0,7.0,63.86
4.0,26.18,63.4
10.0,23.81,43.34
24.0,23.9,47.99
15.0,50.95,68.37
24.0,25.67,43.76
8.0,34.9,46.59
32.0,33.04,61.02
30.0,30.26,93.51
23.0,22.31,41.28
7.0,22.62,40.09
32.0,23.56,15.55
8.0,50.49,60.66
3.0,20.76,19.31
1.0,55.14,65.93
21.0,30.9,43.02
21.0,45.21,62.49
21.0,23.72,91.79
9.0,9.48,16.84
11.0,25.6,46.19
16.0,30.75,54.25
15.0,29.95,66.12
19.0,28.09,66.05
9.0,33.07,66.97
23.0,26.19,55.67
18.0,5.96,45.22
10.0,21.49,53.67
16.0,9.58,15.99
20.0,7.82,56.52
24.0,5.79,60.48
34.0,51.95,62.47
27.0,22.19,53.13
26.0,6.54,45.4
16.0,24.43,45.96
27.0,29.59,56.87
16.0,21.49,58.93
17.0,20.62,50.85
30.0,52.49,67.17
29.0,20.78,68.82
4.0,24.85,58.11
10.0,58.45560000000002,19.38
27.0,29.15,44.73
28.0,25.37,61.51
21.0,50.99,64.02
6.0,34.01,67.26
25.0,33.12,54.05
34.0,20.57,15.68
1.0,20.62,45.69
29.0,29.23,50.13
32.0,25.76,17.01
26.0,27.24,89.0
4.0,31.27,16.37
27.0,33.66,58.69
32.0,33.53,41.99
15.0,33.43,50.88
7.0,9.78,52.76
25.0,31.59,59.28
31.0,22.48,65.08
8.0,31.27,68.94
20.0,56.23,86.5
17.0,34.64,12.2
32.0,22.57,44.87
26.0,26.05,19.89
21.0,26.08,47.12
33.0,29.73,67.93
18.0,27.31,52.53
8.0,29.14,57.66
3.0,58.45560000000002,19.43
5.0,26.95,92.03
30.0,28.56,47.57
4.0,48.2,91.47
31.0,5.67,49.29
34.0,32.47,67.84
21.0,54.4,85.23
12.0,8.94,52.82
23.0,31.06,45.18
12.0,24.6,46.73
5.0,27.96,52.7
32.0,32.46,57.77
17.0,21.81,86.59
29.0,32.22,49.62
9.0,30.6,46.5
15.0,28.24,48.01
28.0,25.96,44.5
23.0,47.64,56.57
18.0,28.52,61.85
3.0,54.73,12.62
31.0,27.03,59.66
25.0,8.22,52.24
17.0,34.7,59.6
21.0,34.38,52.54
6.0,29.41,85.54
6.0,28.04,52.11
20.0,32.54,66.31
31.0,28.8,40.02
4.0,22.67,61.77
28.0,22.3,43.27
12.0,26.0,89.09
18.0,33.33,52.34
3.0,50.3,50.17
12.0,33.97,12.12
6.0,26.41,61.85
11.0,24.29,15.48
2.0,31.1,50.18
31.0,32.6,64.75
20.0,53.05,41.32
7.0,34.11,61.24
35.0,28.49,42.3
21.0,31.94,52.06
3.0,46.84,66.01
11.0,30.24,40.75
25.0,26.26,54.27
8.0,6.83,69.6
26.0,29.63,45.8
25.0,23.9,54.65
14.0,21.56,60.58
15.0,5.63,55.36
5.0,34.82,56.45
7.0,30.87,59.84
5.0,57.7,87.66
22.0,22.55,61.86
19.0,33.75,61.03
1.0,55.23,66.53
19.0,26.91,57.46
25.0,33.9,69.92
12.0,30.86,63.93
10.0,26.33,66.61
27.0,29.86,43.49
8.0,34.42,66.99
10.0,29.79,52.56
32.0,22.73,88.02
30.0,22.88,93.66
2.0,23.57,50.19
25.0,49.65,47.68
14.0,25.04,52.94
4.0,27.17,87.28
18.0,33.67,57.12
20.0,21.43,66.34
25.0,46.98,86.65
8.0,26.63,48.37
13.0,30.41,11.14
12.0,28.62,44.66
24.0,23.18,11.14
20.0,27.44,86.64
28.0,27.14,58.21
2.0,27.59,66.01
10.0,32.47,50.8
26.0,32.78,53.6
17.0,29.51,41.0
26.0,26.86,43.2
15.0,46.34,45.18
2.0,21.13,17.02
31.0,28.88,62.45
23.0,28.67,68.21
14.0,33.61,87.76
21.0,31.08,67.46
17.0,21.04,53.13
11.0,20.23,91.55
8.0,32.56,47.77
14.0,27.42,56.91
18.0,21.16,48.48
1.0,57.87,58.11
4.0,20.54,49.7
25.0,23.39,53.59
22.0,23.94,47.03
13.0,34.94,49.18
32.0,31.16,48.17
19.0,27.52,42.27
22.0,34.17,43.66
3.0,33.3,54.5
9.0,9.2,50.28
4.0,23.22,46.18
21.0,30.22,69.77
32.0,20.64,61.43
19.0,8.07,41.51
23.0,30.88,61.79
26.0,31.21,55.84
14.0,9.92,58.61
22.0,53.02,66.33
31.0,32.34,52.44
23.0,8.36,52.24
1.0,8.27,53.22
17.0,21.87,47.64
8.0,28.02,50.05
14.0,55.69,47.3
4.0,23.6,53.81
20.0,34.94,53.21
32.0,30.67,41.3
32.0,9.63,65.5
1.0,25.32,67.02
25.0,58.45,40.19
3.0,21.27,62.55
11.0,21.91,48.58
28.0,56.44,44.82
11.0,34.75,91.86
27.0,23.98,65.17
27.0,33.71,48.53
28.0,21.14,56.53
32.0,7.75,43.64
6.0,20.9,11.14
19.0,50.92,52.42
22.0,30.02,60.5
31.0,34.73,67.82
6.0,33.2,50.29
25.0,31.79,43.65
14.0,28.19,16.78
26.0,27.53,56.36
14.0,27.64,17.14
22.0,9.39,85.76
17.0,32.5,52.5
32.0,7.87,44.57
22.0,7.86,64.93
15.0,23.7,44.55
16.0,29.0,69.6
26.0,26.72,57.12
35.0,26.16,47.82
2.0,56.11,57.7
8.0,47.03,63.0
29.0,31.84,65.86
10.0,25.03,45.06
12.0,30.23,53.84
16.0,26.27,43.62
4.0,32.55,57.92
18.0,21.35,65.59
11.0,50.71,44.7
1.0,7.25,58.97
15.0,29.12,58.9
30.0,20.99,67.45
23.0,24.07,11.29
34.0,28.15,18.54
14.0,57.54,68.78
7.0,30.67,59.08
17.0,26.14,42.8
14.0,29.31,52.72
1.0,27.54,17.64
19.0,48.92,47.29
26.0,23.34,56.98
18.0,26.58,61.09
22.0,24.18,61.07
12.0,6.82,65.46
22.0,25.31,94.03
18.0,34.08,60.07
14.0,8.12,42.29
27.0,23.47,63.4
5.0,48.26,67.44
24.0,34.45,55.93
7.0,33.86,51.71
4.0,29.38,53.49
22.0,31.2,85.43
14.0,22.5,54.86
23.0,34.49,45.56
11.0,32.64,57.03
4.0,25.24,54.67
3.0,7.59,57.41
20.0,30.9,67.53
2.0,22.13,67.45
17.0,32.62,55.9
20.0,22.49,50.88
34.0,24.12,47.73
14.0,21.05,40.71
5.0,26.75,68.37
12.0,20.73,47.69
14.0,34.93,42.46
24.0,23.5,43.86
14.0,31.17,53.55
15.0,29.25,87.28
31.0,21.9,92.68
12.0,27.25,57.97
24.0,31.43,41.46
21.0,30.68,94.03
1.0,34.89,61.51
16.0,46.29,42.35
24.0,30.21,52.35
33.0,28.42,42.43
2.0,33.86,53.98
13.0,20.92,57.71
18.0,31.37,54.4
4.0,49.08,57.04
31.0,26.42,69.09
3.0,25.17,68.63
9.0,31.19,56.23
26.0,31.82,53.83
30.0,26.4,47.95
15.0,34.92,56.37
35.0,24.61,44.62
19.0,24.5,46.42
25.0,28.69,58.67
17.0,34.53,47.57
9.0,33.59,49.15
28.0,32.03,57.96
16.0,27.22,47.02
20.0,32.3,47.08
30.0,26.64,64.45
16.0,28.73,57.9
32.0,23.24,42.97
12.0,53.09,68.79
11.0,32.51,41.82
29.0,26.25,40.99
28.0,20.74,16.39
5.0,25.95,50.17
12.0,23.0,17.39
34.0,33.41,44.87
4.0,27.09,58.1
22.0,8.28,44.72
34.0,58.45560000000002,44.2
4.0,48.66,46.27
22.0,58.45560000000002,56.84
29.0,31.68,45.72
28.0,33.07,67.29
21.0,33.75,17.92
32.0,34.4,65.09
6.0,22.36,67.02
33.0,33.87,59.68
10.0,20.38,64.4
2.0,27.56,58.13
33.0,31.07,16.18
4.0,28.49,89.58
29.0,23.45,65.01
14.0,53.54,12.59
12.0,33.2,60.38
29.0,30.69,41.87
8.0,33.61,69.19
2.0,29.61,40.43
30.0,24.1,41.04
19.0,23.67,47.48
18.0,26.47,61.89
11.0,21.84,41.68
16.0,32.61,63.03
20.0,58.45560000000002,94.03
35.0,20.38,88.17
27.0,21.67,61.13
34.0,9.87,14.0
10.0,31.92,47.65
29.0,28.2,69.64
28.0,32.76,46.05
26.0,31.4,56.31
7.0,34.17,58.07
31.0,9.12,60.01
35.0,29.22,64.39
31.0,27.26,86.36
12.0,28.97,45.65
34.0,57.02,47.59
10.0,30.83,50.33
30.0,20.69,52.16
13.0,5.53,43.07
14.0,32.99,56.27
23.0,33.63,55.49
12.0,24.96,43.73
28.0,33.91,91.47
34.0,20.08,59.93
4.0,7.53,90.77
5.0,29.17,50.98
21.0,58.45560000000002,41.42
6.0,25.07,48.4
9.0,33.93,54.79
4.0,30.04,48.44
25.0,21.03,54.55
22.0,46.1,86.07
31.0,20.53,19.97
7.0,30.81,52.48
2.0,32.0,90.56
8.0,23.37,88.62
20.0,33.32,43.29
2.0,8.85,57.98
5.0,57.26,94.03
24.0,34.96,61.71
11.0,28.45,57.19
10.0,27.52,89.9
23.0,32.75,61.12
16.0,24.13,60.53
3.0,32.3,64.57
12.0,9.09,40.14
19.0,34.29,70.0
28.0,28.63,50.48
29.0,29.47,62.64
12.0,24.24,43.88
5.0,25.56,65.0
35.0,30.46,64.51
3.0,26.93,55.34
28.0,34.73,47.41
13.0,46.24,57.25
27.0,20.97,45.53
29.0,26.36,93.76
1.0,32.57,45.82
20.0,23.37,63.61
1.0,6.98,90.76
24.0,26.02,61.81
20.0,27.15,49.51
10.0,25.48,41.28
22.0,25.0,58.45
22.0,25.93,18.95
1.0,51.19,58.68
23.0,26.4,61.46
1.0,34.3,54.4
7.0,27.77,69.38
35.0,31.82,64.35
34.0,21.75,13.88
33.0,26.8,58.87
31.0,20.38,66.62
21.0,21.2,62.78
5.0,29.44,59.28
34.0,21.23,13.86
15.0,47.26,62.47
29.0,32.28,66.03
8.0,28.33,67.37
31.0,34.39,15.41
13.0,32.1,62.32
29.0,5.81,88.51
32.0,33.23,48.77
4.0,34.55,57.9
11.0,21.78,59.74
4.0,23.46,52.87
28.0,21.14,87.43
26.0,31.43,64.09
30.0,20.15,85.73
19.0,24.14,59.72
8.0,8.69,40.29
1.0,53.93,17.48
3.0,22.51,50.74
10.0,22.26,40.55
35.0,28.04,55.88
6.0,9.89,45.7
24.0,6.58,46.76
19.0,29.22,66.54
33.0,27.75,45.87
9.0,5.77,61.18
28.0,9.19,46.53
11.0,27.58,60.48
4.0,22.43,69.02
7.0,27.47,54.94
33.0,34.36,62.99
30.0,7.4,69.69
33.0,20.93,66.44
31.0,31.58,67.22
27.0,53.84,42.0
23.0,25.48,68.46
21.0,54.67,61.54
34.0,23.89,65.28
22.0,27.08,16.11
19.0,30.51,51.23
27.0,34.65,57.48
14.0,32.62,65.51
16.0,25.47,55.08
24.0,28.08,52.99
11.0,25.72,47.33
5.0,27.93,64.43
19.0,7.17,53.36
8.0,21.66,52.95
15.0,34.13,64.35
24.0,28.21,57.15
10.0,34.52,43.96
23.0,22.52,56.95
7.0,21.53,89.99
23.0,21.22,61.43
12.0,23.37,58.15
17.0,20.82,11.65
7.0,28.58,52.85
13.0,22.66,51.15
27.0,34.25,57.11
14.0,28.38,69.97
28.0,26.44,12.44
30.0,21.91,50.06
31.0,32.25,45.44
9.0,29.46,54.31
32.0,29.35,15.14
15.0,27.19,56.28
26.0,31.55,53.15
23.0,29.03,47.61
10.0,30.79,67.34
24.0,20.44,46.74
7.0,29.63,42.79
11.0,34.75,46.62
19.0,25.68,69.74
11.0,22.33,49.26
32.0,24.41,17.6
24.0,29.68,45.19
2.0,7.43,48.75
28.0,31.3,57.01
5.0,58.45560000000002,52.03
35.0,52.01,45.93
5.0,21.49,11.14
28.0,30.01,46.69
7.0,27.81,46.42
31.0,6.63,64.26
31.0,28.4,54.96
10.0,27.75,64.83
33.0,6.29,85.03
11.0,53.6,60.84
21.0,27.68,49.68
26.0,5.78,53.85
5.0,24.77,62.87
35.0,31.46,44.0
25.0,30.04,85.72
34.0,33.31,63.09
25.0,55.6,63.31
16.0,8.91,48.3
7.0,22.37,18.06
10.0,31.62,66.07
2.0,28.38,69.54
28.0,33.09,63.0
25.0,6.78,45.87
24.0,5.53,61.36
3.0,31.12,44.44
3.0,23.19,11.14
29.0,7.05,12.26
6.0,26.15,68.08
7.0,28.42,63.33
9.0,29.9,94.01
4.0,33.51,16.44
22.0,51.61,13.25
2.0,54.8,69.17
10.0,52.84,92.63
1.0,7.08,88.19
26.0,30.23,85.53
33.0,6.78,58.85
5.0,25.28,60.81
4.0,25.55,60.91
4.0,30.02,50.95
35.0,25.92,52.32
13.0,30.46,44.39
34.0,33.13,63.33
2.0,28.39,87.64
30.0,29.49,50.32
23.0,49.41,53.51
9.0,29.45,69.67
11.0,30.45,57.39
15.0,6.88,57.22
13.0,46.53,65.02
15.0,33.42,58.92
17.0,29.58,91.05
17.0,33.54,42.47
31.0,29.55,45.85
9.0,23.83,44.08
25.0,22.53,40.03
13.0,22.52,59.16
24.0,31.33,53.73
19.0,21.45,61.16
22.0,34.43,17.46
8.0,7.33,87.6
34.0,30.36,68.63
22.0,25.88,68.23
22.0,27.23,61.16
33.0,7.19,90.62
8.0,28.83,51.22
18.0,34.74,86.03
7.0,52.76,85.29
25.0,25.86,40.12
12.0,53.06,86.89
35.0,21.46,47.36
32.0,23.04,55.84
12.0,28.25,40.01
16.0,33.87,43.81
11.0,9.46,41.37
16.0,9.16,85.92
3.0,21.87,58.02
30.0,24.11,58.3
10.0,30.48,64.8
27.0,34.3,58.05
2.0,26.09,49.23
4.0,22.24,66.65
18.0,26.51,53.29
1.0,33.9,64.59
5.0,30.22,54.58
18.0,22.0,50.36
17.0,21.41,56.69
33.0,8.49,69.89
23.0,30.84,12.74
24.0,22.37,57.76
10.0,33.12,54.73
33.0,24.9,45.89
34.0,48.33,65.73
28.0,9.63,50.09
10.0,32.94,44.58
33.0,29.9,56.99
9.0,29.68,42.01
11.0,33.77,62.73
31.0,47.56,94.03
30.0,24.22,48.55
35.0,34.1,63.86
5.0,31.16,41.59
6.0,28.57,17.4
13.0,32.75,68.02
11.0,22.77,59.39
24.0,20.32,51.26
16.0,20.79,62.83
18.0,50.56,88.08
16.0,30.75,19.73
5.0,28.2,56.44
22.0,26.97,94.03
8.0,22.23,47.05
21.0,30.15,66.94
33.0,26.62,67.2
5.0,22.49,45.62
31.0,31.23,85.09
1.0,28.62,61.48
22.0,34.17,68.02
25.0,21.55,66.89
30.0,31.53,43.32
2.0,26.47,45.15
5.0,24.01,87.12
4.0,49.26,53.46
2.0,9.4,43.37
30.0,32.56,49.72
6.0,22.65,52.52
27.0,22.23,17.51
32.0,31.42,49.02
26.0,31.21,41.32
15.0,26.18,55.07
13.0,25.26,16.21
18.0,28.99,17.25
22.0,27.22,65.73
2.0,22.9,66.77
7.0,32.71,41.63
8.0,58.45560000000002,12.94
28.0,21.99,59.64
8.0,33.94,48.26
32.0,32.45,57.17
13.0,32.18,11.14
31.0,54.45,46.28
8.0,27.11,47.92
20.0,29.92,63.5
19.0,21.35,11.14
19.0,30.47,59.11
28.0,30.17,43.56
35.0,28.9,45.76
35.0,34.83,41.45
19.0,33.19,61.1
8.0,34.54,12.95
15.0,31.03,57.43
7.0,21.33,69.12
11.0,29.0,63.54
31.0,9.17,67.31
14.0,29.21,62.78
28.0,33.7,15.43
25.0,27.07,50.65
9.0,22.77,59.51
1.0,26.98,11.62
10.0,28.58,62.1
11.0,23.69,44.47
8.0,6.64,49.88
24.0,28.28,53.09
32.0,34.5,60.62
30.0,49.11,42.25
31.0,30.11,62.55
17.0,49.96,67.32
18.0,25.57,90.62
26.0,34.04,45.81
18.0,23.79,58.53
2.0,31.91,43.19
35.0,30.52,69.26
19.0,53.5,67.79
22.0,23.98,50.8
10.0,9.38,64.62
27.0,28.49,43.22
15.0,21.93,63.72
6.0,28.38,57.34
23.0,29.29,18.04
27.0,29.6,56.52
14.0,29.93,50.71
20.0,20.95,60.18
8.0,20.47,57.29
5.0,21.25,62.54
17.0,49.76,19.23
17.0,28.35,57.8
10.0,30.28,19.81
25.0,20.47,69.83
11.0,31.87,67.29
27.0,22.7,42.85
3.0,23.02,56.39
23.0,21.23,60.23
15.0,28.64,62.78
25.0,29.95,52.83
11.0,32.75,92.12
14.0,22.93,50.06
7.0,29.44,49.95
29.0,31.41,55.05
35.0,7.21,55.53
9.0,21.62,47.64
21.0,9.93,68.06
32.0,46.24,69.61
31.0,22.03,89.92
13.0,34.71,44.89
17.0,58.45560000000002,52.7
32.0,7.48,92.65
32.0,31.69,59.51
25.0,27.89,50.64
16.0,21.71,66.92
12.0,25.15,45.6
26.0,31.88,48.77
9.0,31.59,48.01
27.0,29.29,65.44
28.0,32.35,55.14
13.0,56.46,49.22
34.0,29.72,93.4
13.0,45.79,17.97
15.0,22.67,59.16
19.0,57.4,48.61
33.0,27.4,49.3
3.0,27.53,41.16
26.0,46.54,16.0
10.0,29.95,62.11
31.0,32.23,44.81
14.0,31.43,54.7
29.0,28.36,42.5
20.0,5.71,50.97
10.0,34.28,52.77
7.0,31.85,18.76
8.0,9.56,68.55
32.0,26.91,52.93
6.0,34.52,68.21
10.0,30.13,40.89
26.0,30.98,65.3
18.0,31.77,54.9
5.0,33.74,56.65
31.0,23.8,65.85
30.0,21.19,44.31
9.0,31.19,89.79
33.0,28.06,66.63
32.0,25.95,11.14
4.0,32.5,16.42
6.0,32.9,46.86
12.0,33.17,58.04
18.0,33.29,47.71
26.0,34.99,66.12
9.0,23.05,61.51
35.0,34.85,57.59
8.0,33.74,59.89
29.0,34.04,16.56
3.0,34.94,68.04
21.0,22.48,65.78
16.0,24.58,47.52
14.0,5.85,53.04
19.0,56.18,13.24
4.0,20.14,65.97
12.0,33.71,51.86
14.0,28.76,50.89
25.0,22.29,43.18
18.0,28.35,64.06
13.0,33.11,47.77
14.0,20.35,66.32
28.0,27.12,51.59
10.0,29.44,53.1
31.0,9.46,64.55
32.0,28.66,86.96
9.0,33.78,60.4
26.0,51.71,64.12
28.0,31.47,53.08
5.0,21.21,61.52
29.0,23.44,88.77
14.0,24.63,57.56
20.0,31.99,48.74
10.0,25.78,61.01
30.0,6.82,54.18
27.0,55.79,45.5
19.0,29.49,59.06
3.0,33.87,63.57
3.0,32.32,54.49
7.0,20.87,58.94
20.0,22.3,16.18
15.0,6.99,49.33
17.0,26.56,47.59
26.0,24.81,62.77
16.0,27.39,44.13
5.0,26.9,62.43
13.0,31.11,41.09
18.0,23.09,48.42
13.0,21.7,92.67
7.0,34.99,44.52
18.0,22.02,52.11
9.0,7.58,42.87
26.0,23.93,61.43
22.0,33.46,57.8
33.0,25.98,13.96
13.0,33.6,44.87
28.0,33.18,64.45
13.0,23.02,59.78
34.0,25.83,41.24
33.0,6.21,62.95
27.0,25.85,56.29
30.0,56.0,87.4
23.0,31.67,69.47
18.0,21.65,43.5
23.0,31.94,47.99
14.0,28.91,47.61
28.0,20.91,15.84
35.0,22.83,59.11
28.0,30.39,53.23
5.0,25.05,94.03
8.0,27.58,48.47
6.0,27.57,93.16
31.0,30.8,40.95
34.0,34.31,60.9
1.0,32.37,46.51
3.0,22.66,42.83
8.0,31.79,93.84
35.0,34.56,54.12
32.0,31.79,94.03
2.0,32.89,49.26
9.0,33.67,88.29
16.0,22.1,42.33
16.0,46.97,66.56
19.0,20.85,41.96
29.0,7.63,54.81
21.0,21.72,41.55
14.0,56.8,55.73
21.0,51.76,41.6
20.0,27.17,46.82
15.0,21.2,64.16
7.0,32.65,47.88
26.0,20.76,16.99
3.0,27.2,50.25
28.0,25.6,40.97
2.0,21.68,58.38
1.0,32.75,87.81
12.0,20.86,41.81
7.0,26.36,60.7
30.0,25.8,69.47
6.0,23.79,42.41
31.0,32.13,85.07
28.0,34.78,58.36
1.0,33.17,44.2
32.0,28.95,47.08
29.0,25.83,59.81
17.0,5.57,64.54
12.0,31.75,43.26
1.0,31.44,61.5
27.0,34.24,42.53
10.0,30.16,58.52
30.0,27.53,58.45
14.0,5.53,46.39
10.0,20.5,50.96
27.0,27.81,40.55
3.0,29.76,92.56
27.0,58.45560000000002,55.83
11.0,30.57,64.52
6.0,24.08,67.44
5.0,20.38,55.17
29.0,22.11,65.92
16.0,31.26,49.81
28.0,21.35,49.51
33.0,33.92,85.73
15.0,21.08,66.53
28.0,30.15,90.77
32.0,9.53,57.78
17.0,23.05,62.53
3.0,20.73,47.29
23.0,23.47,49.61
8.0,54.62,48.07
3.0,32.11,68.97
8.0,27.18,64.86
22.0,30.61,56.74
2.0,34.42,93.05
8.0,54.81,46.35
21.0,33.15,91.95
17.0,6.32,49.72
19.0,27.19,69.52
19.0,24.58,64.97
19.0,21.68,52.38
30.0,34.52,54.69
9.0,47.76,54.65
18.0,31.93,86.6
21.0,26.21,68.68
35.0,21.02,51.13
4.0,24.51,12.77
2.0,31.01,57.25
35.0,31.7,15.17
15.0,26.49,48.49
32.0,34.09,60.25
16.0,28.88,57.87
2.0,26.2,14.39
32.0,6.79,51.88
3.0,28.67,40.35
2.0,22.98,50.09
2.0,26.59,52.95
4.0,26.73,67.9
2.0,25.24,40.72
10.0,23.69,40.1
9.0,32.2,66.91
35.0,21.73,65.04
1.0,28.53,42.35
13.0,55.22,58.82
4.0,8.21,60.82
23.0,22.08,60.68
2.0,24.33,42.6
28.0,22.37,42.87
32.0,21.02,56.52
2.0,30.57,16.81
22.0,9.81,91.77
11.0,29.85,45.88
2.0,29.09,86.99
22.0,26.99,87.44
5.0,20.04,58.88
26.0,23.19,91.78
23.0,30.14,91.05
3.0,24.58,41.38
29.0,30.3,46.36
30.0,30.64,66.01
34.0,25.94,51.06
16.0,25.46,58.55
8.0,24.89,58.38
4.0,32.9,17.8
9.0,30.24,16.92
32.0,32.54,41.43
33.0,30.54,41.85
14.0,25.99,63.12
9.0,28.06,44.51
4.0,22.78,69.72
23.0,32.46,67.59
25.0,25.63,69.16
7.0,30.0,46.69
21.0,5.53,69.44
19.0,31.71,90.61
9.0,20.68,41.85
18.0,27.97,47.82
12.0,33.33,45.85
28.0,58.45560000000002,44.84
1.0,33.62,50.77
30.0,27.51,11.8
19.0,28.34,57.11
7.0,9.73,18.99
26.0,28.47,69.93
20.0,26.1,65.94
31.0,33.36,43.94
32.0,20.53,64.44
27.0,25.39,43.05
29.0,49.66,69.62
14.0,32.87,41.81
17.0,47.89,69.06
20.0,26.87,85.92
8.0,30.28,11.14
17.0,30.16,57.08
3.0,21.73,59.51
30.0,33.65,59.99
22.0,58.45560000000002,53.98
29.0,27.32,63.87
5.0,23.56,59.22
23.0,28.46,44.8
30.0,34.48,48.16
13.0,46.16,61.62
32.0,29.16,49.86
15.0,24.26,60.7
10.0,5.53,92.32
31.0,53.58,69.41
21.0,33.05,63.21
13.0,7.36,68.66
27.0,22.03,44.2
14.0,6.06,43.21
21.0,23.66,50.8
1.0,28.0,61.57
2.0,54.08,59.3
25.0,21.96,53.46
31.0,29.36,41.83
3.0,30.69,49.33
23.0,31.01,11.14
33.0,20.09,11.4
31.0,22.99,93.23
13.0,21.1,58.71
18.0,47.66,51.84
24.0,33.51,61.25
6.0,34.41,50.94
23.0,27.34,51.33
16.0,32.97,50.71
33.0,21.18,42.59
25.0,26.33,40.95
12.0,26.83,57.42
34.0,32.4,40.83
19.0,21.87,40.66
16.0,21.57,46.85
17.0,24.28,46.78
5.0,25.16,55.52
7.0,32.6,58.48
26.0,32.16,47.04
18.0,32.9,45.17
11.0,49.32,54.48
15.0,22.88,64.99
19.0,56.63,59.66
29.0,23.22,42.99
17.0,31.06,55.91
24.0,53.53,62.08
17.0,9.98,60.95
13.0,20.17,47.93
29.0,30.87,65.66
2.0,29.26,54.6
33.0,26.05,54.15
31.0,33.89,56.81
12.0,52.89,60.51
28.0,28.76,16.5
20.0,29.57,50.11
16.0,20.59,57.76
31.0,21.04,66.68
21.0,22.9,67.46
2.0,30.01,58.82
23.0,24.51,66.29
21.0,30.36,58.56
29.0,26.14,69.26
13.0,32.15,62.43
27.0,46.62,54.67
29.0,28.46,88.4
5.0,31.4,53.29
31.0,27.92,56.36
10.0,29.61,54.17
28.0,8.06,55.62
1.0,48.76,90.97
17.0,20.8,68.35
28.0,34.93,11.23
22.0,33.76,43.74
24.0,24.02,41.68
20.0,26.93,86.21
15.0,5.53,59.47
18.0,31.28,92.32
34.0,31.94,48.45
21.0,33.04,43.78
14.0,32.25,46.66
18.0,58.45560000000002,54.75
33.0,22.12,53.23
4.0,9.57,67.12
7.0,32.6,12.93
13.0,25.97,58.01
27.0,26.78,86.37
26.0,27.85,41.12
8.0,21.13,46.57
19.0,26.15,44.76
5.0,24.12,19.87
27.0,24.49,41.01
13.0,20.98,67.43
11.0,24.91,64.47
28.0,20.46,65.64
23.0,56.42,41.39
18.0,23.57,65.27
1.0,33.04,48.94
28.0,28.48,54.8
32.0,20.86,56.72
8.0,6.4,51.44
18.0,32.03,58.74
25.0,28.36,17.17
32.0,20.57,67.18
22.0,34.52,94.03
8.0,33.53,64.37
4.0,25.22,61.51
7.0,22.96,40.88
19.0,23.24,86.23
3.0,29.01,59.31
33.0,20.63,41.97
31.0,20.24,52.33
15.0,48.31,52.4
14.0,57.83,66.59
22.0,24.19,44.32
33.0,24.19,91.52
22.0,30.89,63.89
13.0,27.75,19.04
13.0,33.17,47.81
2.0,5.83,67.96
5.0,32.76,88.55
23.0,26.26,65.84
35.0,7.0,63.76
4.0,6.37,56.21
28.0,24.08,53.71
1.0,20.77,58.01
8.0,24.66,65.06
24.0,7.05,93.19
6.0,53.16,40.97
24.0,30.95,88.36
30.0,24.51,69.01
15.0,23.84,64.57
29.0,26.67,63.83
23.0,31.45,60.22
29.0,32.35,52.98
21.0,28.9,56.48
17.0,9.04,18.21
22.0,6.59,64.05
21.0,20.41,56.99
19.0,24.28,60.93
28.0,33.06,45.26
32.0,34.23,48.44
4.0,50.36,44.44
31.0,57.97,61.75
4.0,8.09,69.85
8.0,32.93,69.76
8.0,27.59,50.46
12.0,26.61,62.87
26.0,58.45560000000002,12.22
12.0,21.81,46.02
13.0,32.87,55.92
7.0,28.55,64.17
26.0,50.59,69.05
24.0,7.49,55.86
26.0,28.49,57.46
21.0,8.45,59.82
1.0,30.24,94.03
19.0,33.85,50.03
7.0,30.42,49.26
3.0,27.15,41.91
20.0,25.9,44.92
22.0,56.03,49.29
32.0,25.54,55.91
17.0,30.69,51.78
32.0,21.24,40.29
5.0,32.54,56.7
21.0,32.96,94.03
1.0,27.41,41.01
16.0,22.07,47.7
31.0,6.3,47.48
9.0,25.25,47.25
27.0,55.92,69.42
16.0,5.83,41.46
33.0,21.36,57.1
19.0,21.93,59.77
18.0,51.77,40.25
5.0,53.48,59.06
35.0,9.08,54.73
12.0,29.7,18.96
14.0,23.68,49.62
20.0,33.99,53.24
33.0,46.24,45.52
1.0,28.85,57.88
11.0,31.9,56.19
17.0,23.48,47.79
21.0,27.32,46.32
9.0,53.55,46.27
17.0,27.62,64.46
35.0,28.45,68.27
19.0,20.62,54.79
13.0,5.68,12.79
30.0,24.16,48.21
31.0,34.28,91.3
8.0,6.87,62.49
15.0,32.52,87.38
12.0,58.45560000000002,93.5
15.0,25.6,40.96
16.0,9.82,68.09
8.0,34.52,60.9
19.0,26.27,63.71
25.0,29.86,62.46
2.0,34.72,56.14
19.0,8.69,65.97
16.0,22.47,53.32
23.0,24.9,62.88
14.0,21.26,11.14
34.0,28.77,45.98
6.0,21.41,66.5
24.0,22.69,55.98
11.0,55.89,46.18
18.0,23.46,43.04
32.0,32.22,48.93
20.0,33.47,51.97
32.0,26.65,63.94
4.0,33.1,46.95
30.0,46.79,58.54
23.0,27.5,17.78
19.0,26.17,15.2
16.0,28.25,68.02
15.0,25.55,41.89
27.0,32.93,63.79
6.0,33.01,45.04
25.0,58.42,46.46
4.0,31.51,52.7
6.0,20.23,50.24
12.0,29.82,93.55
35.0,29.66,64.34
26.0,21.97,40.23
23.0,28.73,63.07
12.0,29.34,85.4
5.0,21.04,43.66
26.0,24.84,69.28
12.0,51.55,50.42
22.0,29.39,48.83
22.0,27.56,52.61
13.0,29.5,40.5
12.0,33.02,47.39
33.0,32.57,53.91
3.0,20.73,50.22
25.0,23.15,51.09
20.0,23.8,47.88
8.0,22.32,66.09
3.0,28.92,63.88
15.0,52.36,11.14
14.0,54.26,67.12
5.0,24.05,86.16
17.0,23.63,49.55
16.0,24.86,94.03
28.0,5.53,55.81
8.0,31.4,49.59
1.0,23.09,69.58
22.0,24.75,66.37
17.0,7.95,11.14
22.0,28.98,68.5
1.0,22.22,42.48
19.0,9.53,61.94
17.0,30.97,49.52
9.0,30.13,68.62
8.0,26.87,56.1
1.0,28.62,46.19
17.0,31.66,69.51
6.0,9.19,53.08
15.0,25.98,48.05
33.0,32.74,15.21
27.0,34.36,66.05
24.0,34.92,48.96
27.0,24.07,11.14
3.0,55.2,58.59
18.0,23.47,46.29
34.0,31.65,55.68
8.0,30.67,51.39
32.0,24.1,45.36
34.0,25.36,49.18
8.0,34.57,47.11
35.0,22.48,94.03
19.0,26.81,17.73
28.0,28.24,54.36
14.0,29.39,17.16
11.0,58.26,64.67
26.0,24.42,48.46
14.0,30.26,49.39
29.0,33.51,87.49
30.0,24.96,52.17
2.0,21.36,64.67
12.0,24.17,58.49
29.0,26.31,12.73
10.0,25.29,51.98
16.0,48.17,60.03
35.0,25.69,45.64
1.0,22.6,65.75
11.0,24.85,64.91
25.0,48.3,51.12
35.0,20.82,65.55
18.0,26.27,49.64
7.0,33.56,62.47
2.0,9.86,14.68
17.0,34.01,56.66
12.0,20.01,55.97
35.0,5.53,86.07
11.0,32.65,91.64
7.0,22.14,49.39
27.0,54.06,69.42
21.0,21.31,55.57
26.0,33.96,64.82
33.0,29.27,61.1
30.0,21.72,46.97
26.0,33.63,49.99
25.0,29.99,11.14
30.0,22.58,12.17
1.0,7.85,51.74
16.0,24.55,55.85
20.0,32.76,63.21
20.0,27.22,42.91
23.0,48.63,94.03
34.0,32.06,50.05
3.0,31.4,59.89
3.0,23.13,15.52
25.0,21.85,58.27
20.0,25.31,53.49
14.0,28.78,86.16
17.0,23.47,69.14
6.0,33.88,69.74
19.0,55.93,64.28
22.0,49.39,49.65
8.0,32.18,16.75
4.0,26.9,45.39
18.0,8.33,50.91
20.0,26.73,45.59
34.0,29.46,42.71
24.0,21.29,54.54
11.0,20.29,16.25
26.0,26.88,50.32
10.0,33.93,51.72
18.0,25.08,15.44
4.0,30.77,86.06
3.0,24.74,47.82
3.0,50.24,45.87
10.0,5.53,46.59
10.0,5.53,48.76
24.0,27.5,54.52
4.0,28.31,86.53
19.0,8.13,53.5
17.0,32.3,64.69
18.0,24.52,17.36
25.0,20.83,59.79
24.0,34.12,42.94
19.0,24.76,66.92
15.0,34.45,41.62
33.0,24.33,57.03
16.0,58.45560000000002,58.88
17.0,27.28,59.78
13.0,26.15,53.25
23.0,34.61,93.25
17.0,29.43,64.36
28.0,45.89,64.93
31.0,58.45560000000002,55.53
6.0,34.97,51.26
17.0,31.43,67.39
7.0,34.44,92.17
23.0,31.86,52.39
20.0,33.65,40.59
34.0,7.15,54.47
1.0,49.05,50.4
9.0,28.71,50.15
11.0,34.53,54.67
6.0,24.96,56.46
2.0,31.57,63.32
19.0,21.32,50.43
35.0,46.31,56.62
2.0,5.9,46.81
1.0,26.18,56.2
19.0,23.49,56.2
30.0,29.56,51.58
28.0,27.42,45.31
10.0,28.98,47.13
15.0,30.26,88.38
18.0,31.22,48.67
28.0,46.39,14.02
13.0,30.74,94.03
14.0,20.03,18.17
20.0,34.19,14.44
31.0,24.44,45.75
33.0,33.78,11.14
16.0,22.23,58.65
24.0,22.64,62.63
12.0,22.16,50.72
4.0,23.42,58.48
26.0,31.24,44.76
35.0,28.43,65.39
24.0,23.44,50.99
7.0,48.86,44.22
9.0,23.15,66.5
5.0,24.98,46.79
13.0,23.15,59.46
23.0,51.49,62.84
17.0,33.82,14.02
12.0,28.78,42.25
34.0,28.15,51.74
17.0,21.4,55.54
3.0,30.84,14.31
1.0,31.28,41.11
33.0,32.55,58.18
5.0,25.4,41.6
9.0,31.53,51.03
10.0,22.74,43.44
5.0,27.85,64.32
11.0,53.43,62.0
5.0,30.31,41.26
15.0,21.31,57.61
4.0,55.9,53.97
21.0,25.57,69.03
7.0,33.72,45.69
8.0,34.3,58.08
33.0,24.47,56.67
31.0,7.98,69.09
15.0,34.93,44.55
31.0,22.17,44.4
14.0,9.77,48.01
13.0,8.72,52.12
33.0,7.2,62.43
25.0,31.86,57.37
8.0,32.23,61.29
19.0,23.81,50.59
2.0,30.39,68.91
15.0,27.42,53.02
31.0,46.54,64.44
3.0,8.59,91.78
1.0,26.77,52.88
18.0,27.31,19.92
13.0,26.88,42.72
29.0,32.62,92.97
28.0,22.01,61.21
32.0,56.01,69.31
28.0,48.63,41.66
30.0,32.62,18.19
17.0,32.73,51.39
4.0,49.38,50.6
8.0,34.18,59.37
17.0,20.58,42.07
33.0,23.25,54.89
23.0,33.05,46.39
12.0,32.0,45.34
30.0,28.69,59.21
2.0,23.56,51.53
35.0,31.59,90.83
21.0,25.13,48.41
23.0,31.96,63.95
3.0,23.72,49.6
16.0,22.93,47.33
29.0,23.56,50.05
25.0,25.26,85.86
22.0,27.48,43.74
22.0,27.36,61.85
6.0,32.21,13.01
22.0,50.66,61.58
12.0,30.19,56.49
24.0,29.48,46.21
15.0,28.37,42.47
13.0,34.15,68.96
33.0,32.95,86.2
4.0,29.67,63.98
35.0,21.63,17.29
32.0,30.41,12.93
35.0,30.8,60.63
32.0,29.94,50.82
11.0,23.72,66.8
30.0,57.51,66.64
15.0,31.02,63.04
21.0,33.6,58.65
8.0,7.0,56.2
7.0,31.72,68.01
16.0,31.75,63.09
18.0,30.51,89.95
14.0,30.89,19.75
35.0,26.39,45.12
18.0,26.67,51.5
28.0,29.84,18.04
3.0,23.38,59.9
18.0,24.16,60.53
35.0,20.32,45.69
30.0,31.95,60.99
11.0,31.49,50.94
22.0,28.73,44.79
8.0,46.02,52.74
14.0,21.9,90.85
2.0,8.36,51.49
8.0,52.29,59.44
21.0,28.68,50.71
24.0,31.02,19.37
8.0,21.0,13.36
19.0,57.44,18.17
23.0,32.28,68.66
35.0,23.75,40.67
13.0,27.03,40.23
20.0,20.46,45.32
4.0,31.29,56.19
13.0,27.55,45.06
17.0,24.64,54.07
8.0,54.52,55.91
22.0,27.37,54.53
17.0,24.65,54.06
28.0,51.41,49.34
2.0,5.53,58.21
35.0,58.45560000000002,40.35
25.0,7.16,50.87
16.0,26.72,59.04
29.0,23.0,54.84
29.0,27.72,93.67
22.0,21.84,67.11
31.0,26.43,53.95
17.0,31.02,43.74
6.0,23.23,47.51
24.0,20.59,58.77
5.0,5.53,63.73
21.0,27.77,57.42
17.0,23.38,57.87
31.0,6.53,67.92
30.0,33.67,52.37
5.0,27.06,40.72
20.0,20.24,15.48
22.0,51.72,49.02
17.0,23.6,56.55
7.0,22.11,59.4
27.0,8.55,67.9
2.0,8.7,66.96
19.0,27.8,42.96
21.0,30.46,45.18
20.0,20.34,68.01
20.0,24.75,65.93
5.0,21.21,53.64
32.0,33.65,94.02
19.0,31.28,87.21
15.0,30.38,50.04
13.0,28.99,51.31
31.0,32.6,60.58
21.0,24.27,56.8
33.0,34.77,46.84
27.0,20.92,54.98
30.0,20.26,51.55
32.0,25.75,41.42
30.0,27.64,65.77
22.0,52.43,48.49
33.0,6.97,63.42
5.0,30.93,56.73
26.0,29.84,49.02
4.0,21.42,47.08
33.0,26.59,13.68
17.0,22.48,62.37
6.0,22.85,50.64
7.0,6.52,48.13
29.0,31.51,91.5
22.0,26.22,52.14
29.0,9.41,59.31
17.0,20.64,43.11
4.0,27.4,19.96
18.0,26.3,63.31
28.0,28.4,40.6
12.0,32.08,64.16
17.0,33.62,94.03
11.0,21.6,16.19
32.0,21.89,69.91
27.0,20.44,58.15
8.0,20.82,45.51
2.0,8.27,60.13
14.0,25.46,57.59
34.0,31.11,60.52
12.0,20.26,56.35
6.0,25.79,19.11
3.0,58.05,57.64
5.0,30.23,92.05
17.0,27.08,18.81
34.0,33.97,59.99
23.0,33.05,51.19
6.0,54.43,50.76
30.0,28.64,11.76
28.0,30.76,44.34
16.0,20.85,60.59
9.0,31.87,59.87
14.0,20.93,11.26
22.0,8.6,41.79
12.0,50.75,44.2
34.0,9.37,12.7
9.0,23.96,94.03
18.0,24.42,57.97
4.0,32.04,58.14
21.0,8.54,68.23
12.0,27.89,48.51
23.0,22.14,44.14
6.0,28.91,49.28
33.0,49.02,43.47
29.0,26.67,42.59
12.0,27.36,13.6
35.0,29.27,11.38
23.0,28.06,50.91
2.0,29.12,65.12
20.0,22.36,51.34
15.0,26.98,57.99
8.0,25.61,60.84
1.0,8.87,50.36
25.0,31.37,46.28
20.0,21.02,66.9
18.0,51.63,60.01
2.0,6.22,50.95
3.0,31.94,68.25
16.0,22.86,41.09
8.0,29.43,61.26
25.0,21.68,63.56
12.0,25.76,54.53
28.0,26.24,43.7
25.0,9.1,52.37
25.0,32.08,18.77
12.0,22.53,40.15
4.0,45.72,57.29
3.0,6.66,50.78
25.0,31.39,46.37
15.0,27.04,59.93
7.0,21.22,48.17
2.0,32.81,19.51
6.0,22.76,58.11
6.0,6.53,42.87
29.0,29.56,41.06
12.0,33.99,89.18
24.0,33.15,60.13
23.0,20.78,59.08
27.0,24.45,66.27
7.0,34.25,45.29
20.0,57.41,44.57
5.0,24.59,16.76
33.0,21.72,47.78
32.0,32.48,87.9
30.0,9.57,41.1
25.0,32.18,52.36
30.0,58.45560000000002,58.26
21.0,9.67,68.6
21.0,8.83,56.02
17.0,23.99,46.12
23.0,25.77,48.56
31.0,20.97,67.04
3.0,7.69,55.44
22.0,5.53,16.65
17.0,32.02,53.9
9.0,21.89,88.83
31.0,22.69,62.31
32.0,23.93,40.53
11.0,58.37,44.12
12.0,45.59,88.68
28.0,27.86,11.65
13.0,26.08,92.44
11.0,34.41,64.53
11.0,21.03,63.92
19.0,25.29,59.86
20.0,23.11,87.8
23.0,25.21,12.48
34.0,22.91,68.67
24.0,22.64,54.39
32.0,21.91,11.58
13.0,24.24,87.0
1.0,28.18,40.64
11.0,47.91,11.67
35.0,49.1,67.35
15.0,21.23,45.2
14.0,31.49,11.7
11.0,49.69,49.85
3.0,21.16,66.23
30.0,55.41,59.82
28.0,47.62,62.71
33.0,34.33,60.91
5.0,24.76,50.12
12.0,26.05,48.89
17.0,24.8,45.0
22.0,20.89,57.52
35.0,8.74,68.65
6.0,27.07,47.59
31.0,31.83,47.76
20.0,27.38,48.18
17.0,28.24,53.73
4.0,54.59,52.39
13.0,52.29,11.14
30.0,31.56,58.81
12.0,24.7,44.21
15.0,25.49,12.34
7.0,23.59,45.09
7.0,25.9,67.06
9.0,25.72,58.95
2.0,26.85,47.38
35.0,24.92,64.93
24.0,20.69,50.98
5.0,31.38,54.44
5.0,29.91,64.37
14.0,31.55,57.78
10.0,6.25,50.18
31.0,21.19,56.06
2.0,21.42,11.14
3.0,5.7,18.99
25.0,28.98,86.48
16.0,31.53,14.55
17.0,22.58,60.88
26.0,7.07,52.38
9.0,7.32,12.28
26.0,32.16,94.03
17.0,23.98,59.6
21.0,32.9,60.3
30.0,22.87,58.89
33.0,47.38,46.16
33.0,26.82,62.43
25.0,28.39,55.21
7.0,25.8,42.06
34.0,22.49,43.18
29.0,30.99,60.6
22.0,31.56,41.6
15.0,22.03,42.23
22.0,8.01,53.98
4.0,31.47,66.92
11.0,28.78,54.63
11.0,27.57,62.11
29.0,27.0,63.64
19.0,31.72,60.61
28.0,24.16,44.86
22.0,21.17,40.91
31.0,34.51,52.96
22.0,49.02,44.29
18.0,34.42,61.81
2.0,25.99,44.72
27.0,23.72,56.21
11.0,33.51,66.38
23.0,24.85,13.75
13.0,28.02,19.12
22.0,29.29,48.92
3.0,8.37,18.35
9.0,28.38,41.19
17.0,31.6,47.93
22.0,20.76,53.65
30.0,21.76,64.39
14.0,48.95,61.05
9.0,46.9,61.53
3.0,46.67,18.81
2.0,20.73,49.04
10.0,25.09,15.9
20.0,27.54,52.28
33.0,25.1,69.02
35.0,29.94,44.1
15.0,21.62,53.35
16.0,33.48,49.92
34.0,56.87,63.71
20.0,24.56,94.03
24.0,29.74,68.68
11.0,28.01,48.23
4.0,26.4,48.05
1.0,29.45,51.03
29.0,26.33,44.44
19.0,23.27,11.41
20.0,24.28,50.42
3.0,29.65,12.58
14.0,55.91,52.05
10.0,8.56,54.16
27.0,27.1,94.03
15.0,22.27,66.04
22.0,34.79,42.34
26.0,23.0,87.54
2.0,23.8,65.71
30.0,30.01,46.75
13.0,27.47,48.39
21.0,28.83,60.72
10.0,31.29,19.12
24.0,8.14,50.0
8.0,25.52,66.4
2.0,22.57,49.54
25.0,30.78,17.75
2.0,21.93,54.64
30.0,52.79,14.31
29.0,27.58,11.14
22.0,5.72,49.33
31.0,45.08,59.99
28.0,20.43,56.84
34.0,21.65,89.4
24.0,29.59,69.23
10.0,26.52,90.52
30.0,20.2,49.63
35.0,57.01,13.79
32.0,31.16,42.87
13.0,21.95,42.73
25.0,53.93,47.45
19.0,32.44,52.75
7.0,31.28,66.86
28.0,30.89,43.56
3.0,9.51,63.81
26.0,34.55,86.24
20.0,28.03,45.33
10.0,28.39,61.05
6.0,24.93,60.95
23.0,26.45,64.27
32.0,5.53,59.9
30.0,24.39,58.58
24.0,55.34,47.27
25.0,6.14,69.78
14.0,34.96,86.87
26.0,33.94,62.44
24.0,22.21,43.55
15.0,24.19,14.18
22.0,6.01,67.61
19.0,32.84,49.33
21.0,26.8,43.28
4.0,29.34,17.76
7.0,33.85,58.71
30.0,31.6,17.58
31.0,28.87,45.95
29.0,33.62,40.93
18.0,20.79,48.88
19.0,27.57,58.2
20.0,23.35,57.32
5.0,51.29,66.73
15.0,48.05,11.96
19.0,31.59,69.89
4.0,22.89,65.71
15.0,26.24,62.62
27.0,58.17,58.94
31.0,23.54,63.57
10.0,32.39,67.51
33.0,28.01,50.01
24.0,22.36,68.35
24.0,32.73,66.55
20.0,21.27,45.59
5.0,26.69,15.56
26.0,27.24,49.86
11.0,47.11,12.12
29.0,29.38,17.21
31.0,27.85,14.26
7.0,26.04,93.03
33.0,34.35,58.72
16.0,23.96,46.73
6.0,30.82,49.27
28.0,8.92,63.58
28.0,5.96,54.07
8.0,7.95,59.74
2.0,5.53,65.84
1.0,34.98,51.41
22.0,28.72,86.68
2.0,28.33,17.99
35.0,50.76,59.54
12.0,49.46,51.21
15.0,31.58,40.65
25.0,33.84,65.36
23.0,45.82,64.78
27.0,21.75,47.88
31.0,22.99,57.6
12.0,27.22,61.22
24.0,21.95,46.3
33.0,21.66,57.15
4.0,20.98,11.14
17.0,24.05,17.51
30.0,24.52,41.07
28.0,28.11,61.4
3.0,9.77,40.56
26.0,22.36,48.48
8.0,23.99,63.17
34.0,34.79,66.39
22.0,26.93,19.78
23.0,6.9,62.52
22.0,31.74,48.08
21.0,8.31,53.65
34.0,30.52,44.84
33.0,28.73,18.14
16.0,22.01,48.97
32.0,30.87,42.94
14.0,27.47,40.63
13.0,33.49,63.54
17.0,24.13,46.7
19.0,23.49,12.87
20.0,27.13,41.97
33.0,21.54,17.17
9.0,24.05,45.18
31.0,22.4,49.88
17.0,27.82,44.82
25.0,30.61,58.25
28.0,22.96,43.17
26.0,32.28,56.21
13.0,21.52,40.23
28.0,33.65,13.18
2.0,20.84,13.36
8.0,28.3,68.09
4.0,49.61,43.37
9.0,30.88,51.72
17.0,21.92,53.88
33.0,22.45,16.69
13.0,56.07,17.67
13.0,9.55,56.14
25.0,27.18,47.74
21.0,29.31,86.59
3.0,7.55,43.01
10.0,29.46,61.57
3.0,25.48,47.15
2.0,32.99,43.53
34.0,33.31,68.07
18.0,22.66,86.78
8.0,29.11,69.97
34.0,34.63,54.76
23.0,20.91,11.14
29.0,31.32,94.03
11.0,34.13,50.09
17.0,31.61,63.22
14.0,29.19,43.0
28.0,32.87,19.6
26.0,20.2,65.82
20.0,27.33,19.89
21.0,53.22,45.11
21.0,32.32,43.91
5.0,20.78,52.14
17.0,34.57,69.99
32.0,25.44,55.17
5.0,29.65,47.7
16.0,24.62,53.94
8.0,57.82,52.74
28.0,32.05,46.08
13.0,24.12,53.79
17.0,7.78,43.91
34.0,20.36,56.06
1.0,25.85,40.3
3.0,32.93,62.29
4.0,33.28,60.81
35.0,33.87,14.71
19.0,20.2,51.66
19.0,55.54,62.21
32.0,32.95,92.71
13.0,30.05,51.82
29.0,33.18,49.43
5.0,29.96,51.4
6.0,57.96,67.47
28.0,33.08,65.64
1.0,56.08,41.8
16.0,30.67,57.48
30.0,7.71,67.5
30.0,29.38,64.49
34.0,30.33,50.71
9.0,28.52,64.1
31.0,21.18,49.39
16.0,28.96,49.24
12.0,34.66,46.3
32.0,33.75,62.22
9.0,31.34,58.58
10.0,24.84,44.54
13.0,29.76,50.94
32.0,5.53,89.01
16.0,26.24,57.95
19.0,21.81,62.22
34.0,20.65,43.0
31.0,23.5,51.59
29.0,27.67,54.01
26.0,27.22,54.71
19.0,29.04,65.17
31.0,24.4,89.84
29.0,26.09,58.8
31.0,22.67,59.19
10.0,5.53,11.14
19.0,28.52,59.98
19.0,26.89,92.22
21.0,29.22,55.07
18.0,34.88,12.37
3.0,21.74,69.41
23.0,20.53,93.7
18.0,29.99,56.87
4.0,24.49,44.05
28.0,23.71,47.98
4.0,20.47,46.3
35.0,8.24,41.34
17.0,9.87,60.82
26.0,23.24,55.88
15.0,32.79,53.43
16.0,22.72,47.25
21.0,24.88,54.42
29.0,23.0,43.28
25.0,26.0,49.46
15.0,28.68,53.33
10.0,58.45560000000002,66.88
20.0,27.17,59.58
14.0,27.06,59.33
9.0,20.35,50.3
2.0,28.19,64.56
27.0,58.45560000000002,53.71
30.0,30.36,12.87
1.0,20.69,67.61
7.0,31.84,92.92
29.0,25.3,40.84
29.0,7.76,45.32
29.0,34.24,69.75
5.0,22.91,44.89
26.0,7.71,50.4
22.0,30.37,52.82
13.0,32.13,46.77
1.0,30.48,69.91
34.0,23.53,11.3
5.0,29.38,41.85
32.0,56.46,46.9
4.0,51.15,68.65
14.0,25.8,15.51
30.0,20.02,42.14
12.0,21.56,16.59
2.0,32.14,48.54
20.0,30.31,88.51
30.0,20.76,49.73
4.0,31.04,42.49
29.0,51.71,46.13
33.0,7.84,45.81
26.0,34.27,56.76
33.0,9.63,69.2
26.0,52.84,85.58
5.0,23.28,58.37
30.0,22.96,47.44
1.0,26.83,89.29
29.0,24.68,56.4
16.0,33.41,42.16
5.0,25.62,67.07
2.0,9.78,49.5
33.0,33.9,68.62
12.0,58.45560000000002,65.5
31.0,20.64,63.72
14.0,8.45,64.3
4.0,22.3,43.61
26.0,27.19,11.14
21.0,34.15,41.03
4.0,27.42,13.55
27.0,21.78,49.82
19.0,24.35,17.3
3.0,21.06,48.39
4.0,29.66,68.12
21.0,26.95,64.06
8.0,21.37,68.04
14.0,26.59,50.43
22.0,49.01,55.96
16.0,22.61,57.21
24.0,30.27,55.57
12.0,20.51,60.57
3.0,27.59,41.49
22.0,31.2,87.29
15.0,5.6,64.86
2.0,25.45,48.36
16.0,32.16,66.18
35.0,45.03,43.48
11.0,28.42,11.42
33.0,28.73,62.02
27.0,7.89,65.81
2.0,22.54,56.07
13.0,46.11,59.11
10.0,45.18,46.49
10.0,57.94,40.19
33.0,20.91,49.75
26.0,27.01,54.34
18.0,24.28,54.37
26.0,49.88,45.48
19.0,28.48,53.67
25.0,21.24,12.64
8.0,24.54,59.49
10.0,20.42,65.92
30.0,31.81,65.34
25.0,32.32,62.22
3.0,33.43,56.4
8.0,23.21,88.69
7.0,20.11,64.1
32.0,45.43,55.61
21.0,24.78,62.55
14.0,34.26,54.32
5.0,7.62,47.63
23.0,27.66,92.62
2.0,33.17,85.45
21.0,24.9,64.53
31.0,46.59,66.54
15.0,29.71,43.03
12.0,5.72,12.79
1.0,24.91,11.8
15.0,24.53,51.42
3.0,30.63,42.4
6.0,51.34,64.25
15.0,7.12,47.88
29.0,30.05,49.11
32.0,29.76,59.62
22.0,33.83,51.02
19.0,29.59,92.01
16.0,6.42,57.06
12.0,8.97,44.89
35.0,22.28,57.09
11.0,24.21,94.03
16.0,20.68,13.76
24.0,57.28,62.37
26.0,6.96,66.63
34.0,58.25,63.0
16.0,21.65,59.13
3.0,32.68,65.54
4.0,8.44,59.23
29.0,22.92,69.46
31.0,22.36,58.95
27.0,26.79,45.38
2.0,24.56,50.52
23.0,26.04,51.27
9.0,33.49,41.37
23.0,32.34,19.74
27.0,24.44,40.34
5.0,29.9,61.8
2.0,7.4,85.98
1.0,33.17,49.78
19.0,32.87,47.12
2.0,7.96,45.35
23.0,30.86,64.4
5.0,46.12,43.61
34.0,34.83,88.03
6.0,6.23,92.26
3.0,21.56,50.19
4.0,30.55,66.04
22.0,25.99,87.22
20.0,51.95,65.76
9.0,21.74,49.95
30.0,6.15,13.52
16.0,34.39,54.96
7.0,31.1,68.02
29.0,27.73,92.12
32.0,25.05,41.92
27.0,24.46,40.98
31.0,33.98,67.83
24.0,20.81,50.64
1.0,28.25,55.64
23.0,54.58,64.31
7.0,26.74,55.51
22.0,21.38,67.69
2.0,34.28,17.82
28.0,26.37,48.09
6.0,21.26,68.42
29.0,34.78,91.31
6.0,22.34,49.98
19.0,7.71,86.7
17.0,25.84,55.39
4.0,22.48,65.92
35.0,24.81,49.12
1.0,31.16,50.77
23.0,23.54,69.11
1.0,26.37,55.98
9.0,26.09,44.66
13.0,33.25,68.03
16.0,30.74,87.16
14.0,33.84,67.5
16.0,21.85,56.07
31.0,26.05,42.99
32.0,49.47,52.55
32.0,30.18,15.2
17.0,31.2,58.37
27.0,25.39,44.09
23.0,32.33,42.88
19.0,56.33,61.09
30.0,29.91,52.43
7.0,20.17,50.9
34.0,30.51,43.36
13.0,29.25,52.94
7.0,33.7,43.49
8.0,21.46,44.51
18.0,23.27,67.59
1.0,32.46,55.53
4.0,7.91,41.31
18.0,28.75,93.24
2.0,32.7,15.8
25.0,27.41,57.97
8.0,26.15,94.03
19.0,32.34,68.18
8.0,32.4,64.09
13.0,24.94,46.61
21.0,31.92,64.23
16.0,25.22,52.54
23.0,7.28,90.38
4.0,25.56,49.53
31.0,29.72,61.18
21.0,54.2,59.18
9.0,24.27,53.44
17.0,56.32,56.33
24.0,24.14,60.56
25.0,53.59,92.69
26.0,31.68,49.67
20.0,55.37,19.35
22.0,28.31,56.23
10.0,20.06,51.7
25.0,34.2,55.44
7.0,27.44,68.22
30.0,30.83,44.4
8.0,23.08,42.35
27.0,31.55,50.19
16.0,33.82,53.33
11.0,20.49,46.52
14.0,20.32,65.93
26.0,21.52,60.76
11.0,29.15,50.66
28.0,7.7,44.51
23.0,32.67,63.51
34.0,20.97,61.13
26.0,56.18,91.92
16.0,8.15,45.91
26.0,31.0,65.82
11.0,20.54,16.01
31.0,54.27,87.01
12.0,27.09,47.89
32.0,29.87,68.3
18.0,28.5,52.52
15.0,8.91,59.83
19.0,22.75,55.32
28.0,22.82,69.71
18.0,34.64,92.79
2.0,27.89,46.04
12.0,7.12,54.68
33.0,28.25,15.14
8.0,22.19,50.38
25.0,30.01,46.61
16.0,5.53,43.79
26.0,47.29,16.78
12.0,21.23,60.84
5.0,45.88,89.82
20.0,31.05,57.04
6.0,30.82,63.56
5.0,34.96,46.16
4.0,22.59,44.4
19.0,27.77,55.41
8.0,28.31,48.09
10.0,25.91,41.19
23.0,8.98,46.51
27.0,28.27,15.27
7.0,25.26,41.07
32.0,25.11,63.71
10.0,21.65,42.62
4.0,20.83,89.11
20.0,28.83,94.03
17.0,22.2,90.27
30.0,6.56,69.57
35.0,28.52,88.91
12.0,28.51,46.42
32.0,23.34,48.91
10.0,33.14,57.93
1.0,31.06,45.2
3.0,25.29,93.89
3.0,7.47,42.95
35.0,5.53,67.4
21.0,33.86,64.82
25.0,27.16,55.16
3.0,24.34,69.09
30.0,29.49,56.31
29.0,34.87,67.54
20.0,29.31,48.14
26.0,30.38,56.97
35.0,24.96,47.97
31.0,6.73,62.3
16.0,29.53,11.14
6.0,9.67,59.24
22.0,34.78,14.37
31.0,26.45,64.75
13.0,31.17,43.69
10.0,47.98,92.81
16.0,24.43,47.92
25.0,27.84,65.72
2.0,25.28,43.99
4.0,45.24,88.82
28.0,29.23,49.92
13.0,21.12,58.07
1.0,27.38,65.34
6.0,30.31,64.31
15.0,32.84,45.87
15.0,26.32,46.82
35.0,22.9,41.47
18.0,31.98,41.18
12.0,34.97,42.28
21.0,6.85,49.4
9.0,26.19,66.34
17.0,31.48,47.64
20.0,50.63,57.56
15.0,33.54,58.7
4.0,26.9,19.02
8.0,20.82,60.54
17.0,48.01,55.93
10.0,7.38,64.71
21.0,33.67,49.55
17.0,27.1,69.68
11.0,27.02,15.07
15.0,26.53,87.93
30.0,30.66,67.75
11.0,28.47,40.37
29.0,22.05,88.0
4.0,26.72,90.06
26.0,24.39,15.68
13.0,28.56,57.43
7.0,47.26,49.0
34.0,21.57,55.63
1.0,27.78,48.24
9.0,9.96,61.97
21.0,27.81,69.75
11.0,33.5,50.42
8.0,21.38,60.38
28.0,31.65,67.15
7.0,53.72,42.05
35.0,21.68,56.76
4.0,31.83,46.01
15.0,32.67,46.15
23.0,24.85,47.51
29.0,8.81,66.61
10.0,45.83,12.37
30.0,33.0,47.29
26.0,30.69,62.47
16.0,22.02,93.64
4.0,22.24,48.57
28.0,23.49,42.91
15.0,32.82,41.29
9.0,22.21,69.12
14.0,27.71,44.32
13.0,24.41,64.9
5.0,25.11,47.53
34.0,29.92,61.12
24.0,23.41,46.59
25.0,31.01,63.88
29.0,8.26,42.04
14.0,24.82,41.06
21.0,22.59,91.85
17.0,25.15,60.66
28.0,8.54,64.48
21.0,20.66,55.58
4.0,25.05,56.02
18.0,26.37,55.52
17.0,31.39,56.37
16.0,50.79,56.13
25.0,7.92,67.48
12.0,27.21,54.17
22.0,22.21,43.78
12.0,28.22,56.38
28.0,25.82,46.61
22.0,23.2,16.84
10.0,26.45,47.5
17.0,24.45,49.84
22.0,9.77,15.59
8.0,45.83,88.85
9.0,7.01,66.69
27.0,24.94,49.38
25.0,7.59,48.08
6.0,32.19,51.32
14.0,6.07,57.24
27.0,51.26,44.78
20.0,28.29,86.32
8.0,25.37,14.91
19.0,52.41,57.27
8.0,25.18,40.63
12.0,34.79,53.37
19.0,26.9,64.01
33.0,30.32,61.05
2.0,22.18,57.92
3.0,32.76,60.72
30.0,30.17,65.1
33.0,24.49,54.42
22.0,34.57,69.71
2.0,34.93,46.38
19.0,47.38,55.37
7.0,25.22,62.96
29.0,23.29,53.79
15.0,26.24,66.99
18.0,29.71,50.77
2.0,24.72,40.18
8.0,22.1,12.85
11.0,21.91,50.68
19.0,25.41,48.18
5.0,58.45560000000002,68.78
24.0,34.76,51.87
21.0,57.12,45.22
12.0,34.27,45.59
10.0,30.57,43.1
24.0,21.13,62.69
4.0,54.79,69.68
16.0,30.07,61.71
24.0,9.97,59.47
26.0,33.66,49.34
5.0,28.32,60.36
8.0,31.19,16.0
17.0,5.98,14.07
29.0,28.22,46.93
5.0,29.32,68.14
27.0,21.94,57.5
23.0,25.31,68.9
29.0,22.99,63.94
22.0,28.39,47.46
30.0,57.53,86.08
7.0,33.15,60.71
35.0,6.85,60.52
5.0,23.96,13.93
22.0,26.48,69.91
13.0,23.96,58.25
25.0,27.34,67.54
22.0,22.43,47.04
32.0,20.48,51.38
31.0,52.2,63.26
31.0,7.64,16.16
15.0,49.33,13.69
18.0,33.84,69.22
27.0,30.38,66.04
14.0,34.55,46.34
35.0,33.57,49.36
29.0,55.5,60.5
34.0,26.96,41.9
4.0,20.67,56.46
20.0,29.56,41.81
26.0,25.46,92.2
3.0,24.23,59.3
1.0,23.9,64.55
3.0,32.57,56.67
7.0,32.33,67.85
22.0,27.43,67.16
22.0,21.45,47.2
4.0,30.14,47.26
13.0,32.53,63.44
25.0,7.46,63.28
34.0,29.56,59.72
20.0,34.75,64.41
6.0,22.18,46.46
12.0,30.79,60.75
13.0,33.88,45.67
4.0,30.56,67.09
9.0,22.67,90.99
9.0,24.85,41.69
34.0,5.53,53.81
20.0,5.53,46.78
6.0,5.53,13.9
17.0,52.65,58.47
33.0,47.46,51.11
28.0,24.99,59.38
5.0,31.56,44.95
19.0,27.92,94.03
26.0,33.12,45.16
29.0,27.55,62.75
7.0,20.13,65.99
18.0,28.02,53.17
1.0,58.45560000000002,61.25
35.0,23.89,15.5
6.0,30.7,52.24
1.0,20.07,53.59
19.0,31.42,55.43
19.0,47.51,45.52
6.0,24.23,60.94
4.0,25.87,48.64
22.0,52.63,11.17
31.0,6.36,17.94
4.0,26.06,53.32
29.0,34.94,46.32
9.0,24.36,60.52
4.0,20.38,65.57
3.0,21.29,49.95
8.0,20.32,40.53
8.0,32.01,14.67
1.0,58.45560000000002,56.04
6.0,33.84,54.3
1.0,58.45560000000002,56.32
19.0,9.85,42.33
3.0,32.17,64.75
29.0,27.5,45.72
9.0,54.64,85.08
26.0,49.08,55.71
6.0,34.69,51.81
19.0,33.02,12.43
25.0,31.27,53.76
32.0,28.47,55.74
9.0,31.16,63.66
35.0,34.8,62.41
2.0,50.33,50.0
10.0,29.77,42.01
8.0,49.03,41.5
30.0,8.9,53.4
14.0,24.47,47.44
18.0,20.02,16.88
33.0,22.5,40.16
25.0,34.98,46.05
24.0,54.02,43.12
29.0,22.25,51.96
21.0,54.76,63.07
2.0,29.85,47.19
27.0,26.83,42.23
19.0,23.82,58.73
3.0,32.57,46.72
2.0,29.27,43.68
30.0,30.52,45.77
3.0,8.23,56.47
17.0,30.47,52.24
1.0,24.13,42.88
9.0,7.22,42.12
33.0,33.86,11.14
29.0,32.06,16.75
8.0,32.16,55.22
16.0,34.81,18.41
18.0,27.6,52.52
24.0,25.7,52.18
24.0,23.81,51.83
24.0,33.78,56.13
7.0,31.33,17.82
7.0,27.94,46.68
17.0,23.85,44.18
29.0,5.53,44.14
16.0,30.67,46.9
23.0,28.56,12.85
21.0,21.09,63.15
17.0,25.61,92.52
5.0,33.14,92.81
18.0,24.43,45.89
15.0,28.52,60.85
20.0,8.75,47.09
2.0,8.0,56.7
24.0,7.58,60.8
31.0,30.77,48.44
16.0,33.03,46.67
22.0,32.89,67.31
33.0,32.32,94.03
26.0,9.12,49.27
23.0,29.28,49.56
17.0,24.87,60.36
21.0,31.11,68.91
35.0,28.9,44.13
33.0,23.78,52.8
11.0,23.22,52.79
9.0,29.16,41.01
16.0,26.71,46.03
11.0,27.02,87.23
21.0,45.6,67.99
31.0,32.12,44.57
23.0,30.32,65.17
23.0,33.52,42.93
20.0,8.14,92.57
25.0,21.63,49.25
18.0,22.94,53.5
30.0,8.51,61.13
8.0,51.98,69.5
14.0,8.12,47.6
30.0,7.19,64.88
30.0,9.23,69.49
32.0,20.92,11.14
24.0,22.8,59.65
12.0,29.95,66.66
27.0,23.55,14.04
25.0,26.36,63.29
15.0,33.79,62.59
6.0,28.98,66.97
19.0,54.37,64.38
25.0,31.52,59.71
32.0,32.58,58.58
4.0,29.48,51.43
28.0,22.98,60.79
26.0,20.07,55.01
32.0,26.07,47.92
26.0,48.31,41.82
2.0,23.34,58.16
27.0,6.11,67.54
16.0,34.91,57.89
5.0,20.42,60.06
25.0,22.17,62.28
4.0,22.5,43.79
5.0,26.08,54.66
32.0,34.48,51.05
15.0,7.51,61.49
31.0,30.77,51.85
29.0,22.54,47.94
33.0,21.69,94.03
21.0,22.78,62.19
34.0,28.07,64.19
23.0,21.87,61.42
9.0,50.15,44.29
18.0,28.09,54.38
32.0,30.28,50.01
8.0,23.28,88.56
11.0,20.87,43.19
24.0,31.26,58.11
6.0,26.15,68.54
35.0,24.28,88.77
34.0,24.71,86.44
16.0,26.08,52.08
1.0,22.85,88.99
35.0,21.74,43.01
34.0,24.61,69.71
7.0,22.94,64.62
29.0,30.72,55.71
26.0,51.05,42.46
29.0,29.72,87.95
1.0,32.11,68.79
25.0,20.59,89.92
1.0,24.42,69.57
10.0,33.62,87.48
18.0,25.2,63.17
24.0,20.12,63.14
32.0,24.69,55.2
6.0,55.18,57.82
17.0,20.4,67.47
14.0,8.16,42.78
11.0,28.36,53.64
29.0,20.21,68.13
10.0,6.79,12.88
8.0,23.92,64.71
31.0,34.37,45.23
30.0,21.29,11.14
20.0,34.6,44.04
14.0,29.32,15.04
35.0,32.18,60.94
4.0,32.82,68.47
2.0,21.34,14.01
4.0,47.09,41.46
2.0,23.42,49.27
17.0,23.91,88.21
4.0,8.15,63.57
17.0,23.04,47.7
4.0,5.63,16.53
26.0,25.59,52.45
18.0,6.65,54.59
15.0,20.92,15.22
21.0,24.22,65.59
25.0,33.05,59.71
29.0,28.85,50.82
18.0,23.04,62.09
3.0,21.72,19.86
5.0,33.59,58.31
25.0,33.26,59.24
11.0,31.71,59.32
24.0,22.32,46.97
27.0,30.6,64.54
30.0,33.75,68.78
35.0,8.57,64.23
7.0,23.93,93.25
23.0,29.47,57.91
2.0,55.58,58.32
11.0,22.41,17.67
22.0,32.44,43.1
29.0,55.85,61.54
23.0,26.89,42.24
19.0,9.31,68.76
31.0,5.68,46.17
31.0,55.93,54.26
30.0,24.72,47.44
16.0,29.84,53.94
8.0,25.65,63.09
12.0,22.25,40.35
20.0,47.43,68.21
9.0,46.66,53.36
12.0,29.79,61.01
32.0,28.8,11.55
5.0,33.87,63.58
21.0,30.79,14.83
13.0,26.58,13.09
10.0,21.62,56.7
16.0,5.53,44.21
32.0,26.1,65.8
33.0,31.51,11.14
15.0,25.37,53.19
1.0,22.04,59.55
5.0,27.41,63.06
15.0,23.76,16.21
15.0,21.12,16.22
15.0,50.46,85.21
29.0,34.25,15.75
31.0,20.58,68.87
34.0,30.53,63.73
34.0,31.72,68.65
31.0,8.31,94.03
28.0,31.94,59.54
9.0,8.49,42.17
21.0,21.58,59.28
23.0,23.3,53.81
10.0,27.12,45.99
23.0,52.46,48.38
35.0,21.19,49.91
35.0,22.61,40.18
2.0,24.13,44.3
27.0,9.71,65.46
27.0,20.03,67.68
21.0,21.19,53.59
30.0,22.59,66.96
5.0,24.73,88.76
22.0,9.47,61.68
5.0,29.25,54.5
33.0,7.73,52.07
15.0,54.51,19.39
18.0,20.88,64.57
23.0,23.61,93.56
3.0,24.13,42.46
11.0,30.5,47.0
3.0,29.36,51.81
1.0,53.44,44.66
10.0,21.08,63.69
34.0,32.44,91.54
11.0,8.17,68.01
25.0,46.66,54.5
15.0,22.59,45.77
19.0,32.82,12.53
10.0,33.57,52.31
23.0,26.76,55.0
13.0,27.55,15.15
7.0,25.08,63.77
20.0,28.28,60.24
14.0,20.18,67.66
2.0,27.09,58.37
28.0,24.77,60.67
23.0,33.56,94.03
6.0,31.81,40.57
12.0,23.51,51.67
25.0,29.78,62.04
20.0,55.78,68.78
4.0,33.2,42.67
21.0,25.16,66.93
35.0,30.26,64.42
1.0,32.26,46.29
27.0,29.55,54.8
28.0,34.94,65.12
31.0,20.6,45.02
2.0,31.07,57.28
16.0,9.61,54.56
33.0,23.6,66.74
32.0,20.28,93.91
11.0,26.37,93.85
1.0,5.74,57.91
29.0,33.12,51.41
18.0,58.23,61.05
1.0,22.0,61.39
28.0,29.39,64.71
11.0,50.83,59.1
2.0,25.79,65.05
34.0,34.13,44.55
12.0,28.83,42.08
23.0,57.31,59.66
14.0,30.65,18.05
26.0,33.87,47.86
26.0,23.75,66.05
20.0,26.93,51.04
31.0,29.62,44.5
28.0,29.33,64.32
23.0,20.43,59.17
35.0,30.98,50.9
32.0,32.63,59.74
23.0,34.36,57.3
17.0,26.94,66.45
27.0,27.83,57.32
35.0,32.2,50.07
14.0,21.62,67.81
20.0,33.02,52.06
7.0,32.0,19.13
30.0,34.81,12.81
1.0,20.11,56.78
32.0,6.42,54.52
8.0,26.85,58.88
23.0,29.16,69.6
10.0,22.84,55.14
7.0,22.38,59.5
6.0,31.16,47.49
21.0,34.92,43.05
34.0,7.48,40.94
31.0,33.92,50.77
16.0,9.32,49.11
16.0,25.34,63.43
35.0,29.08,53.15
20.0,5.53,56.07
5.0,8.28,19.15
28.0,22.57,59.4
33.0,34.74,63.04
27.0,28.31,48.87
7.0,30.27,14.3
31.0,23.78,64.74
14.0,28.22,55.4
18.0,30.94,46.47
18.0,28.08,62.85
6.0,25.54,48.46
7.0,22.87,53.74
18.0,20.77,42.69
4.0,25.58,44.6
10.0,33.54,65.61
9.0,26.25,52.27
2.0,26.38,65.95
25.0,31.44,63.13
3.0,34.81,14.75
13.0,25.2,40.46
32.0,32.88,58.5
16.0,23.33,68.11
3.0,27.44,89.32
20.0,29.8,47.6
14.0,27.57,59.1
35.0,25.84,68.68
15.0,34.34,62.35
1.0,29.22,66.57
24.0,31.35,58.35
24.0,20.05,44.14
9.0,7.0,58.21
17.0,34.64,13.51
18.0,20.72,62.1
27.0,26.34,45.65
17.0,26.48,55.36
33.0,27.72,60.37
6.0,26.26,66.71
6.0,29.61,44.97
17.0,5.53,47.08
6.0,24.15,46.08
14.0,29.76,56.59
23.0,29.93,41.22
2.0,29.82,69.26
35.0,23.83,86.93
32.0,26.01,55.06
10.0,54.27,91.01
26.0,47.64,58.28
4.0,8.18,56.41
5.0,31.61,43.64
8.0,26.64,60.27
29.0,29.81,57.45
29.0,32.55,40.6
29.0,34.69,86.29
30.0,20.64,42.39
8.0,24.93,16.84
12.0,21.71,54.1
19.0,28.39,65.04
31.0,58.45560000000002,45.37
23.0,9.45,60.44
10.0,26.77,69.66
26.0,29.59,51.68
27.0,33.0,86.69
14.0,20.77,88.79
16.0,26.12,68.42
15.0,20.51,63.23
25.0,20.28,60.09
18.0,28.24,94.03
2.0,29.03,59.98
26.0,24.69,41.74
33.0,7.07,65.67
22.0,30.48,85.58
21.0,25.99,51.93
26.0,34.72,69.88
23.0,9.8,65.09
32.0,8.48,52.33
24.0,20.21,85.3
22.0,8.28,52.44
8.0,27.43,40.92
35.0,23.47,58.66
6.0,25.88,18.31
5.0,20.86,50.63
35.0,28.26,59.37
5.0,32.36,68.14
7.0,27.23,65.28
35.0,26.99,58.25
29.0,24.17,15.7
6.0,28.24,67.74
7.0,53.8,92.37
9.0,28.93,12.74
22.0,34.89,61.61
5.0,27.97,53.76
14.0,52.77,46.59
35.0,23.35,67.3
24.0,33.98,88.17
13.0,27.14,63.18
9.0,24.33,45.77
8.0,34.76,40.66
26.0,28.36,46.83
27.0,22.32,44.21
18.0,23.76,92.9
30.0,31.79,40.35
9.0,22.96,64.13
28.0,27.56,43.36
11.0,27.98,56.66
2.0,32.99,54.83
9.0,28.5,12.72
32.0,26.9,40.85
31.0,27.99,94.01
21.0,47.36,62.25
32.0,28.17,55.32
25.0,51.44,67.52
17.0,30.48,69.59
32.0,29.87,42.79
22.0,30.09,40.93
31.0,22.16,85.37
8.0,34.27,63.56
10.0,33.85,43.49
27.0,6.88,52.5
5.0,26.16,64.79
18.0,23.14,51.71
35.0,23.92,46.06
35.0,26.76,60.63
32.0,51.2,58.47
22.0,25.8,67.4
8.0,27.85,18.61
10.0,22.5,57.56
16.0,23.68,50.54
26.0,34.86,41.34
13.0,20.59,43.21
27.0,29.2,45.64
19.0,29.93,41.25
24.0,24.31,64.66
31.0,34.13,94.03
6.0,27.2,66.19
14.0,5.53,49.33
13.0,29.0,94.03
18.0,20.07,48.6
26.0,20.5,44.14
23.0,30.16,51.75
12.0,27.72,11.14
22.0,25.98,50.73
26.0,32.2,44.51
26.0,33.84,61.84
18.0,30.47,15.85
35.0,31.97,13.92
32.0,22.76,43.51
34.0,9.12,61.83
30.0,21.24,52.92
27.0,31.96,66.69
23.0,33.3,68.72
30.0,34.79,14.75
1.0,8.66,58.4
10.0,31.16,19.35
21.0,28.37,12.09
15.0,24.51,63.6
28.0,34.4,47.35
27.0,24.45,53.57
25.0,30.69,54.35
22.0,26.98,58.5
26.0,21.29,11.14
11.0,24.8,59.11
28.0,45.42,63.62
4.0,51.63,62.22
15.0,30.42,86.75
35.0,27.05,42.3
3.0,27.91,46.92
10.0,20.97,44.63
31.0,32.71,68.62
15.0,31.7,57.83
6.0,20.03,59.84
28.0,30.02,50.07
16.0,29.46,50.35
8.0,23.36,50.09
26.0,20.83,56.04
21.0,31.29,87.93
20.0,24.84,49.16
1.0,32.52,56.3
25.0,7.04,17.52
16.0,31.61,57.83
11.0,8.5,54.87
8.0,45.11,53.55
22.0,54.7,58.55
3.0,25.67,56.95
19.0,28.18,91.37
22.0,33.4,41.74
28.0,34.29,50.52
18.0,32.85,11.14
5.0,22.55,52.25
23.0,30.08,59.45
16.0,30.47,19.82
10.0,26.79,65.64
30.0,32.05,44.59
2.0,27.75,67.67
17.0,31.38,63.67
16.0,33.17,54.41
8.0,54.23,69.96
26.0,30.54,40.21
22.0,29.67,66.95
21.0,25.28,61.7
1.0,27.79,57.72
30.0,28.78,66.33
30.0,23.04,69.89
27.0,30.94,42.23
1.0,24.89,52.13
25.0,24.48,56.96
34.0,25.59,86.86
19.0,50.05,47.86
21.0,21.04,65.06
35.0,25.15,50.45
14.0,24.92,51.65
28.0,27.25,45.92
23.0,21.25,67.87
8.0,28.64,46.66
13.0,8.28,42.83
5.0,31.19,19.29
16.0,28.85,52.3
17.0,33.09,45.25
8.0,24.95,43.16
31.0,32.04,55.94
3.0,29.55,69.19
13.0,20.58,45.98
32.0,24.61,53.79
9.0,33.48,52.08
11.0,23.58,63.5
22.0,28.26,15.2
34.0,24.03,18.74
30.0,24.06,86.81
1.0,27.04,45.95
12.0,28.35,69.01
34.0,21.04,59.79
34.0,24.93,59.04
12.0,8.1,52.39
15.0,53.25,48.46
11.0,28.13,57.91
11.0,30.6,57.86
33.0,23.27,49.08
31.0,22.02,88.13
5.0,21.15,85.33
4.0,7.59,67.17
7.0,32.72,65.57
25.0,28.65,67.05
3.0,6.0,62.94
31.0,26.76,41.97
20.0,8.38,57.83
4.0,26.24,47.52
4.0,51.71,48.19
33.0,25.09,40.27
21.0,54.55,51.43
5.0,28.4,43.51
7.0,47.34,59.61
16.0,24.42,48.81
16.0,32.01,65.3
23.0,32.24,16.37
8.0,34.01,56.16
1.0,29.99,46.66
12.0,21.34,93.76
21.0,28.26,41.48
14.0,57.11,13.56
18.0,22.24,86.84
26.0,23.88,61.64
6.0,27.48,41.09
25.0,33.66,43.64
21.0,26.56,42.01
6.0,27.47,69.3
13.0,23.53,50.55
6.0,25.59,52.31
19.0,20.4,46.71
28.0,33.4,14.35
33.0,32.6,91.88
5.0,24.68,45.03
11.0,29.12,43.75
12.0,31.96,86.15
27.0,57.2,57.24
33.0,20.51,56.58
15.0,20.75,60.92
12.0,29.24,69.13
12.0,25.81,62.71
22.0,8.91,94.03
13.0,34.65,62.25
30.0,56.26,58.72
7.0,24.79,66.78
28.0,21.47,43.56
26.0,31.43,51.91
19.0,24.15,47.77
31.0,23.57,43.52
28.0,33.49,11.14
30.0,24.66,89.32
18.0,32.47,11.14
15.0,23.33,48.84
8.0,26.25,68.0
24.0,25.69,55.48
25.0,29.1,51.88
4.0,29.65,13.92
26.0,54.06,67.35
10.0,31.39,63.0
24.0,32.02,49.0
15.0,46.09,49.95
17.0,30.65,66.73
1.0,34.4,50.93
35.0,54.17,61.88
8.0,24.93,62.21
35.0,7.64,14.37
17.0,20.05,54.31
24.0,21.79,42.22
10.0,34.46,94.03
4.0,24.9,54.35
34.0,5.97,86.93
26.0,5.53,54.9
2.0,32.92,44.43
8.0,56.23,54.6
7.0,23.04,11.86
25.0,56.37,67.21
35.0,31.93,60.92
26.0,9.76,57.41
15.0,9.69,67.93
28.0,24.21,45.97
30.0,20.19,53.76
11.0,7.82,56.23
29.0,23.46,46.01
24.0,22.71,48.65
33.0,32.77,52.81
10.0,21.62,69.44
3.0,31.45,63.67
35.0,25.31,62.85
7.0,46.15,62.73
4.0,24.1,52.11
20.0,32.37,11.14
32.0,34.64,68.19
6.0,34.77,48.51
31.0,28.71,46.73
13.0,6.05,11.14
8.0,45.17,59.79
29.0,22.21,15.32
20.0,24.09,55.32
5.0,33.43,43.57
13.0,50.92,49.18
34.0,34.71,43.22
22.0,33.85,50.17
32.0,22.06,11.14
7.0,20.76,11.14
16.0,31.98,94.03
17.0,22.86,48.76
16.0,31.34,44.69
17.0,26.29,50.37
7.0,31.81,40.72
14.0,29.74,94.03
11.0,34.95,87.74
23.0,33.14,15.37
34.0,58.45560000000002,67.46
18.0,20.95,94.03
14.0,20.34,51.26
14.0,58.45560000000002,63.62
13.0,34.6,11.8
32.0,47.87,58.45
32.0,7.61,52.19
20.0,30.56,50.44
24.0,27.84,49.97
18.0,32.66,64.63
13.0,21.36,40.37
28.0,9.7,64.81
9.0,8.02,67.13
10.0,31.73,58.42
35.0,20.17,62.91
27.0,32.54,53.87
26.0,32.89,52.4
2.0,8.37,50.01
21.0,23.38,45.46
15.0,7.76,52.94
4.0,30.47,40.36
7.0,24.5,55.23
11.0,9.12,19.3
23.0,29.75,62.68
16.0,27.33,66.26
21.0,32.76,66.67
30.0,28.12,65.19
24.0,21.18,63.95
34.0,23.09,67.06
8.0,24.83,11.14
13.0,21.12,67.5
26.0,53.73,93.48
7.0,7.1,51.18
10.0,47.63,92.89
15.0,23.65,41.02
7.0,21.36,60.35
7.0,55.46,47.87
19.0,32.01,63.19
33.0,8.36,90.64
4.0,31.24,66.16
5.0,52.54,55.37
6.0,21.36,48.31
26.0,25.31,68.78
15.0,24.82,41.62
10.0,27.6,51.64
8.0,27.45,41.09
30.0,31.44,66.31
20.0,34.93,17.67
7.0,22.86,67.04
13.0,58.45560000000002,40.5
24.0,20.6,45.63
28.0,29.72,43.09
2.0,28.82,50.67
31.0,58.45560000000002,50.56
18.0,20.33,42.49
33.0,20.74,48.61
23.0,23.52,47.87
24.0,21.04,64.23
4.0,25.35,13.96
33.0,22.58,61.68
17.0,54.73,44.27
28.0,21.19,64.33
1.0,28.91,11.88
33.0,26.2,57.24
23.0,32.78,54.81
11.0,24.09,68.56
18.0,7.23,49.79
22.0,6.1,65.26
11.0,29.43,88.15
17.0,21.85,62.02
18.0,31.01,66.48
23.0,45.71,47.33
20.0,25.08,40.68
29.0,34.91,13.03
1.0,32.51,58.51
6.0,23.39,66.99
11.0,25.35,60.78
27.0,23.23,67.66
32.0,28.94,67.68
9.0,20.81,60.76
19.0,52.46,63.6
27.0,21.62,43.97
33.0,27.37,59.24
9.0,34.01,57.07
4.0,33.42,43.45
10.0,32.12,41.04
18.0,28.52,59.84
27.0,29.25,46.38
30.0,53.18,52.69
34.0,50.7,67.43
9.0,22.97,55.31
15.0,22.98,68.69
4.0,30.38,55.59
29.0,51.43,56.16
25.0,22.32,68.06
20.0,24.19,46.92
23.0,28.42,58.61
25.0,33.77,52.93
13.0,6.8,61.67
6.0,25.96,57.85
30.0,21.53,62.44
30.0,50.24,40.7
27.0,32.15,16.63
35.0,23.11,65.75
22.0,20.26,12.31
4.0,9.47,45.27
12.0,28.21,65.67
29.0,22.56,58.98
2.0,29.7,49.62
28.0,6.33,53.81
26.0,52.25,65.18
26.0,33.86,65.28
1.0,46.83,50.11
18.0,31.05,68.49
28.0,28.62,46.9
3.0,30.32,66.26
7.0,28.8,62.83
30.0,23.71,58.97
10.0,33.06,17.26
21.0,26.28,52.73
31.0,31.28,40.42
28.0,24.72,63.13
4.0,6.67,49.82
21.0,24.4,15.72
29.0,20.19,42.76
2.0,28.04,67.15
14.0,28.17,47.25
35.0,23.52,19.44
12.0,23.85,64.26
17.0,28.32,67.31
30.0,22.13,66.13
11.0,5.53,46.27
15.0,23.45,59.54
28.0,29.12,67.75
9.0,26.54,59.2
3.0,26.32,45.45
5.0,9.88,64.92
5.0,6.95,65.54
2.0,26.83,56.43
13.0,6.78,67.4
12.0,32.98,14.27
33.0,5.53,94.03
9.0,33.47,54.08
26.0,33.62,19.33
28.0,31.85,44.49
24.0,29.72,54.04
23.0,30.26,54.5
19.0,33.82,66.74
34.0,29.49,69.57
19.0,23.46,52.25
26.0,27.6,61.69
1.0,23.39,57.23
21.0,28.45,61.63
8.0,27.85,47.47
16.0,26.89,68.32
24.0,20.82,11.14
19.0,27.1,55.89
22.0,25.23,56.44
28.0,7.46,66.56
32.0,34.6,58.88
4.0,28.84,56.11
26.0,5.53,48.38
6.0,52.23,44.97
28.0,6.08,51.05
15.0,21.49,64.62
12.0,7.99,59.61
29.0,33.98,67.02
26.0,29.48,62.53
14.0,31.63,47.24
16.0,53.75,57.05
30.0,5.53,85.33
25.0,21.58,53.8
21.0,56.82,66.21
17.0,26.2,46.4
27.0,5.53,42.55
9.0,22.41,62.63
12.0,9.55,47.94
13.0,33.43,56.67
3.0,30.01,58.56
29.0,30.54,41.71
29.0,33.81,64.94
12.0,25.92,44.95
28.0,25.95,46.68
23.0,26.51,93.34
1.0,30.78,55.48
20.0,32.74,53.79
24.0,32.16,89.18
16.0,21.5,58.78
6.0,7.02,41.1
31.0,27.08,61.79
6.0,52.29,40.16
8.0,34.12,90.98
2.0,29.78,59.15
16.0,29.83,62.65
17.0,55.15,40.13
6.0,27.4,61.65
11.0,24.07,86.38
20.0,34.95,11.14
34.0,21.46,13.67
33.0,28.67,56.36
25.0,34.72,52.83
29.0,24.69,15.31
14.0,8.55,49.48
33.0,7.04,65.73
10.0,24.82,46.79
2.0,32.71,90.64
18.0,54.55,60.67
4.0,22.62,45.95
8.0,54.56,50.61
5.0,33.55,61.81
9.0,28.6,69.3
9.0,30.32,87.79
28.0,31.66,61.16
9.0,34.74,14.16
29.0,29.64,55.39
17.0,27.59,85.09
20.0,24.79,52.38
6.0,34.23,66.33
33.0,23.22,45.43
31.0,23.6,11.14
21.0,24.31,53.87
9.0,6.17,40.23
3.0,5.53,14.1
7.0,57.67,40.04
31.0,32.88,58.12
24.0,20.5,59.27
25.0,25.49,15.65
23.0,22.13,52.01
1.0,32.0,65.03
20.0,26.6,87.98
19.0,33.6,66.54
11.0,52.42,60.71
5.0,28.53,58.3
6.0,24.94,43.49
17.0,26.26,48.19
4.0,29.42,40.33
20.0,24.12,63.55
27.0,49.16,41.84
5.0,26.28,52.68
34.0,21.52,86.28
9.0,22.68,64.06
27.0,34.07,19.41
23.0,28.51,45.38
27.0,32.06,63.25
19.0,33.31,45.1
5.0,24.78,42.13
29.0,53.64,65.88
9.0,22.68,11.14
20.0,21.0,45.04
26.0,33.54,59.19
32.0,31.04,63.75
13.0,20.29,51.18
32.0,34.61,69.53
7.0,8.28,47.92
23.0,26.88,59.97
19.0,30.08,18.36
30.0,6.16,48.85
33.0,5.64,94.03
19.0,20.28,68.46
13.0,21.69,52.85
30.0,23.63,49.81
13.0,30.67,55.96
29.0,24.24,42.0
21.0,6.52,42.88
6.0,30.26,11.14
23.0,22.0,57.12
19.0,23.64,64.4
28.0,34.21,40.97
14.0,6.47,53.23
4.0,29.37,90.41
18.0,34.56,93.97
3.0,29.0,59.68
2.0,30.03,52.83
9.0,31.13,18.87
31.0,26.0,45.74
5.0,50.95,59.14
27.0,27.56,68.48
5.0,33.45,53.86
8.0,55.88,56.18
25.0,23.74,47.97
1.0,33.16,65.17
29.0,21.46,66.56
14.0,5.53,69.55
29.0,28.67,53.72
22.0,8.47,93.09
11.0,22.18,49.92
3.0,34.56,68.34
17.0,20.34,87.8
34.0,26.31,58.8
4.0,23.55,52.77
8.0,24.3,44.21
10.0,26.52,43.39
16.0,8.9,50.17
23.0,30.6,69.42
11.0,22.21,55.36
11.0,9.94,58.49
5.0,20.1,66.16
24.0,28.12,43.51
19.0,32.79,54.73
23.0,26.57,41.19
8.0,31.8,64.12
1.0,32.76,52.32
35.0,26.29,51.74
32.0,25.19,56.26
20.0,24.73,14.15
34.0,8.44,86.15
12.0,21.26,56.56
33.0,27.38,45.25
33.0,5.81,59.36
10.0,21.95,40.03
32.0,53.42,51.42
22.0,8.6,63.34
20.0,49.01,59.43
12.0,5.87,61.51
19.0,9.77,18.39
29.0,22.2,42.81
23.0,24.69,41.36
5.0,27.42,65.8
23.0,29.21,50.38
13.0,9.56,45.83
2.0,33.89,40.59
9.0,25.02,41.54
8.0,34.98,62.99
31.0,5.53,61.53
4.0,20.58,89.32
11.0,32.68,51.43
14.0,31.6,48.8
19.0,5.53,66.26
30.0,22.86,46.81
13.0,22.0,55.71
29.0,22.95,46.81
13.0,26.43,64.83
34.0,34.04,49.29
21.0,29.76,44.85
16.0,25.39,61.94
30.0,5.8,61.77
32.0,35.0,53.96
7.0,23.84,59.31
5.0,23.63,65.74
32.0,22.1,47.48
24.0,8.43,42.82
23.0,33.36,57.35
35.0,21.6,69.85
16.0,52.88,67.53
28.0,25.54,41.58
5.0,56.36,40.22
31.0,22.23,51.11
15.0,25.92,59.11
32.0,33.05,65.81
13.0,21.5,50.2
28.0,30.2,52.35
27.0,22.79,63.51
28.0,21.09,69.47
17.0,28.54,89.72
29.0,23.86,48.37
12.0,25.74,18.33
34.0,27.21,42.12
17.0,27.92,51.36
29.0,34.34,62.06
16.0,23.72,44.85
12.0,23.9,56.46
13.0,32.64,51.66
21.0,28.65,66.27
1.0,6.61,47.99
16.0,7.99,60.72
25.0,23.9,66.5
26.0,31.92,40.34
28.0,21.42,65.83
21.0,21.69,56.63
28.0,28.5,63.64
32.0,34.19,85.11
11.0,20.34,43.52
27.0,31.0,56.18
23.0,33.37,64.77
28.0,6.16,62.39
30.0,28.14,63.52
32.0,29.94,46.08
11.0,24.07,52.8
26.0,23.53,64.67
12.0,23.55,55.66
13.0,29.27,68.66
9.0,27.89,85.58
14.0,22.33,68.49
19.0,33.41,92.85
29.0,46.22,40.55
26.0,23.59,86.81
8.0,48.25,40.98
3.0,9.58,68.44
9.0,30.16,67.35
12.0,28.71,94.03
6.0,8.05,47.8
34.0,25.61,54.17
27.0,6.58,46.05
18.0,25.96,45.0
34.0,57.12,50.96
27.0,20.47,16.86
26.0,33.72,16.96
22.0,27.33,50.08
15.0,24.95,56.39
20.0,28.62,15.86
19.0,31.34,11.14
34.0,21.39,60.05
20.0,23.88,50.11
4.0,23.66,67.98
7.0,26.29,15.85
8.0,30.2,56.2
12.0,33.07,61.89
31.0,30.59,54.81
12.0,31.94,40.13
25.0,31.26,69.69
13.0,6.46,66.84
13.0,23.28,51.2
17.0,27.94,90.16
31.0,24.03,49.09
20.0,32.23,43.27
12.0,33.27,66.42
11.0,27.93,51.74
16.0,26.97,51.11
1.0,47.54,60.27
2.0,34.11,66.69
18.0,58.36,67.6
15.0,45.84,42.49
23.0,21.5,45.25
25.0,23.06,62.21
17.0,28.1,62.8
22.0,52.29,94.03
22.0,32.92,61.14
31.0,46.84,68.85
16.0,57.89,47.22
6.0,26.63,54.43
28.0,33.55,66.17
25.0,47.28,44.33
35.0,24.99,48.33
24.0,34.68,52.85
1.0,50.42,52.67
24.0,24.82,41.26
6.0,5.86,49.34
25.0,28.66,12.37
26.0,22.55,92.93
25.0,21.49,60.07
6.0,26.75,60.31
9.0,22.82,53.03
35.0,28.37,44.44
24.0,25.12,63.98
12.0,29.25,94.03
31.0,5.77,43.96
5.0,34.54,56.96
4.0,33.84,64.33
23.0,57.11,47.67
22.0,21.1,86.25
12.0,23.09,53.85
17.0,21.97,61.41
11.0,30.6,65.97
22.0,31.09,58.83
32.0,24.78,65.23
17.0,5.53,57.33
4.0,30.11,44.73
9.0,7.8,46.3
2.0,45.32,87.49
14.0,24.74,59.28
26.0,8.89,51.96
6.0,26.57,11.14
13.0,52.14,61.28
1.0,33.96,52.3
3.0,32.82,44.28
1.0,20.61,66.59
27.0,32.53,47.95
11.0,23.87,67.41
4.0,5.79,55.6
15.0,23.67,53.25
31.0,26.78,61.21
3.0,22.49,43.93
4.0,6.32,49.79
11.0,55.28,19.22
33.0,20.29,54.53
5.0,30.18,45.77
11.0,55.92,67.59
2.0,33.75,45.53
31.0,31.13,17.55
22.0,9.32,57.09
22.0,22.84,53.17
7.0,47.6,14.77
18.0,22.9,60.66
19.0,33.58,62.7
5.0,30.73,15.62
18.0,27.11,44.72
19.0,25.59,67.18
12.0,22.9,65.22
6.0,28.09,45.68
2.0,26.95,47.3
24.0,25.58,59.88
23.0,34.68,62.29
13.0,32.23,58.62
16.0,21.33,91.98
21.0,23.25,56.21
35.0,58.45560000000002,63.74
2.0,25.6,64.4
24.0,30.63,44.08
21.0,30.94,62.9
24.0,28.31,50.56
34.0,28.28,88.83
17.0,47.29,63.29
1.0,26.79,42.81
17.0,26.0,57.87
10.0,9.67,62.14
20.0,56.24,17.52
7.0,5.53,40.9
1.0,22.31,60.29
17.0,23.18,94.03
29.0,27.14,18.98
4.0,20.51,60.81
31.0,32.33,67.56
28.0,20.84,59.13
35.0,28.49,66.79
27.0,8.97,42.45
15.0,29.54,19.8
4.0,45.1,62.69
9.0,24.14,90.94
14.0,26.99,42.85
9.0,6.91,58.29
33.0,31.1,62.45
28.0,27.82,43.21
10.0,25.66,55.03
7.0,27.1,44.44
4.0,28.06,57.71
12.0,33.78,85.6
5.0,5.53,18.18
3.0,30.04,64.72
18.0,32.24,61.69
33.0,32.92,68.46
15.0,21.57,68.86
24.0,21.94,64.68
31.0,29.81,44.07
2.0,20.35,17.93
17.0,29.66,44.15
18.0,34.43,52.53
2.0,6.12,61.44
33.0,7.21,52.87
22.0,27.22,40.08
21.0,22.26,41.08
14.0,23.96,13.39
4.0,9.56,87.49
26.0,9.13,50.76
13.0,32.3,46.75
26.0,26.46,45.84
20.0,26.68,55.37
11.0,5.87,13.22
29.0,25.06,88.45
34.0,27.71,51.58
23.0,30.78,46.61
31.0,7.68,63.51
12.0,29.95,51.07
13.0,32.42,49.59
21.0,23.99,69.71
5.0,32.19,89.07
25.0,26.17,64.25
20.0,34.14,62.91
34.0,26.01,11.93
27.0,25.53,54.97
1.0,26.99,41.67
13.0,24.0,67.34
9.0,23.74,56.14
8.0,26.41,42.84
26.0,20.02,92.25
8.0,28.61,89.51
30.0,23.01,69.44
22.0,55.01,86.84
31.0,23.0,15.06
10.0,29.66,63.8
20.0,25.24,50.5
13.0,52.76,49.4
8.0,21.95,66.16
5.0,29.77,56.81
27.0,56.6,15.1
23.0,23.88,93.13
3.0,22.97,49.4
7.0,24.21,53.36
12.0,30.95,64.81
13.0,21.75,94.03
1.0,27.94,14.11
35.0,34.49,47.89
17.0,52.07,46.19
5.0,23.33,13.41
35.0,24.68,57.32
23.0,52.31,63.19
18.0,23.84,16.98
2.0,29.14,47.8
34.0,20.25,91.92
32.0,24.56,41.26
12.0,23.9,65.6
19.0,32.33,44.17
31.0,24.04,55.35
24.0,21.58,63.8
27.0,22.07,54.33
8.0,21.05,54.12
34.0,27.09,58.43
28.0,24.46,43.85
17.0,28.82,42.09
33.0,31.56,62.75
10.0,27.48,16.6
2.0,25.08,44.12
22.0,33.48,67.66
28.0,26.2,47.09
4.0,21.61,51.96
24.0,23.81,85.16
31.0,26.04,88.18
31.0,32.83,53.09
13.0,24.38,48.2
6.0,27.3,68.46
10.0,20.98,64.09
34.0,20.2,61.64
30.0,25.85,55.5
14.0,29.69,64.91
31.0,22.56,40.96
5.0,9.34,47.94
26.0,33.89,63.82
33.0,34.8,65.88
31.0,22.97,53.71
30.0,48.01,42.88
18.0,29.82,52.94
22.0,9.01,86.43
1.0,29.72,42.19
24.0,28.5,61.44
33.0,24.18,51.58
32.0,24.04,49.61
27.0,31.22,54.54
17.0,30.07,55.68
4.0,29.79,50.29
31.0,34.99,57.49
24.0,57.52,59.25
32.0,7.3,47.43
31.0,9.52,60.33
12.0,23.6,90.3
25.0,51.48,11.83
8.0,23.17,56.01
35.0,34.52,68.36
15.0,23.37,65.45
3.0,30.27,15.46
31.0,21.68,46.19
5.0,26.21,59.42
1.0,25.23,58.86
24.0,29.78,42.36
3.0,33.45,45.68
21.0,26.88,61.42
9.0,23.08,61.02
19.0,47.56,69.36
26.0,24.37,67.04
25.0,28.57,42.98
17.0,25.2,62.84
13.0,26.69,68.93
11.0,23.92,63.92
14.0,30.6,47.97
30.0,27.67,43.17
13.0,25.69,66.64
25.0,24.13,57.01
33.0,31.37,61.4
12.0,26.39,49.86
1.0,23.63,54.33
10.0,5.63,54.88
31.0,29.32,42.85
16.0,25.84,18.81
7.0,24.06,54.98
3.0,7.87,48.44
8.0,26.17,44.89
17.0,31.79,64.9
8.0,58.45560000000002,63.38
35.0,23.99,93.04
14.0,33.46,40.89
32.0,21.63,67.22
34.0,33.84,54.76
1.0,21.92,51.86
19.0,31.82,65.77
4.0,25.91,56.18
6.0,23.7,47.59
16.0,6.69,45.91
23.0,32.84,54.91
25.0,22.2,87.18
21.0,9.7,58.04
17.0,23.03,40.88
34.0,32.36,65.67
5.0,30.14,44.29
4.0,30.88,48.76
10.0,57.66,69.4
33.0,32.2,40.72
33.0,30.85,69.93
33.0,24.5,65.75
21.0,5.7,64.26
34.0,31.09,55.26
3.0,5.53,56.16
23.0,32.0,65.86
30.0,24.94,57.57
19.0,30.9,63.62
24.0,49.71,46.03
35.0,26.12,90.59
10.0,26.27,52.77
26.0,48.52,56.97
35.0,52.47,61.42
23.0,28.07,60.2
5.0,20.31,14.32
35.0,22.31,87.46
27.0,33.46,94.03
7.0,27.47,43.37
7.0,25.81,44.79
2.0,28.86,68.8
2.0,51.09,63.44
35.0,25.86,54.97
3.0,33.77,87.93
30.0,31.45,51.68
7.0,31.24,45.09
14.0,21.23,43.16
34.0,25.87,43.1
16.0,25.39,18.62
14.0,8.35,67.82
8.0,22.61,65.97
11.0,32.24,51.35
21.0,47.4,40.66
12.0,29.08,11.49
8.0,6.99,54.77
7.0,28.92,54.27
32.0,32.07,43.26
10.0,24.86,62.84
14.0,28.63,91.24
31.0,33.36,51.51
24.0,46.47,46.51
27.0,5.53,64.42
12.0,31.67,47.35
18.0,53.27,51.03
2.0,28.23,17.81
12.0,33.37,61.92
20.0,33.31,46.85
23.0,24.74,50.38
10.0,8.2,44.72
9.0,20.69,50.67
26.0,27.07,61.93
34.0,29.9,57.03
30.0,31.78,44.06
24.0,25.34,57.83
11.0,21.62,47.36
28.0,27.8,46.07
24.0,9.04,48.75
26.0,30.6,49.63
16.0,20.62,49.35
14.0,6.65,13.2
30.0,31.68,47.15
19.0,24.25,15.32
14.0,34.49,68.66
23.0,28.24,57.88
22.0,29.76,52.73
20.0,30.32,66.77
27.0,46.87,86.61
7.0,27.64,60.69
20.0,27.08,40.37
13.0,20.5,47.74
6.0,27.61,42.39
23.0,22.45,65.92
32.0,28.31,13.78
26.0,24.73,46.72
14.0,23.19,57.87
16.0,31.89,42.65
21.0,34.31,64.34
13.0,28.39,94.03
6.0,32.97,61.5
34.0,58.45560000000002,56.79
26.0,7.72,41.98
13.0,20.13,67.66
24.0,53.69,45.63
20.0,27.9,65.97
3.0,32.39,61.7
9.0,45.32,51.27
21.0,28.1,44.85
29.0,29.51,57.71
33.0,31.68,48.88
29.0,29.72,56.49
15.0,7.72,45.74
6.0,33.49,59.23
7.0,26.02,63.93
10.0,30.83,86.65
22.0,25.1,15.22
33.0,34.83,68.1
14.0,30.73,18.88
26.0,25.37,51.02
26.0,23.75,16.42
11.0,29.92,59.59
9.0,34.75,19.31
9.0,31.17,64.46
35.0,24.76,48.5
5.0,24.22,56.35
13.0,29.66,44.85
9.0,5.53,86.6
26.0,25.61,11.14
4.0,23.66,13.32
13.0,33.6,44.57
7.0,21.84,90.3
29.0,7.78,65.0
14.0,23.53,40.57
10.0,28.79,60.52
7.0,23.82,65.27
35.0,27.97,67.19
21.0,32.56,48.91
21.0,32.96,49.59
8.0,8.12,47.34
28.0,33.57,51.07
19.0,33.97,61.34
20.0,27.29,53.6
15.0,27.09,90.16
22.0,6.99,16.4
23.0,25.75,16.01
11.0,58.45560000000002,44.27
19.0,23.51,66.73
35.0,31.07,65.65
17.0,22.49,45.41
4.0,28.48,40.47
29.0,33.03,59.13
32.0,46.09,55.95
25.0,23.83,87.41
27.0,9.17,47.2
10.0,8.64,68.64
10.0,20.82,66.34
10.0,5.87,48.64
35.0,26.89,15.57
19.0,30.9,46.36
4.0,20.72,89.5
23.0,27.48,60.97
19.0,31.8,40.01
10.0,22.62,94.03
34.0,27.3,60.33
22.0,33.31,57.46
28.0,27.34,58.69
9.0,49.46,16.56
31.0,22.13,61.29
35.0,27.86,58.14
33.0,29.2,64.12
29.0,31.09,66.15
10.0,24.91,45.65
6.0,24.55,56.62
22.0,25.22,46.35
19.0,28.04,61.94
33.0,27.59,59.83
24.0,5.53,48.01
22.0,29.49,42.13
27.0,48.02,55.2
14.0,54.02,55.16
35.0,22.22,17.08
3.0,28.88,41.82
1.0,26.75,52.25
31.0,26.0,67.29
25.0,45.37,58.47
33.0,26.13,51.25
18.0,57.24,62.87
15.0,32.63,68.09
31.0,34.91,91.77
20.0,8.94,92.13
26.0,34.76,42.48
10.0,8.56,64.84
21.0,7.86,67.62
35.0,6.56,45.42
32.0,24.4,62.08
23.0,24.53,52.72
19.0,20.78,53.65
17.0,8.37,42.11
15.0,34.2,49.62
1.0,28.51,55.78
26.0,50.88,62.56
30.0,56.53,50.65
23.0,24.72,61.11
11.0,29.79,57.08
5.0,20.81,65.25
21.0,22.91,45.68
22.0,58.45560000000002,92.92
20.0,24.4,59.51
29.0,33.81,59.64
6.0,31.19,50.91
9.0,20.88,46.1
28.0,48.14,49.83
4.0,23.33,56.19
2.0,5.53,54.5
9.0,22.77,89.45
17.0,34.29,44.36
22.0,5.53,61.24
30.0,7.82,51.46
28.0,23.95,55.67
14.0,26.74,49.22
5.0,27.18,67.55
25.0,33.89,45.11
25.0,33.53,53.2
13.0,5.8,44.6
18.0,7.59,50.04
10.0,29.82,47.02
35.0,31.33,60.37
6.0,24.32,65.51
28.0,32.01,51.49
34.0,30.79,53.14
23.0,20.63,53.22
18.0,34.06,63.89
10.0,32.21,64.57
13.0,34.03,68.51
2.0,30.34,59.64
9.0,34.33,89.38
17.0,23.22,86.8
21.0,33.24,67.74
3.0,28.97,66.02
4.0,21.62,44.88
19.0,30.92,58.13
17.0,45.61,63.55
9.0,20.94,51.08
10.0,34.09,11.14
13.0,34.21,89.47
23.0,49.55,40.51
22.0,27.05,60.4
11.0,53.03,57.96
9.0,21.28,64.95
15.0,5.83,61.25
20.0,31.34,49.18
1.0,32.06,47.48
13.0,29.65,45.64
19.0,24.92,51.14
4.0,27.29,59.72
26.0,31.41,40.79
18.0,55.27,49.98
30.0,28.62,54.3
10.0,26.78,92.58
31.0,9.2,61.85
1.0,33.65,13.55
20.0,32.28,90.55
34.0,33.18,54.55
15.0,21.66,45.39
25.0,27.77,61.71
31.0,30.03,43.67
3.0,33.11,61.83
33.0,5.53,69.47
12.0,21.42,68.1
22.0,31.05,12.56
27.0,22.69,49.43
30.0,21.07,56.44
6.0,9.22,91.58
20.0,26.46,52.17
13.0,32.03,62.43
18.0,55.56,50.14
35.0,54.03,53.16
34.0,53.2,47.03
24.0,29.22,65.83
9.0,28.12,43.6
25.0,6.92,66.68
21.0,34.22,49.57
2.0,31.16,63.06
33.0,30.99,49.16
29.0,24.76,15.01
13.0,26.23,87.29
18.0,34.97,47.93
20.0,32.7,46.9
30.0,47.69,86.95
1.0,7.24,50.86
17.0,21.69,66.37
22.0,9.14,55.98
16.0,31.41,65.7
34.0,26.96,59.9
18.0,25.84,60.49
14.0,28.11,60.45
34.0,29.77,50.43
14.0,31.47,67.7
6.0,24.03,56.71
14.0,23.0,50.78
35.0,32.82,14.09
5.0,21.59,49.43
2.0,55.35,92.11
14.0,27.31,85.08
22.0,31.69,91.0
11.0,32.3,53.23
18.0,8.92,15.74
19.0,32.71,62.78
2.0,5.53,56.88
13.0,21.3,64.28
20.0,20.47,69.98
9.0,23.67,14.76
19.0,24.85,66.31
24.0,21.12,43.36
30.0,20.82,16.88
34.0,28.12,65.51
20.0,20.31,40.97
9.0,28.82,59.25
7.0,31.01,52.7
9.0,24.05,65.02
29.0,23.47,52.86
30.0,7.8,60.31
14.0,32.19,57.54
12.0,25.7,62.21
29.0,24.15,43.32
9.0,21.05,88.69
17.0,29.99,49.69
28.0,32.04,43.55
21.0,24.57,48.71
12.0,53.79,49.56
26.0,30.96,68.32
11.0,33.66,51.99
21.0,21.65,40.74
10.0,22.26,65.62
27.0,9.55,66.16
13.0,46.68,54.89
28.0,21.06,59.9
24.0,22.58,45.76
12.0,25.91,69.08
34.0,23.45,54.48
30.0,24.54,51.59
25.0,6.41,60.52
32.0,8.74,13.87
9.0,27.33,11.14
18.0,29.47,67.2
14.0,31.33,45.15
22.0,27.66,59.79
34.0,28.24,63.76
13.0,20.95,60.19
35.0,28.61,65.34
19.0,8.89,67.21
31.0,55.98,93.46
16.0,24.37,53.3
24.0,32.58,87.46
18.0,21.94,11.14
6.0,28.11,58.31
22.0,27.05,65.11
8.0,25.13,90.15
20.0,29.68,42.38
1.0,24.94,56.58
1.0,5.67,14.46
16.0,33.07,87.47
3.0,47.43,44.71
27.0,7.12,56.18
10.0,25.36,66.63
26.0,30.43,65.56
30.0,30.35,59.62
29.0,27.8,47.51
12.0,8.31,52.86
17.0,22.44,58.81
32.0,52.75,91.13
34.0,8.1,67.77
35.0,30.42,45.95
22.0,23.19,16.78
1.0,28.21,49.63
24.0,25.65,67.41
22.0,21.42,68.35
20.0,8.08,61.41
8.0,25.37,55.34
16.0,30.49,64.98
33.0,7.91,69.67
8.0,26.34,41.19
28.0,5.53,69.14
7.0,56.13,67.93
18.0,26.37,41.17
1.0,20.74,15.17
34.0,9.18,46.02
23.0,31.44,94.03
13.0,21.34,59.72
8.0,32.16,64.72
3.0,9.94,90.98
19.0,29.81,52.52
8.0,7.88,53.94
10.0,29.51,90.58
11.0,25.21,45.28
27.0,28.65,65.98
3.0,22.86,49.79
18.0,28.78,53.32
26.0,26.5,43.98
35.0,23.37,41.48
22.0,31.4,44.0
30.0,33.05,60.8
12.0,27.47,61.86
8.0,22.36,49.38
34.0,53.83,56.38
28.0,33.44,89.44
21.0,52.53,53.17
9.0,21.47,58.74
9.0,25.66,94.03
30.0,20.63,52.93
28.0,31.11,65.47
10.0,28.7,69.13
20.0,33.21,46.53
31.0,25.87,68.09
13.0,33.3,59.51
26.0,31.15,47.38
34.0,34.43,65.75
25.0,34.11,51.09
26.0,26.92,68.86
15.0,29.15,68.04
30.0,26.56,42.6
27.0,54.23,60.48
29.0,32.73,48.27
8.0,31.45,67.22
14.0,56.58,52.98
13.0,31.41,88.78
20.0,25.96,54.98
18.0,33.68,59.26
26.0,20.95,44.98
24.0,25.46,86.32
30.0,20.65,53.51
18.0,27.61,60.12
20.0,31.89,93.21
12.0,28.09,41.86
21.0,32.18,50.07
29.0,28.59,88.93
34.0,28.19,12.51
24.0,25.49,55.52
6.0,28.13,66.87
5.0,28.8,43.43
8.0,32.24,90.25
5.0,57.53,51.07
24.0,34.27,47.95
34.0,23.29,40.98
2.0,30.92,11.36
24.0,26.57,17.66
26.0,21.01,59.96
32.0,23.22,16.56
29.0,58.45560000000002,15.8
13.0,31.34,18.71
22.0,33.77,43.0
19.0,20.62,19.3
10.0,31.82,43.73
35.0,26.89,46.53
19.0,32.05,68.91
33.0,53.13,66.53
22.0,51.91,14.37
7.0,24.91,66.03
7.0,34.31,58.05
13.0,31.0,15.86
14.0,23.84,52.53
32.0,33.11,91.58
15.0,48.8,42.87
21.0,26.92,43.85
2.0,54.14,62.44
15.0,20.73,19.89
35.0,24.76,11.5
2.0,26.85,44.85
33.0,24.77,53.27
24.0,29.51,63.08
25.0,49.35,58.27
3.0,29.71,56.74
13.0,31.57,57.58
3.0,5.53,68.94
35.0,33.79,55.1
9.0,29.46,59.92
17.0,21.01,41.07
8.0,24.29,60.38
21.0,31.54,66.73
16.0,34.44,48.0
21.0,24.43,57.54
30.0,32.3,44.55
22.0,28.75,49.18
18.0,54.29,47.28
2.0,55.08,60.0
26.0,21.79,60.62
10.0,28.52,89.87
26.0,34.81,53.83
9.0,8.28,41.85
33.0,22.37,88.72
23.0,5.53,43.27
23.0,31.02,59.75
13.0,58.45560000000002,68.04
14.0,32.94,40.3
7.0,21.54,68.12
33.0,58.41,11.29
12.0,51.61,63.11
14.0,34.23,66.5
17.0,33.29,43.92
17.0,6.04,47.93
8.0,9.33,14.03
30.0,29.73,42.53
34.0,20.29,54.19
25.0,58.45560000000002,15.69
2.0,24.65,53.33
12.0,25.97,87.85
34.0,33.0,48.65
20.0,30.45,94.03
19.0,51.2,59.37
14.0,23.23,43.28
14.0,8.66,64.28
9.0,29.02,45.3
26.0,47.51,43.15
11.0,34.84,90.5
15.0,23.18,60.73
29.0,21.33,88.24
29.0,22.66,55.69
2.0,6.81,58.52
8.0,45.38,41.99
34.0,49.1,55.22
19.0,33.63,48.35
26.0,22.36,14.37
24.0,29.73,16.63
7.0,24.51,57.53
14.0,5.85,58.71
25.0,47.21,61.32
2.0,20.25,60.38
17.0,22.22,87.84
5.0,25.39,51.52
10.0,34.05,60.93
22.0,20.67,49.96
9.0,29.29,56.21
29.0,32.29,45.16
10.0,29.19,63.16
24.0,21.16,48.84
4.0,31.7,60.12
25.0,30.04,11.39
5.0,9.99,45.52
17.0,27.41,40.8
9.0,34.26,48.87
6.0,20.18,56.3
19.0,5.96,61.43
8.0,48.17,48.16
30.0,30.77,52.41
17.0,49.71,56.07
35.0,27.5,64.15
17.0,30.66,51.3
8.0,51.4,54.85
1.0,31.96,14.59
12.0,23.49,52.41
13.0,48.67,85.81
22.0,34.95,59.99
5.0,31.11,42.5
15.0,53.75,61.03
20.0,28.23,92.05
25.0,34.61,45.84
5.0,20.34,89.56
11.0,47.15,42.31
5.0,23.73,42.16
9.0,6.13,87.11
6.0,21.01,69.74
25.0,29.03,59.66
4.0,32.67,50.74
9.0,34.85,60.29
6.0,34.66,52.58
8.0,9.3,52.55
25.0,7.14,55.8
22.0,55.67,57.79
14.0,32.56,48.65
6.0,7.05,61.18
30.0,22.28,66.46
16.0,47.5,18.55
18.0,20.03,54.07
5.0,33.57,85.39
23.0,34.92,58.75
13.0,32.63,12.64
35.0,46.14,11.14
26.0,23.21,69.92
27.0,54.19,42.27
15.0,25.36,87.34
32.0,23.98,15.13
28.0,24.04,89.75
21.0,30.91,68.45
29.0,23.71,85.83
6.0,25.97,53.42
35.0,9.71,64.91
5.0,30.83,63.64
12.0,20.74,46.33
21.0,8.89,51.15
8.0,32.91,92.47
6.0,5.53,16.15
35.0,25.47,51.38
2.0,22.93,45.15
15.0,23.24,55.47
21.0,8.37,45.25
1.0,21.14,54.24
21.0,28.02,64.09
17.0,29.6,47.1
20.0,31.65,41.6
30.0,20.13,68.74
33.0,32.11,42.75
32.0,31.85,46.85
3.0,28.31,69.73
15.0,32.77,64.02
16.0,22.97,55.99
16.0,25.5,86.84
7.0,23.82,18.1
30.0,6.39,43.82
2.0,21.15,42.99
23.0,58.45560000000002,51.82
6.0,23.84,54.48
29.0,28.56,56.49
1.0,22.02,61.55
14.0,26.24,59.96
10.0,30.23,11.14
10.0,34.84,43.68
27.0,9.15,88.22
11.0,28.77,60.29
6.0,34.37,61.51
34.0,30.49,68.39
28.0,30.52,89.16
23.0,24.53,68.34
2.0,26.34,87.55
30.0,27.65,91.24
23.0,25.11,46.98
17.0,30.46,60.86
2.0,20.19,17.7
13.0,34.09,19.78
5.0,26.74,40.92
22.0,27.98,41.12
12.0,31.06,54.97
10.0,58.45560000000002,41.0
7.0,21.33,61.34
8.0,26.7,60.2
19.0,33.78,65.65
18.0,26.61,87.31
13.0,57.69,90.45
20.0,29.9,46.19
33.0,31.59,49.15
10.0,24.18,55.24
1.0,24.53,58.37
31.0,51.0,44.86
15.0,53.33,45.49
14.0,27.36,61.24
33.0,53.63,19.89
18.0,55.96,55.34
21.0,27.43,53.74
6.0,7.94,63.01
10.0,6.22,42.18
34.0,58.45560000000002,53.26
28.0,28.89,59.72
14.0,54.62,53.87
34.0,23.03,62.94
21.0,31.93,16.23
13.0,24.88,87.8
32.0,21.06,60.4
11.0,7.61,52.81
31.0,22.61,15.06
15.0,34.78,40.75
8.0,26.04,63.3
21.0,47.49,86.37
1.0,34.43,52.92
28.0,55.14,52.98
32.0,5.72,41.4
35.0,33.74,67.5
27.0,34.6,68.6
28.0,27.67,51.29
13.0,20.44,43.18
11.0,28.07,40.35
24.0,34.41,48.94
18.0,33.67,65.13
9.0,53.65,41.23
19.0,27.23,59.1
27.0,23.06,68.57
17.0,27.53,56.86
23.0,34.31,50.31
27.0,26.53,69.29
3.0,31.61,57.71
2.0,8.67,51.79
7.0,28.44,69.16
21.0,34.5,44.48
15.0,32.28,61.81
14.0,20.3,69.18
12.0,28.94,61.24
18.0,29.9,13.46
33.0,32.04,64.64
24.0,47.7,59.12
22.0,25.35,87.5
4.0,28.57,59.08
24.0,27.74,56.43
35.0,25.2,69.68
27.0,32.9,49.17
7.0,20.67,67.39
28.0,24.4,46.25
20.0,22.78,50.33
5.0,27.14,13.61
12.0,23.72,68.59
32.0,45.15,91.42
20.0,25.3,54.71
28.0,27.45,15.47
11.0,29.4,63.62
29.0,58.45560000000002,46.71
5.0,7.97,43.9
12.0,9.34,63.03
10.0,30.2,61.35
27.0,32.9,69.17
19.0,34.28,55.39
8.0,24.13,42.11
16.0,34.22,62.89
24.0,48.98,57.08
5.0,21.76,59.03
23.0,34.51,44.9
35.0,29.42,46.8
18.0,23.05,63.59
27.0,7.99,48.5
26.0,53.29,65.12
7.0,33.33,51.11
1.0,34.02,54.83
18.0,27.73,51.53
3.0,34.6,62.62
8.0,5.53,55.05
2.0,26.77,13.54
20.0,33.17,59.7
31.0,31.82,65.11
10.0,22.01,56.11
4.0,21.83,88.82
18.0,30.02,48.82
19.0,21.19,52.89
17.0,5.53,43.15
31.0,25.47,85.28
23.0,8.89,89.43
12.0,26.92,65.64
3.0,28.89,45.46
2.0,25.03,15.52
21.0,54.3,41.48
20.0,34.86,41.21
7.0,8.43,48.16
1.0,30.28,69.63
18.0,26.65,55.44
35.0,30.38,60.65
4.0,28.67,14.68
7.0,26.09,58.09
13.0,29.11,61.47
24.0,22.4,54.27
34.0,34.67,15.61
29.0,23.97,67.84
13.0,5.97,45.63
26.0,7.87,93.67
12.0,7.44,65.55
4.0,27.04,11.14
9.0,25.67,91.6
20.0,26.27,59.49
30.0,22.8,49.43
27.0,23.22,90.08
25.0,23.86,58.69
30.0,33.76,94.03
4.0,32.64,87.2
10.0,32.86,69.96
31.0,9.07,90.57
6.0,51.38,16.56
14.0,32.31,55.82
2.0,24.91,92.39
16.0,28.13,52.48
31.0,28.14,11.14
22.0,31.22,45.81
26.0,9.22,55.36
30.0,34.93,12.81
29.0,5.53,57.72
7.0,30.24,49.86
18.0,31.46,62.91
28.0,28.68,54.47
28.0,24.03,51.96
26.0,22.4,65.17
2.0,29.54,68.32
24.0,6.97,43.54
22.0,25.98,53.21
17.0,27.13,69.31
6.0,6.54,51.49
14.0,26.38,45.58
31.0,23.52,41.99
30.0,27.02,58.76
20.0,29.66,60.87
25.0,31.84,44.64
33.0,34.71,68.69
26.0,6.75,62.15
9.0,34.49,69.88
3.0,22.95,11.47
3.0,45.49,69.67
3.0,23.62,44.03
6.0,28.97,15.08
12.0,50.52,44.22
12.0,31.83,93.76
2.0,28.05,94.03
13.0,20.91,47.11
20.0,29.55,47.15
23.0,31.72,57.97
31.0,20.49,62.87
7.0,34.97,60.51
22.0,23.09,58.85
24.0,21.39,54.45
11.0,34.64,61.34
28.0,27.05,65.36
5.0,31.75,51.27
29.0,20.72,65.9
5.0,29.16,40.93
28.0,27.23,54.0
9.0,21.2,60.53
5.0,7.85,66.61
25.0,31.93,41.65
31.0,32.27,62.32
10.0,25.87,42.28
34.0,25.14,55.96
18.0,50.5,65.12
33.0,21.61,44.11
2.0,31.24,42.91
13.0,22.08,61.79
30.0,33.36,44.27
12.0,26.75,68.24
26.0,27.24,69.17
32.0,20.85,51.56
32.0,23.04,50.78
16.0,29.06,14.19
27.0,27.07,87.75
35.0,26.84,59.36
15.0,20.68,57.8
8.0,21.84,61.41
26.0,32.58,43.05
8.0,30.91,69.86
2.0,21.58,67.31
31.0,30.12,56.57
7.0,27.18,58.97
35.0,22.79,69.9
24.0,34.89,53.51
8.0,21.23,17.22
30.0,31.35,90.3
19.0,34.03,46.5
24.0,20.45,60.86
22.0,22.72,41.6
12.0,22.29,67.71
31.0,20.12,87.46
31.0,32.97,45.64
11.0,34.85,94.03
13.0,25.36,46.27
14.0,31.55,44.25
24.0,27.32,63.91
20.0,23.34,67.14
8.0,9.49,54.91
9.0,22.74,68.25
26.0,23.39,61.57
5.0,22.9,50.12
8.0,24.85,47.83
15.0,21.25,60.58
29.0,22.73,46.16
20.0,31.68,50.75
32.0,27.99,66.4
34.0,49.86,67.81
18.0,57.57,60.76
9.0,27.29,69.13
16.0,7.62,94.03
27.0,28.28,45.91
11.0,30.29,85.47
4.0,26.78,61.91
25.0,22.38,59.55
34.0,5.53,56.72
24.0,24.98,48.6
27.0,34.51,50.32
17.0,21.24,41.44
18.0,29.38,14.41
8.0,24.23,13.5
12.0,22.16,60.58
15.0,22.96,53.45
12.0,27.23,64.34
7.0,27.82,56.23
17.0,33.95,12.05
15.0,29.34,61.96
20.0,8.98,43.86
16.0,20.69,86.11
7.0,22.36,88.89
22.0,31.19,68.49
7.0,22.62,50.39
19.0,33.3,68.55
9.0,5.67,47.39
11.0,30.13,65.95
9.0,31.08,59.74
14.0,25.77,52.88
8.0,30.56,65.32
1.0,21.22,14.15
9.0,23.88,59.56
31.0,28.41,87.48
5.0,34.9,18.44
5.0,22.65,87.29
33.0,30.64,57.24
18.0,21.45,65.34
30.0,21.69,13.24
16.0,24.35,63.72
20.0,55.16,66.32
26.0,22.37,16.83
10.0,23.6,64.43
18.0,33.13,66.81
8.0,8.48,41.67
11.0,21.65,65.71
16.0,31.85,53.32
1.0,22.54,11.51
11.0,7.03,89.63
4.0,20.99,52.95
12.0,21.59,41.7
2.0,20.88,15.87
12.0,23.64,45.65
18.0,33.66,68.06
34.0,6.54,42.28
33.0,26.54,50.79
33.0,20.27,86.76
16.0,55.63,54.88
29.0,26.97,51.62
22.0,33.94,86.78
26.0,58.45560000000002,54.77
24.0,27.65,53.84
29.0,24.46,57.9
19.0,20.38,18.97
26.0,21.38,41.9
4.0,29.02,52.92
34.0,9.05,63.12
10.0,54.61,62.13
29.0,32.57,49.29
14.0,33.66,42.35
17.0,28.74,52.25
28.0,26.23,42.37
2.0,20.26,61.4
19.0,6.46,91.34
13.0,55.94,53.61
25.0,20.65,67.24
23.0,32.62,92.98
12.0,23.74,40.5
24.0,30.15,40.76
12.0,31.02,40.82
8.0,32.45,94.03
14.0,32.23,44.37
13.0,25.24,56.35
3.0,26.73,50.85
11.0,28.51,42.56
25.0,52.23,13.19
22.0,22.42,68.03
33.0,34.21,41.14
32.0,33.29,67.57
31.0,33.89,40.42
21.0,5.7,69.35
10.0,9.04,46.34
14.0,21.28,57.86
7.0,29.05,58.42
13.0,32.27,62.53
13.0,46.56,58.56
22.0,30.9,64.06
16.0,24.44,62.78
18.0,24.32,90.23
7.0,6.68,15.32
28.0,28.47,40.39
28.0,23.54,50.88
13.0,28.69,93.27
13.0,28.97,49.76
15.0,33.23,50.12
27.0,21.23,41.58
24.0,32.97,66.54
19.0,23.77,15.01
27.0,33.04,64.17
23.0,54.08,58.82
29.0,7.68,68.32
15.0,25.36,54.1
35.0,24.84,52.05
2.0,22.17,87.44
6.0,34.86,87.9
3.0,27.73,60.75
20.0,21.44,67.93
15.0,33.62,52.38
34.0,33.5,51.09
34.0,33.95,68.05
19.0,21.13,62.93
9.0,7.75,51.59
28.0,9.31,13.42
16.0,30.78,41.14
25.0,29.33,45.4
8.0,47.19,67.02
19.0,28.01,69.85
6.0,20.06,53.59
5.0,34.25,62.35
3.0,28.93,90.35
22.0,25.77,68.73
26.0,20.83,50.19
20.0,21.89,57.7
25.0,29.48,61.72
17.0,20.98,48.37
13.0,29.56,15.05
8.0,20.37,68.06
25.0,31.21,68.88
31.0,33.45,54.31
2.0,30.46,40.39
31.0,32.55,52.37
31.0,49.31,46.47
17.0,25.24,60.19
34.0,8.44,49.14
27.0,29.89,60.76
10.0,47.02,55.21
21.0,49.95,52.35
1.0,30.27,44.19
27.0,31.63,62.28
30.0,7.1,45.02
7.0,25.19,57.74
12.0,24.14,14.28
13.0,22.03,93.1
12.0,47.44,64.34
11.0,27.94,53.51
29.0,22.64,55.72
24.0,7.12,47.7
31.0,22.17,50.66
4.0,7.15,61.2
29.0,28.39,91.86
6.0,20.63,90.08
11.0,27.27,43.07
20.0,28.05,17.42
31.0,34.49,64.46
17.0,24.65,11.14
35.0,28.84,68.78
3.0,6.49,47.1
14.0,34.85,40.07
24.0,20.68,67.11
24.0,30.76,54.56
31.0,29.31,65.63
14.0,29.23,54.3
14.0,34.94,60.57
10.0,24.82,65.3
21.0,32.1,46.9
34.0,29.53,42.6
6.0,29.47,64.04
27.0,27.08,65.26
10.0,30.74,16.92
30.0,31.98,16.14
1.0,7.0,69.46
4.0,5.53,89.74
25.0,7.13,47.76
19.0,33.48,53.97
8.0,29.5,89.46
21.0,22.04,50.22
17.0,31.0,66.99
7.0,46.9,59.55
12.0,8.69,55.72
19.0,27.78,45.55
26.0,25.65,53.28
23.0,24.5,66.15
11.0,33.89,61.81
14.0,28.14,61.76
3.0,24.59,19.84
16.0,34.45,58.6
32.0,21.47,17.6
18.0,22.51,41.54
32.0,30.04,47.24
32.0,33.79,45.63
8.0,50.56,66.28
5.0,31.0,19.06
34.0,34.0,44.75
24.0,30.02,59.25
5.0,26.5,44.49
1.0,20.7,64.22
15.0,28.88,93.06
34.0,24.86,67.99
12.0,21.92,41.2
35.0,23.54,65.9
28.0,27.34,58.71
4.0,30.85,54.51
33.0,34.7,66.61
29.0,25.02,41.96
28.0,29.78,86.41
28.0,9.16,60.65
25.0,33.62,60.83
1.0,22.81,43.53
18.0,28.19,66.25
25.0,21.4,63.82
29.0,31.07,60.76
22.0,22.51,18.22
21.0,48.72,61.75
23.0,8.43,50.51
35.0,54.94,19.84
16.0,25.0,17.52
32.0,29.42,58.62
25.0,55.9,51.6
2.0,30.94,50.04
6.0,24.75,57.39
5.0,32.37,65.06
28.0,29.55,15.84
19.0,21.32,69.99
22.0,24.35,68.24
13.0,27.67,62.99
12.0,21.47,13.01
21.0,31.51,56.27
33.0,7.39,49.87
1.0,30.42,68.58
19.0,26.35,51.68
7.0,50.17,66.73
35.0,27.84,43.04
1.0,58.45560000000002,62.08
29.0,27.15,42.45
32.0,21.32,52.64
25.0,27.59,12.16
14.0,34.22,57.33
28.0,25.6,43.29
4.0,6.43,66.19
33.0,26.92,57.79
31.0,32.37,11.14
2.0,34.45,44.54
5.0,51.24,49.37
22.0,22.24,45.55
34.0,22.13,89.15
13.0,34.78,53.79
22.0,20.83,18.0
16.0,28.25,44.75
18.0,6.2,66.8
11.0,21.06,60.93
23.0,51.23,67.71
4.0,20.52,13.81
22.0,34.95,50.04
6.0,26.51,64.44
31.0,33.64,18.57
32.0,21.2,61.55
34.0,25.5,11.14
6.0,32.47,50.58
1.0,52.35,40.39
34.0,25.94,43.97
12.0,30.73,61.86
24.0,49.09,64.86
24.0,29.69,68.26
15.0,27.73,41.59
26.0,23.93,57.49
10.0,30.15,46.61
29.0,32.56,57.66
9.0,27.6,68.65
7.0,20.93,16.25
17.0,28.76,56.34
28.0,25.82,11.59
27.0,32.4,63.24
32.0,23.15,88.79
35.0,27.98,67.57
22.0,22.67,47.62
12.0,47.45,64.77
3.0,29.06,69.98
8.0,31.78,51.17
15.0,52.66,63.59
35.0,48.77,69.71
18.0,28.96,12.9
10.0,33.16,48.41
10.0,28.25,87.78
4.0,22.31,40.89
35.0,27.71,16.03
33.0,33.93,64.75
30.0,31.59,11.44
7.0,25.78,19.16
13.0,53.0,51.13
14.0,25.15,59.77
31.0,32.77,44.69
14.0,27.49,42.14
15.0,32.08,58.77
4.0,22.45,52.22
25.0,33.93,87.57
12.0,26.23,46.29
19.0,22.73,88.78
20.0,26.83,54.58
3.0,33.73,69.49
20.0,23.38,49.8
24.0,25.51,66.39
33.0,33.67,50.78
20.0,28.21,55.16
28.0,20.19,13.94
4.0,34.57,89.15
11.0,32.02,57.95
16.0,48.98,63.7
30.0,30.28,16.45
9.0,20.84,65.33
21.0,54.6,56.17
33.0,22.15,47.53
27.0,27.06,63.39
13.0,32.86,56.28
13.0,28.6,56.13
10.0,20.51,65.92
33.0,24.02,60.79
27.0,21.62,60.09
15.0,26.31,14.25
7.0,28.56,64.75
20.0,34.73,49.79
1.0,8.4,90.36
5.0,26.99,13.77
28.0,32.04,42.62
14.0,30.57,62.01
5.0,33.13,63.78
5.0,21.44,59.93
30.0,6.12,46.89
10.0,6.09,94.03
3.0,47.15,66.55
11.0,22.28,65.12
24.0,33.63,59.61
13.0,26.8,41.71
3.0,26.9,18.58
17.0,24.64,50.82
18.0,27.09,17.04
34.0,9.23,47.06
17.0,51.71,63.05
28.0,20.71,67.15
5.0,46.07,43.52
3.0,27.55,51.71
31.0,27.77,69.18
9.0,24.62,93.03
22.0,22.35,48.9
15.0,23.54,40.16
30.0,7.58,40.28
30.0,8.86,86.19
2.0,30.22,48.91
14.0,29.67,47.05
5.0,28.85,64.18
26.0,34.36,49.03
26.0,22.9,40.59
13.0,33.89,67.91
14.0,49.46,54.86
16.0,23.09,52.9
34.0,54.79,63.32
5.0,34.55,50.69
6.0,34.12,40.85
3.0,29.04,15.79
21.0,30.48,17.25
33.0,22.79,48.42
6.0,8.51,69.86
35.0,26.76,47.22
13.0,30.61,63.35
29.0,25.95,85.9
5.0,28.81,51.88
20.0,30.15,52.01
34.0,23.91,12.62
9.0,27.31,49.34
13.0,21.17,61.2
3.0,33.13,49.13
1.0,7.46,11.14
9.0,6.63,59.6
6.0,7.71,51.5
21.0,58.45560000000002,42.84
7.0,23.33,41.93
26.0,34.17,51.6
22.0,29.06,54.05
20.0,28.92,62.5
32.0,33.53,90.41
28.0,25.5,54.14
33.0,31.49,54.99
33.0,28.92,58.27
29.0,55.07,18.08
12.0,31.84,45.34
9.0,23.52,42.56
10.0,51.76,63.56
19.0,55.62,41.96
32.0,34.83,59.83
22.0,33.82,44.49
6.0,27.38,51.3
10.0,9.36,50.6
2.0,27.35,44.03
26.0,27.78,44.73
8.0,28.05,63.53
20.0,9.81,41.3
33.0,29.14,69.61
8.0,22.31,43.88
2.0,30.72,61.14
31.0,25.36,94.03
13.0,7.19,52.07
20.0,53.09,47.38
27.0,25.23,68.69
22.0,23.5,68.87
14.0,32.24,54.05
27.0,28.95,43.71
21.0,21.08,68.62
26.0,24.9,44.55
13.0,20.99,90.04
1.0,31.09,55.67
24.0,34.36,64.41
10.0,31.41,11.14
25.0,27.72,41.95
4.0,23.27,45.93
29.0,30.78,55.0
20.0,7.71,66.45
6.0,32.16,46.16
34.0,28.61,46.25
17.0,31.36,53.93
29.0,34.38,87.73
12.0,48.96,50.36
29.0,32.13,88.48
26.0,22.98,47.14
3.0,24.89,46.88
26.0,58.1,52.17
3.0,32.46,46.87
2.0,50.5,53.52
35.0,5.53,51.24
16.0,31.13,52.83
17.0,28.41,60.06
20.0,25.54,56.93
7.0,20.44,66.38
10.0,33.03,42.02
7.0,26.67,49.8
2.0,30.29,58.93
20.0,47.54,51.1
3.0,25.17,12.21
14.0,26.57,54.53
35.0,27.56,67.18
22.0,21.89,40.35
13.0,29.31,49.11
16.0,56.52,46.54
15.0,23.46,66.2
28.0,29.86,43.58
7.0,31.78,61.73
19.0,33.93,50.71
19.0,8.38,86.57
25.0,27.5,44.14
8.0,27.69,51.35
28.0,33.81,68.34
20.0,6.35,48.47
24.0,27.18,48.65
24.0,6.55,48.67
12.0,58.45560000000002,61.97
31.0,20.3,12.92
5.0,27.57,68.08
34.0,7.96,65.16
33.0,33.13,85.31
34.0,49.8,93.36
3.0,34.21,61.01
18.0,53.34,63.26
2.0,31.26,48.49
34.0,30.76,69.27
27.0,5.53,41.91
34.0,26.98,49.58
25.0,55.6,42.94
10.0,26.33,60.49
32.0,27.59,60.62
12.0,24.87,57.45
23.0,46.46,11.4
1.0,32.01,61.53
33.0,32.93,63.13
16.0,28.23,61.85
4.0,30.61,43.08
26.0,31.2,45.07
20.0,21.54,52.05
24.0,7.07,53.47
29.0,24.86,44.33
21.0,9.56,59.42
18.0,53.2,60.23
21.0,55.12,55.0
25.0,7.38,51.27
18.0,24.12,63.64
35.0,22.93,18.51
21.0,31.46,63.24
27.0,25.21,53.14
26.0,55.56,48.98
33.0,56.12,42.86
22.0,28.68,51.43
25.0,28.64,68.1
29.0,25.96,50.48
25.0,57.62,60.81
23.0,24.68,61.06
14.0,32.13,48.25
24.0,28.19,54.7
14.0,23.01,68.12
26.0,30.25,64.02
28.0,5.53,53.33
31.0,32.36,62.44
25.0,34.54,69.33
3.0,27.95,54.31
31.0,24.49,43.21
4.0,32.52,66.68
25.0,33.25,55.58
21.0,50.88,57.54
8.0,46.4,57.79
1.0,32.49,43.43
11.0,24.7,85.26
32.0,56.73,47.76
27.0,7.96,45.08
23.0,24.53,54.42
7.0,23.73,85.47
4.0,31.19,68.1
25.0,25.99,65.55
1.0,31.22,58.71
20.0,21.94,48.81
14.0,26.19,68.03
5.0,9.75,85.38
31.0,33.49,90.52
13.0,49.8,52.55
14.0,31.45,69.27
28.0,34.63,12.22
1.0,25.23,65.7
22.0,26.92,58.94
21.0,34.07,48.7
32.0,27.6,89.69
20.0,24.18,51.11
17.0,22.13,13.65
35.0,45.79,66.37
15.0,29.2,14.57
13.0,20.87,66.38
22.0,31.35,64.28
1.0,24.21,49.76
15.0,29.75,42.59
12.0,34.53,54.99
35.0,26.42,47.46
7.0,31.86,68.36
11.0,34.44,42.91
24.0,30.29,14.87
23.0,20.32,46.61
31.0,9.21,67.05
18.0,30.71,19.15
6.0,53.63,92.21
9.0,54.3,14.39
32.0,27.02,66.84
19.0,24.83,43.48
10.0,25.04,57.27
18.0,26.45,62.88
22.0,34.08,53.31
9.0,20.87,40.92
6.0,30.93,57.9
22.0,33.02,48.78
15.0,58.45560000000002,52.44
26.0,33.02,64.01
8.0,29.9,69.77
20.0,33.54,16.63
23.0,24.1,86.4
15.0,21.42,59.49
25.0,27.88,53.36
15.0,22.58,46.56
17.0,26.38,65.68
22.0,24.97,52.73
13.0,29.86,91.81
34.0,34.41,66.49
15.0,28.87,66.31
21.0,7.11,40.06
8.0,26.58,43.42
19.0,33.97,44.37
10.0,32.32,47.76
6.0,27.25,50.92
30.0,25.78,11.14
6.0,26.99,61.08
33.0,31.29,88.3
14.0,25.74,49.77
17.0,25.57,49.16
1.0,33.39,50.0
32.0,49.71,62.95
28.0,22.14,52.73
30.0,20.64,56.44
33.0,54.0,41.87
4.0,33.39,65.6
19.0,29.05,64.05
9.0,21.08,67.83
9.0,31.03,52.78
28.0,25.74,88.77
6.0,26.36,69.7
1.0,33.57,40.26
2.0,22.63,92.74
27.0,22.91,67.99
12.0,32.12,11.14
17.0,29.84,69.72
21.0,9.56,50.11
18.0,6.43,94.03
15.0,31.05,69.93
1.0,54.28,66.26
27.0,7.07,46.3
1.0,22.95,43.02
6.0,26.42,44.11
26.0,58.45560000000002,56.6
2.0,7.21,49.94
20.0,25.92,60.34
13.0,26.02,53.45
7.0,7.22,42.24
28.0,20.36,67.75
5.0,24.61,63.33
24.0,25.93,44.38
17.0,28.42,58.16
29.0,23.22,60.45
13.0,24.91,49.22
17.0,5.53,46.58
16.0,33.33,49.66
5.0,53.18,46.0
20.0,31.25,92.49
5.0,26.56,51.42
16.0,31.89,43.93
2.0,27.15,67.28
11.0,48.53,50.07
8.0,31.21,41.6
26.0,28.84,58.52
21.0,21.04,14.45
32.0,20.9,64.68
29.0,53.66,55.2
33.0,21.56,47.89
23.0,30.01,58.95
22.0,22.83,40.0
13.0,24.77,42.78
21.0,25.6,53.53
4.0,22.25,85.97
28.0,26.76,61.94
29.0,29.46,51.69
24.0,7.68,54.7
32.0,24.92,14.64
14.0,25.94,67.09
28.0,56.38,45.32
10.0,23.85,51.83
5.0,51.39,68.77
1.0,29.2,63.57
20.0,33.39,49.35
29.0,24.61,51.74
34.0,27.17,68.27
10.0,22.69,44.29
5.0,55.05,67.49
29.0,45.7,55.53
31.0,8.19,44.34
19.0,26.51,65.94
25.0,28.16,66.33
24.0,34.45,55.82
16.0,26.66,56.91
14.0,33.83,40.27
26.0,22.61,48.36
8.0,58.45560000000002,49.86
7.0,31.04,68.93
7.0,28.46,49.2
8.0,34.54,45.31
15.0,24.09,17.09
18.0,34.43,18.63
4.0,24.97,59.85
20.0,58.45560000000002,57.71
27.0,21.93,90.09
13.0,5.88,46.85
10.0,27.92,51.93
1.0,28.58,61.42
26.0,7.78,43.82
27.0,34.06,57.97
17.0,26.58,49.03
23.0,21.41,46.8
4.0,23.28,46.57
10.0,22.18,41.69
15.0,31.36,68.89
28.0,20.27,45.58
31.0,23.65,56.15
6.0,50.17,64.12
29.0,31.61,59.29
11.0,8.38,49.34
22.0,28.33,90.96
1.0,28.56,44.43
19.0,33.74,85.48
22.0,9.72,66.1
35.0,33.65,57.02
34.0,6.91,48.92
19.0,26.34,69.59
33.0,21.68,52.69
14.0,26.05,53.12
16.0,6.07,46.13
26.0,24.19,68.33
3.0,29.56,46.7
14.0,9.57,45.32
13.0,26.65,44.1
24.0,31.33,68.62
17.0,55.57,58.02
15.0,28.08,88.96
26.0,21.96,59.26
8.0,34.42,64.48
28.0,24.8,54.49
33.0,51.26,57.32
26.0,21.63,12.53
26.0,9.15,55.94
4.0,34.32,45.08
28.0,24.25,46.33
2.0,30.49,55.76
22.0,22.87,67.88
30.0,29.52,15.35
26.0,21.98,40.9
7.0,24.18,68.03
15.0,21.58,51.01
33.0,20.95,43.97
2.0,33.1,41.35
14.0,8.23,40.37
32.0,25.04,89.49
33.0,32.97,60.56
28.0,33.72,91.66
35.0,21.96,42.88
3.0,30.7,43.44
3.0,32.09,65.78
7.0,24.03,46.78
8.0,34.5,48.46
25.0,55.74,60.92
31.0,32.46,59.47
28.0,30.97,44.25
1.0,31.65,58.13
34.0,20.49,41.05
24.0,51.53,93.41
2.0,24.77,46.62
27.0,33.59,41.96
2.0,30.94,54.12
12.0,22.57,41.5
6.0,20.34,92.29
18.0,32.04,47.77
25.0,57.98,94.03
16.0,26.18,43.05
19.0,23.65,63.22
22.0,33.68,47.57
21.0,7.64,49.15
7.0,31.9,56.57
25.0,51.54,60.29
33.0,34.19,48.06
7.0,21.49,16.95
9.0,27.38,18.74
30.0,22.78,60.64
2.0,28.45,44.97
34.0,23.65,13.05
27.0,32.95,17.21
31.0,22.9,61.41
26.0,31.18,48.29
35.0,24.46,65.85
17.0,51.98,56.97
9.0,33.98,15.52
24.0,26.41,11.14
17.0,31.39,44.55
19.0,23.49,67.61
28.0,31.89,60.3
3.0,45.58,68.52
23.0,27.56,92.09
7.0,24.54,47.81
31.0,45.42,88.4
5.0,34.53,43.79
9.0,6.8,18.58
21.0,27.95,56.38
19.0,33.66,50.4
4.0,58.45560000000002,61.02
15.0,26.36,43.37
25.0,32.71,67.23
9.0,26.93,88.46
15.0,58.45560000000002,18.47
7.0,24.37,60.78
1.0,24.31,52.8
34.0,27.74,67.91
18.0,58.45560000000002,55.83
31.0,33.14,88.15
22.0,23.34,63.58
29.0,22.66,52.67
8.0,30.98,40.83
2.0,22.55,43.03
35.0,30.9,13.32
30.0,27.44,48.61
28.0,50.41,65.47
28.0,29.66,53.43
28.0,26.84,44.92
4.0,23.86,44.19
20.0,22.15,15.06
22.0,29.32,61.43
13.0,31.42,43.56
1.0,20.02,43.74
17.0,32.38,43.97
3.0,47.59,86.07
15.0,31.1,88.46
35.0,22.46,60.83
9.0,31.34,53.46
1.0,20.7,40.77
14.0,29.72,54.88
8.0,32.61,15.07
8.0,24.34,46.31
29.0,24.22,56.48
22.0,31.05,64.69
31.0,27.54,48.17
18.0,21.91,45.9
32.0,21.48,57.49
4.0,54.64,69.26
26.0,26.76,58.41
22.0,25.91,13.66
4.0,33.18,62.01
33.0,21.92,43.95
27.0,29.48,56.97
26.0,30.05,64.17
10.0,30.45,67.79
23.0,28.36,65.93
33.0,26.96,61.53
16.0,25.9,43.07
24.0,33.9,17.72
12.0,7.54,50.08
14.0,26.36,66.58
12.0,32.99,42.71
23.0,27.15,54.69
31.0,9.62,11.14
15.0,21.21,42.73
11.0,46.47,40.97
5.0,20.22,45.9
12.0,53.45,59.88
29.0,8.39,11.14
4.0,31.69,58.29
9.0,26.78,92.2
2.0,31.14,45.56
17.0,28.75,52.74
12.0,21.89,12.03
31.0,22.65,49.74
20.0,32.93,86.78
10.0,20.02,57.07
3.0,58.45560000000002,50.78
3.0,29.84,68.01
18.0,58.45560000000002,85.42
11.0,24.12,56.88
23.0,32.56,91.29
33.0,26.1,61.61
21.0,34.03,44.52
21.0,8.43,43.11
2.0,23.64,49.45
28.0,26.11,86.24
32.0,5.87,63.12
13.0,20.91,17.21
11.0,7.94,66.25
11.0,8.57,47.63
12.0,58.45560000000002,67.68
33.0,25.97,63.72
29.0,28.38,68.06
23.0,25.66,51.85
9.0,28.37,46.12
16.0,5.53,45.0
9.0,45.86,43.14
31.0,52.64,53.74
34.0,26.77,51.98
26.0,28.52,59.58
34.0,29.6,18.38
14.0,53.11,57.63
12.0,32.39,51.78
6.0,58.45560000000002,66.69
26.0,27.69,64.41
2.0,34.67,50.64
24.0,26.85,50.95
14.0,33.63,17.11
28.0,28.84,54.45
19.0,25.58,52.37
27.0,54.42,64.37
4.0,8.74,52.53
28.0,25.92,12.78
5.0,30.25,12.24
4.0,26.42,50.35
24.0,24.63,45.14
31.0,20.5,47.69
22.0,5.53,44.67
33.0,31.3,16.91
33.0,34.07,44.28
25.0,21.91,49.97
22.0,9.76,66.85
28.0,28.78,16.87
1.0,5.56,59.76
27.0,32.66,68.18
3.0,51.72,61.18
31.0,27.51,52.06
17.0,9.67,66.32
17.0,28.76,17.6
8.0,32.2,40.11
30.0,21.87,45.1
34.0,24.45,59.42
20.0,34.96,41.35
21.0,24.24,67.36
3.0,20.15,68.49
26.0,27.64,14.19
33.0,31.81,40.19
16.0,33.42,69.11
31.0,27.61,54.3
6.0,26.88,64.41
9.0,34.98,57.1
30.0,27.47,92.94
6.0,29.0,91.63
1.0,21.05,94.03
16.0,29.35,58.35
31.0,49.94,52.95
27.0,32.37,47.48
20.0,46.18,65.49
29.0,32.14,88.49
27.0,32.65,15.04
25.0,20.67,19.03
26.0,33.98,48.01
10.0,25.4,69.33
26.0,23.44,43.99
12.0,23.96,48.11
33.0,21.12,43.89
5.0,27.48,51.21
5.0,24.78,69.73
29.0,32.37,60.73
29.0,20.17,66.81
3.0,50.18,50.74
12.0,34.12,42.48
10.0,20.19,64.41
26.0,22.54,48.44
4.0,31.62,42.85
7.0,58.45560000000002,15.27
9.0,29.96,92.83
21.0,29.62,65.47
6.0,26.55,60.34
9.0,24.98,41.14
1.0,32.05,40.52
11.0,27.65,50.61
12.0,30.73,17.35
20.0,30.22,40.91
18.0,52.87,43.14
25.0,46.02,66.85
9.0,45.78,87.54
7.0,46.98,62.7
5.0,26.23,43.19
5.0,31.49,43.35
10.0,31.43,87.22
8.0,26.19,59.71
35.0,22.49,62.0
10.0,25.09,15.63
18.0,26.92,64.26
17.0,20.88,88.68
10.0,26.58,19.26
13.0,29.77,64.39
3.0,29.96,48.21
6.0,25.19,53.72
6.0,34.56,67.43
22.0,27.93,50.85
25.0,8.88,63.22
21.0,58.45560000000002,44.24
16.0,28.97,49.51
12.0,32.78,19.07
25.0,7.98,58.61
33.0,34.71,40.46
32.0,21.73,65.93
7.0,46.42,60.51
34.0,31.49,52.93
32.0,30.2,13.33
1.0,32.57,66.85
25.0,9.08,54.96
3.0,30.46,58.49
19.0,20.07,42.86
33.0,45.58,56.98
21.0,34.77,59.64
27.0,26.46,13.44
26.0,32.86,49.15
32.0,34.04,56.27
12.0,31.27,51.02
3.0,28.75,50.05
17.0,30.39,43.58
18.0,33.7,51.57
12.0,6.33,89.0
9.0,27.87,45.36
22.0,30.83,54.17
30.0,22.3,43.16
31.0,31.91,14.62
26.0,45.97,68.99
16.0,27.01,68.03
21.0,8.06,65.58
10.0,28.56,58.68
23.0,9.33,63.45
2.0,30.33,61.1
18.0,20.98,57.24
18.0,8.15,42.85
10.0,27.31,64.76
29.0,31.8,13.79
25.0,32.53,63.36
30.0,29.23,54.16
10.0,27.33,47.34
24.0,26.14,66.8
33.0,29.43,61.65
12.0,34.21,40.59
1.0,31.67,46.94
22.0,27.67,65.75
12.0,20.73,63.85
6.0,56.94,47.87
23.0,23.82,93.37
32.0,21.92,47.39
8.0,34.53,50.55
3.0,27.74,45.69
18.0,28.14,51.64
10.0,30.37,93.97
18.0,25.97,56.88
9.0,30.71,64.21
9.0,48.17,13.77
7.0,29.89,59.77
9.0,26.08,56.09
8.0,30.23,46.69
28.0,33.68,53.4
34.0,24.18,19.46
24.0,31.35,60.46
14.0,21.74,53.18
31.0,23.44,40.9
21.0,23.23,66.55
1.0,30.45,87.15
3.0,29.6,93.91
34.0,6.46,43.07
35.0,25.46,44.58
29.0,28.72,47.12
29.0,31.59,67.38
15.0,25.77,55.9
19.0,23.58,47.18
24.0,27.44,58.92
34.0,24.85,67.07
8.0,58.27,62.65
23.0,6.35,56.81
30.0,28.34,45.07
30.0,48.59,66.11
35.0,26.4,45.44
5.0,7.66,49.98
11.0,33.49,69.4
7.0,6.46,45.07
3.0,5.91,55.66
22.0,34.67,15.45
34.0,31.41,65.87
25.0,33.05,42.11
19.0,24.0,50.22
15.0,8.82,44.35
6.0,8.55,61.33
31.0,6.31,66.02
4.0,27.1,43.49
29.0,22.11,41.88
7.0,28.09,62.29
25.0,6.89,49.14
15.0,34.32,59.54
33.0,31.93,43.97
3.0,29.14,50.06
4.0,34.4,64.42
15.0,7.41,68.34
27.0,21.69,50.64
4.0,31.51,51.16
31.0,20.1,65.81
23.0,34.9,69.24
9.0,27.3,11.14
13.0,30.65,44.21
14.0,22.2,13.06
16.0,26.13,53.59
31.0,22.68,53.91
3.0,50.74,56.22
5.0,9.92,45.73
31.0,21.5,93.76
19.0,29.66,59.56
16.0,9.22,17.93
18.0,34.05,43.49
24.0,32.55,92.68
27.0,28.93,69.42
1.0,26.91,64.24
27.0,21.57,57.29
33.0,8.46,42.19
27.0,9.72,62.2
22.0,28.34,66.16
5.0,33.86,42.8
33.0,34.03,11.14
17.0,28.94,43.03
21.0,23.67,43.2
10.0,31.0,63.95
18.0,28.73,52.95
22.0,27.35,56.66
3.0,34.71,42.86
1.0,29.67,18.92
2.0,27.84,52.15
20.0,31.75,92.59
10.0,53.63,88.25
2.0,32.58,69.37
16.0,21.86,91.77
16.0,23.2,44.27
26.0,26.73,44.94
15.0,57.09,43.86
12.0,47.19,47.18
1.0,32.64,14.61
23.0,20.07,56.16
31.0,54.39,92.61
27.0,21.84,88.94
29.0,31.77,55.27
8.0,22.32,56.3
2.0,23.03,86.89
20.0,20.42,59.65
23.0,27.7,68.71
34.0,32.39,40.2
9.0,5.86,53.03
29.0,27.08,44.64
19.0,22.4,19.78
21.0,9.89,52.23
10.0,32.44,68.26
27.0,23.45,41.29
24.0,29.95,49.94
8.0,8.47,47.55
18.0,34.59,44.88
17.0,26.13,60.29
30.0,21.65,60.5
16.0,21.6,69.82
1.0,27.34,59.7
35.0,7.95,50.89
30.0,55.53,59.17
18.0,26.12,42.22
17.0,57.56,48.26
5.0,9.36,19.09
20.0,34.81,41.11
20.0,27.7,66.38
18.0,20.75,40.57
8.0,22.14,61.08
32.0,30.73,63.99
29.0,5.53,11.14
10.0,23.12,47.13
17.0,27.28,40.18
21.0,30.49,58.3
10.0,27.26,61.31
16.0,33.32,42.18
18.0,24.53,68.06
32.0,8.78,11.38
13.0,27.96,69.23
12.0,30.96,86.72
27.0,34.85,64.88
31.0,30.06,93.21
34.0,50.42,41.27
17.0,33.17,58.31
13.0,21.66,40.29
14.0,33.86,53.19
1.0,23.36,66.16
12.0,25.86,46.14
19.0,29.64,92.1
31.0,25.73,52.38
24.0,33.39,12.4
16.0,50.97,56.24
3.0,22.34,61.88
6.0,6.34,15.09
29.0,22.63,56.11
30.0,28.7,43.72
4.0,33.63,12.14
9.0,24.92,52.37
31.0,23.8,54.62
26.0,30.02,62.88
7.0,28.0,56.76
22.0,22.69,48.26
29.0,34.2,89.55
4.0,5.55,47.05
32.0,25.53,41.76
19.0,33.87,48.83
3.0,23.07,63.02
30.0,24.72,65.54
19.0,58.01,58.7
28.0,33.68,47.09
35.0,32.48,87.12
1.0,20.84,52.87
14.0,5.53,53.59
30.0,33.85,58.06
28.0,29.06,54.22
27.0,31.02,88.38
12.0,32.13,66.84
26.0,25.97,11.5
29.0,28.3,42.46
19.0,33.0,55.26
2.0,26.7,68.16
18.0,31.6,54.27
15.0,28.9,60.0
21.0,24.26,60.96
19.0,21.12,57.12
27.0,22.5,60.47
2.0,34.89,13.13
27.0,27.89,90.41
25.0,21.71,12.85
8.0,56.29,66.01
20.0,6.1,69.36
16.0,33.64,68.49
4.0,23.47,47.87
3.0,8.9,63.49
31.0,28.44,50.26
34.0,23.91,43.21
9.0,23.08,42.23
18.0,21.25,45.66
25.0,31.34,41.75
26.0,34.45,19.71
1.0,51.43,65.13
4.0,20.6,51.32
33.0,33.46,19.15
33.0,23.66,49.54
1.0,21.37,51.89
7.0,20.89,11.38
20.0,22.48,62.03
16.0,34.49,61.35
29.0,34.28,47.32
9.0,32.36,64.72
23.0,26.57,54.75
1.0,22.86,47.22
12.0,20.81,91.93
34.0,20.49,62.22
34.0,32.75,47.95
3.0,28.3,57.81
24.0,25.23,43.68
24.0,32.89,65.36
2.0,24.28,67.02
10.0,26.11,58.35
8.0,30.17,57.12
2.0,56.4,54.51
30.0,26.09,14.72
25.0,33.33,88.11
24.0,25.32,42.38
21.0,25.22,45.23
29.0,28.75,68.62
16.0,29.88,68.83
27.0,27.19,61.0
11.0,29.31,60.95
12.0,24.58,46.22
29.0,30.05,49.98
10.0,25.62,61.45
33.0,8.99,42.19
9.0,24.94,18.88
27.0,20.62,40.95
27.0,31.37,56.23
6.0,29.15,42.46
13.0,25.94,66.91
34.0,30.58,49.0
15.0,54.51,67.01
1.0,7.63,51.1
18.0,48.77,54.64
28.0,32.82,87.69
13.0,27.92,40.03
3.0,26.06,50.78
28.0,31.33,65.49
20.0,22.22,65.51
21.0,5.87,54.65
20.0,21.89,94.03
8.0,24.08,41.46
13.0,33.52,46.57
24.0,6.64,51.88
4.0,24.32,60.93
28.0,22.85,63.29
30.0,5.53,17.25
16.0,29.92,56.49
31.0,26.59,16.65
13.0,34.1,67.95
24.0,27.2,62.53
10.0,22.75,67.05
33.0,26.45,45.38
11.0,24.56,50.74
20.0,5.92,85.75
7.0,33.23,61.49
22.0,27.07,59.22
10.0,25.16,53.64
26.0,32.42,48.5
3.0,5.59,57.66
25.0,20.68,90.82
6.0,26.39,65.81
15.0,30.5,44.05
22.0,27.56,66.71
11.0,57.01,65.94
14.0,23.5,63.26
24.0,27.18,43.91
1.0,31.4,66.8
25.0,32.84,63.08
18.0,46.03,44.96
3.0,24.28,55.5
7.0,23.25,11.14
13.0,8.34,16.72
23.0,23.84,42.94
12.0,23.68,44.54
9.0,8.47,94.03
4.0,5.53,13.68
1.0,24.28,91.59
34.0,26.75,47.01
11.0,31.53,13.02
8.0,31.59,89.85
6.0,58.45560000000002,68.31
10.0,23.45,63.33
13.0,22.15,57.24
2.0,31.68,14.36
29.0,30.8,63.68
27.0,31.48,44.59
29.0,30.58,60.67
6.0,28.54,69.26
21.0,27.3,64.65
16.0,20.84,47.2
28.0,8.96,62.27
29.0,27.35,61.41
30.0,24.27,63.16
7.0,25.46,69.31
15.0,34.57,55.53
27.0,8.56,42.12
33.0,21.32,57.61
13.0,20.49,47.49
16.0,25.44,54.2
2.0,29.46,52.84
28.0,26.84,43.83
3.0,29.31,92.02
25.0,32.21,47.55
28.0,33.03,42.57
27.0,28.02,58.61
5.0,33.48,64.7
12.0,23.06,69.77
16.0,26.93,57.52
16.0,22.32,52.47
35.0,33.98,46.49
21.0,33.91,18.92
34.0,31.08,68.38
12.0,6.39,64.62
34.0,7.83,54.93
28.0,24.56,16.58
27.0,20.18,42.14
1.0,25.98,52.6
14.0,28.38,40.65
8.0,27.0,43.23
21.0,22.89,45.67
25.0,32.99,58.51
20.0,22.36,55.08
23.0,30.92,54.65
5.0,23.8,63.32
10.0,31.11,44.16
25.0,32.47,59.36
12.0,21.91,69.43
27.0,25.71,62.4
12.0,30.31,86.87
4.0,20.77,87.82
24.0,33.26,52.54
29.0,20.3,46.31
32.0,32.54,68.92
5.0,30.03,57.48
5.0,24.86,62.93
26.0,20.02,46.83
1.0,9.22,59.22
4.0,24.21,66.32
9.0,45.29,54.21
29.0,26.69,53.45
4.0,28.18,52.18
28.0,47.73,62.91
24.0,27.56,62.53
31.0,52.04,68.3
15.0,5.53,64.0
9.0,28.19,45.85
24.0,8.03,54.78
24.0,31.68,56.27
30.0,9.84,17.7
19.0,29.11,62.33
22.0,28.18,41.55
30.0,22.48,43.13
31.0,28.03,43.91
22.0,22.39,62.57
31.0,8.51,51.01
21.0,20.08,48.38
27.0,31.66,45.93
13.0,34.83,55.18
20.0,23.79,44.32
7.0,26.56,54.51
21.0,30.82,52.23
11.0,24.27,88.68
11.0,27.01,85.05
3.0,27.65,42.72
24.0,33.55,54.86
15.0,48.15,68.01
4.0,32.57,49.2
10.0,48.33,46.51
26.0,34.28,62.47
17.0,32.46,54.73
20.0,26.39,55.23
30.0,29.05,92.67
20.0,34.13,59.32
26.0,28.0,53.31
29.0,28.94,41.92
19.0,32.06,65.73
26.0,24.38,60.46
15.0,31.91,69.07
4.0,30.16,54.7
18.0,24.3,68.95
5.0,6.22,16.43
25.0,7.16,45.88
35.0,25.6,18.51
10.0,32.85,48.77
6.0,24.08,49.09
6.0,27.53,93.44
33.0,32.07,61.41
2.0,56.72,46.37
1.0,20.76,64.52
9.0,28.16,55.51
9.0,54.64,68.18
7.0,30.47,19.54
29.0,8.1,68.62
34.0,25.5,40.88
35.0,26.32,43.67
2.0,32.95,56.97
30.0,7.9,50.08
12.0,45.02,52.07
6.0,31.79,67.57
10.0,26.47,17.94
26.0,29.19,45.57
27.0,7.11,40.18
12.0,30.55,48.64
18.0,34.35,67.32
22.0,34.73,87.97
23.0,5.71,68.75
33.0,28.77,12.83
33.0,26.19,43.12
4.0,27.47,85.39
14.0,34.57,49.13
4.0,34.82,87.97
22.0,27.43,52.41
33.0,30.53,55.79
29.0,24.61,55.27
29.0,26.88,69.5
23.0,22.8,11.14
33.0,33.22,66.82
1.0,20.03,68.87
19.0,23.29,48.42
1.0,28.7,41.32
18.0,25.26,40.45
21.0,34.98,45.57
22.0,21.47,47.45
12.0,28.4,67.81
19.0,20.09,91.13
11.0,34.68,15.45
35.0,47.44,52.34
10.0,24.75,85.58
11.0,6.88,48.7
20.0,20.53,11.38
1.0,30.89,55.01
22.0,24.73,64.65
19.0,27.96,86.34
2.0,20.11,56.91
17.0,32.93,68.84
25.0,7.03,46.25
1.0,24.34,45.19
30.0,8.93,61.81
27.0,29.47,65.73
32.0,6.74,18.66
17.0,31.52,57.02
23.0,27.56,49.09
6.0,7.37,45.74
31.0,20.97,66.06
21.0,30.33,19.39
7.0,6.46,43.53
22.0,20.17,61.74
26.0,30.38,66.75
24.0,25.52,56.96
17.0,22.85,68.49
24.0,31.24,45.51
10.0,20.96,14.22
35.0,32.87,67.36
11.0,26.4,56.93
25.0,24.45,68.54
11.0,20.25,59.14
15.0,21.56,59.75
22.0,24.48,45.89
11.0,20.66,48.72
13.0,46.17,45.09
11.0,30.49,14.56
23.0,57.51,50.15
7.0,31.67,87.82
28.0,26.37,53.27
10.0,34.32,64.21
22.0,48.46,90.25
24.0,21.09,68.4
34.0,28.34,86.21
22.0,31.91,50.06
21.0,25.79,42.21
14.0,22.69,62.92
25.0,32.82,58.78
33.0,6.87,43.42
7.0,34.47,16.21
12.0,8.84,89.93
26.0,33.0,64.45
34.0,7.12,58.88
13.0,20.78,42.15
23.0,47.79,19.73
14.0,49.85,51.92
8.0,32.81,52.85
35.0,20.6,45.6
15.0,28.5,57.48
8.0,28.05,49.78
15.0,34.25,90.93
33.0,28.51,17.87
9.0,28.53,44.18
13.0,31.77,66.92
8.0,30.98,42.37
7.0,57.32,89.36
33.0,48.52,91.4
25.0,20.15,43.72
35.0,30.87,15.75
2.0,20.56,44.46
8.0,21.79,56.45
32.0,31.38,41.78
22.0,26.14,63.99
31.0,25.99,54.16
2.0,29.15,60.43
25.0,25.1,42.16
18.0,32.63,46.83
12.0,8.25,68.39
28.0,53.63,57.7
22.0,5.88,65.82
17.0,22.16,69.4
16.0,58.41,61.75
18.0,25.98,50.29
9.0,29.79,56.55
3.0,53.64,51.75
14.0,25.49,62.23
34.0,8.89,65.6
13.0,23.33,50.63
14.0,31.06,49.83
19.0,23.78,52.64
5.0,29.43,54.68
29.0,24.8,50.06
2.0,46.7,59.74
4.0,30.05,42.32
21.0,58.45560000000002,50.73
1.0,55.86,63.96
17.0,9.4,50.94
21.0,54.29,49.92
14.0,34.59,56.66
27.0,22.19,58.98
29.0,29.34,14.36
26.0,24.56,86.4
31.0,26.14,54.41
6.0,9.81,57.23
24.0,34.39,62.82
1.0,5.88,54.69
33.0,32.82,65.8
16.0,21.72,60.28
27.0,31.4,57.28
21.0,26.1,48.08
11.0,32.12,87.18
15.0,20.02,58.91
18.0,26.36,18.58
16.0,20.21,19.44
14.0,33.26,61.35
3.0,33.19,43.52
33.0,30.85,87.34
1.0,30.81,51.95
1.0,6.03,58.52
10.0,20.96,41.92
26.0,33.76,57.36
10.0,7.41,17.62
31.0,21.1,13.94
22.0,9.09,53.13
11.0,23.9,49.68
13.0,7.05,58.65
17.0,28.74,13.43
2.0,9.89,48.16
31.0,31.14,69.71
6.0,26.18,44.96
27.0,23.76,54.1
19.0,29.82,44.41
13.0,28.28,47.24
20.0,29.97,68.68
20.0,6.45,40.15
4.0,28.58,65.92
13.0,26.71,47.6
31.0,32.84,55.91
5.0,8.68,55.02
16.0,32.58,88.8
24.0,26.38,46.65
16.0,7.43,58.41
22.0,30.59,53.8
29.0,30.91,68.12
16.0,8.72,42.7
31.0,5.86,12.66
28.0,20.71,54.88
23.0,24.9,92.32
29.0,58.45560000000002,51.21
6.0,31.21,55.97
26.0,28.74,48.46
9.0,21.38,46.06
18.0,22.11,44.49
4.0,29.13,11.58
32.0,30.65,93.33
35.0,33.77,47.72
33.0,32.55,14.25
32.0,26.1,54.56
34.0,6.12,68.82
9.0,56.69,17.41
10.0,58.45560000000002,52.62
6.0,33.63,62.77
14.0,29.99,55.51
9.0,22.61,51.25
24.0,29.82,68.35
17.0,29.79,85.84
28.0,49.39,66.21
25.0,34.82,58.56
18.0,25.55,53.57
12.0,25.44,11.74
34.0,28.63,44.09
23.0,34.03,62.48
9.0,27.12,57.69
1.0,23.34,59.27
7.0,46.94,57.83
33.0,24.29,40.26
30.0,21.76,45.42
17.0,33.15,51.36
23.0,29.55,46.69
22.0,24.63,49.14
4.0,34.04,65.03
7.0,30.77,52.26
20.0,50.1,57.96
21.0,20.19,51.57
32.0,25.99,51.36
21.0,34.73,56.39
34.0,23.75,43.88
16.0,31.1,43.77
20.0,20.57,53.16
14.0,6.61,18.62
30.0,22.76,51.56
16.0,22.56,61.53
27.0,34.17,68.9
23.0,30.69,55.4
16.0,23.18,63.94
33.0,34.97,58.06
27.0,54.59,14.36
7.0,20.29,62.71
6.0,20.84,61.58
29.0,25.26,68.09
30.0,34.48,55.64
32.0,27.91,93.32
5.0,33.54,56.41
28.0,27.76,40.65
10.0,28.15,16.28
25.0,29.7,54.3
31.0,27.55,55.41
9.0,31.95,63.85
31.0,25.39,47.5
6.0,23.06,44.96
10.0,29.32,53.26
35.0,31.96,69.89
17.0,27.68,44.82
2.0,34.53,65.88
25.0,27.04,58.19
17.0,30.78,46.88
14.0,24.34,53.52
10.0,6.72,61.49
17.0,21.53,59.32
24.0,34.05,54.82
3.0,7.06,67.12
31.0,33.45,68.44
24.0,26.01,49.68
10.0,6.61,94.03
25.0,26.85,63.85
4.0,20.76,53.16
6.0,25.14,50.94
13.0,25.29,68.71
9.0,31.1,67.89
7.0,32.18,56.71
23.0,50.72,51.75
13.0,32.26,51.28
23.0,27.1,45.77
15.0,30.1,46.52
16.0,9.58,55.22
3.0,28.08,54.63
23.0,20.42,58.06
29.0,23.57,46.55
7.0,23.18,49.84
11.0,28.88,51.66
8.0,28.57,54.2
25.0,28.16,62.95
31.0,22.38,45.53
16.0,34.14,15.57
11.0,22.51,93.81
34.0,20.83,60.36
22.0,6.74,69.52
6.0,28.22,60.2
26.0,25.9,64.66
6.0,32.08,93.88
28.0,30.25,64.03
35.0,28.44,42.41
16.0,25.9,55.73
4.0,8.68,65.91
20.0,5.53,62.25
28.0,53.88,51.45
13.0,49.79,56.61
31.0,25.14,16.76
2.0,51.2,66.84
18.0,27.34,51.62
22.0,28.81,64.13
14.0,22.87,56.98
4.0,30.6,47.03
8.0,27.48,64.24
12.0,24.1,47.73
13.0,23.93,43.7
7.0,29.16,69.73
16.0,29.86,89.71
24.0,30.58,52.63
12.0,27.46,64.03
4.0,34.16,89.23
21.0,31.43,94.03
14.0,33.9,44.33
13.0,57.4,61.68
19.0,31.13,48.53
28.0,30.93,66.8
16.0,56.93,55.46
32.0,24.61,54.39
20.0,9.25,61.19
5.0,27.25,61.77
10.0,26.18,41.87
33.0,28.94,49.95
15.0,20.55,47.91
2.0,30.81,64.11
1.0,34.85,54.14
8.0,33.73,44.26
17.0,8.69,63.82
2.0,27.47,65.68
3.0,23.06,47.59
17.0,9.99,47.84
34.0,21.91,57.31
12.0,29.72,44.86
8.0,27.38,54.13
29.0,24.61,46.3
25.0,22.35,11.14
15.0,58.45560000000002,40.74
22.0,5.88,43.47
34.0,24.36,18.54
26.0,45.11,93.76
13.0,57.61,53.59
9.0,58.45560000000002,16.68
33.0,25.49,63.96
24.0,5.53,48.75
32.0,24.19,59.82
3.0,23.33,14.52
24.0,34.12,49.64
23.0,5.53,66.76
5.0,20.32,49.0
23.0,26.73,61.14
20.0,29.75,19.7
27.0,22.11,41.34
20.0,46.48,40.01
28.0,34.08,40.27
1.0,5.96,62.12
25.0,20.56,16.76
4.0,24.22,51.02
10.0,28.19,41.47
14.0,32.17,43.61
4.0,34.59,54.9
11.0,26.27,17.04
17.0,52.04,89.24
35.0,34.3,58.17
25.0,34.87,68.75
11.0,21.84,59.63
8.0,32.83,40.51
3.0,5.74,89.05
22.0,32.05,41.57
22.0,31.16,40.55
28.0,29.72,47.64
29.0,21.01,50.88
33.0,20.58,57.6
32.0,34.23,16.88
16.0,28.84,65.14
28.0,31.23,94.03
31.0,31.73,64.09
10.0,28.08,67.82
27.0,24.3,53.66
2.0,57.75,51.78
1.0,27.57,67.03
1.0,28.05,60.57
9.0,20.02,40.34
4.0,24.76,69.82
6.0,29.58,86.76
21.0,22.01,57.65
33.0,30.34,59.22
31.0,9.76,66.06
15.0,23.8,51.47
13.0,25.03,68.78
22.0,29.86,62.41
23.0,52.11,51.23
11.0,9.82,42.18
29.0,57.87,17.17
35.0,25.5,16.33
17.0,27.05,14.07
30.0,30.55,53.44
3.0,25.22,54.04
15.0,28.65,55.25
10.0,33.09,63.82
15.0,34.76,40.28
4.0,29.67,63.39
9.0,21.44,88.46
23.0,26.61,42.44
6.0,27.54,64.54
13.0,48.45,41.47
15.0,9.67,88.04
3.0,32.8,65.43
26.0,21.64,45.65
22.0,26.1,64.68
22.0,23.31,65.17
28.0,20.94,59.15
13.0,57.75,61.86
35.0,20.18,46.22
23.0,53.39,51.27
29.0,34.46,50.47
7.0,27.49,92.55
9.0,9.69,63.84
35.0,49.78,94.03
22.0,31.96,93.69
12.0,28.03,40.24
6.0,31.0,58.99
34.0,23.88,68.29
31.0,9.46,43.94
21.0,30.31,48.48
22.0,25.84,47.34
17.0,33.03,90.76
31.0,33.37,13.26
35.0,52.11,93.3
3.0,31.8,12.82
9.0,20.48,55.73
3.0,29.28,40.33
17.0,34.71,49.93
17.0,34.26,93.53
13.0,27.31,91.76
22.0,34.58,46.04
5.0,23.42,45.45
31.0,30.65,62.15
13.0,24.86,44.69
11.0,25.15,55.91
19.0,56.89,65.82
22.0,33.32,63.1
21.0,28.31,53.98
16.0,31.49,68.81
26.0,27.56,42.52
24.0,30.05,53.47
24.0,5.53,94.03
26.0,26.34,62.7
11.0,21.34,17.53
12.0,27.97,64.4
8.0,9.97,14.94
9.0,29.27,89.95
12.0,26.44,42.39
27.0,24.81,59.99
12.0,21.38,55.8
34.0,5.53,68.75
9.0,21.44,67.48
1.0,31.58,50.21
4.0,53.93,64.63
8.0,20.52,55.21
34.0,33.84,43.13
31.0,51.23,56.98
32.0,29.86,45.68
12.0,33.54,68.0
12.0,27.37,92.91
6.0,20.88,61.82
28.0,33.23,69.59
4.0,5.59,47.44
24.0,58.45560000000002,50.88
9.0,31.51,55.34
28.0,24.07,91.43
11.0,29.09,60.9
15.0,32.23,41.5
18.0,22.53,50.49
15.0,31.2,45.37
29.0,28.52,51.67
17.0,20.37,53.22
10.0,32.25,16.33
28.0,34.05,63.98
30.0,25.27,48.06
26.0,33.85,16.87
33.0,34.54,43.24
2.0,58.45560000000002,56.92
19.0,22.95,43.05
15.0,29.07,43.21
2.0,23.56,45.98
9.0,34.68,44.5
20.0,27.22,47.27
31.0,29.05,47.13
28.0,21.78,53.87
28.0,25.58,59.0
18.0,28.28,67.68
28.0,20.91,50.29
1.0,22.59,62.42
8.0,30.89,69.94
35.0,33.6,40.58
12.0,31.96,43.81
3.0,34.9,54.25
33.0,21.7,90.08
1.0,8.52,49.91
29.0,6.15,60.67
30.0,29.35,94.03
23.0,23.46,44.7
5.0,8.24,65.29
21.0,33.37,46.92
28.0,30.64,52.65
21.0,49.0,64.66
1.0,9.64,50.18
17.0,26.07,40.55
20.0,23.19,59.32
34.0,28.77,62.04
26.0,21.43,66.91
10.0,30.21,51.08
26.0,20.95,43.85
25.0,30.11,54.67
33.0,25.11,46.04
25.0,8.6,40.81
9.0,7.39,48.65
24.0,20.63,42.56
21.0,24.31,59.61
30.0,33.74,43.51
1.0,34.53,18.37
25.0,31.82,68.8
29.0,31.02,40.16
23.0,24.35,41.78
10.0,23.83,53.31
11.0,33.2,88.1
11.0,58.45560000000002,64.15
28.0,29.05,62.88
35.0,32.73,59.47
9.0,31.43,58.31
31.0,24.51,19.55
25.0,34.9,67.19
30.0,29.81,14.91
6.0,26.81,54.84
25.0,31.44,86.95
28.0,32.6,90.9
33.0,57.8,68.15
21.0,28.12,47.73
33.0,24.49,56.2
5.0,32.41,52.85
21.0,27.11,61.7
9.0,27.95,92.59
10.0,7.49,87.84
10.0,23.68,43.79
4.0,25.21,47.55
34.0,28.3,41.11
4.0,27.52,46.28
35.0,5.53,14.71
16.0,24.67,57.78
33.0,34.36,65.91
13.0,54.92,43.3
31.0,33.18,52.5
10.0,32.8,68.68
7.0,22.94,58.2
17.0,32.11,60.83
24.0,6.72,43.86
28.0,20.62,17.71
24.0,32.68,63.42
27.0,20.92,46.27
2.0,46.12,69.59
31.0,33.83,58.28
23.0,20.36,48.84
19.0,22.7,40.58
34.0,31.76,47.35
33.0,26.57,57.06
12.0,27.28,47.52
20.0,52.78,63.84
3.0,29.71,48.17
11.0,20.93,66.29
10.0,48.12,67.56
2.0,33.71,17.56
30.0,25.22,40.21
15.0,58.45560000000002,45.55
16.0,26.89,65.88
23.0,27.93,49.05
35.0,33.14,41.82
26.0,21.53,42.01
18.0,21.07,14.04
24.0,30.84,43.82
27.0,33.61,60.38
4.0,22.84,63.07
33.0,29.98,64.7
4.0,24.35,49.21
2.0,5.55,54.87
15.0,33.32,86.46
34.0,23.74,40.2
24.0,7.89,89.91
16.0,33.68,60.34
12.0,58.3,66.41
23.0,31.34,65.43
11.0,33.42,69.69
13.0,30.78,11.78
12.0,22.87,55.16
34.0,26.85,60.7
4.0,31.53,90.02
17.0,32.76,55.15
11.0,27.88,59.07
17.0,28.21,47.64
20.0,32.01,15.36
32.0,21.69,19.67
19.0,21.95,49.99
33.0,34.8,58.72
33.0,32.44,40.17
18.0,25.22,11.14
26.0,26.57,88.65
7.0,6.39,44.65
6.0,29.56,40.69
7.0,57.12,49.88
22.0,29.41,12.25
22.0,25.88,92.55
30.0,25.49,48.25
29.0,22.92,69.7
16.0,21.4,41.6
9.0,5.53,92.13
10.0,31.77,55.07
33.0,26.22,66.63
15.0,7.45,40.59
34.0,31.15,46.05
8.0,29.59,87.72
8.0,28.41,67.54
15.0,30.52,54.12
11.0,7.49,54.17
17.0,24.38,41.8
18.0,30.72,56.0
19.0,20.82,57.75
24.0,24.75,18.84
27.0,22.22,59.76
20.0,6.27,65.21
13.0,34.71,56.09
9.0,32.98,49.05
34.0,23.98,61.85
30.0,8.9,44.35
20.0,48.04,60.4
25.0,6.93,59.42
22.0,32.58,41.41
4.0,28.96,63.26
4.0,23.08,91.48
17.0,25.98,49.74
29.0,7.83,59.49
31.0,22.24,13.92
23.0,29.3,93.68
1.0,27.43,40.7
26.0,47.58,51.27
11.0,26.66,43.24
25.0,33.43,49.63
27.0,23.96,17.71
23.0,5.6,51.55
14.0,22.06,44.61
2.0,22.99,49.74
34.0,26.23,63.2
11.0,32.79,43.53
16.0,58.45560000000002,54.16
23.0,32.42,61.23
10.0,23.0,51.03
21.0,5.71,66.4
25.0,30.22,59.07
6.0,34.59,44.0
25.0,6.77,67.72
9.0,25.38,66.61
16.0,31.5,40.5
23.0,34.11,64.23
15.0,20.89,16.37
29.0,20.38,57.94
14.0,50.55,63.11
10.0,23.01,56.44
16.0,33.16,45.24
7.0,26.64,44.04
10.0,24.93,41.71
1.0,8.69,49.26
31.0,20.93,48.57
17.0,25.93,85.95
9.0,33.16,47.02
17.0,27.06,49.27
33.0,32.47,69.94
8.0,26.52,47.09
3.0,27.75,67.24
35.0,34.79,11.14
30.0,24.84,67.77
11.0,22.65,54.95
1.0,28.06,11.46
12.0,30.96,40.07
24.0,31.55,59.99
31.0,24.11,54.3
7.0,58.45560000000002,64.79
33.0,8.24,65.8
7.0,34.34,55.41
24.0,27.96,15.79
23.0,20.81,44.29
28.0,32.92,47.69
17.0,31.5,57.67
18.0,47.98,11.14
1.0,24.68,60.6
24.0,32.25,50.4
17.0,30.61,49.95
26.0,29.75,54.17
12.0,25.84,64.47
12.0,34.61,17.13
31.0,29.69,51.63
10.0,25.43,64.36
1.0,28.58,56.72
20.0,23.27,92.62
25.0,56.39,55.41
33.0,50.11,66.64
16.0,22.6,93.53
28.0,28.55,67.62
28.0,31.67,58.53
2.0,32.85,44.23
24.0,20.34,67.22
17.0,33.79,66.14
12.0,23.05,43.1
30.0,28.04,65.01
22.0,47.01,52.15
16.0,34.61,68.03
2.0,22.41,89.13
10.0,26.75,94.01
9.0,29.7,43.11
5.0,23.59,66.92
32.0,32.69,56.58
13.0,57.81,62.65
27.0,21.44,49.2
4.0,29.76,59.63
20.0,29.69,43.96
2.0,31.62,40.33
22.0,28.24,67.66
23.0,25.37,85.68
17.0,23.71,56.21
4.0,8.51,41.22
16.0,58.45560000000002,44.11
23.0,29.53,19.82
25.0,33.02,64.99
10.0,30.07,63.81
25.0,7.17,66.31
25.0,28.88,44.63
3.0,34.15,45.76
33.0,34.26,43.53
20.0,20.47,47.07
15.0,30.35,58.03
12.0,20.7,92.68
2.0,25.99,69.72
21.0,28.27,67.4
7.0,26.28,47.9
10.0,8.07,59.34
11.0,50.78,55.85
4.0,22.09,64.26
3.0,7.07,44.24
2.0,28.39,19.88
14.0,31.91,50.56
1.0,25.39,62.08
10.0,31.68,54.59
6.0,20.71,11.74
35.0,20.76,68.88
24.0,5.53,42.5
30.0,34.52,55.9
7.0,53.17,42.01
30.0,27.83,51.69
25.0,56.95,57.06
29.0,26.13,50.94
24.0,26.98,88.19
18.0,27.17,17.3
13.0,30.0,51.64
2.0,33.78,64.26
32.0,27.51,11.14
20.0,51.09,40.48
18.0,29.59,49.48
6.0,32.7,52.51
28.0,27.33,53.4
13.0,28.69,85.8
14.0,20.88,69.56
33.0,28.68,68.61
17.0,7.18,49.25
5.0,7.17,64.74
31.0,55.26,61.38
28.0,26.38,57.04
26.0,49.79,94.03
6.0,33.32,45.21
10.0,29.94,52.95
22.0,22.33,64.18
17.0,24.83,67.13
24.0,25.48,41.13
30.0,48.06,13.38
29.0,34.49,67.6
10.0,33.08,45.58
23.0,25.58,44.47
16.0,26.12,55.1
8.0,23.32,44.62
17.0,25.38,44.7
12.0,32.99,61.3
32.0,23.43,41.24
30.0,33.35,55.21
13.0,29.54,68.83
25.0,25.34,13.93
9.0,33.36,11.14
26.0,47.71,40.98
22.0,30.41,46.51
3.0,28.98,63.22
3.0,5.53,66.08
33.0,58.45560000000002,65.0
34.0,30.47,45.89
20.0,8.41,62.07
17.0,31.39,45.39
33.0,29.42,68.6
1.0,20.96,12.62
25.0,22.55,88.58
13.0,32.77,43.74
24.0,24.04,92.6
3.0,27.06,64.22
21.0,26.4,51.14
14.0,32.16,44.59
3.0,29.61,50.19
28.0,27.07,60.55
4.0,29.55,41.3
34.0,55.78,48.5
5.0,20.25,51.6
20.0,21.1,89.17
22.0,22.73,90.35
33.0,5.53,43.61
21.0,26.41,56.75
4.0,9.96,64.92
32.0,25.31,58.66
21.0,20.99,42.75
22.0,27.76,89.97
23.0,29.53,85.45
16.0,21.45,66.02
2.0,30.47,45.76
16.0,24.59,16.88
27.0,31.44,40.74
30.0,48.92,16.86
22.0,7.19,51.1
1.0,29.8,61.6
32.0,27.99,66.8
14.0,25.1,61.72
24.0,21.38,51.21
8.0,26.16,45.25
12.0,25.64,61.74
28.0,24.45,44.8
10.0,6.52,68.31
26.0,25.2,65.1
22.0,34.57,61.31
32.0,32.5,46.52
26.0,32.0,68.85
1.0,32.79,61.87
9.0,22.54,40.25
30.0,33.05,62.31
29.0,28.98,56.89
18.0,47.7,56.22
29.0,33.35,67.07
17.0,32.46,53.52
22.0,32.82,14.73
28.0,20.13,62.99
30.0,20.41,41.9
21.0,23.67,11.26
12.0,30.95,43.49
4.0,33.64,46.49
1.0,29.8,89.62
33.0,20.46,92.71
3.0,24.02,40.14
5.0,27.04,40.13
9.0,28.75,69.1
28.0,27.53,57.5
13.0,32.09,67.43
16.0,21.42,53.22
13.0,28.99,90.75
13.0,7.58,85.37
26.0,25.15,16.26
29.0,5.53,41.12
10.0,30.75,44.23
8.0,25.12,15.17
19.0,9.92,92.93
33.0,30.15,12.33
14.0,25.23,89.54
21.0,23.93,55.06
26.0,9.31,89.85
18.0,24.0,59.32
18.0,25.4,13.22
7.0,31.5,68.98
28.0,9.88,46.99
25.0,56.71,45.65
14.0,22.42,48.64
21.0,30.81,66.56
12.0,26.13,50.5
26.0,21.12,56.16
31.0,22.42,90.95
28.0,23.57,46.71
35.0,27.07,56.63
4.0,25.42,17.72
5.0,25.26,17.36
32.0,6.17,66.42
10.0,28.34,69.96
4.0,20.55,44.37
34.0,23.75,11.14
31.0,52.47,52.88
3.0,20.63,40.9
25.0,26.91,11.35
13.0,32.73,46.84
1.0,29.24,51.81
4.0,22.84,19.57
17.0,30.93,50.17
26.0,33.54,57.33
3.0,28.82,52.16
19.0,21.06,52.97
21.0,32.15,94.03
35.0,21.82,63.16
20.0,45.63,59.09
4.0,24.13,62.9
33.0,24.23,18.64
28.0,20.21,62.04
2.0,8.43,60.0
6.0,28.19,67.23
5.0,52.9,66.2
28.0,26.26,68.03
20.0,7.78,88.44
31.0,29.88,17.56
26.0,25.13,46.81
17.0,25.1,53.74
4.0,7.62,93.93
28.0,22.39,42.41
16.0,9.04,57.21
3.0,32.99,50.02
20.0,24.41,54.14
29.0,21.89,63.56
3.0,56.15,57.91
2.0,21.18,62.04
7.0,46.9,61.18
8.0,21.14,53.66
29.0,29.09,49.59
11.0,29.77,51.94
8.0,22.27,45.3
2.0,23.62,59.8
30.0,22.78,46.29
13.0,34.81,55.15
19.0,27.94,66.21
13.0,31.36,64.37
23.0,29.35,49.58
4.0,22.97,47.46
32.0,24.61,50.24
7.0,28.35,63.03
33.0,26.38,87.37
15.0,20.43,52.43
7.0,26.36,54.2
15.0,31.77,60.87
34.0,33.19,54.3
16.0,26.1,55.97
12.0,5.99,69.04
22.0,29.91,60.35
10.0,32.4,67.41
13.0,34.61,69.44
25.0,28.69,86.11
8.0,33.62,94.03
13.0,27.33,87.46
21.0,34.83,51.21
35.0,28.56,46.64
33.0,30.47,62.49
17.0,29.2,58.65
20.0,29.96,57.7
16.0,23.36,69.96
3.0,30.73,61.4
3.0,33.21,67.03
17.0,26.78,67.58
35.0,21.27,11.23
28.0,24.3,48.33
18.0,31.86,52.86
33.0,7.8,43.31
18.0,28.69,45.86
19.0,27.31,41.27
32.0,31.93,50.7
3.0,21.68,68.85
6.0,29.73,47.89
3.0,8.26,94.03
10.0,6.19,19.78
25.0,45.36,55.29
1.0,28.94,19.73
14.0,30.18,13.87
17.0,31.34,17.25
13.0,27.77,58.85
35.0,26.73,47.63
12.0,27.76,45.13
11.0,45.47,48.27
16.0,27.52,53.54
3.0,32.29,93.65
29.0,29.71,18.83
20.0,24.01,60.64
22.0,23.63,63.9
4.0,5.53,41.96
15.0,49.25,52.4
15.0,32.48,42.41
19.0,5.53,67.3
27.0,24.18,61.23
11.0,20.93,56.74
26.0,22.96,48.44
21.0,30.8,54.55
21.0,31.36,64.28
23.0,26.21,61.2
18.0,32.34,14.42
11.0,23.68,68.55
10.0,28.27,53.23
26.0,21.28,49.77
28.0,8.55,43.58
9.0,33.81,43.14
7.0,22.66,87.06
30.0,27.51,88.79
21.0,20.34,42.7
1.0,34.82,12.53
14.0,23.21,49.34
12.0,28.76,43.53
16.0,33.15,88.8
2.0,33.2,18.27
24.0,22.0,58.23
34.0,20.81,49.97
19.0,31.89,56.36
14.0,30.68,52.67
15.0,25.15,41.51
34.0,21.24,50.87
23.0,57.74,66.9
5.0,28.15,13.7
22.0,28.44,53.1
6.0,32.69,69.22
4.0,25.17,53.05
18.0,20.1,60.14
31.0,34.21,57.6
22.0,20.77,44.2
17.0,34.11,18.55
19.0,23.63,88.61
23.0,22.67,54.22
29.0,25.06,66.45
4.0,29.32,86.97
11.0,32.39,55.04
29.0,34.87,68.01
31.0,22.34,63.12
6.0,49.13,48.05
6.0,32.38,61.5
9.0,23.96,58.88
21.0,22.63,15.23
5.0,30.33,19.35
12.0,26.06,41.04
31.0,23.13,40.85
32.0,32.43,53.18
33.0,33.71,16.53
12.0,49.11,64.49
21.0,29.04,53.44
31.0,5.53,56.87
29.0,9.79,58.86
6.0,29.36,11.33
6.0,30.47,65.57
27.0,20.72,92.64
4.0,21.13,94.03
10.0,22.37,52.64
10.0,21.51,86.28
27.0,31.62,69.99
4.0,29.83,64.9
13.0,25.45,45.59
4.0,34.43,44.56
28.0,20.96,60.57
31.0,20.65,47.13
15.0,28.76,49.36
12.0,29.6,64.91
11.0,33.92,60.09
27.0,31.87,59.72
17.0,47.96,53.04
3.0,28.74,58.12
32.0,31.67,54.37
20.0,50.98,61.45
12.0,7.63,68.77
19.0,21.44,47.65
20.0,8.13,87.92
31.0,31.73,61.81
5.0,5.53,45.62
16.0,57.24,44.95
31.0,7.76,41.61
19.0,20.26,46.65
22.0,21.36,50.61
25.0,9.84,43.5
33.0,32.28,50.89
22.0,48.1,69.31
22.0,28.04,52.91
11.0,28.78,61.75
35.0,21.45,68.97
28.0,29.9,52.09
20.0,29.0,53.32
8.0,31.81,89.82
10.0,32.53,61.98
7.0,29.1,53.87
12.0,32.42,40.25
28.0,8.95,48.35
12.0,25.86,94.01
9.0,23.96,92.89
32.0,33.57,41.87
34.0,24.41,47.7
6.0,8.7,67.77
31.0,33.89,14.42
26.0,28.49,63.81
30.0,29.46,42.01
18.0,20.87,92.18
25.0,34.97,57.02
19.0,27.25,64.82
1.0,23.73,52.66
30.0,32.28,54.86
5.0,27.17,69.06
26.0,34.46,86.84
34.0,31.99,65.08
2.0,22.72,62.5
5.0,27.08,63.31
7.0,22.96,66.92
32.0,48.85,59.36
26.0,23.21,54.78
10.0,27.39,64.11
27.0,22.18,91.2
26.0,25.72,42.11
20.0,30.65,65.41
16.0,49.12,43.18
10.0,9.61,54.53
8.0,5.53,58.99
24.0,33.46,53.61
10.0,24.65,63.68
26.0,31.88,61.5
14.0,33.39,69.3
23.0,26.99,47.34
30.0,25.32,85.64
12.0,28.5,85.38
3.0,27.99,48.23
19.0,20.08,65.42
17.0,33.33,93.99
29.0,23.25,54.09
17.0,28.66,85.23
13.0,31.25,57.3
21.0,33.56,59.22
17.0,30.7,55.2
15.0,29.59,63.86
11.0,9.24,68.1
15.0,58.45560000000002,43.51
13.0,30.6,48.2
19.0,31.96,66.63
15.0,26.53,18.56
2.0,31.55,40.1
5.0,21.58,89.96
7.0,32.13,51.01
14.0,27.21,55.83
8.0,33.97,89.45
20.0,6.17,49.65
9.0,32.47,62.39
13.0,29.97,43.46
7.0,26.82,51.82
31.0,25.18,59.96
27.0,31.34,11.14
18.0,21.21,42.81
25.0,27.2,47.25
12.0,27.29,67.66
22.0,52.27,51.92
20.0,31.67,54.11
16.0,20.25,60.62
14.0,30.28,67.32
10.0,32.28,85.74
21.0,30.59,42.35
35.0,27.41,69.34
19.0,24.72,61.18
19.0,26.0,48.5
17.0,57.11,44.67
16.0,28.29,19.25
7.0,22.98,60.7
19.0,21.32,52.92
24.0,20.09,61.77
22.0,31.06,91.1
9.0,27.2,40.37
13.0,32.63,42.44
28.0,26.73,57.2
8.0,51.05,44.19
19.0,26.89,42.75
21.0,7.81,62.17
17.0,31.78,40.04
20.0,25.79,56.65
24.0,23.55,43.25
35.0,28.99,86.99
8.0,28.66,46.64
2.0,7.38,66.97
33.0,25.24,52.68
24.0,30.16,63.95
23.0,30.69,57.31
4.0,31.27,60.4
18.0,21.91,17.06
11.0,20.76,64.35
7.0,34.0,56.77
8.0,25.78,88.25
22.0,29.38,58.63
33.0,20.73,66.07
10.0,29.83,88.7
20.0,34.75,62.12
34.0,47.84,69.51
6.0,24.89,69.5
12.0,33.26,60.14
25.0,23.69,47.2
28.0,22.83,46.97
14.0,24.89,53.41
12.0,25.66,45.83
2.0,33.97,53.13
8.0,50.61,12.82
13.0,24.41,67.25
19.0,32.78,66.39
35.0,57.56,42.86
22.0,27.0,55.77
25.0,34.3,14.2
21.0,22.28,51.52
21.0,34.11,87.98
18.0,20.74,45.03
31.0,32.36,49.54
4.0,31.8,51.87
35.0,30.36,92.14
12.0,26.32,93.89
5.0,34.41,50.92
19.0,31.21,16.77
32.0,7.03,13.28
21.0,26.3,15.67
15.0,31.58,57.04
20.0,23.88,87.85
4.0,30.95,43.9
21.0,30.54,50.37
23.0,31.01,86.99
6.0,23.5,46.74
29.0,47.51,56.97
7.0,46.96,58.05
32.0,26.84,64.04
32.0,20.06,11.14
13.0,57.76,58.49
18.0,9.39,49.06
25.0,26.44,65.38
5.0,28.3,55.27
29.0,7.3,58.32
32.0,8.83,45.35
8.0,48.69,49.36
8.0,21.45,59.14
21.0,58.45560000000002,65.5
16.0,32.77,68.01
3.0,32.85,68.07
28.0,27.03,86.92
16.0,55.46,91.37
16.0,21.78,18.44
27.0,55.18,86.86
10.0,24.29,63.91
9.0,29.4,69.87
23.0,32.48,42.98
29.0,8.58,65.39
27.0,26.95,92.55
33.0,28.95,54.58
35.0,29.58,48.69
24.0,25.62,40.25
4.0,25.64,93.26
4.0,24.32,60.88
23.0,26.6,92.82
26.0,30.53,56.82
14.0,27.79,44.75
26.0,27.93,60.18
5.0,26.43,46.26
23.0,7.57,66.12
27.0,22.65,49.04
30.0,24.39,69.63
28.0,22.96,62.56
1.0,26.81,66.88
18.0,29.66,67.91
24.0,26.6,53.24
6.0,23.21,54.07
8.0,34.86,11.14
26.0,29.19,49.75
30.0,33.63,50.46
15.0,7.28,67.1
23.0,23.14,53.65
23.0,34.73,57.62
29.0,47.13,89.59
28.0,23.26,63.83
22.0,31.97,48.98
15.0,26.27,14.02
4.0,8.39,56.51
1.0,29.02,60.24
8.0,9.62,55.45
33.0,26.53,65.58
26.0,28.83,60.16
18.0,29.8,18.53
25.0,25.43,49.58
10.0,28.42,68.57
22.0,28.0,41.2
30.0,22.04,41.5
1.0,21.29,52.52
16.0,20.39,93.87
8.0,23.76,49.01
25.0,26.18,69.98
30.0,25.85,56.38
29.0,32.25,12.18
4.0,56.22,67.89
20.0,23.37,63.37
22.0,31.59,93.19
21.0,9.6,40.09
3.0,32.23,45.88
16.0,20.21,40.46
15.0,27.98,47.72
8.0,23.05,67.31
13.0,21.43,55.07
2.0,29.75,88.02
11.0,27.88,67.02
9.0,33.81,61.02
11.0,25.49,44.46
28.0,29.71,40.05
32.0,22.74,51.16
8.0,20.89,60.42
24.0,25.37,65.7
26.0,24.18,57.21
9.0,32.83,40.5
13.0,30.54,53.3
11.0,30.13,53.32
10.0,23.62,44.38
14.0,22.79,70.0
3.0,32.15,67.34
30.0,27.52,43.02
35.0,24.71,17.87
10.0,26.82,54.32
35.0,5.53,50.84
19.0,26.29,55.04
2.0,22.1,43.95
18.0,33.83,60.48
3.0,29.78,68.73
14.0,24.23,67.6
15.0,30.73,62.16
34.0,7.05,15.44
18.0,21.77,43.55
21.0,22.97,51.93
9.0,21.13,44.58
33.0,26.27,92.31
10.0,27.83,94.03
2.0,32.34,65.03
14.0,34.57,85.24
12.0,30.99,56.48
18.0,29.33,93.9
31.0,31.48,40.9
21.0,32.78,42.79
10.0,23.33,47.22
3.0,26.65,87.94
29.0,28.66,60.49
31.0,29.04,49.05
32.0,31.07,15.32
31.0,27.84,87.13
32.0,6.11,64.9
5.0,29.42,40.07
27.0,48.72,68.91
1.0,8.67,52.66
12.0,48.88,88.85
12.0,27.4,56.86
33.0,58.45560000000002,42.91
6.0,32.34,57.95
10.0,29.19,52.02
18.0,57.95,63.09
28.0,56.43,44.55
12.0,33.45,19.22
1.0,28.66,58.0
11.0,7.69,88.9
33.0,23.12,58.07
3.0,26.36,48.46
27.0,23.45,48.21
13.0,20.11,40.05
22.0,29.14,52.4
4.0,6.12,48.01
29.0,24.12,66.38
25.0,33.31,65.58
3.0,33.23,11.14
25.0,32.43,69.44
30.0,53.88,40.18
28.0,57.03,48.84
11.0,30.62,66.01
8.0,25.58,47.44
28.0,20.72,54.61
8.0,31.52,52.4
19.0,30.54,53.16
6.0,25.3,46.94
15.0,25.21,48.3
7.0,24.81,51.64
23.0,30.34,14.31
32.0,20.44,55.03
32.0,24.47,86.85
31.0,33.11,67.16
5.0,30.52,59.29
35.0,23.69,59.2
17.0,28.27,11.89
34.0,27.39,51.22
35.0,24.31,41.76
16.0,33.42,43.38
31.0,24.04,54.78
17.0,30.84,51.01
20.0,23.92,40.71
6.0,24.38,43.41
34.0,30.36,60.61
22.0,30.7,54.3
29.0,27.43,44.35
6.0,31.98,51.22
7.0,20.58,59.02
5.0,31.9,54.81
34.0,7.9,56.2
33.0,24.66,11.14
5.0,24.76,54.73
26.0,28.3,57.62
23.0,24.85,47.69
20.0,26.56,49.92
21.0,21.23,45.41
14.0,22.34,63.26
12.0,58.45560000000002,55.35
28.0,7.0,66.91
23.0,8.06,40.95
22.0,26.56,65.89
32.0,30.03,85.39
22.0,20.14,57.46
29.0,5.67,53.48
15.0,31.36,61.27
23.0,7.52,42.4
1.0,29.18,91.0
8.0,31.39,63.02
35.0,26.41,47.86
6.0,24.55,56.72
35.0,34.63,65.6
20.0,34.88,67.19
32.0,26.57,67.09
26.0,26.25,47.2
22.0,26.2,44.39
20.0,22.73,68.85
24.0,24.12,59.06
33.0,28.83,56.94
13.0,22.06,69.81
29.0,25.73,57.66
27.0,20.27,48.02
12.0,9.41,89.36
22.0,33.48,66.31
22.0,34.25,94.03
5.0,56.67,11.14
18.0,32.46,50.15
15.0,45.84,58.47
21.0,48.97,56.97
30.0,25.75,64.2
9.0,21.8,54.62
25.0,23.79,68.5
28.0,58.45560000000002,54.06
8.0,48.42,53.62
23.0,30.02,63.74
31.0,33.02,67.57
13.0,33.83,50.41
19.0,56.72,94.03
23.0,22.3,48.26
23.0,20.88,64.79
7.0,32.44,58.92
35.0,30.58,58.7
8.0,32.57,15.82
28.0,23.93,40.9
24.0,22.96,61.65
3.0,30.95,49.46
7.0,21.38,51.78
21.0,28.41,63.36
35.0,31.1,54.56
2.0,35.0,90.53
20.0,25.69,19.17
26.0,48.71,66.73
34.0,28.03,69.36
23.0,27.53,50.21
1.0,34.87,69.56
20.0,31.47,47.84
10.0,27.46,60.86
25.0,9.09,14.46
2.0,45.84,56.07
31.0,20.91,59.43
11.0,21.09,46.4
4.0,20.99,68.2
28.0,32.45,85.01
23.0,32.27,46.1
10.0,30.82,57.45
24.0,21.17,68.76
9.0,23.77,47.48
31.0,31.12,42.34
6.0,31.37,68.5
7.0,29.66,54.62
3.0,21.54,11.14
3.0,26.86,94.03
24.0,57.25,93.67
30.0,26.5,46.08
28.0,32.79,47.97
32.0,30.13,59.98
15.0,21.5,11.14
3.0,32.06,40.38
6.0,22.75,45.69
13.0,52.32,68.95
9.0,20.09,49.88
34.0,33.01,53.45
3.0,23.11,67.16
29.0,20.12,47.81
35.0,58.45560000000002,88.72
10.0,31.44,57.7
